date,mw_mean,mw_peak,mw_trough,dow,is_weekend,doy,month,year
2002-01-01,31080.739130434784,35732.0,27899.0,1,0,1,1,2002
2002-01-02,34261.541666666664,40002.0,27301.0,2,0,2,1,2002
2002-01-03,34511.875,39662.0,28106.0,3,0,3,1,2002
2002-01-04,33715.458333333336,38263.0,28122.0,4,0,4,1,2002
2002-01-05,30405.125,34092.0,26669.0,5,1,5,1,2002
2002-01-06,30323.583333333332,35971.0,25657.0,6,1,6,1,2002
2002-01-07,33333.833333333336,39581.0,25641.0,0,0,7,1,2002
2002-01-08,34362.916666666664,39450.0,28375.0,1,0,8,1,2002
2002-01-09,33776.166666666664,38111.0,27759.0,2,0,9,1,2002
2002-01-10,31471.541666666668,35895.0,25629.0,3,0,10,1,2002
2002-01-11,30947.541666666668,35672.0,23928.0,4,0,11,1,2002
2002-01-12,28466.875,32283.0,24665.0,5,1,12,1,2002
2002-01-13,28052.833333333332,33627.0,23129.0,6,1,13,1,2002
2002-01-14,31602.958333333332,36504.0,25363.0,0,0,14,1,2002
2002-01-15,31223.791666666668,36282.0,24715.0,1,0,15,1,2002
2002-01-16,32009.75,37302.0,25460.0,2,0,16,1,2002
2002-01-17,31881.291666666668,36509.0,25601.0,3,0,17,1,2002
2002-01-18,32043.125,36530.0,25692.0,4,0,18,1,2002
2002-01-19,31926.333333333332,36555.0,26832.0,5,1,19,1,2002
2002-01-20,29482.916666666668,33975.0,26223.0,6,1,20,1,2002
2002-01-21,32434.916666666668,37167.0,26312.0,0,0,21,1,2002
2002-01-22,31539.625,36138.0,25607.0,1,0,22,1,2002
2002-01-23,31494.333333333332,36038.0,24999.0,2,0,23,1,2002
2002-01-24,30615.75,35110.0,23661.0,3,0,24,1,2002
2002-01-25,30183.833333333332,34438.0,23536.0,4,0,25,1,2002
2002-01-26,28076.666666666668,30833.0,25035.0,5,1,26,1,2002
2002-01-27,26645.583333333332,30207.0,23744.0,6,1,27,1,2002
2002-01-28,29487.833333333332,34181.0,23044.0,0,0,28,1,2002
2002-01-29,29028.208333333332,33702.0,22830.0,1,0,29,1,2002
2002-01-30,28574.833333333332,33792.0,21320.0,2,0,30,1,2002
2002-01-31,30375.833333333332,35700.0,22363.0,3,0,31,1,2002
2002-02-01,29662.875,33387.0,23416.0,4,0,32,2,2002
2002-02-02,28647.083333333332,32773.0,24278.0,5,1,33,2,2002
2002-02-03,28598.75,32298.0,25229.0,6,1,34,2,2002
2002-02-04,32563.666666666668,39201.0,24942.0,0,0,35,2,2002
2002-02-05,34954.208333333336,39097.0,29729.0,1,0,36,2,2002
2002-02-06,32970.041666666664,37033.0,27875.0,2,0,37,2,2002
2002-02-07,32225.083333333332,36626.0,25538.0,3,0,38,2,2002
2002-02-08,30829.666666666668,35008.0,26310.0,4,0,39,2,2002
2002-02-09,27723.416666666668,30909.0,24141.0,5,1,40,2,2002
2002-02-10,26787.541666666668,31103.0,23006.0,6,1,41,2,2002
2002-02-11,30866.5,37767.0,22010.0,0,0,42,2,2002
2002-02-12,32908.625,36610.0,27700.0,1,0,43,2,2002
2002-02-13,31965.166666666668,37179.0,25360.0,2,0,44,2,2002
2002-02-14,33175.625,37829.0,28180.0,3,0,45,2,2002
2002-02-15,31664.708333333332,35328.0,26960.0,4,0,46,2,2002
2002-02-16,26852.083333333332,29972.0,23364.0,5,1,47,2,2002
2002-02-17,26883.25,32444.0,22390.0,6,1,48,2,2002
2002-02-18,30929.125,34959.0,26083.0,0,0,49,2,2002
2002-02-19,31155.833333333332,35514.0,26408.0,1,0,50,2,2002
2002-02-20,29674.166666666668,34058.0,23541.0,2,0,51,2,2002
2002-02-21,28554.125,33037.0,22214.0,3,0,52,2,2002
2002-02-22,29054.625,33424.0,22659.0,4,0,53,2,2002
2002-02-23,27607.083333333332,30779.0,23955.0,5,1,54,2,2002
2002-02-24,27033.958333333332,30751.0,24626.0,6,1,55,2,2002
2002-02-25,29920.041666666668,33935.0,24201.0,0,0,56,2,2002
2002-02-26,29319.416666666668,33133.0,23608.0,1,0,57,2,2002
2002-02-27,31410.875,37820.0,23312.0,2,0,58,2,2002
2002-02-28,32759.125,36434.0,27955.0,3,0,59,2,2002
2002-03-01,31536.958333333332,36111.0,27273.0,4,0,60,3,2002
2002-03-02,28492.333333333332,31529.0,25168.0,5,1,61,3,2002
2002-03-03,25644.333333333332,30512.0,21263.0,6,1,62,3,2002
2002-03-04,32252.166666666668,38883.0,24311.0,0,0,63,3,2002
2002-03-05,34056.291666666664,38175.0,29398.0,1,0,64,3,2002
2002-03-06,31165.125,34955.0,26966.0,2,0,65,3,2002
2002-03-07,29271.833333333332,32873.0,23832.0,3,0,66,3,2002
2002-03-08,28361.75,31800.0,23052.0,4,0,67,3,2002
2002-03-09,25220.708333333332,28444.0,21091.0,5,1,68,3,2002
2002-03-10,25758.5,32412.0,20191.0,6,1,69,3,2002
2002-03-11,31188.416666666668,35567.0,25169.0,0,0,70,3,2002
2002-03-12,30832.25,34348.0,25413.0,1,0,71,3,2002
2002-03-13,30312.041666666668,34679.0,23498.0,2,0,72,3,2002
2002-03-14,28774.708333333332,32263.0,23362.0,3,0,73,3,2002
2002-03-15,27749.458333333332,30943.0,21759.0,4,0,74,3,2002
2002-03-16,24863.166666666668,28665.0,20175.0,5,1,75,3,2002
2002-03-17,26989.416666666668,32286.0,21762.0,6,1,76,3,2002
2002-03-18,30982.958333333332,35318.0,23907.0,0,0,77,3,2002
2002-03-19,29976.083333333332,34414.0,23952.0,1,0,78,3,2002
2002-03-20,30941.5,34970.0,24028.0,2,0,79,3,2002
2002-03-21,29635.0,33590.0,24045.0,3,0,80,3,2002
2002-03-22,32752.708333333332,36660.0,26605.0,4,0,81,3,2002
2002-03-23,29010.25,31505.0,27083.0,5,1,82,3,2002
2002-03-24,26193.916666666668,29997.0,23660.0,6,1,83,3,2002
2002-03-25,29443.166666666668,34519.0,22606.0,0,0,84,3,2002
2002-03-26,30842.625,35207.0,24013.0,1,0,85,3,2002
2002-03-27,29756.875,34391.0,23302.0,2,0,86,3,2002
2002-03-28,29495.708333333332,34714.0,24775.0,3,0,87,3,2002
2002-03-29,26531.625,29258.0,22795.0,4,0,88,3,2002
2002-03-30,24101.333333333332,27858.0,20185.0,5,1,89,3,2002
2002-03-31,22999.75,26796.0,19247.0,6,1,90,3,2002
2002-04-01,27520.583333333332,32619.0,20721.0,0,0,91,4,2002
2002-04-02,28650.541666666668,32442.0,23243.0,1,0,92,4,2002
2002-04-03,28393.708333333332,32877.0,21557.0,2,0,93,4,2002
2002-04-04,29335.041666666668,33464.0,23629.0,3,0,94,4,2002
2002-04-05,29942.625,33250.0,24766.0,4,0,95,4,2002
2002-04-06,27764.375,31073.0,24543.0,5,1,96,4,2002
2002-04-07,26400.5625,29988.0,24487.0,6,1,97,4,2002
2002-04-08,28891.125,32427.0,22926.0,0,0,98,4,2002
2002-04-09,28389.083333333332,32247.0,21579.0,1,0,99,4,2002
2002-04-10,27737.958333333332,31378.0,21307.0,2,0,100,4,2002
2002-04-11,28010.208333333332,31348.0,21875.0,3,0,101,4,2002
2002-04-12,28046.958333333332,31585.0,22009.0,4,0,102,4,2002
2002-04-13,25014.291666666668,28104.0,20691.0,5,1,103,4,2002
2002-04-14,24187.75,29254.0,19533.0,6,1,104,4,2002
2002-04-15,29472.375,35069.0,20748.0,0,0,105,4,2002
2002-04-16,33161.583333333336,40452.0,22725.0,1,0,106,4,2002
2002-04-17,36213.75,44537.0,25103.0,2,0,107,4,2002
2002-04-18,36385.541666666664,43961.0,26467.0,3,0,108,4,2002
2002-04-19,33778.833333333336,41742.0,24775.0,4,0,109,4,2002
2002-04-20,27228.083333333332,30440.0,22781.0,5,1,110,4,2002
2002-04-21,24151.25,28787.0,19729.0,6,1,111,4,2002
2002-04-22,28221.75,32192.0,21129.0,0,0,112,4,2002
2002-04-23,28559.625,31737.0,22769.0,1,0,113,4,2002
2002-04-24,28575.916666666668,31460.0,23195.0,2,0,114,4,2002
2002-04-25,28838.875,32634.0,21962.0,3,0,115,4,2002
2002-04-26,27996.166666666668,31237.0,22862.0,4,0,116,4,2002
2002-04-27,24719.083333333332,27221.0,21416.0,5,1,117,4,2002
2002-04-28,24306.791666666668,28288.0,19844.0,6,1,118,4,2002
2002-04-29,27705.916666666668,31948.0,20365.0,0,0,119,4,2002
2002-04-30,28278.166666666668,31479.0,22145.0,1,0,120,4,2002
2002-05-01,27887.208333333332,31090.0,21617.0,2,0,121,5,2002
2002-05-02,28834.333333333332,32760.0,20990.0,3,0,122,5,2002
2002-05-03,27523.833333333332,30954.0,21434.0,4,0,123,5,2002
2002-05-04,24674.041666666668,27080.0,21140.0,5,1,124,5,2002
2002-05-05,23602.875,27699.0,19635.0,6,1,125,5,2002
2002-05-06,27900.041666666668,32160.0,20253.0,0,0,126,5,2002
2002-05-07,29633.625,34252.0,21290.0,1,0,127,5,2002
2002-05-08,29679.666666666668,34167.0,22466.0,2,0,128,5,2002
2002-05-09,28446.333333333332,31821.0,21336.0,3,0,129,5,2002
2002-05-10,28515.458333333332,32583.0,21648.0,4,0,130,5,2002
2002-05-11,24581.625,27167.0,20270.0,5,1,131,5,2002
2002-05-12,24352.916666666668,28835.0,19360.0,6,1,132,5,2002
2002-05-13,29812.5,34815.0,21296.0,0,0,133,5,2002
2002-05-14,27954.0,31269.0,21453.0,1,0,134,5,2002
2002-05-15,28004.625,31206.0,21634.0,2,0,135,5,2002
2002-05-16,28788.5,33033.0,21061.0,3,0,136,5,2002
2002-05-17,29706.541666666668,34584.0,21913.0,4,0,137,5,2002
2002-05-18,25086.75,28293.0,20839.0,5,1,138,5,2002
2002-05-19,23894.916666666668,27452.0,20511.0,6,1,139,5,2002
2002-05-20,27747.208333333332,31094.0,21237.0,0,0,140,5,2002
2002-05-21,28281.5,31134.0,22484.0,1,0,141,5,2002
2002-05-22,28319.25,31281.0,22488.0,2,0,142,5,2002
2002-05-23,28477.583333333332,32088.0,21425.0,3,0,143,5,2002
2002-05-24,29506.541666666668,34323.0,21487.0,4,0,144,5,2002
2002-05-25,25679.333333333332,28113.0,21261.0,5,1,145,5,2002
2002-05-26,24351.5,28158.0,19515.0,6,1,146,5,2002
2002-05-27,26089.416666666668,30900.0,20118.0,0,0,147,5,2002
2002-05-28,31258.5,37616.0,21547.0,1,0,148,5,2002
2002-05-29,32644.75,39270.0,23101.0,2,0,149,5,2002
2002-05-30,33653.0,40976.0,23597.0,3,0,150,5,2002
2002-05-31,35394.875,43566.0,24635.0,4,0,151,5,2002
2002-06-01,32143.958333333332,37621.0,24363.0,5,1,152,6,2002
2002-06-02,28956.125,32968.0,22437.0,6,1,153,6,2002
2002-06-03,30151.25,35406.0,21759.0,0,0,154,6,2002
2002-06-04,31402.458333333332,36993.0,22654.0,1,0,155,6,2002
2002-06-05,36342.958333333336,46006.0,24118.0,2,0,156,6,2002
2002-06-06,36085.291666666664,43649.0,27381.0,3,0,157,6,2002
2002-06-07,29609.083333333332,33231.0,23071.0,4,0,158,6,2002
2002-06-08,26275.5,29536.0,20987.0,5,1,159,6,2002
2002-06-09,26866.041666666668,33987.0,19954.0,6,1,160,6,2002
2002-06-10,35088.958333333336,43615.0,23859.0,0,0,161,6,2002
2002-06-11,38189.291666666664,48968.0,25302.0,1,0,162,6,2002
2002-06-12,39550.5,47852.0,28618.0,2,0,163,6,2002
2002-06-13,32899.25,36649.0,26932.0,3,0,164,6,2002
2002-06-14,29577.708333333332,33781.0,23140.0,4,0,165,6,2002
2002-06-15,26142.625,29398.0,21316.0,5,1,166,6,2002
2002-06-16,25661.708333333332,30303.0,20041.0,6,1,167,6,2002
2002-06-17,30994.166666666668,37299.0,21672.0,0,0,168,6,2002
2002-06-18,31587.5,38224.0,22519.0,1,0,169,6,2002
2002-06-19,32184.583333333332,38651.0,23158.0,2,0,170,6,2002
2002-06-20,33526.291666666664,41240.0,23569.0,3,0,171,6,2002
2002-06-21,33994.458333333336,41631.0,24014.0,4,0,172,6,2002
2002-06-22,32269.75,39537.0,23372.0,5,1,173,6,2002
2002-06-23,33275.5,41553.0,23417.0,6,1,174,6,2002
2002-06-24,40828.041666666664,51148.0,27779.0,0,0,175,6,2002
2002-06-25,42062.875,51414.0,30038.0,1,0,176,6,2002
2002-06-26,43429.916666666664,52938.0,31051.0,2,0,177,6,2002
2002-06-27,42807.291666666664,52410.0,32153.0,3,0,178,6,2002
2002-06-28,37968.583333333336,44770.0,28947.0,4,0,179,6,2002
2002-06-29,34021.416666666664,40504.0,25135.0,5,1,180,6,2002
2002-06-30,33684.5,41430.0,24219.0,6,1,181,6,2002
2002-07-01,39380.75,49365.0,26774.0,0,0,182,7,2002
2002-07-02,43232.458333333336,54352.0,29146.0,1,0,183,7,2002
2002-07-03,45844.375,54468.0,33733.0,2,0,184,7,2002
2002-07-04,42578.666666666664,50104.0,32342.0,3,0,185,7,2002
2002-07-05,39195.166666666664,44003.0,32808.0,4,0,186,7,2002
2002-07-06,30619.125,35593.0,23751.0,5,1,187,7,2002
2002-07-07,29536.041666666668,36113.0,21984.0,6,1,188,7,2002
2002-07-08,37336.791666666664,48154.0,24495.0,0,0,189,7,2002
2002-07-09,41177.041666666664,51735.0,29065.0,1,0,190,7,2002
2002-07-10,38469.75,45159.0,30095.0,2,0,191,7,2002
2002-07-11,32433.875,37907.0,24603.0,3,0,192,7,2002
2002-07-12,32154.416666666668,39006.0,23213.0,4,0,193,7,2002
2002-07-13,29678.541666666668,34258.0,23034.0,5,1,194,7,2002
2002-07-14,29263.416666666668,34472.0,23567.0,6,1,195,7,2002
2002-07-15,38118.166666666664,48930.0,24966.0,0,0,196,7,2002
2002-07-16,39704.708333333336,47960.0,28912.0,1,0,197,7,2002
2002-07-17,40783.875,52591.0,27091.0,2,0,198,7,2002
2002-07-18,44103.666666666664,52820.0,32490.0,3,0,199,7,2002
2002-07-19,42746.125,52483.0,32289.0,4,0,200,7,2002
2002-07-20,36740.375,43427.0,28476.0,5,1,201,7,2002
2002-07-21,35505.541666666664,42593.0,27176.0,6,1,202,7,2002
2002-07-22,41991.291666666664,53368.0,28268.0,0,0,203,7,2002
2002-07-23,44348.166666666664,54823.0,33080.0,1,0,204,7,2002
2002-07-24,37011.625,41858.0,29873.0,2,0,205,7,2002
2002-07-25,34307.875,40162.0,26262.0,3,0,206,7,2002
2002-07-26,31547.083333333332,35415.0,24958.0,4,0,207,7,2002
2002-07-27,30368.875,35450.0,23413.0,5,1,208,7,2002
2002-07-28,35796.125,45112.0,25725.0,6,1,209,7,2002
2002-07-29,45874.75,55690.0,32644.0,0,0,210,7,2002
2002-07-30,45768.791666666664,53924.0,34873.0,1,0,211,7,2002
2002-07-31,43681.333333333336,53793.0,31024.0,2,0,212,7,2002
2002-08-01,44532.291666666664,55160.0,31304.0,3,0,213,8,2002
2002-08-02,44885.083333333336,55538.0,32290.0,4,0,214,8,2002
2002-08-03,39179.791666666664,47523.0,29806.0,5,1,215,8,2002
2002-08-04,39653.5,48908.0,28522.0,6,1,216,8,2002
2002-08-05,43450.625,51623.0,32608.0,0,0,217,8,2002
2002-08-06,36512.875,40308.0,31181.0,1,0,218,8,2002
2002-08-07,31970.75,37514.0,23857.0,2,0,219,8,2002
2002-08-08,32463.5,38741.0,23565.0,3,0,220,8,2002
2002-08-09,33465.125,40819.0,24125.0,4,0,221,8,2002
2002-08-10,32546.333333333332,40456.0,23614.0,5,1,222,8,2002
2002-08-11,34326.958333333336,44278.0,23954.0,6,1,223,8,2002
2002-08-12,42069.75,53582.0,28432.0,0,0,224,8,2002
2002-08-13,44836.333333333336,55542.0,31683.0,1,0,225,8,2002
2002-08-14,45580.375,55934.0,32879.0,2,0,226,8,2002
2002-08-15,45294.416666666664,55008.0,32791.0,3,0,227,8,2002
2002-08-16,44693.833333333336,52831.0,34149.0,4,0,228,8,2002
2002-08-17,41378.916666666664,49005.0,31726.0,5,1,229,8,2002
2002-08-18,41063.041666666664,49766.0,30940.0,6,1,230,8,2002
2002-08-19,44474.416666666664,53739.0,33103.0,0,0,231,8,2002
2002-08-20,41965.166666666664,49130.0,33146.0,1,0,232,8,2002
2002-08-21,38656.166666666664,46914.0,28532.0,2,0,233,8,2002
2002-08-22,39084.125,48587.0,27559.0,3,0,234,8,2002
2002-08-23,39325.041666666664,44951.0,31120.0,4,0,235,8,2002
2002-08-24,33758.125,38322.0,27554.0,5,1,236,8,2002
2002-08-25,32483.75,38872.0,24823.0,6,1,237,8,2002
2002-08-26,35377.541666666664,41748.0,25796.0,0,0,238,8,2002
2002-08-27,35974.791666666664,43225.0,26122.0,1,0,239,8,2002
2002-08-28,33064.666666666664,36913.0,27147.0,2,0,240,8,2002
2002-08-29,30143.333333333332,34104.0,23176.0,3,0,241,8,2002
2002-08-30,29486.125,33576.0,22552.0,4,0,242,8,2002
2002-08-31,26737.916666666668,30360.0,21327.0,5,1,243,8,2002
2002-09-01,24793.125,27921.0,20615.0,6,1,244,9,2002
2002-09-02,25556.875,30811.0,20337.0,0,0,245,9,2002
2002-09-03,32946.166666666664,41563.0,21681.0,1,0,246,9,2002
2002-09-04,38109.583333333336,46959.0,27306.0,2,0,247,9,2002
2002-09-05,34652.0,41563.0,25418.0,3,0,248,9,2002
2002-09-06,32043.541666666668,37983.0,23836.0,4,0,249,9,2002
2002-09-07,28911.75,34384.0,22105.0,5,1,250,9,2002
2002-09-08,28526.291666666668,35185.0,21448.0,6,1,251,9,2002
2002-09-09,34506.541666666664,44702.0,22853.0,0,0,252,9,2002
2002-09-10,37212.208333333336,47186.0,25281.0,1,0,253,9,2002
2002-09-11,34363.125,39082.0,27870.0,2,0,254,9,2002
2002-09-12,30303.041666666668,35044.0,22525.0,3,0,255,9,2002
2002-09-13,30713.666666666668,36833.0,22055.0,4,0,256,9,2002
2002-09-14,29840.083333333332,35493.0,22645.0,5,1,257,9,2002
2002-09-15,30777.375,35710.0,24576.0,6,1,258,9,2002
2002-09-16,35372.25,42668.0,25474.0,0,0,259,9,2002
2002-09-17,33262.5,39724.0,24412.0,1,0,260,9,2002
2002-09-18,32152.916666666668,38257.0,23284.0,2,0,261,9,2002
2002-09-19,32609.0,38595.0,23584.0,3,0,262,9,2002
2002-09-20,33740.958333333336,40774.0,24072.0,4,0,263,9,2002
2002-09-21,32451.375,38251.0,24381.0,5,1,264,9,2002
2002-09-22,31866.5,37550.0,24571.0,6,1,265,9,2002
2002-09-23,32340.375,36311.0,25780.0,0,0,266,9,2002
2002-09-24,30068.833333333332,35290.0,21963.0,1,0,267,9,2002
2002-09-25,29676.166666666668,34561.0,21873.0,2,0,268,9,2002
2002-09-26,29436.75,33293.0,22278.0,3,0,269,9,2002
2002-09-27,30324.041666666668,35962.0,21736.0,4,0,270,9,2002
2002-09-28,27824.25,30353.0,23245.0,5,1,271,9,2002
2002-09-29,24966.041666666668,29951.0,19950.0,6,1,272,9,2002
2002-09-30,29096.708333333332,34107.0,20751.0,0,0,273,9,2002
2002-10-01,30815.583333333332,36829.0,21749.0,1,0,274,10,2002
2002-10-02,33832.833333333336,41252.0,23466.0,2,0,275,10,2002
2002-10-03,34965.125,41859.0,25033.0,3,0,276,10,2002
2002-10-04,32621.958333333332,36363.0,25004.0,4,0,277,10,2002
2002-10-05,31022.25,36235.0,24783.0,5,1,278,10,2002
2002-10-06,24942.125,30004.0,20235.0,6,1,279,10,2002
2002-10-07,29712.666666666668,35090.0,21400.0,0,0,280,10,2002
2002-10-08,28009.166666666668,32460.0,21139.0,1,0,281,10,2002
2002-10-09,28276.375,32752.0,21094.0,2,0,282,10,2002
2002-10-10,28859.875,33228.0,21412.0,3,0,283,10,2002
2002-10-11,28873.791666666668,32664.0,21654.0,4,0,284,10,2002
2002-10-12,25802.041666666668,29228.0,21040.0,5,1,285,10,2002
2002-10-13,24468.291666666668,29201.0,19702.0,6,1,286,10,2002
2002-10-14,27266.541666666668,32433.0,20244.0,0,0,287,10,2002
2002-10-15,28688.833333333332,33220.0,21870.0,1,0,288,10,2002
2002-10-16,28970.708333333332,33386.0,21670.0,2,0,289,10,2002
2002-10-17,28681.958333333332,33032.0,21970.0,3,0,290,10,2002
2002-10-18,28460.833333333332,31740.0,22301.0,4,0,291,10,2002
2002-10-19,25951.875,29041.0,21664.0,5,1,292,10,2002
2002-10-20,24513.041666666668,29282.0,20152.0,6,1,293,10,2002
2002-10-21,28415.375,33200.0,21291.0,0,0,294,10,2002
2002-10-22,29015.791666666668,33017.0,22847.0,1,0,295,10,2002
2002-10-23,28958.208333333332,33271.0,22479.0,2,0,296,10,2002
2002-10-24,29784.125,34379.0,22747.0,3,0,297,10,2002
2002-10-25,29641.25,32987.0,23264.0,4,0,298,10,2002
2002-10-26,25948.708333333332,28964.0,21694.0,5,1,299,10,2002
2002-10-27,24930.25,29787.0,20534.0,6,1,300,10,2002
2002-10-28,28956.5,34752.0,21470.0,0,0,301,10,2002
2002-10-29,30633.333333333332,36441.0,23307.0,1,0,302,10,2002
2002-10-30,31737.958333333332,36919.0,24514.0,2,0,303,10,2002
2002-10-31,30887.083333333332,34654.0,24894.0,3,0,304,10,2002
2002-11-01,30743.458333333332,34616.0,25017.0,4,0,305,11,2002
2002-11-02,28299.708333333332,31974.0,24482.0,5,1,306,11,2002
2002-11-03,27340.875,31826.0,23902.0,6,1,307,11,2002
2002-11-04,30471.291666666668,35555.0,23605.0,0,0,308,11,2002
2002-11-05,30632.666666666668,35780.0,24123.0,1,0,309,11,2002
2002-11-06,30308.458333333332,35609.0,23350.0,2,0,310,11,2002
2002-11-07,30514.875,35617.0,23920.0,3,0,311,11,2002
2002-11-08,29984.416666666668,33280.0,25130.0,4,0,312,11,2002
2002-11-09,26257.708333333332,29780.0,22535.0,5,1,313,11,2002
2002-11-10,24957.125,30065.0,20466.0,6,1,314,11,2002
2002-11-11,28671.541666666668,34564.0,20878.0,0,0,315,11,2002
2002-11-12,29273.458333333332,35122.0,21367.0,1,0,316,11,2002
2002-11-13,29999.208333333332,35561.0,22565.0,2,0,317,11,2002
2002-11-14,30080.333333333332,33543.0,24571.0,3,0,318,11,2002
2002-11-15,29003.166666666668,33174.0,22916.0,4,0,319,11,2002
2002-11-16,27525.541666666668,32133.0,21939.0,5,1,320,11,2002
2002-11-17,27619.958333333332,32615.0,22569.0,6,1,321,11,2002
2002-11-18,31106.666666666668,36718.0,23932.0,0,0,322,11,2002
2002-11-19,32124.458333333332,36383.0,25850.0,1,0,323,11,2002
2002-11-20,30784.958333333332,35136.0,24862.0,2,0,324,11,2002
2002-11-21,30851.541666666668,35483.0,24468.0,3,0,325,11,2002
2002-11-22,29999.25,35001.0,22896.0,4,0,326,11,2002
2002-11-23,28919.0,33088.0,24449.0,5,1,327,11,2002
2002-11-24,27174.875,31751.0,23655.0,6,1,328,11,2002
2002-11-25,30375.25,35030.0,24056.0,0,0,329,11,2002
2002-11-26,30561.958333333332,35947.0,23431.0,1,0,330,11,2002
2002-11-27,31841.458333333332,37169.0,24537.0,2,0,331,11,2002
2002-11-28,28970.0,31429.0,25880.0,3,0,332,11,2002
2002-11-29,30092.75,34437.0,25200.0,4,0,333,11,2002
2002-11-30,28061.25,32259.0,23366.0,5,1,334,11,2002
2002-12-01,29720.666666666668,35849.0,24558.0,6,1,335,12,2002
2002-12-02,32994.25,38077.0,26593.0,0,0,336,12,2002
2002-12-03,35145.833333333336,42035.0,26493.0,1,0,337,12,2002
2002-12-04,36533.166666666664,41201.0,30858.0,2,0,338,12,2002
2002-12-05,36093.333333333336,41823.0,28765.0,3,0,339,12,2002
2002-12-06,34581.583333333336,39751.0,28399.0,4,0,340,12,2002
2002-12-07,32961.291666666664,36382.0,30006.0,5,1,341,12,2002
2002-12-08,31046.416666666668,35962.0,27266.0,6,1,342,12,2002
2002-12-09,35626.958333333336,42386.0,27745.0,0,0,343,12,2002
2002-12-10,36738.0,41496.0,30901.0,1,0,344,12,2002
2002-12-11,36023.583333333336,41553.0,28760.0,2,0,345,12,2002
2002-12-12,33646.458333333336,38702.0,27304.0,3,0,346,12,2002
2002-12-13,33804.416666666664,39036.0,26902.0,4,0,347,12,2002
2002-12-14,30381.958333333332,35030.0,24696.0,5,1,348,12,2002
2002-12-15,29002.583333333332,34627.0,24502.0,6,1,349,12,2002
2002-12-16,32963.416666666664,40425.0,24413.0,0,0,350,12,2002
2002-12-17,35406.375,41086.0,28653.0,1,0,351,12,2002
2002-12-18,35813.5,40810.0,29870.0,2,0,352,12,2002
2002-12-19,33694.833333333336,38084.0,27712.0,3,0,353,12,2002
2002-12-20,31103.583333333332,36073.0,24029.0,4,0,354,12,2002
2002-12-21,29780.583333333332,34353.0,24949.0,5,1,355,12,2002
2002-12-22,28553.916666666668,33169.0,24458.0,6,1,356,12,2002
2002-12-23,30952.875,36649.0,23985.0,0,0,357,12,2002
2002-12-24,30547.583333333332,35286.0,24721.0,1,0,358,12,2002
2002-12-25,29533.875,32828.0,25030.0,2,0,359,12,2002
2002-12-26,32106.5,38118.0,25555.0,3,0,360,12,2002
2002-12-27,32936.333333333336,38199.0,26744.0,4,0,361,12,2002
2002-12-28,31012.625,34937.0,27288.0,5,1,362,12,2002
2002-12-29,29092.541666666668,34343.0,25142.0,6,1,363,12,2002
2002-12-30,32094.083333333332,37106.0,26213.0,0,0,364,12,2002
2002-12-31,29560.958333333332,34195.0,24393.0,1,0,365,12,2002
2003-01-01,27603.708333333332,32972.0,22332.0,2,0,1,1,2003
2003-01-02,32118.75,38750.0,23649.0,3,0,2,1,2003
2003-01-03,33701.75,38745.0,26564.0,4,0,3,1,2003
2003-01-04,31215.375,35801.0,26177.0,5,1,4,1,2003
2003-01-05,30946.25,36739.0,25912.0,6,1,5,1,2003
2003-01-06,34014.333333333336,39778.0,26689.0,0,0,6,1,2003
2003-01-07,35377.166666666664,40860.0,28388.0,1,0,7,1,2003
2003-01-08,33668.75,38051.0,27703.0,2,0,8,1,2003
2003-01-09,31811.75,36245.0,26207.0,3,0,9,1,2003
2003-01-10,31956.25,37155.0,24979.0,4,0,10,1,2003
2003-01-11,32217.458333333332,36654.0,27605.0,5,1,11,1,2003
2003-01-12,32135.125,36833.0,28327.0,6,1,12,1,2003
2003-01-13,35090.166666666664,39791.0,28972.0,0,0,13,1,2003
2003-01-14,35914.833333333336,41186.0,29167.0,1,0,14,1,2003
2003-01-15,36426.708333333336,42032.0,29527.0,2,0,15,1,2003
2003-01-16,37441.291666666664,41776.0,31547.0,3,0,16,1,2003
2003-01-17,36536.208333333336,41178.0,30177.0,4,0,17,1,2003
2003-01-18,36157.875,39540.0,32714.0,5,1,18,1,2003
2003-01-19,34429.75,38152.0,31581.0,6,1,19,1,2003
2003-01-20,35501.5,41618.0,29248.0,0,0,20,1,2003
2003-01-21,37591.458333333336,42836.0,30949.0,1,0,21,1,2003
2003-01-22,39225.875,44529.0,32908.0,2,0,22,1,2003
2003-01-23,40730.375,46420.0,34147.0,3,0,23,1,2003
2003-01-24,39577.125,44257.0,35728.0,4,0,24,1,2003
2003-01-25,34730.125,37601.0,31660.0,5,1,25,1,2003
2003-01-26,32830.375,36580.0,29253.0,6,1,26,1,2003
2003-01-27,38860.541666666664,45273.0,30011.0,0,0,27,1,2003
2003-01-28,39483.666666666664,42971.0,34699.0,1,0,28,1,2003
2003-01-29,36426.291666666664,41152.0,29858.0,2,0,29,1,2003
2003-01-30,35984.958333333336,40196.0,29807.0,3,0,30,1,2003
2003-01-31,34836.0,38628.0,28757.0,4,0,31,1,2003
2003-02-01,31695.25,35454.0,26827.0,5,1,32,2,2003
2003-02-02,29732.166666666668,34679.0,25590.0,6,1,33,2,2003
2003-02-03,32537.375,37145.0,26566.0,0,0,34,2,2003
2003-02-04,32676.375,38176.0,25624.0,1,0,35,2,2003
2003-02-05,34529.916666666664,40042.0,27754.0,2,0,36,2,2003
2003-02-06,35650.291666666664,39759.0,29682.0,3,0,37,2,2003
2003-02-07,34552.708333333336,38584.0,28997.0,4,0,38,2,2003
2003-02-08,32796.75,36800.0,28992.0,5,1,39,2,2003
2003-02-09,32083.291666666668,35965.0,29820.0,6,1,40,2,2003
2003-02-10,34708.166666666664,40155.0,27478.0,0,0,41,2,2003
2003-02-11,35504.958333333336,40628.0,28903.0,1,0,42,2,2003
2003-02-12,36127.666666666664,41605.0,30177.0,2,0,43,2,2003
2003-02-13,37172.791666666664,41445.0,31639.0,3,0,44,2,2003
2003-02-14,35884.25,40384.0,31728.0,4,0,45,2,2003
2003-02-15,33389.291666666664,38463.0,27801.0,5,1,46,2,2003
2003-02-16,35948.0,41459.0,30603.0,6,1,47,2,2003
2003-02-17,35268.625,39250.0,31816.0,0,0,48,2,2003
2003-02-18,34377.333333333336,39276.0,28949.0,1,0,49,2,2003
2003-02-19,34452.458333333336,38481.0,29430.0,2,0,50,2,2003
2003-02-20,32656.0,37057.0,27398.0,3,0,51,2,2003
2003-02-21,33171.125,36585.0,28302.0,4,0,52,2,2003
2003-02-22,31183.333333333332,35013.0,25997.0,5,1,53,2,2003
2003-02-23,30055.333333333332,36325.0,24960.0,6,1,54,2,2003
2003-02-24,34468.333333333336,38669.0,28398.0,0,0,55,2,2003
2003-02-25,34767.666666666664,40050.0,28290.0,1,0,56,2,2003
2003-02-26,37055.75,41961.0,30719.0,2,0,57,2,2003
2003-02-27,36378.791666666664,40644.0,30565.0,3,0,58,2,2003
2003-02-28,34357.375,37837.0,29247.0,4,0,59,2,2003
2003-03-01,31179.583333333332,34582.0,26952.0,5,1,60,3,2003
2003-03-02,29198.5,33616.0,25286.0,6,1,61,3,2003
2003-03-03,35295.0,41538.0,26575.0,0,0,62,3,2003
2003-03-04,35414.375,39816.0,31814.0,1,0,63,3,2003
2003-03-05,32048.625,35491.0,26892.0,2,0,64,3,2003
2003-03-06,33621.0,39986.0,24909.0,3,0,65,3,2003
2003-03-07,34751.375,38837.0,30055.0,4,0,66,3,2003
2003-03-08,29894.5,32090.0,27651.0,5,1,67,3,2003
2003-03-09,27689.208333333332,33477.0,23785.0,6,1,68,3,2003
2003-03-10,34320.916666666664,39585.0,27754.0,0,0,69,3,2003
2003-03-11,34981.791666666664,38448.0,29759.0,1,0,70,3,2003
2003-03-12,32530.041666666668,36275.0,27984.0,2,0,71,3,2003
2003-03-13,31392.625,35815.0,25349.0,3,0,72,3,2003
2003-03-14,32307.166666666668,36140.0,26846.0,4,0,73,3,2003
2003-03-15,28659.333333333332,31191.0,26681.0,5,1,74,3,2003
2003-03-16,26097.708333333332,29882.0,23532.0,6,1,75,3,2003
2003-03-17,28470.041666666668,33144.0,21598.0,0,0,76,3,2003
2003-03-18,28537.125,33183.0,21924.0,1,0,77,3,2003
2003-03-19,30143.5,35878.0,22883.0,2,0,78,3,2003
2003-03-20,32283.541666666668,36615.0,25296.0,3,0,79,3,2003
2003-03-21,29573.375,32698.0,23972.0,4,0,80,3,2003
2003-03-22,25698.458333333332,28888.0,21948.0,5,1,81,3,2003
2003-03-23,24782.0,29642.0,21011.0,6,1,82,3,2003
2003-03-24,28345.708333333332,32859.0,21922.0,0,0,83,3,2003
2003-03-25,28522.458333333332,32605.0,22602.0,1,0,84,3,2003
2003-03-26,28643.5,33321.0,21973.0,2,0,85,3,2003
2003-03-27,28719.416666666668,32670.0,23036.0,3,0,86,3,2003
2003-03-28,28453.958333333332,31884.0,22722.0,4,0,87,3,2003
2003-03-29,25625.0,29056.0,21224.0,5,1,88,3,2003
2003-03-30,27002.75,33315.0,20581.0,6,1,89,3,2003
2003-03-31,31813.958333333332,36721.0,25677.0,0,0,90,3,2003
2003-04-01,31905.75,34994.0,26912.0,1,0,91,4,2003
2003-04-02,29428.375,33002.0,24211.0,2,0,92,4,2003
2003-04-03,28637.666666666668,33206.0,22013.0,3,0,93,4,2003
2003-04-04,29415.083333333332,33589.0,22414.0,4,0,94,4,2003
2003-04-05,27527.916666666668,30591.0,23315.0,5,1,95,4,2003
2003-04-06,25993.8125,30518.0,22902.0,6,1,96,4,2003
2003-04-07,32072.125,37098.0,23370.0,0,0,97,4,2003
2003-04-08,32882.791666666664,36363.0,26377.0,1,0,98,4,2003
2003-04-09,32517.458333333332,35792.0,25985.0,2,0,99,4,2003
2003-04-10,31069.791666666668,34533.0,25491.0,3,0,100,4,2003
2003-04-11,31145.291666666668,34959.0,24912.0,4,0,101,4,2003
2003-04-12,26260.291666666668,29182.0,23408.0,5,1,102,4,2003
2003-04-13,24511.875,28869.0,20917.0,6,1,103,4,2003
2003-04-14,28247.5,31738.0,22162.0,0,0,104,4,2003
2003-04-15,28360.833333333332,32163.0,21837.0,1,0,105,4,2003
2003-04-16,29080.041666666668,33377.0,21394.0,2,0,106,4,2003
2003-04-17,28340.083333333332,32566.0,21505.0,3,0,107,4,2003
2003-04-18,28711.291666666668,32156.0,23386.0,4,0,108,4,2003
2003-04-19,25401.791666666668,28210.0,22292.0,5,1,109,4,2003
2003-04-20,23314.875,26170.0,20675.0,6,1,110,4,2003
2003-04-21,27264.625,31268.0,20510.0,0,0,111,4,2003
2003-04-22,28132.583333333332,31667.0,21429.0,1,0,112,4,2003
2003-04-23,28792.0,32702.0,22316.0,2,0,113,4,2003
2003-04-24,28952.083333333332,32240.0,23656.0,3,0,114,4,2003
2003-04-25,28036.708333333332,31150.0,22654.0,4,0,115,4,2003
2003-04-26,25457.125,28650.0,20910.0,5,1,116,4,2003
2003-04-27,23901.583333333332,27915.0,20103.0,6,1,117,4,2003
2003-04-28,27884.25,31968.0,20406.0,0,0,118,4,2003
2003-04-29,28189.666666666668,31967.0,20923.0,1,0,119,4,2003
2003-04-30,27923.5,31377.0,21020.0,2,0,120,4,2003
2003-05-01,28830.791666666668,33163.0,21173.0,3,0,121,5,2003
2003-05-02,29447.041666666668,34104.0,21849.0,4,0,122,5,2003
2003-05-03,24573.708333333332,27129.0,20313.0,5,1,123,5,2003
2003-05-04,23600.916666666668,27839.0,19644.0,6,1,124,5,2003
2003-05-05,28108.625,32507.0,20656.0,0,0,125,5,2003
2003-05-06,28425.041666666668,31706.0,22131.0,1,0,126,5,2003
2003-05-07,29108.625,33266.0,21567.0,2,0,127,5,2003
2003-05-08,29002.25,32703.0,22008.0,3,0,128,5,2003
2003-05-09,28082.5,31791.0,21422.0,4,0,129,5,2003
2003-05-10,25178.5,28200.0,20693.0,5,1,130,5,2003
2003-05-11,24925.041666666668,29450.0,19823.0,6,1,131,5,2003
2003-05-12,28060.083333333332,31834.0,20865.0,0,0,132,5,2003
2003-05-13,27970.25,31272.0,21211.0,1,0,133,5,2003
2003-05-14,28049.208333333332,31246.0,21463.0,2,0,134,5,2003
2003-05-15,28248.166666666668,31560.0,21450.0,3,0,135,5,2003
2003-05-16,28170.666666666668,31936.0,21426.0,4,0,136,5,2003
2003-05-17,25540.166666666668,28611.0,21346.0,5,1,137,5,2003
2003-05-18,24465.083333333332,27998.0,20638.0,6,1,138,5,2003
2003-05-19,28242.208333333332,31549.0,21430.0,0,0,139,5,2003
2003-05-20,28334.458333333332,32214.0,21246.0,1,0,140,5,2003
2003-05-21,28375.875,31879.0,21261.0,2,0,141,5,2003
2003-05-22,28399.125,31683.0,21478.0,3,0,142,5,2003
2003-05-23,27988.25,31697.0,21488.0,4,0,143,5,2003
2003-05-24,24918.166666666668,27804.0,20647.0,5,1,144,5,2003
2003-05-25,23621.875,26442.0,19602.0,6,1,145,5,2003
2003-05-26,24095.833333333332,27857.0,19414.0,0,0,146,5,2003
2003-05-27,27720.291666666668,31502.0,20146.0,1,0,147,5,2003
2003-05-28,28263.083333333332,31877.0,21210.0,2,0,148,5,2003
2003-05-29,28488.375,32272.0,21331.0,3,0,149,5,2003
2003-05-30,28888.333333333332,33535.0,21287.0,4,0,150,5,2003
2003-05-31,25753.0,28834.0,20780.0,5,1,151,5,2003
2003-06-01,24347.416666666668,28041.0,19930.0,6,1,152,6,2003
2003-06-02,27958.958333333332,31801.0,20757.0,0,0,153,6,2003
2003-06-03,28323.458333333332,31969.0,21061.0,1,0,154,6,2003
2003-06-04,28672.083333333332,32263.0,21503.0,2,0,155,6,2003
2003-06-05,28760.958333333332,32602.0,21577.0,3,0,156,6,2003
2003-06-06,28839.0,32947.0,21562.0,4,0,157,6,2003
2003-06-07,26069.958333333332,29538.0,20929.0,5,1,158,6,2003
2003-06-08,24710.041666666668,28653.0,20125.0,6,1,159,6,2003
2003-06-09,29348.875,34133.0,20865.0,0,0,160,6,2003
2003-06-10,30942.708333333332,36374.0,22231.0,1,0,161,6,2003
2003-06-11,33078.291666666664,39166.0,23215.0,2,0,162,6,2003
2003-06-12,35551.958333333336,42830.0,25695.0,3,0,163,6,2003
2003-06-13,34232.5,40115.0,25672.0,4,0,164,6,2003
2003-06-14,31820.083333333332,38425.0,23656.0,5,1,165,6,2003
2003-06-15,31166.208333333332,35636.0,24105.0,6,1,166,6,2003
2003-06-16,30775.375,35536.0,23157.0,0,0,167,6,2003
2003-06-17,29176.166666666668,33351.0,21844.0,1,0,168,6,2003
2003-06-18,30199.625,34736.0,22105.0,2,0,169,6,2003
2003-06-19,32239.958333333332,37712.0,23442.0,3,0,170,6,2003
2003-06-20,30663.958333333332,34988.0,24008.0,4,0,171,6,2003
2003-06-21,26401.375,29790.0,21413.0,5,1,172,6,2003
2003-06-22,25358.625,29782.0,20364.0,6,1,173,6,2003
2003-06-23,32957.5,41945.0,21624.0,0,0,174,6,2003
2003-06-24,37443.333333333336,47533.0,25073.0,1,0,175,6,2003
2003-06-25,39862.583333333336,49862.0,26911.0,2,0,176,6,2003
2003-06-26,43197.708333333336,53611.0,29630.0,3,0,177,6,2003
2003-06-27,41895.541666666664,51045.0,31310.0,4,0,178,6,2003
2003-06-28,32468.25,37881.0,25375.0,5,1,179,6,2003
2003-06-29,33024.333333333336,40738.0,23842.0,6,1,180,6,2003
2003-06-30,39002.333333333336,47693.0,27647.0,0,0,181,6,2003
2003-07-01,36861.333333333336,44748.0,26397.0,1,0,182,7,2003
2003-07-02,36200.666666666664,43598.0,26471.0,2,0,183,7,2003
2003-07-03,33921.375,38620.0,25904.0,3,0,184,7,2003
2003-07-04,34460.125,43698.0,24149.0,4,0,185,7,2003
2003-07-05,37721.041666666664,46142.0,27360.0,5,1,186,7,2003
2003-07-06,37986.541666666664,46051.0,27762.0,6,1,187,7,2003
2003-07-07,41348.291666666664,51141.0,29522.0,0,0,188,7,2003
2003-07-08,42283.041666666664,51466.0,30441.0,1,0,189,7,2003
2003-07-09,40360.375,48176.0,31402.0,2,0,190,7,2003
2003-07-10,33543.458333333336,37047.0,26959.0,3,0,191,7,2003
2003-07-11,35788.875,44144.0,25294.0,4,0,192,7,2003
2003-07-12,32797.625,38800.0,24577.0,5,1,193,7,2003
2003-07-13,31237.041666666668,37631.0,23494.0,6,1,194,7,2003
2003-07-14,34621.583333333336,41066.0,25492.0,0,0,195,7,2003
2003-07-15,36335.708333333336,44797.0,25397.0,1,0,196,7,2003
2003-07-16,39141.041666666664,48317.0,27842.0,2,0,197,7,2003
2003-07-17,37139.583333333336,44964.0,26871.0,3,0,198,7,2003
2003-07-18,35770.583333333336,42484.0,26455.0,4,0,199,7,2003
2003-07-19,32079.583333333332,37803.0,24992.0,5,1,200,7,2003
2003-07-20,31538.208333333332,38710.0,22762.0,6,1,201,7,2003
2003-07-21,39343.291666666664,50040.0,26777.0,0,0,202,7,2003
2003-07-22,39971.041666666664,48044.0,29455.0,1,0,203,7,2003
2003-07-23,37410.583333333336,44130.0,28263.0,2,0,204,7,2003
2003-07-24,37334.291666666664,44319.0,27877.0,3,0,205,7,2003
2003-07-25,36831.833333333336,45609.0,26102.0,4,0,206,7,2003
2003-07-26,35454.583333333336,43492.0,25513.0,5,1,207,7,2003
2003-07-27,36601.541666666664,44310.0,27908.0,6,1,208,7,2003
2003-07-28,39023.291666666664,45925.0,30159.0,0,0,209,7,2003
2003-07-29,36046.833333333336,43275.0,26650.0,1,0,210,7,2003
2003-07-30,34864.125,41466.0,25736.0,2,0,211,7,2003
2003-07-31,35008.166666666664,41091.0,25978.0,3,0,212,7,2003
2003-08-01,36188.708333333336,42513.0,26931.0,4,0,213,8,2003
2003-08-02,36200.541666666664,43682.0,27264.0,5,1,214,8,2003
2003-08-03,36137.25,42738.0,28562.0,6,1,215,8,2003
2003-08-04,39416.541666666664,46462.0,29184.0,0,0,216,8,2003
2003-08-05,38366.625,43920.0,29662.0,1,0,217,8,2003
2003-08-06,37566.791666666664,45714.0,26935.0,2,0,218,8,2003
2003-08-07,36678.916666666664,42141.0,27704.0,3,0,219,8,2003
2003-08-08,37780.75,45905.0,27321.0,4,0,220,8,2003
2003-08-09,34815.875,39597.0,27838.0,5,1,221,8,2003
2003-08-10,34624.625,41347.0,26503.0,6,1,222,8,2003
2003-08-11,38288.958333333336,45129.0,28566.0,0,0,223,8,2003
2003-08-12,39733.333333333336,48980.0,28292.0,1,0,224,8,2003
2003-08-13,41309.416666666664,50393.0,29655.0,2,0,225,8,2003
2003-08-14,41755.333333333336,52535.0,30428.0,3,0,226,8,2003
2003-08-15,41594.458333333336,51228.0,29679.0,4,0,227,8,2003
2003-08-16,36439.25,42738.0,29177.0,5,1,228,8,2003
2003-08-17,33520.375,40547.0,25789.0,6,1,229,8,2003
2003-08-18,36066.708333333336,43824.0,25878.0,0,0,230,8,2003
2003-08-19,37020.208333333336,45894.0,26016.0,1,0,231,8,2003
2003-08-20,39172.166666666664,49148.0,27048.0,2,0,232,8,2003
2003-08-21,41788.583333333336,52080.0,29051.0,3,0,233,8,2003
2003-08-22,43393.333333333336,53737.0,31382.0,4,0,234,8,2003
2003-08-23,34680.083333333336,39173.0,28438.0,5,1,235,8,2003
2003-08-24,28315.125,33227.0,22268.0,6,1,236,8,2003
2003-08-25,35186.791666666664,44713.0,23477.0,0,0,237,8,2003
2003-08-26,37946.625,46448.0,28093.0,1,0,238,8,2003
2003-08-27,38538.0,46879.0,27522.0,2,0,239,8,2003
2003-08-28,37816.583333333336,46141.0,27544.0,3,0,240,8,2003
2003-08-29,38331.083333333336,47211.0,27216.0,4,0,241,8,2003
2003-08-30,35908.875,43913.0,28714.0,5,1,242,8,2003
2003-08-31,28198.541666666668,31622.0,23021.0,6,1,243,8,2003
2003-09-01,29928.666666666668,35838.0,23082.0,0,0,244,9,2003
2003-09-02,33390.083333333336,38932.0,25064.0,1,0,245,9,2003
2003-09-03,32736.958333333332,37533.0,24309.0,2,0,246,9,2003
2003-09-04,34616.125,39242.0,25724.0,3,0,247,9,2003
2003-09-05,32482.041666666668,38006.0,25045.0,4,0,248,9,2003
2003-09-06,27762.0,31546.0,21839.0,5,1,249,9,2003
2003-09-07,27413.833333333332,33736.0,20870.0,6,1,250,9,2003
2003-09-08,32262.541666666668,38385.0,22740.0,0,0,251,9,2003
2003-09-09,31731.083333333332,36221.0,24104.0,1,0,252,9,2003
2003-09-10,30666.666666666668,35765.0,22528.0,2,0,253,9,2003
2003-09-11,31360.0,37198.0,22506.0,3,0,254,9,2003
2003-09-12,30122.916666666668,34275.0,23292.0,4,0,255,9,2003
2003-09-13,28931.75,33926.0,22049.0,5,1,256,9,2003
2003-09-14,31249.583333333332,37887.0,23529.0,6,1,257,9,2003
2003-09-15,34956.125,40380.0,25768.0,0,0,258,9,2003
2003-09-16,32775.375,38417.0,24679.0,1,0,259,9,2003
2003-09-17,31236.833333333332,36476.0,22814.0,2,0,260,9,2003
2003-09-18,29610.583333333332,33902.0,23023.0,3,0,261,9,2003
2003-09-19,28722.25,34493.0,20208.0,4,0,262,9,2003
2003-09-20,28621.333333333332,33635.0,21580.0,5,1,263,9,2003
2003-09-21,26803.041666666668,31876.0,21359.0,6,1,264,9,2003
2003-09-22,31233.083333333332,37058.0,22264.0,0,0,265,9,2003
2003-09-23,31817.666666666668,35868.0,24631.0,1,0,266,9,2003
2003-09-24,29782.25,34527.0,21822.0,2,0,267,9,2003
2003-09-25,31044.708333333332,36825.0,22052.0,3,0,268,9,2003
2003-09-26,31474.708333333332,36217.0,23437.0,4,0,269,9,2003
2003-09-27,30076.166666666668,34816.0,23042.0,5,1,270,9,2003
2003-09-28,27484.916666666668,30995.0,23184.0,6,1,271,9,2003
2003-09-29,28498.541666666668,32865.0,21030.0,0,0,272,9,2003
2003-09-30,28311.375,32659.0,21344.0,1,0,273,9,2003
2003-10-01,28508.583333333332,32971.0,21493.0,2,0,274,10,2003
2003-10-02,28635.333333333332,33002.0,21770.0,3,0,275,10,2003
2003-10-03,28706.0,32001.0,22916.0,4,0,276,10,2003
2003-10-04,26080.708333333332,29278.0,21507.0,5,1,277,10,2003
2003-10-05,24842.791666666668,29228.0,20869.0,6,1,278,10,2003
2003-10-06,28424.125,32842.0,21669.0,0,0,279,10,2003
2003-10-07,28950.666666666668,33130.0,22532.0,1,0,280,10,2003
2003-10-08,29137.375,33695.0,21904.0,2,0,281,10,2003
2003-10-09,29493.166666666668,34349.0,21725.0,3,0,282,10,2003
2003-10-10,28772.125,32430.0,21857.0,4,0,283,10,2003
2003-10-11,25593.5,29319.0,20816.0,5,1,284,10,2003
2003-10-12,24894.291666666668,30020.0,19850.0,6,1,285,10,2003
2003-10-13,28266.208333333332,33167.0,20963.0,0,0,286,10,2003
2003-10-14,28760.666666666668,33551.0,21389.0,1,0,287,10,2003
2003-10-15,28388.791666666668,32771.0,21661.0,2,0,288,10,2003
2003-10-16,28726.75,32835.0,22081.0,3,0,289,10,2003
2003-10-17,28320.166666666668,31737.0,21713.0,4,0,290,10,2003
2003-10-18,25641.166666666668,28978.0,21451.0,5,1,291,10,2003
2003-10-19,24983.291666666668,29710.0,20758.0,6,1,292,10,2003
2003-10-20,28607.208333333332,33120.0,21729.0,0,0,293,10,2003
2003-10-21,28840.333333333332,33410.0,21800.0,1,0,294,10,2003
2003-10-22,28716.125,33722.0,21450.0,2,0,295,10,2003
2003-10-23,30261.333333333332,35143.0,23220.0,3,0,296,10,2003
2003-10-24,30161.041666666668,34021.0,24871.0,4,0,297,10,2003
2003-10-25,26910.666666666668,29556.0,23742.0,5,1,298,10,2003
2003-10-26,25405.916666666668,30427.0,20449.0,6,1,299,10,2003
2003-10-27,29120.458333333332,34667.0,21092.0,0,0,300,10,2003
2003-10-28,29335.541666666668,34326.0,22600.0,1,0,301,10,2003
2003-10-29,29701.291666666668,34850.0,22537.0,2,0,302,10,2003
2003-10-30,29642.958333333332,33939.0,23561.0,3,0,303,10,2003
2003-10-31,28712.666666666668,32631.0,22774.0,4,0,304,10,2003
2003-11-01,25966.291666666668,30386.0,21146.0,5,1,305,11,2003
2003-11-02,25171.958333333332,30891.0,20004.0,6,1,306,11,2003
2003-11-03,29340.875,35572.0,20881.0,0,0,307,11,2003
2003-11-04,29318.25,34745.0,21715.0,1,0,308,11,2003
2003-11-05,29773.0,35537.0,21906.0,2,0,309,11,2003
2003-11-06,29586.833333333332,34678.0,22223.0,3,0,310,11,2003
2003-11-07,28478.5,32879.0,21948.0,4,0,311,11,2003
2003-11-08,27015.916666666668,31914.0,22104.0,5,1,312,11,2003
2003-11-09,28020.416666666668,33036.0,24290.0,6,1,313,11,2003
2003-11-10,31935.041666666668,36614.0,25901.0,0,0,314,11,2003
2003-11-11,31217.416666666668,35749.0,25603.0,1,0,315,11,2003
2003-11-12,30009.25,35276.0,22949.0,2,0,316,11,2003
2003-11-13,30263.125,36762.0,22181.0,3,0,317,11,2003
2003-11-14,31788.083333333332,35943.0,26189.0,4,0,318,11,2003
2003-11-15,27870.458333333332,31477.0,24004.0,5,1,319,11,2003
2003-11-16,27038.625,31726.0,23068.0,6,1,320,11,2003
2003-11-17,29663.541666666668,34978.0,22438.0,0,0,321,11,2003
2003-11-18,30403.833333333332,35587.0,23529.0,1,0,322,11,2003
2003-11-19,29976.416666666668,35373.0,22536.0,2,0,323,11,2003
2003-11-20,29866.0,35321.0,22631.0,3,0,324,11,2003
2003-11-21,29822.333333333332,33561.0,24395.0,4,0,325,11,2003
2003-11-22,26717.541666666668,30483.0,22514.0,5,1,326,11,2003
2003-11-23,26078.583333333332,31228.0,21891.0,6,1,327,11,2003
2003-11-24,29575.833333333332,34961.0,22479.0,0,0,328,11,2003
2003-11-25,31420.208333333332,36955.0,24355.0,1,0,329,11,2003
2003-11-26,31788.5,35738.0,26076.0,2,0,330,11,2003
2003-11-27,26234.958333333332,28705.0,23511.0,3,0,331,11,2003
2003-11-28,26692.791666666668,31658.0,20588.0,4,0,332,11,2003
2003-11-29,28213.5,33293.0,22661.0,5,1,333,11,2003
2003-11-30,28137.166666666668,33104.0,24175.0,6,1,334,11,2003
2003-12-01,30858.791666666668,37727.0,23293.0,0,0,335,12,2003
2003-12-02,33738.916666666664,40594.0,26237.0,1,0,336,12,2003
2003-12-03,35242.375,40622.0,28932.0,2,0,337,12,2003
2003-12-04,35054.916666666664,39622.0,29223.0,3,0,338,12,2003
2003-12-05,35067.958333333336,40727.0,27637.0,4,0,339,12,2003
2003-12-06,33667.375,39196.0,28246.0,5,1,340,12,2003
2003-12-07,32807.416666666664,38527.0,28209.0,6,1,341,12,2003
2003-12-08,35449.833333333336,40984.0,29096.0,0,0,342,12,2003
2003-12-09,35127.541666666664,40289.0,28941.0,1,0,343,12,2003
2003-12-10,33949.25,39212.0,27499.0,2,0,344,12,2003
2003-12-11,32422.166666666668,38582.0,24909.0,3,0,345,12,2003
2003-12-12,33545.083333333336,38733.0,27033.0,4,0,346,12,2003
2003-12-13,32556.166666666668,37222.0,27913.0,5,1,347,12,2003
2003-12-14,33025.083333333336,38701.0,27058.0,6,1,348,12,2003
2003-12-15,34998.541666666664,41106.0,27529.0,0,0,349,12,2003
2003-12-16,34422.833333333336,39198.0,28715.0,1,0,350,12,2003
2003-12-17,34079.916666666664,40827.0,25896.0,2,0,351,12,2003
2003-12-18,35719.958333333336,41434.0,28818.0,3,0,352,12,2003
2003-12-19,35411.666666666664,40466.0,28945.0,4,0,353,12,2003
2003-12-20,33076.875,37836.0,28283.0,5,1,354,12,2003
2003-12-21,32376.291666666668,37338.0,28304.0,6,1,355,12,2003
2003-12-22,33403.333333333336,38391.0,27349.0,0,0,356,12,2003
2003-12-23,31237.166666666668,36230.0,24861.0,1,0,357,12,2003
2003-12-24,29319.916666666668,33921.0,22781.0,2,0,358,12,2003
2003-12-25,28278.333333333332,32034.0,24059.0,3,0,359,12,2003
2003-12-26,31177.416666666668,36464.0,25514.0,4,0,360,12,2003
2003-12-27,29377.291666666668,33493.0,25709.0,5,1,361,12,2003
2003-12-28,29085.25,33757.0,25781.0,6,1,362,12,2003
2003-12-29,31577.583333333332,36267.0,26027.0,0,0,363,12,2003
2003-12-30,31114.916666666668,37232.0,24344.0,1,0,364,12,2003
2003-12-31,30828.875,35164.0,25892.0,2,0,365,12,2003
2004-01-01,27885.25,32572.0,24359.0,3,0,1,1,2004
2004-01-02,29906.583333333332,34828.0,23552.0,4,0,2,1,2004
2004-01-03,27387.5,31572.0,22901.0,5,1,3,1,2004
2004-01-04,26775.416666666668,32970.0,21199.0,6,1,4,1,2004
2004-01-05,31887.666666666668,37701.0,23726.0,0,0,5,1,2004
2004-01-06,33971.041666666664,40953.0,26110.0,1,0,6,1,2004
2004-01-07,37861.5,43472.0,31155.0,2,0,7,1,2004
2004-01-08,37157.458333333336,41582.0,31504.0,3,0,8,1,2004
2004-01-09,36685.833333333336,42714.0,29179.0,4,0,9,1,2004
2004-01-10,38713.166666666664,42927.0,34293.0,5,1,10,1,2004
2004-01-11,36357.25,39618.0,34134.0,6,1,11,1,2004
2004-01-12,35615.291666666664,40027.0,29494.0,0,0,12,1,2004
2004-01-13,34492.458333333336,40619.0,27289.0,1,0,13,1,2004
2004-01-14,38266.083333333336,44020.0,31110.0,2,0,14,1,2004
2004-01-15,39144.5,45148.0,32032.0,3,0,15,1,2004
2004-01-16,41280.625,45553.0,36839.0,4,0,16,1,2004
2004-01-17,35876.041666666664,38450.0,33097.0,5,1,17,1,2004
2004-01-18,33026.291666666664,37444.0,28826.0,6,1,18,1,2004
2004-01-19,36959.958333333336,43174.0,30236.0,0,0,19,1,2004
2004-01-20,38372.958333333336,43726.0,32173.0,1,0,20,1,2004
2004-01-21,38572.583333333336,43128.0,33160.0,2,0,21,1,2004
2004-01-22,37198.666666666664,41119.0,31677.0,3,0,22,1,2004
2004-01-23,39568.416666666664,44282.0,33010.0,4,0,23,1,2004
2004-01-24,37144.541666666664,41187.0,32974.0,5,1,24,1,2004
2004-01-25,37662.166666666664,42156.0,33956.0,6,1,25,1,2004
2004-01-26,40127.5,45763.0,33346.0,0,0,26,1,2004
2004-01-27,39085.666666666664,43883.0,32820.0,1,0,27,1,2004
2004-01-28,37948.0,43807.0,31699.0,2,0,28,1,2004
2004-01-29,38168.833333333336,42554.0,32548.0,3,0,29,1,2004
2004-01-30,38367.541666666664,43183.0,32036.0,4,0,30,1,2004
2004-01-31,37279.041666666664,40699.0,34013.0,5,1,31,1,2004
2004-02-01,34610.833333333336,37684.0,32329.0,6,1,32,2,2004
2004-02-02,36631.916666666664,41381.0,31301.0,0,0,33,2,2004
2004-02-03,36201.291666666664,40374.0,30338.0,1,0,34,2,2004
2004-02-04,34404.0,39515.0,28396.0,2,0,35,2,2004
2004-02-05,35983.166666666664,40605.0,29758.0,3,0,36,2,2004
2004-02-06,35753.583333333336,39629.0,29421.0,4,0,37,2,2004
2004-02-07,31528.75,35884.0,27048.0,5,1,38,2,2004
2004-02-08,32755.833333333332,37718.0,28705.0,6,1,39,2,2004
2004-02-09,35375.416666666664,39341.0,30133.0,0,0,40,2,2004
2004-02-10,32971.833333333336,37451.0,27288.0,1,0,41,2,2004
2004-02-11,33662.916666666664,38851.0,27135.0,2,0,42,2,2004
2004-02-12,34622.625,38715.0,28879.0,3,0,43,2,2004
2004-02-13,33398.166666666664,36816.0,28442.0,4,0,44,2,2004
2004-02-14,30863.416666666668,34133.0,27330.0,5,1,45,2,2004
2004-02-15,31169.5,36675.0,26841.0,6,1,46,2,2004
2004-02-16,36100.333333333336,40317.0,31141.0,0,0,47,2,2004
2004-02-17,36328.958333333336,40182.0,31256.0,1,0,48,2,2004
2004-02-18,34715.875,38990.0,29343.0,2,0,49,2,2004
2004-02-19,33323.75,37018.0,28164.0,3,0,50,2,2004
2004-02-20,32465.208333333332,36213.0,27431.0,4,0,51,2,2004
2004-02-21,29363.041666666668,33550.0,25005.0,5,1,52,2,2004
2004-02-22,29286.416666666668,34349.0,25447.0,6,1,53,2,2004
2004-02-23,32751.291666666668,37091.0,27056.0,0,0,54,2,2004
2004-02-24,33514.125,39035.0,26422.0,1,0,55,2,2004
2004-02-25,34315.083333333336,38330.0,29010.0,2,0,56,2,2004
2004-02-26,34121.291666666664,38176.0,28829.0,3,0,57,2,2004
2004-02-27,32778.166666666664,36572.0,27822.0,4,0,58,2,2004
2004-02-28,29355.541666666668,31934.0,26994.0,5,1,59,2,2004
2004-02-29,27565.5,31473.0,25020.0,6,1,60,2,2004
2004-03-01,30342.333333333332,34582.0,24215.0,0,0,61,3,2004
2004-03-02,29742.958333333332,33908.0,23549.0,1,0,62,3,2004
2004-03-03,29577.375,34177.0,23240.0,2,0,63,3,2004
2004-03-04,30038.791666666668,34599.0,23069.0,3,0,64,3,2004
2004-03-05,29731.708333333332,33223.0,23394.0,4,0,65,3,2004
2004-03-06,26723.083333333332,30193.0,21838.0,5,1,66,3,2004
2004-03-07,26174.333333333332,31049.0,22397.0,6,1,67,3,2004
2004-03-08,31292.125,36950.0,23461.0,0,0,68,3,2004
2004-03-09,32300.0,36992.0,26401.0,1,0,69,3,2004
2004-03-10,32825.708333333336,37054.0,26754.0,2,0,70,3,2004
2004-03-11,31553.458333333332,35027.0,26923.0,3,0,71,3,2004
2004-03-12,31267.125,35460.0,24789.0,4,0,72,3,2004
2004-03-13,29945.541666666668,32858.0,26671.0,5,1,73,3,2004
2004-03-14,29045.625,32908.0,26054.0,6,1,74,3,2004
2004-03-15,29996.625,34547.0,23940.0,0,0,75,3,2004
2004-03-16,33427.166666666664,39707.0,24697.0,1,0,76,3,2004
2004-03-17,33710.958333333336,38321.0,27534.0,2,0,77,3,2004
2004-03-18,33088.75,36674.0,27971.0,3,0,78,3,2004
2004-03-19,32336.958333333332,35788.0,26421.0,4,0,79,3,2004
2004-03-20,29405.75,31572.0,27166.0,5,1,80,3,2004
2004-03-21,27578.5,33893.0,22667.0,6,1,81,3,2004
2004-03-22,33510.541666666664,38688.0,27093.0,0,0,82,3,2004
2004-03-23,33225.666666666664,36894.0,28924.0,1,0,83,3,2004
2004-03-24,31317.375,34671.0,26878.0,2,0,84,3,2004
2004-03-25,30030.208333333332,34153.0,23690.0,3,0,85,3,2004
2004-03-26,28818.708333333332,31880.0,23024.0,4,0,86,3,2004
2004-03-27,25793.375,29385.0,21047.0,5,1,87,3,2004
2004-03-28,24880.958333333332,30136.0,20679.0,6,1,88,3,2004
2004-03-29,29116.333333333332,34352.0,22268.0,0,0,89,3,2004
2004-03-30,31002.0,35690.0,24376.0,1,0,90,3,2004
2004-03-31,30780.75,35094.0,24471.0,2,0,91,3,2004
2004-04-01,30568.75,34852.0,23959.0,3,0,92,4,2004
2004-04-02,30696.291666666668,34360.0,24015.0,4,0,93,4,2004
2004-04-03,27945.916666666668,31160.0,23764.0,5,1,94,4,2004
2004-04-04,27653.479166666668,33570.0,22953.0,6,1,95,4,2004
2004-04-05,32707.583333333332,36316.0,26708.0,0,0,96,4,2004
2004-04-06,31574.333333333332,35151.0,27228.0,1,0,97,4,2004
2004-04-07,29304.041666666668,32143.0,23942.0,2,0,98,4,2004
2004-04-08,29387.0,32841.0,22883.0,3,0,99,4,2004
2004-04-09,27197.458333333332,29827.0,23123.0,4,0,100,4,2004
2004-04-10,25386.208333333332,28419.0,21921.0,5,1,101,4,2004
2004-04-11,25201.125,29174.0,20769.0,6,1,102,4,2004
2004-04-12,30029.125,34998.0,22535.0,0,0,103,4,2004
2004-04-13,31018.958333333332,34071.0,24500.0,1,0,104,4,2004
2004-04-14,30281.333333333332,34322.0,23259.0,2,0,105,4,2004
2004-04-15,29723.541666666668,32791.0,24439.0,3,0,106,4,2004
2004-04-16,29104.916666666668,32465.0,24088.0,4,0,107,4,2004
2004-04-17,25531.375,28149.0,21806.0,5,1,108,4,2004
2004-04-18,24690.291666666668,29864.0,19543.0,6,1,109,4,2004
2004-04-19,29657.291666666668,35325.0,21011.0,0,0,110,4,2004
2004-04-20,30099.208333333332,33512.0,23353.0,1,0,111,4,2004
2004-04-21,28946.125,32801.0,21813.0,2,0,112,4,2004
2004-04-22,29855.791666666668,34295.0,21957.0,3,0,113,4,2004
2004-04-23,29336.958333333332,33552.0,22223.0,4,0,114,4,2004
2004-04-24,25418.958333333332,28318.0,20986.0,5,1,115,4,2004
2004-04-25,24544.458333333332,29313.0,19991.0,6,1,116,4,2004
2004-04-26,28803.625,32688.0,21353.0,0,0,117,4,2004
2004-04-27,28484.208333333332,32126.0,21914.0,1,0,118,4,2004
2004-04-28,28804.5,32108.0,22785.0,2,0,119,4,2004
2004-04-29,28896.583333333332,32176.0,22333.0,3,0,120,4,2004
2004-04-30,28764.958333333332,32802.0,21551.0,4,0,121,4,2004
2004-05-01,26479.166666666668,29930.0,21095.0,5,1,122,5,2004
2004-05-02,26397.041666666668,31905.0,20978.0,6,1,123,5,2004
2004-05-03,28608.875,32523.0,21547.0,0,0,124,5,2004
2004-05-04,28464.666666666668,31392.0,22489.0,1,0,125,5,2004
2004-05-05,28711.5,31877.0,22304.0,2,0,126,5,2004
2004-05-06,28727.125,32019.0,21940.0,3,0,127,5,2004
2004-05-07,29738.416666666668,34785.0,21992.0,4,0,128,5,2004
2004-05-08,25330.333333333332,27776.0,21106.0,5,1,129,5,2004
2004-05-09,25043.0,30385.0,20044.0,6,1,130,5,2004
2004-05-10,31770.291666666668,38391.0,21839.0,0,0,131,5,2004
2004-05-11,34979.25,42670.0,24348.0,1,0,132,5,2004
2004-05-12,36491.291666666664,44010.0,25846.0,2,0,133,5,2004
2004-05-13,37169.166666666664,45643.0,26161.0,3,0,134,5,2004
2004-05-14,34639.458333333336,41235.0,25858.0,4,0,135,5,2004
2004-05-15,33204.0,40243.0,24419.0,5,1,136,5,2004
2004-05-16,30163.166666666668,34937.0,23769.0,6,1,137,5,2004
2004-05-17,33431.291666666664,39731.0,24106.0,0,0,138,5,2004
2004-05-18,34644.0,41889.0,24311.0,1,0,139,5,2004
2004-05-19,32876.583333333336,37043.0,25426.0,2,0,140,5,2004
2004-05-20,31376.166666666668,35587.0,23572.0,3,0,141,5,2004
2004-05-21,32876.75,39109.0,23631.0,4,0,142,5,2004
2004-05-22,33426.833333333336,41198.0,24327.0,5,1,143,5,2004
2004-05-23,35428.083333333336,43777.0,25038.0,6,1,144,5,2004
2004-05-24,40032.083333333336,48893.0,28567.0,0,0,145,5,2004
2004-05-25,37325.5,45074.0,27600.0,1,0,146,5,2004
2004-05-26,33652.541666666664,38504.0,25650.0,2,0,147,5,2004
2004-05-27,33469.791666666664,39430.0,24387.0,3,0,148,5,2004
2004-05-28,33352.125,38798.0,25323.0,4,0,149,5,2004
2004-05-29,26479.208333333332,28853.0,21938.0,5,1,150,5,2004
2004-05-30,24775.166666666668,28177.0,20234.0,6,1,151,5,2004
2004-05-31,26015.0,29907.0,20994.0,0,0,152,5,2004
2004-06-01,29923.208333333332,35384.0,21183.0,1,0,153,6,2004
2004-06-02,31334.041666666668,37402.0,22261.0,2,0,154,6,2004
2004-06-03,31685.875,37173.0,23070.0,3,0,155,6,2004
2004-06-04,29988.625,34348.0,22851.0,4,0,156,6,2004
2004-06-05,26341.5,29655.0,21559.0,5,1,157,6,2004
2004-06-06,24901.958333333332,28703.0,20226.0,6,1,158,6,2004
2004-06-07,31287.375,38398.0,21369.0,0,0,159,6,2004
2004-06-08,35700.875,45100.0,23879.0,1,0,160,6,2004
2004-06-09,40603.958333333336,51822.0,26688.0,2,0,161,6,2004
2004-06-10,39546.0,46650.0,30259.0,3,0,162,6,2004
2004-06-11,31190.833333333332,34557.0,26025.0,4,0,163,6,2004
2004-06-12,27397.166666666668,31184.0,21552.0,5,1,164,6,2004
2004-06-13,25878.125,29948.0,20768.0,6,1,165,6,2004
2004-06-14,33786.833333333336,42103.0,22562.0,0,0,166,6,2004
2004-06-15,39226.166666666664,49482.0,27149.0,1,0,167,6,2004
2004-06-16,39654.541666666664,47460.0,28835.0,2,0,168,6,2004
2004-06-17,40923.458333333336,50823.0,29564.0,3,0,169,6,2004
2004-06-18,41104.708333333336,50904.0,29018.0,4,0,170,6,2004
2004-06-19,34969.916666666664,39680.0,28554.0,5,1,171,6,2004
2004-06-20,27167.125,30804.0,21461.0,6,1,172,6,2004
2004-06-21,31834.375,38480.0,22188.0,0,0,173,6,2004
2004-06-22,35079.125,42195.0,24917.0,1,0,174,6,2004
2004-06-23,35501.375,41472.0,26838.0,2,0,175,6,2004
2004-06-24,36554.666666666664,45238.0,25504.0,3,0,176,6,2004
2004-06-25,36324.791666666664,44792.0,26818.0,4,0,177,6,2004
2004-06-26,31847.291666666668,36810.0,25280.0,5,1,178,6,2004
2004-06-27,28351.25,33342.0,21583.0,6,1,179,6,2004
2004-06-28,33199.0,39493.0,23504.0,0,0,180,6,2004
2004-06-29,33482.541666666664,39638.0,25135.0,1,0,181,6,2004
2004-06-30,34333.25,42668.0,23479.0,2,0,182,6,2004
2004-07-01,36830.541666666664,45601.0,25729.0,3,0,183,7,2004
2004-07-02,38442.791666666664,47360.0,27137.0,4,0,184,7,2004
2004-07-03,34027.208333333336,40852.0,25460.0,5,1,185,7,2004
2004-07-04,31773.791666666668,37493.0,24436.0,6,1,186,7,2004
2004-07-05,37089.708333333336,46404.0,26476.0,0,0,187,7,2004
2004-07-06,38689.0,46574.0,28661.0,1,0,188,7,2004
2004-07-07,38784.125,48469.0,27361.0,2,0,189,7,2004
2004-07-08,39560.041666666664,48582.0,28277.0,3,0,190,7,2004
2004-07-09,36312.375,42938.0,27113.0,4,0,191,7,2004
2004-07-10,32928.25,39781.0,24301.0,5,1,192,7,2004
2004-07-11,34396.0,42164.0,24805.0,6,1,193,7,2004
2004-07-12,36538.25,41120.0,28968.0,0,0,194,7,2004
2004-07-13,35211.458333333336,40868.0,26768.0,1,0,195,7,2004
2004-07-14,35363.0,42686.0,26288.0,2,0,196,7,2004
2004-07-15,34773.166666666664,41096.0,25399.0,3,0,197,7,2004
2004-07-16,34525.166666666664,41010.0,25078.0,4,0,198,7,2004
2004-07-17,33655.25,40736.0,24862.0,5,1,199,7,2004
2004-07-18,30454.666666666668,33310.0,25376.0,6,1,200,7,2004
2004-07-19,34964.75,43038.0,24691.0,0,0,201,7,2004
2004-07-20,37947.416666666664,47281.0,26431.0,1,0,202,7,2004
2004-07-21,39302.0,49141.0,27125.0,2,0,203,7,2004
2004-07-22,40972.25,50529.0,28833.0,3,0,204,7,2004
2004-07-23,38868.333333333336,45102.0,30773.0,4,0,205,7,2004
2004-07-24,31933.416666666668,34740.0,26929.0,5,1,206,7,2004
2004-07-25,29299.625,33277.0,24028.0,6,1,207,7,2004
2004-07-26,34112.0,41321.0,24415.0,0,0,208,7,2004
2004-07-27,35505.25,41622.0,26065.0,1,0,209,7,2004
2004-07-28,36225.25,42998.0,26806.0,2,0,210,7,2004
2004-07-29,37579.75,46754.0,26272.0,3,0,211,7,2004
2004-07-30,39840.583333333336,49449.0,28184.0,4,0,212,7,2004
2004-07-31,38828.208333333336,46293.0,29187.0,5,1,213,7,2004
2004-08-01,36312.583333333336,42121.0,29813.0,6,1,214,8,2004
2004-08-02,40553.875,49926.0,28877.0,0,0,215,8,2004
2004-08-03,41097.75,50191.0,29923.0,1,0,216,8,2004
2004-08-04,41411.375,51308.0,29156.0,2,0,217,8,2004
2004-08-05,35881.208333333336,40009.0,29513.0,3,0,218,8,2004
2004-08-06,30693.75,34976.0,24174.0,4,0,219,8,2004
2004-08-07,26614.333333333332,29571.0,21668.0,5,1,220,8,2004
2004-08-08,26957.875,32416.0,20727.0,6,1,221,8,2004
2004-08-09,34313.0,42904.0,23385.0,0,0,222,8,2004
2004-08-10,37321.458333333336,46518.0,25838.0,1,0,223,8,2004
2004-08-11,38282.0,46363.0,28316.0,2,0,224,8,2004
2004-08-12,37494.375,45200.0,27692.0,3,0,225,8,2004
2004-08-13,36099.208333333336,40991.0,28172.0,4,0,226,8,2004
2004-08-14,30649.5,34426.0,24840.0,5,1,227,8,2004
2004-08-15,29967.375,35063.0,23340.0,6,1,228,8,2004
2004-08-16,34591.041666666664,41521.0,25207.0,0,0,229,8,2004
2004-08-17,34748.375,42319.0,24894.0,1,0,230,8,2004
2004-08-18,36253.458333333336,43993.0,25844.0,2,0,231,8,2004
2004-08-19,38715.708333333336,47886.0,27543.0,3,0,232,8,2004
2004-08-20,41798.041666666664,51962.0,29432.0,4,0,233,8,2004
2004-08-21,35298.0,41497.0,30346.0,5,1,234,8,2004
2004-08-22,28151.833333333332,33301.0,21987.0,6,1,235,8,2004
2004-08-23,33824.791666666664,42521.0,23051.0,0,0,236,8,2004
2004-08-24,36008.125,43635.0,25884.0,1,0,237,8,2004
2004-08-25,35395.75,42145.0,26389.0,2,0,238,8,2004
2004-08-26,35297.875,42646.0,25355.0,3,0,239,8,2004
2004-08-27,37679.708333333336,46505.0,26564.0,4,0,240,8,2004
2004-08-28,37924.583333333336,47102.0,27310.0,5,1,241,8,2004
2004-08-29,37312.125,45623.0,27419.0,6,1,242,8,2004
2004-08-30,40433.958333333336,48003.0,29929.0,0,0,243,8,2004
2004-08-31,38973.666666666664,45736.0,30101.0,1,0,244,8,2004
2004-09-01,35536.833333333336,43296.0,25456.0,2,0,245,9,2004
2004-09-02,34826.333333333336,41958.0,25216.0,3,0,246,9,2004
2004-09-03,34516.625,41573.0,25021.0,4,0,247,9,2004
2004-09-04,32172.166666666668,38371.0,24503.0,5,1,248,9,2004
2004-09-05,28663.458333333332,31801.0,24048.0,6,1,249,9,2004
2004-09-06,27628.25,33694.0,21449.0,0,0,250,9,2004
2004-09-07,34608.083333333336,42479.0,23507.0,1,0,251,9,2004
2004-09-08,36500.583333333336,41530.0,27294.0,2,0,252,9,2004
2004-09-09,37789.0,44137.0,28469.0,3,0,253,9,2004
2004-09-10,34537.833333333336,41614.0,25221.0,4,0,254,9,2004
2004-09-11,29538.541666666668,33229.0,23602.0,5,1,255,9,2004
2004-09-12,28579.75,35016.0,21729.0,6,1,256,9,2004
2004-09-13,34566.333333333336,43082.0,23624.0,0,0,257,9,2004
2004-09-14,33049.5,37440.0,25128.0,1,0,258,9,2004
2004-09-15,31709.125,36132.0,23647.0,2,0,259,9,2004
2004-09-16,33427.541666666664,39156.0,24313.0,3,0,260,9,2004
2004-09-17,34401.666666666664,39700.0,25206.0,4,0,261,9,2004
2004-09-18,29456.5,32441.0,26405.0,5,1,262,9,2004
2004-09-19,24785.625,29486.0,20110.0,6,1,263,9,2004
2004-09-20,28469.125,33187.0,20733.0,0,0,264,9,2004
2004-09-21,29905.583333333332,35375.0,21466.0,1,0,265,9,2004
2004-09-22,31462.791666666668,38133.0,22108.0,2,0,266,9,2004
2004-09-23,33518.625,40973.0,23434.0,3,0,267,9,2004
2004-09-24,32813.75,38512.0,24647.0,4,0,268,9,2004
2004-09-25,28378.041666666668,32524.0,22265.0,5,1,269,9,2004
2004-09-26,27362.625,32790.0,21664.0,6,1,270,9,2004
2004-09-27,31206.916666666668,36978.0,22310.0,0,0,271,9,2004
2004-09-28,33054.25,37752.0,24361.0,1,0,272,9,2004
2004-09-29,30787.458333333332,35099.0,23383.0,2,0,273,9,2004
2004-09-30,30233.875,34531.0,22650.0,3,0,274,9,2004
2004-10-01,29385.416666666668,33695.0,21922.0,4,0,275,10,2004
2004-10-02,26949.625,31091.0,21515.0,5,1,276,10,2004
2004-10-03,25449.125,30313.0,20746.0,6,1,277,10,2004
2004-10-04,29182.166666666668,34535.0,21014.0,0,0,278,10,2004
2004-10-05,28620.916666666668,33216.0,21776.0,1,0,279,10,2004
2004-10-06,28920.041666666668,33444.0,21945.0,2,0,280,10,2004
2004-10-07,29349.583333333332,33973.0,22050.0,3,0,281,10,2004
2004-10-08,29252.875,33520.0,21729.0,4,0,282,10,2004
2004-10-09,26185.0,30155.0,21159.0,5,1,283,10,2004
2004-10-10,25002.791666666668,29316.0,20377.0,6,1,284,10,2004
2004-10-11,28043.875,33204.0,20879.0,0,0,285,10,2004
2004-10-12,28878.625,33417.0,22098.0,1,0,286,10,2004
2004-10-13,29064.0,33731.0,22128.0,2,0,287,10,2004
2004-10-14,29151.375,33567.0,21872.0,3,0,288,10,2004
2004-10-15,29046.583333333332,32721.0,21920.0,4,0,289,10,2004
2004-10-16,25893.083333333332,29565.0,21319.0,5,1,290,10,2004
2004-10-17,25639.833333333332,30436.0,21358.0,6,1,291,10,2004
2004-10-18,29243.416666666668,33800.0,22249.0,0,0,292,10,2004
2004-10-19,29695.625,34551.0,22249.0,1,0,293,10,2004
2004-10-20,29809.333333333332,34255.0,22628.0,2,0,294,10,2004
2004-10-21,29716.791666666668,34246.0,22624.0,3,0,295,10,2004
2004-10-22,29268.833333333332,32569.0,22798.0,4,0,296,10,2004
2004-10-23,26689.541666666668,29838.0,22673.0,5,1,297,10,2004
2004-10-24,26326.583333333332,31121.0,21766.0,6,1,298,10,2004
2004-10-25,29336.125,34082.0,22126.0,0,0,299,10,2004
2004-10-26,29356.291666666668,33789.0,22430.0,1,0,300,10,2004
2004-10-27,29414.291666666668,33788.0,22628.0,2,0,301,10,2004
2004-10-28,29317.041666666668,33507.0,22622.0,3,0,302,10,2004
2004-10-29,29249.166666666668,33008.0,22711.0,4,0,303,10,2004
2004-10-30,26425.875,29979.0,21467.0,5,1,304,10,2004
2004-10-31,25194.083333333332,29667.0,20381.0,6,1,305,10,2004
2004-11-01,28494.791666666668,34235.0,20978.0,0,0,306,11,2004
2004-11-02,28971.375,34255.0,22077.0,1,0,307,11,2004
2004-11-03,28831.291666666668,34159.0,22118.0,2,0,308,11,2004
2004-11-04,30495.208333333332,35815.0,23212.0,3,0,309,11,2004
2004-11-05,29612.75,34194.0,23451.0,4,0,310,11,2004
2004-11-06,27104.5,30379.0,23550.0,5,1,311,11,2004
2004-11-07,25746.208333333332,30537.0,21982.0,6,1,312,11,2004
2004-11-08,29603.458333333332,36185.0,21576.0,0,0,313,11,2004
2004-11-09,31622.958333333332,37187.0,25049.0,1,0,314,11,2004
2004-11-10,32213.666666666668,36597.0,26762.0,2,0,315,11,2004
2004-11-11,30537.208333333332,35075.0,24916.0,3,0,316,11,2004
2004-11-12,31259.875,36686.0,23577.0,4,0,317,11,2004
2004-11-13,29200.375,33332.0,24814.0,5,1,318,11,2004
2004-11-14,28963.75,33502.0,25415.0,6,1,319,11,2004
2004-11-15,31454.666666666668,35982.0,25468.0,0,0,320,11,2004
2004-11-16,30847.0,35393.0,24895.0,1,0,321,11,2004
2004-11-17,30672.5,35257.0,24745.0,2,0,322,11,2004
2004-11-18,29926.958333333332,35051.0,23483.0,3,0,323,11,2004
2004-11-19,29439.25,34240.0,22914.0,4,0,324,11,2004
2004-11-20,27373.791666666668,31747.0,22082.0,5,1,325,11,2004
2004-11-21,26434.041666666668,31776.0,21448.0,6,1,326,11,2004
2004-11-22,30061.166666666668,35792.0,22562.0,0,0,327,11,2004
2004-11-23,30439.208333333332,35772.0,23304.0,1,0,328,11,2004
2004-11-24,30201.958333333332,35094.0,22928.0,2,0,329,11,2004
2004-11-25,25626.416666666668,28741.0,20904.0,3,0,330,11,2004
2004-11-26,28582.25,33332.0,23493.0,4,0,331,11,2004
2004-11-27,27775.25,31916.0,23761.0,5,1,332,11,2004
2004-11-28,26595.916666666668,32472.0,21435.0,6,1,333,11,2004
2004-11-29,30725.833333333332,36633.0,23599.0,0,0,334,11,2004
2004-11-30,31487.708333333332,36866.0,24928.0,1,0,335,11,2004
2004-12-01,31356.916666666668,37111.0,24058.0,2,0,336,12,2004
2004-12-02,32280.041666666668,37693.0,25638.0,3,0,337,12,2004
2004-12-03,32596.0,37162.0,26741.0,4,0,338,12,2004
2004-12-04,30555.75,34432.0,26752.0,5,1,339,12,2004
2004-12-05,28617.5,34027.0,24582.0,6,1,340,12,2004
2004-12-06,32849.625,38972.0,24993.0,0,0,341,12,2004
2004-12-07,32568.791666666668,38135.0,25040.0,1,0,342,12,2004
2004-12-08,30752.708333333332,36666.0,23713.0,2,0,343,12,2004
2004-12-09,32298.541666666668,38408.0,24955.0,3,0,344,12,2004
2004-12-10,31625.166666666668,36909.0,24305.0,4,0,345,12,2004
2004-12-11,28919.666666666668,34199.0,23288.0,5,1,346,12,2004
2004-12-12,29497.708333333332,35551.0,24404.0,6,1,347,12,2004
2004-12-13,32826.0,40052.0,24653.0,0,0,348,12,2004
2004-12-14,34791.083333333336,41799.0,27389.0,1,0,349,12,2004
2004-12-15,36332.166666666664,42233.0,29658.0,2,0,350,12,2004
2004-12-16,35739.541666666664,40318.0,30286.0,3,0,351,12,2004
2004-12-17,33778.583333333336,39025.0,27529.0,4,0,352,12,2004
2004-12-18,32350.0,36225.0,28419.0,5,1,353,12,2004
2004-12-19,32256.041666666668,38861.0,26988.0,6,1,354,12,2004
2004-12-20,41129.75,48030.0,32278.0,0,0,355,12,2004
2004-12-21,38604.958333333336,42631.0,33712.0,1,0,356,12,2004
2004-12-22,34593.875,38763.0,29653.0,2,0,357,12,2004
2004-12-23,31835.5,36569.0,25097.0,3,0,358,12,2004
2004-12-24,31937.5,37351.0,26045.0,4,0,359,12,2004
2004-12-25,31842.791666666668,35211.0,28699.0,5,1,360,12,2004
2004-12-26,33421.916666666664,38244.0,29000.0,6,1,361,12,2004
2004-12-27,36700.625,43601.0,29248.0,0,0,362,12,2004
2004-12-28,37640.291666666664,42360.0,32427.0,1,0,363,12,2004
2004-12-29,34156.708333333336,38551.0,28744.0,2,0,364,12,2004
2004-12-30,32284.291666666668,37428.0,26062.0,3,0,365,12,2004
2004-12-31,29338.541666666668,34276.0,24797.0,4,0,366,12,2004
2005-01-01,26457.5,30845.0,22924.0,5,1,1,1,2005
2005-01-02,28669.041666666668,34561.0,23214.0,6,1,2,1,2005
2005-01-03,30772.958333333332,36163.0,24016.0,0,0,3,1,2005
2005-01-04,30657.916666666668,36585.0,23092.0,1,0,4,1,2005
2005-01-05,32609.5,39283.0,24124.0,2,0,5,1,2005
2005-01-06,33510.666666666664,38572.0,26449.0,3,0,6,1,2005
2005-01-07,32662.416666666668,37527.0,26117.0,4,0,7,1,2005
2005-01-08,30890.208333333332,34882.0,25751.0,5,1,8,1,2005
2005-01-09,30259.583333333332,35741.0,25203.0,6,1,9,1,2005
2005-01-10,32855.25,37848.0,26309.0,0,0,10,1,2005
2005-01-11,33651.791666666664,39192.0,26307.0,1,0,11,1,2005
2005-01-12,32930.541666666664,37713.0,26170.0,2,0,12,1,2005
2005-01-13,31474.5,35785.0,25144.0,3,0,13,1,2005
2005-01-14,31573.083333333332,37655.0,23043.0,4,0,14,1,2005
2005-01-15,32471.0,36901.0,27491.0,5,1,15,1,2005
2005-01-16,32460.875,37142.0,28097.0,6,1,16,1,2005
2005-01-17,37130.5,44461.0,29116.0,0,0,17,1,2005
2005-01-18,40739.458333333336,46390.0,34087.0,1,0,18,1,2005
2005-01-19,40959.416666666664,45533.0,34851.0,2,0,19,1,2005
2005-01-20,37605.041666666664,42450.0,32051.0,3,0,20,1,2005
2005-01-21,38764.666666666664,44035.0,32012.0,4,0,21,1,2005
2005-01-22,39343.208333333336,42731.0,35245.0,5,1,22,1,2005
2005-01-23,37294.958333333336,43411.0,32038.0,6,1,23,1,2005
2005-01-24,40781.916666666664,45399.0,35190.0,0,0,24,1,2005
2005-01-25,37640.333333333336,41736.0,32719.0,1,0,25,1,2005
2005-01-26,35820.25,40509.0,29581.0,2,0,26,1,2005
2005-01-27,39651.916666666664,45506.0,31982.0,3,0,27,1,2005
2005-01-28,40509.375,45538.0,36169.0,4,0,28,1,2005
2005-01-29,36628.583333333336,39752.0,34387.0,5,1,29,1,2005
2005-01-30,33489.625,38499.0,29501.0,6,1,30,1,2005
2005-01-31,36225.833333333336,41008.0,30306.0,0,0,31,1,2005
2005-02-01,36630.583333333336,41564.0,31604.0,1,0,32,2,2005
2005-02-02,36344.0,41558.0,31708.0,2,0,33,2,2005
2005-02-03,36041.083333333336,40606.0,30224.0,3,0,34,2,2005
2005-02-04,34120.75,37584.0,28703.0,4,0,35,2,2005
2005-02-05,30505.791666666668,33454.0,27377.0,5,1,36,2,2005
2005-02-06,29433.25,32750.0,26540.0,6,1,37,2,2005
2005-02-07,32308.0,36774.0,26170.0,0,0,38,2,2005
2005-02-08,32202.916666666668,36434.0,26207.0,1,0,39,2,2005
2005-02-09,31552.666666666668,36432.0,25170.0,2,0,40,2,2005
2005-02-10,33037.583333333336,39959.0,24814.0,3,0,41,2,2005
2005-02-11,34872.541666666664,38822.0,29597.0,4,0,42,2,2005
2005-02-12,31791.416666666668,34673.0,28502.0,5,1,43,2,2005
2005-02-13,30128.666666666668,34913.0,26621.0,6,1,44,2,2005
2005-02-14,33918.5,38658.0,26472.0,0,0,45,2,2005
2005-02-15,31383.166666666668,35726.0,25418.0,1,0,46,2,2005
2005-02-16,31812.916666666668,37392.0,24973.0,2,0,47,2,2005
2005-02-17,33978.958333333336,39279.0,27030.0,3,0,48,2,2005
2005-02-18,36170.416666666664,41198.0,29406.0,4,0,49,2,2005
2005-02-19,34111.708333333336,36670.0,31505.0,5,1,50,2,2005
2005-02-20,31618.875,35311.0,28752.0,6,1,51,2,2005
2005-02-21,33208.291666666664,37867.0,27794.0,0,0,52,2,2005
2005-02-22,32929.833333333336,37670.0,26858.0,1,0,53,2,2005
2005-02-23,33040.625,38036.0,26665.0,2,0,54,2,2005
2005-02-24,36007.125,42150.0,28202.0,3,0,55,2,2005
2005-02-25,35318.0,38763.0,30499.0,4,0,56,2,2005
2005-02-26,32570.333333333332,34969.0,30164.0,5,1,57,2,2005
2005-02-27,31411.291666666668,35926.0,28546.0,6,1,58,2,2005
2005-02-28,35489.333333333336,41361.0,28074.0,0,0,59,2,2005
2005-03-01,34671.875,39739.0,29032.0,1,0,60,3,2005
2005-03-02,35586.833333333336,41190.0,29204.0,2,0,61,3,2005
2005-03-03,36383.458333333336,40717.0,31145.0,3,0,62,3,2005
2005-03-04,35146.041666666664,39268.0,30787.0,4,0,63,3,2005
2005-03-05,31532.458333333332,34388.0,28608.0,5,1,64,3,2005
2005-03-06,30031.208333333332,33597.0,27519.0,6,1,65,3,2005
2005-03-07,30955.375,34715.0,25537.0,0,0,66,3,2005
2005-03-08,33735.125,42564.0,23581.0,1,0,67,3,2005
2005-03-09,37470.083333333336,41301.0,32872.0,2,0,68,3,2005
2005-03-10,36005.541666666664,39687.0,31437.0,3,0,69,3,2005
2005-03-11,33624.375,37108.0,29054.0,4,0,70,3,2005
2005-03-12,30371.0,33408.0,26919.0,5,1,71,3,2005
2005-03-13,29517.083333333332,34260.0,26297.0,6,1,72,3,2005
2005-03-14,32871.25,38071.0,26406.0,0,0,73,3,2005
2005-03-15,33421.333333333336,37331.0,28522.0,1,0,74,3,2005
2005-03-16,33017.541666666664,37216.0,27830.0,2,0,75,3,2005
2005-03-17,32838.083333333336,36813.0,27255.0,3,0,76,3,2005
2005-03-18,31743.166666666668,35543.0,27522.0,4,0,77,3,2005
2005-03-19,28709.833333333332,31426.0,25945.0,5,1,78,3,2005
2005-03-20,28305.625,32818.0,23733.0,6,1,79,3,2005
2005-03-21,31513.666666666668,36664.0,24568.0,0,0,80,3,2005
2005-03-22,31296.75,34969.0,26705.0,1,0,81,3,2005
2005-03-23,32864.875,38365.0,24903.0,2,0,82,3,2005
2005-03-24,32491.416666666668,35843.0,27082.0,3,0,83,3,2005
2005-03-25,30250.708333333332,33448.0,25208.0,4,0,84,3,2005
2005-03-26,28533.5,32090.0,24807.0,5,1,85,3,2005
2005-03-27,27034.416666666668,30395.0,23465.0,6,1,86,3,2005
2005-03-28,31561.375,36004.0,24257.0,0,0,87,3,2005
2005-03-29,30521.333333333332,34649.0,24471.0,1,0,88,3,2005
2005-03-30,29870.416666666668,33648.0,24671.0,2,0,89,3,2005
2005-03-31,30274.208333333332,34900.0,23916.0,3,0,90,3,2005
2005-04-01,29255.791666666668,32261.0,23896.0,4,0,91,4,2005
2005-04-02,28056.0,31544.0,22855.0,5,1,92,4,2005
2005-04-03,28088.041666666668,33413.0,23289.0,6,1,93,4,2005
2005-04-04,30378.083333333332,33623.0,24789.0,0,0,94,4,2005
2005-04-05,29524.208333333332,32800.0,24105.0,1,0,95,4,2005
2005-04-06,29043.291666666668,33017.0,22520.0,2,0,96,4,2005
2005-04-07,28909.041666666668,33055.0,21639.0,3,0,97,4,2005
2005-04-08,28249.333333333332,31663.0,21992.0,4,0,98,4,2005
2005-04-09,25656.416666666668,28667.0,21647.0,5,1,99,4,2005
2005-04-10,24999.333333333332,29439.0,21365.0,6,1,100,4,2005
2005-04-11,28076.833333333332,32482.0,21091.0,0,0,101,4,2005
2005-04-12,28954.333333333332,32884.0,22769.0,1,0,102,4,2005
2005-04-13,29044.666666666668,32581.0,23286.0,2,0,103,4,2005
2005-04-14,29031.333333333332,32300.0,23245.0,3,0,104,4,2005
2005-04-15,28652.166666666668,31957.0,22867.0,4,0,105,4,2005
2005-04-16,26315.416666666668,28747.0,23246.0,5,1,106,4,2005
2005-04-17,25312.5,29279.0,22188.0,6,1,107,4,2005
2005-04-18,28351.125,32703.0,20914.0,0,0,108,4,2005
2005-04-19,29069.291666666668,33653.0,21351.0,1,0,109,4,2005
2005-04-20,30447.166666666668,35590.0,22076.0,2,0,110,4,2005
2005-04-21,28939.583333333332,32007.0,22997.0,3,0,111,4,2005
2005-04-22,28366.875,31516.0,21694.0,4,0,112,4,2005
2005-04-23,26204.583333333332,29146.0,21822.0,5,1,113,4,2005
2005-04-24,25441.125,30361.0,20904.0,6,1,114,4,2005
2005-04-25,29446.083333333332,32993.0,22937.0,0,0,115,4,2005
2005-04-26,29002.0,32044.0,23379.0,1,0,116,4,2005
2005-04-27,28555.083333333332,32070.0,21725.0,2,0,117,4,2005
2005-04-28,28324.958333333332,31840.0,21927.0,3,0,118,4,2005
2005-04-29,28246.541666666668,31495.0,22231.0,4,0,119,4,2005
2005-04-30,26323.375,29537.0,21383.0,5,1,120,4,2005
2005-05-01,24597.833333333332,28774.0,20526.0,6,1,121,5,2005
2005-05-02,28567.375,32534.0,21667.0,0,0,122,5,2005
2005-05-03,29010.833333333332,32303.0,23331.0,1,0,123,5,2005
2005-05-04,28835.083333333332,32104.0,22864.0,2,0,124,5,2005
2005-05-05,28942.25,31892.0,23285.0,3,0,125,5,2005
2005-05-06,28736.125,32123.0,22476.0,4,0,126,5,2005
2005-05-07,25866.0,28441.0,22386.0,5,1,127,5,2005
2005-05-08,24292.625,28097.0,20573.0,6,1,128,5,2005
2005-05-09,28459.833333333332,32460.0,20839.0,0,0,129,5,2005
2005-05-10,28850.291666666668,32675.0,21503.0,1,0,130,5,2005
2005-05-11,29818.833333333332,34688.0,21650.0,2,0,131,5,2005
2005-05-12,29571.208333333332,32973.0,22945.0,3,0,132,5,2005
2005-05-13,27924.708333333332,31238.0,21624.0,4,0,133,5,2005
2005-05-14,26220.916666666668,30328.0,20941.0,5,1,134,5,2005
2005-05-15,25816.083333333332,30005.0,20789.0,6,1,135,5,2005
2005-05-16,28777.083333333332,32843.0,21346.0,0,0,136,5,2005
2005-05-17,28535.958333333332,32058.0,21555.0,1,0,137,5,2005
2005-05-18,28715.291666666668,32232.0,21621.0,2,0,138,5,2005
2005-05-19,28774.458333333332,32491.0,21662.0,3,0,139,5,2005
2005-05-20,28507.0,32413.0,21709.0,4,0,140,5,2005
2005-05-21,25578.625,27949.0,21671.0,5,1,141,5,2005
2005-05-22,24565.791666666668,28482.0,20121.0,6,1,142,5,2005
2005-05-23,28238.666666666668,31883.0,20978.0,0,0,143,5,2005
2005-05-24,28704.458333333332,32043.0,21675.0,1,0,144,5,2005
2005-05-25,29105.166666666668,32379.0,22094.0,2,0,145,5,2005
2005-05-26,29063.0,32259.0,22353.0,3,0,146,5,2005
2005-05-27,29298.416666666668,33742.0,21908.0,4,0,147,5,2005
2005-05-28,25867.125,29416.0,20889.0,5,1,148,5,2005
2005-05-29,24344.5,27234.0,19866.0,6,1,149,5,2005
2005-05-30,25020.416666666668,28867.0,19825.0,0,0,150,5,2005
2005-05-31,29560.208333333332,34755.0,20770.0,1,0,151,5,2005
2005-06-01,30042.0,34712.0,22052.0,2,0,152,6,2005
2005-06-02,29444.041666666668,33256.0,22098.0,3,0,153,6,2005
2005-06-03,29088.625,33108.0,22136.0,4,0,154,6,2005
2005-06-04,27260.25,31145.0,21430.0,5,1,155,6,2005
2005-06-05,30032.625,38005.0,21362.0,6,1,156,6,2005
2005-06-06,38011.583333333336,47705.0,26090.0,0,0,157,6,2005
2005-06-07,38071.208333333336,47531.0,26307.0,1,0,158,6,2005
2005-06-08,41303.166666666664,51291.0,28158.0,2,0,159,6,2005
2005-06-09,41785.75,51008.0,29558.0,3,0,160,6,2005
2005-06-10,40617.708333333336,48661.0,30262.0,4,0,161,6,2005
2005-06-11,38218.708333333336,46249.0,28222.0,5,1,162,6,2005
2005-06-12,37397.375,44836.0,27345.0,6,1,163,6,2005
2005-06-13,43247.416666666664,53553.0,29982.0,0,0,164,6,2005
2005-06-14,45736.375,55554.0,32947.0,1,0,165,6,2005
2005-06-15,42553.208333333336,48681.0,33404.0,2,0,166,6,2005
2005-06-16,36957.291666666664,43729.0,28322.0,3,0,167,6,2005
2005-06-17,32165.125,37093.0,24565.0,4,0,168,6,2005
2005-06-18,28811.5,32624.0,22542.0,5,1,169,6,2005
2005-06-19,26976.791666666668,30427.0,21980.0,6,1,170,6,2005
2005-06-20,30888.791666666668,36415.0,22464.0,0,0,171,6,2005
2005-06-21,33200.75,40912.0,23042.0,1,0,172,6,2005
2005-06-22,34948.625,42054.0,25521.0,2,0,173,6,2005
2005-06-23,33823.583333333336,41025.0,24429.0,3,0,174,6,2005
2005-06-24,36435.208333333336,45944.0,24966.0,4,0,175,6,2005
2005-06-25,36929.708333333336,46581.0,25716.0,5,1,176,6,2005
2005-06-26,37893.75,47293.0,26472.0,6,1,177,6,2005
2005-06-27,39419.583333333336,45123.0,30225.0,0,0,178,6,2005
2005-06-28,42201.291666666664,53042.0,29194.0,1,0,179,6,2005
2005-06-29,41111.166666666664,48078.0,32014.0,2,0,180,6,2005
2005-06-30,40685.958333333336,50202.0,29035.0,3,0,181,6,2005
2005-07-01,40501.625,49434.0,29983.0,4,0,182,7,2005
2005-07-02,34923.791666666664,40419.0,27780.0,5,1,183,7,2005
2005-07-03,30795.083333333332,36497.0,23403.0,6,1,184,7,2005
2005-07-04,32214.125,40620.0,23438.0,0,0,185,7,2005
2005-07-05,38238.75,46832.0,27070.0,1,0,186,7,2005
2005-07-06,39577.833333333336,48372.0,28561.0,2,0,187,7,2005
2005-07-07,36501.916666666664,41280.0,28954.0,3,0,188,7,2005
2005-07-08,32895.916666666664,36878.0,26050.0,4,0,189,7,2005
2005-07-09,32060.458333333332,38894.0,23566.0,5,1,190,7,2005
2005-07-10,34108.708333333336,43861.0,23820.0,6,1,191,7,2005
2005-07-11,40683.916666666664,52197.0,26978.0,0,0,192,7,2005
2005-07-12,43082.208333333336,53045.0,30543.0,1,0,193,7,2005
2005-07-13,40571.625,48593.0,30393.0,2,0,194,7,2005
2005-07-14,41229.833333333336,49638.0,30505.0,3,0,195,7,2005
2005-07-15,41663.375,49866.0,31196.0,4,0,196,7,2005
2005-07-16,38107.166666666664,43590.0,30455.0,5,1,197,7,2005
2005-07-17,37762.5,45040.0,29114.0,6,1,198,7,2005
2005-07-18,44859.166666666664,55091.0,31776.0,0,0,199,7,2005
2005-07-19,46461.416666666664,56192.0,33939.0,1,0,200,7,2005
2005-07-20,45174.791666666664,54420.0,33608.0,2,0,201,7,2005
2005-07-21,43912.541666666664,54486.0,30724.0,3,0,202,7,2005
2005-07-22,44732.625,54592.0,32429.0,4,0,203,7,2005
2005-07-23,39023.125,45051.0,30826.0,5,1,204,7,2005
2005-07-24,34728.166666666664,42792.0,24812.0,6,1,205,7,2005
2005-07-25,42357.041666666664,54792.0,29077.0,0,0,206,7,2005
2005-07-26,47254.791666666664,58506.0,33384.0,1,0,207,7,2005
2005-07-27,48413.083333333336,59031.0,36667.0,2,0,208,7,2005
2005-07-28,39144.541666666664,45673.0,30510.0,3,0,209,7,2005
2005-07-29,37906.708333333336,45291.0,28093.0,4,0,210,7,2005
2005-07-30,36421.375,43208.0,28067.0,5,1,211,7,2005
2005-07-31,34792.875,41476.0,26387.0,6,1,212,7,2005
2005-08-01,40480.791666666664,50970.0,28252.0,0,0,213,8,2005
2005-08-02,44364.291666666664,55929.0,30465.0,1,0,214,8,2005
2005-08-03,45903.875,57027.0,32454.0,2,0,215,8,2005
2005-08-04,46858.916666666664,57185.0,33626.0,3,0,216,8,2005
2005-08-05,46255.75,56252.0,34731.0,4,0,217,8,2005
2005-08-06,38851.75,45533.0,30798.0,5,1,218,8,2005
2005-08-07,36678.666666666664,43356.0,28408.0,6,1,219,8,2005
2005-08-08,40141.416666666664,47448.0,30706.0,0,0,220,8,2005
2005-08-09,37971.083333333336,43344.0,29488.0,1,0,221,8,2005
2005-08-10,41036.458333333336,51182.0,28485.0,2,0,222,8,2005
2005-08-11,44564.333333333336,55731.0,31176.0,3,0,223,8,2005
2005-08-12,46423.25,57270.0,33266.0,4,0,224,8,2005
2005-08-13,45570.208333333336,54722.0,34694.0,5,1,225,8,2005
2005-08-14,44383.166666666664,53463.0,33523.0,6,1,226,8,2005
2005-08-15,42484.708333333336,48754.0,33544.0,0,0,227,8,2005
2005-08-16,37617.5,41864.0,30072.0,1,0,228,8,2005
2005-08-17,38579.0,48114.0,27348.0,2,0,229,8,2005
2005-08-18,38430.833333333336,47329.0,27642.0,3,0,230,8,2005
2005-08-19,36645.0,41572.0,29639.0,4,0,231,8,2005
2005-08-20,36476.541666666664,44888.0,26993.0,5,1,232,8,2005
2005-08-21,40212.083333333336,49402.0,30163.0,6,1,233,8,2005
2005-08-22,39653.833333333336,48525.0,28768.0,0,0,234,8,2005
2005-08-23,36404.083333333336,43518.0,26777.0,1,0,235,8,2005
2005-08-24,35510.583333333336,42440.0,26459.0,2,0,236,8,2005
2005-08-25,34669.666666666664,42520.0,24964.0,3,0,237,8,2005
2005-08-26,34696.458333333336,41285.0,25739.0,4,0,238,8,2005
2005-08-27,32094.833333333332,36459.0,25417.0,5,1,239,8,2005
2005-08-28,33811.041666666664,40938.0,25881.0,6,1,240,8,2005
2005-08-29,40036.375,49031.0,28343.0,0,0,241,8,2005
2005-08-30,41508.0,48741.0,31020.0,1,0,242,8,2005
2005-08-31,43472.416666666664,50892.0,33378.0,2,0,243,8,2005
2005-09-01,38631.666666666664,46763.0,28381.0,3,0,244,9,2005
2005-09-02,38023.666666666664,47657.0,26807.0,4,0,245,9,2005
2005-09-03,32283.291666666668,37077.0,25610.0,5,1,246,9,2005
2005-09-04,29756.166666666668,35230.0,23098.0,6,1,247,9,2005
2005-09-05,30472.0,36576.0,23120.0,0,0,248,9,2005
2005-09-06,33960.875,41701.0,23850.0,1,0,249,9,2005
2005-09-07,33905.791666666664,41473.0,24224.0,2,0,250,9,2005
2005-09-08,34879.791666666664,43451.0,24363.0,3,0,251,9,2005
2005-09-09,34289.125,41179.0,25338.0,4,0,252,9,2005
2005-09-10,31104.583333333332,36611.0,24089.0,5,1,253,9,2005
2005-09-11,29648.666666666668,35832.0,22520.0,6,1,254,9,2005
2005-09-12,35565.916666666664,45359.0,24196.0,0,0,255,9,2005
2005-09-13,38069.833333333336,48677.0,26009.0,1,0,256,9,2005
2005-09-14,38358.0,45372.0,27571.0,2,0,257,9,2005
2005-09-15,41229.375,49662.0,30075.0,3,0,258,9,2005
2005-09-16,41212.583333333336,49333.0,30819.0,4,0,259,9,2005
2005-09-17,37170.416666666664,44011.0,28935.0,5,1,260,9,2005
2005-09-18,32781.625,38794.0,25129.0,6,1,261,9,2005
2005-09-19,36502.458333333336,45331.0,25244.0,0,0,262,9,2005
2005-09-20,37446.333333333336,44302.0,27209.0,1,0,263,9,2005
2005-09-21,35542.625,42949.0,26357.0,2,0,264,9,2005
2005-09-22,35163.833333333336,43514.0,24607.0,3,0,265,9,2005
2005-09-23,37649.791666666664,46003.0,26957.0,4,0,266,9,2005
2005-09-24,29637.708333333332,32654.0,25004.0,5,1,267,9,2005
2005-09-25,28024.291666666668,34176.0,22103.0,6,1,268,9,2005
2005-09-26,33966.125,40319.0,24183.0,0,0,269,9,2005
2005-09-27,32746.541666666668,37311.0,25644.0,1,0,270,9,2005
2005-09-28,30761.333333333332,36004.0,22510.0,2,0,271,9,2005
2005-09-29,30989.416666666668,35438.0,23661.0,3,0,272,9,2005
2005-09-30,28805.958333333332,32272.0,22055.0,4,0,273,9,2005
2005-10-01,26309.625,30333.0,21142.0,5,1,274,10,2005
2005-10-02,26317.625,32353.0,20581.0,6,1,275,10,2005
2005-10-03,30627.416666666668,36485.0,21892.0,0,0,276,10,2005
2005-10-04,31699.083333333332,37227.0,23480.0,1,0,277,10,2005
2005-10-05,32360.583333333332,38143.0,23735.0,2,0,278,10,2005
2005-10-06,32971.916666666664,38954.0,24214.0,3,0,279,10,2005
2005-10-07,34163.25,38673.0,25741.0,4,0,280,10,2005
2005-10-08,31039.375,35256.0,25648.0,5,1,281,10,2005
2005-10-09,25969.541666666668,30545.0,21261.0,6,1,282,10,2005
2005-10-10,29142.208333333332,34183.0,21752.0,0,0,283,10,2005
2005-10-11,29859.791666666668,34612.0,22509.0,1,0,284,10,2005
2005-10-12,29654.291666666668,34008.0,22594.0,2,0,285,10,2005
2005-10-13,29834.375,34521.0,22620.0,3,0,286,10,2005
2005-10-14,29661.416666666668,33164.0,22737.0,4,0,287,10,2005
2005-10-15,26853.291666666668,30330.0,21924.0,5,1,288,10,2005
2005-10-16,25421.333333333332,30752.0,20647.0,6,1,289,10,2005
2005-10-17,28804.583333333332,33788.0,21418.0,0,0,290,10,2005
2005-10-18,29297.375,34089.0,22004.0,1,0,291,10,2005
2005-10-19,29333.75,34116.0,21935.0,2,0,292,10,2005
2005-10-20,28969.0,33608.0,21993.0,3,0,293,10,2005
2005-10-21,29160.458333333332,33008.0,22199.0,4,0,294,10,2005
2005-10-22,27190.708333333332,30797.0,21798.0,5,1,295,10,2005
2005-10-23,25776.041666666668,30659.0,21373.0,6,1,296,10,2005
2005-10-24,29879.875,35191.0,22335.0,0,0,297,10,2005
2005-10-25,30927.708333333332,35881.0,23475.0,1,0,298,10,2005
2005-10-26,30927.541666666668,35377.0,24542.0,2,0,299,10,2005
2005-10-27,31065.958333333332,35368.0,24575.0,3,0,300,10,2005
2005-10-28,30633.375,34067.0,24611.0,4,0,301,10,2005
2005-10-29,28454.666666666668,31697.0,24353.0,5,1,302,10,2005
2005-10-30,27006.854166666668,31166.0,23302.0,6,1,303,10,2005
2005-10-31,29793.041666666668,33855.0,23301.0,0,0,304,10,2005
2005-11-01,29758.333333333332,34816.0,23172.0,1,0,305,11,2005
2005-11-02,29586.416666666668,35023.0,22632.0,2,0,306,11,2005
2005-11-03,30148.791666666668,34704.0,24214.0,3,0,307,11,2005
2005-11-04,29186.958333333332,33663.0,22915.0,4,0,308,11,2005
2005-11-05,26355.458333333332,30387.0,21791.0,5,1,309,11,2005
2005-11-06,25584.333333333332,31171.0,20752.0,6,1,310,11,2005
2005-11-07,28739.458333333332,34485.0,21221.0,0,0,311,11,2005
2005-11-08,29570.5,34588.0,23084.0,1,0,312,11,2005
2005-11-09,29825.75,35363.0,22643.0,2,0,313,11,2005
2005-11-10,29711.958333333332,35442.0,22474.0,3,0,314,11,2005
2005-11-11,30422.583333333332,34841.0,24374.0,4,0,315,11,2005
2005-11-12,28133.958333333332,31164.0,25128.0,5,1,316,11,2005
2005-11-13,26512.166666666668,31218.0,22803.0,6,1,317,11,2005
2005-11-14,29056.791666666668,34778.0,21644.0,0,0,318,11,2005
2005-11-15,30001.291666666668,35736.0,22657.0,1,0,319,11,2005
2005-11-16,30036.333333333332,35456.0,22477.0,2,0,320,11,2005
2005-11-17,31422.666666666668,37917.0,23621.0,3,0,321,11,2005
2005-11-18,33156.125,37449.0,27478.0,4,0,322,11,2005
2005-11-19,30593.5,33637.0,27480.0,5,1,323,11,2005
2005-11-20,28494.125,32773.0,25262.0,6,1,324,11,2005
2005-11-21,31676.041666666668,37167.0,24392.0,0,0,325,11,2005
2005-11-22,32564.208333333332,38478.0,24643.0,1,0,326,11,2005
2005-11-23,34082.5,38865.0,27711.0,2,0,327,11,2005
2005-11-24,29597.75,32333.0,26115.0,3,0,328,11,2005
2005-11-25,32793.25,37200.0,28312.0,4,0,329,11,2005
2005-11-26,31485.25,34763.0,28460.0,5,1,330,11,2005
2005-11-27,29087.916666666668,33844.0,25558.0,6,1,331,11,2005
2005-11-28,30143.875,35827.0,23198.0,0,0,332,11,2005
2005-11-29,30144.083333333332,36291.0,22625.0,1,0,333,11,2005
2005-11-30,30402.333333333332,36689.0,22780.0,2,0,334,11,2005
2005-12-01,32723.166666666668,38279.0,25801.0,3,0,335,12,2005
2005-12-02,33865.0,40070.0,26566.0,4,0,336,12,2005
2005-12-03,33114.541666666664,37550.0,28735.0,5,1,337,12,2005
2005-12-04,31942.958333333332,37714.0,27302.0,6,1,338,12,2005
2005-12-05,35526.0,42565.0,27346.0,0,0,339,12,2005
2005-12-06,35872.666666666664,42184.0,29251.0,1,0,340,12,2005
2005-12-07,37123.583333333336,43163.0,30486.0,2,0,341,12,2005
2005-12-08,37437.291666666664,42676.0,31377.0,3,0,342,12,2005
2005-12-09,36406.291666666664,42093.0,30227.0,4,0,343,12,2005
2005-12-10,34064.708333333336,38471.0,29938.0,5,1,344,12,2005
2005-12-11,33028.166666666664,38518.0,28939.0,6,1,345,12,2005
2005-12-12,35782.541666666664,42635.0,28055.0,0,0,346,12,2005
2005-12-13,38528.25,45165.0,31203.0,1,0,347,12,2005
2005-12-14,40631.833333333336,46162.0,34063.0,2,0,348,12,2005
2005-12-15,39818.416666666664,45149.0,33599.0,3,0,349,12,2005
2005-12-16,34877.541666666664,39960.0,28716.0,4,0,350,12,2005
2005-12-17,33348.833333333336,38006.0,28605.0,5,1,351,12,2005
2005-12-18,32912.833333333336,38668.0,28608.0,6,1,352,12,2005
2005-12-19,36629.916666666664,43871.0,29026.0,0,0,353,12,2005
2005-12-20,38378.916666666664,43862.0,32121.0,1,0,354,12,2005
2005-12-21,37886.291666666664,43471.0,31452.0,2,0,355,12,2005
2005-12-22,36699.0,41734.0,30719.0,3,0,356,12,2005
2005-12-23,33539.583333333336,37476.0,28881.0,4,0,357,12,2005
2005-12-24,29846.625,33348.0,25913.0,5,1,358,12,2005
2005-12-25,29574.625,32079.0,25837.0,6,1,359,12,2005
2005-12-26,30070.083333333332,36584.0,23703.0,0,0,360,12,2005
2005-12-27,33007.75,38979.0,26430.0,1,0,361,12,2005
2005-12-28,33308.208333333336,38057.0,27608.0,2,0,362,12,2005
2005-12-29,32189.166666666668,37852.0,25199.0,3,0,363,12,2005
2005-12-30,31865.75,37410.0,25374.0,4,0,364,12,2005
2005-12-31,31430.958333333332,36553.0,26531.0,5,1,365,12,2005
2006-01-01,29582.666666666668,34305.0,25530.0,6,1,1,1,2006
2006-01-02,32050.833333333332,37948.0,26166.0,0,0,2,1,2006
2006-01-03,34110.666666666664,40495.0,25882.0,1,0,3,1,2006
2006-01-04,34266.75,39746.0,27507.0,2,0,4,1,2006
2006-01-05,33205.833333333336,38560.0,26760.0,3,0,5,1,2006
2006-01-06,34126.708333333336,39778.0,26657.0,4,0,6,1,2006
2006-01-07,33270.583333333336,37205.0,29302.0,5,1,7,1,2006
2006-01-08,30830.791666666668,35720.0,26927.0,6,1,8,1,2006
2006-01-09,32197.416666666668,36890.0,25868.0,0,0,9,1,2006
2006-01-10,32269.833333333332,37819.0,25436.0,1,0,10,1,2006
2006-01-11,33046.916666666664,37931.0,26573.0,2,0,11,1,2006
2006-01-12,31383.0,36083.0,25146.0,3,0,12,1,2006
2006-01-13,31836.416666666668,35770.0,25687.0,4,0,13,1,2006
2006-01-14,29258.75,34869.0,23099.0,5,1,14,1,2006
2006-01-15,33018.375,38423.0,28208.0,6,1,15,1,2006
2006-01-16,35930.083333333336,41024.0,30036.0,0,0,16,1,2006
2006-01-17,35725.875,40409.0,29535.0,1,0,17,1,2006
2006-01-18,33019.791666666664,39590.0,25418.0,2,0,18,1,2006
2006-01-19,34223.833333333336,38390.0,28430.0,3,0,19,1,2006
2006-01-20,32126.375,35982.0,27066.0,4,0,20,1,2006
2006-01-21,29165.833333333332,33026.0,24817.0,5,1,21,1,2006
2006-01-22,29940.041666666668,35064.0,25709.0,6,1,22,1,2006
2006-01-23,33827.791666666664,39073.0,26439.0,0,0,23,1,2006
2006-01-24,33468.416666666664,38319.0,27479.0,1,0,24,1,2006
2006-01-25,34490.583333333336,40553.0,27118.0,2,0,25,1,2006
2006-01-26,35980.333333333336,41136.0,29578.0,3,0,26,1,2006
2006-01-27,35300.75,39976.0,30714.0,4,0,27,1,2006
2006-01-28,30551.833333333332,33422.0,27976.0,5,1,28,1,2006
2006-01-29,29565.0,33891.0,25209.0,6,1,29,1,2006
2006-01-30,31025.416666666668,35803.0,24464.0,0,0,30,1,2006
2006-01-31,32465.625,38494.0,24304.0,1,0,31,1,2006
2006-02-01,33282.291666666664,38334.0,26783.0,2,0,32,2,2006
2006-02-02,32719.666666666668,36819.0,27371.0,3,0,33,2,2006
2006-02-03,30811.0,34487.0,25200.0,4,0,34,2,2006
2006-02-04,29287.25,33430.0,23984.0,5,1,35,2,2006
2006-02-05,29028.708333333332,34419.0,23570.0,6,1,36,2,2006
2006-02-06,33919.208333333336,39385.0,26882.0,0,0,37,2,2006
2006-02-07,34415.166666666664,39456.0,28386.0,1,0,38,2,2006
2006-02-08,35223.083333333336,40421.0,28857.0,2,0,39,2,2006
2006-02-09,35504.208333333336,40298.0,29597.0,3,0,40,2,2006
2006-02-10,35282.75,38910.0,29897.0,4,0,41,2,2006
2006-02-11,32671.125,37662.0,27871.0,5,1,42,2,2006
2006-02-12,32630.291666666668,38523.0,28156.0,6,1,43,2,2006
2006-02-13,35888.166666666664,40896.0,29940.0,0,0,44,2,2006
2006-02-14,34746.75,38732.0,29749.0,1,0,45,2,2006
2006-02-15,33281.75,37508.0,28631.0,2,0,46,2,2006
2006-02-16,31766.75,35537.0,26613.0,3,0,47,2,2006
2006-02-17,31000.166666666668,36153.0,24359.0,4,0,48,2,2006
2006-02-18,32825.458333333336,38494.0,26951.0,5,1,49,2,2006
2006-02-19,34536.916666666664,38187.0,32202.0,6,1,50,2,2006
2006-02-20,34873.708333333336,39236.0,30356.0,0,0,51,2,2006
2006-02-21,34847.166666666664,38766.0,29676.0,1,0,52,2,2006
2006-02-22,35008.958333333336,39492.0,29164.0,2,0,53,2,2006
2006-02-23,33423.708333333336,37838.0,27371.0,3,0,54,2,2006
2006-02-24,34050.541666666664,38484.0,27621.0,4,0,55,2,2006
2006-02-25,31801.541666666668,34717.0,29085.0,5,1,56,2,2006
2006-02-26,32948.541666666664,39210.0,28168.0,6,1,57,2,2006
2006-02-27,37045.333333333336,41557.0,31309.0,0,0,58,2,2006
2006-02-28,35589.958333333336,39916.0,29914.0,1,0,59,2,2006
2006-03-01,34127.125,38029.0,29168.0,2,0,60,3,2006
2006-03-02,35097.958333333336,39971.0,28323.0,3,0,61,3,2006
2006-03-03,35113.666666666664,39300.0,29345.0,4,0,62,3,2006
2006-03-04,32720.416666666668,35261.0,30032.0,5,1,63,3,2006
2006-03-05,30335.791666666668,34601.0,27414.0,6,1,64,3,2006
2006-03-06,32883.208333333336,37692.0,26866.0,0,0,65,3,2006
2006-03-07,33176.875,37709.0,27503.0,1,0,66,3,2006
2006-03-08,33212.041666666664,37074.0,28366.0,2,0,67,3,2006
2006-03-09,31275.666666666668,35091.0,25684.0,3,0,68,3,2006
2006-03-10,29479.958333333332,32716.0,23660.0,4,0,69,3,2006
2006-03-11,26222.416666666668,29793.0,21896.0,5,1,70,3,2006
2006-03-12,25796.541666666668,31042.0,20784.0,6,1,71,3,2006
2006-03-13,29231.375,34383.0,21966.0,0,0,72,3,2006
2006-03-14,29304.0,35103.0,22112.0,1,0,73,3,2006
2006-03-15,31965.291666666668,37244.0,25237.0,2,0,74,3,2006
2006-03-16,31861.916666666668,35654.0,26813.0,3,0,75,3,2006
2006-03-17,31113.041666666668,34615.0,25563.0,4,0,76,3,2006
2006-03-18,30186.208333333332,33709.0,26570.0,5,1,77,3,2006
2006-03-19,29707.083333333332,34074.0,26750.0,6,1,78,3,2006
2006-03-20,32757.041666666668,37744.0,26506.0,0,0,79,3,2006
2006-03-21,33906.625,38302.0,28142.0,1,0,80,3,2006
2006-03-22,33353.333333333336,37835.0,27529.0,2,0,81,3,2006
2006-03-23,32280.166666666668,36191.0,27140.0,3,0,82,3,2006
2006-03-24,31651.708333333332,35149.0,26505.0,4,0,83,3,2006
2006-03-25,28987.041666666668,32353.0,25118.0,5,1,84,3,2006
2006-03-26,28442.125,33168.0,24763.0,6,1,85,3,2006
2006-03-27,30905.291666666668,35051.0,25234.0,0,0,86,3,2006
2006-03-28,30735.833333333332,34963.0,25262.0,1,0,87,3,2006
2006-03-29,29847.25,33929.0,24253.0,2,0,88,3,2006
2006-03-30,29686.625,33638.0,23953.0,3,0,89,3,2006
2006-03-31,28850.208333333332,32244.0,22940.0,4,0,90,3,2006
2006-04-01,25821.458333333332,29443.0,21090.0,5,1,91,4,2006
2006-04-02,24641.270833333332,29752.0,20750.0,6,1,92,4,2006
2006-04-03,28941.208333333332,33596.0,21416.0,0,0,93,4,2006
2006-04-04,29572.125,33691.0,23020.0,1,0,94,4,2006
2006-04-05,30679.5,35129.0,23894.0,2,0,95,4,2006
2006-04-06,30217.208333333332,33475.0,24897.0,3,0,96,4,2006
2006-04-07,29588.791666666668,33049.0,23873.0,4,0,97,4,2006
2006-04-08,27337.291666666668,31475.0,21628.0,5,1,98,4,2006
2006-04-09,26897.708333333332,30410.0,24236.0,6,1,99,4,2006
2006-04-10,29370.25,32612.0,23682.0,0,0,100,4,2006
2006-04-11,28985.875,32205.0,23182.0,1,0,101,4,2006
2006-04-12,28589.416666666668,32063.0,22187.0,2,0,102,4,2006
2006-04-13,28467.666666666668,31962.0,21903.0,3,0,103,4,2006
2006-04-14,26782.583333333332,29915.0,21137.0,4,0,104,4,2006
2006-04-15,25497.916666666668,29502.0,20488.0,5,1,105,4,2006
2006-04-16,23453.583333333332,27278.0,19690.0,6,1,106,4,2006
2006-04-17,27440.375,31999.0,20427.0,0,0,107,4,2006
2006-04-18,28356.708333333332,32226.0,21859.0,1,0,108,4,2006
2006-04-19,28587.625,32856.0,21530.0,2,0,109,4,2006
2006-04-20,29168.375,33414.0,21769.0,3,0,110,4,2006
2006-04-21,28037.0,31355.0,21746.0,4,0,111,4,2006
2006-04-22,26758.833333333332,30125.0,21394.0,5,1,112,4,2006
2006-04-23,25409.166666666668,29705.0,21275.0,6,1,113,4,2006
2006-04-24,28377.916666666668,32413.0,21199.0,0,0,114,4,2006
2006-04-25,28779.666666666668,32713.0,21849.0,1,0,115,4,2006
2006-04-26,28415.041666666668,32164.0,22146.0,2,0,116,4,2006
2006-04-27,28846.708333333332,32116.0,22548.0,3,0,117,4,2006
2006-04-28,27895.791666666668,31055.0,21837.0,4,0,118,4,2006
2006-04-29,25422.375,28028.0,21622.0,5,1,119,4,2006
2006-04-30,24689.041666666668,29023.0,20937.0,6,1,120,4,2006
2006-05-01,28228.208333333332,31889.0,21250.0,0,0,121,5,2006
2006-05-02,28624.25,32361.0,21793.0,1,0,122,5,2006
2006-05-03,28750.75,32480.0,21740.0,2,0,123,5,2006
2006-05-04,29644.25,33964.0,21751.0,3,0,124,5,2006
2006-05-05,29940.666666666668,34365.0,22448.0,4,0,125,5,2006
2006-05-06,26602.25,29426.0,21874.0,5,1,126,5,2006
2006-05-07,24578.208333333332,29161.0,20342.0,6,1,127,5,2006
2006-05-08,28185.833333333332,32106.0,20962.0,0,0,128,5,2006
2006-05-09,28509.791666666668,31949.0,21781.0,1,0,129,5,2006
2006-05-10,29174.291666666668,33160.0,21703.0,2,0,130,5,2006
2006-05-11,29064.75,32658.0,21867.0,3,0,131,5,2006
2006-05-12,28823.041666666668,32745.0,21866.0,4,0,132,5,2006
2006-05-13,26013.083333333332,28855.0,21190.0,5,1,133,5,2006
2006-05-14,24544.791666666668,28620.0,20316.0,6,1,134,5,2006
2006-05-15,28649.125,32539.0,20988.0,0,0,135,5,2006
2006-05-16,28878.916666666668,32300.0,21953.0,1,0,136,5,2006
2006-05-17,28949.5,32572.0,21805.0,2,0,137,5,2006
2006-05-18,29279.0,33439.0,21966.0,3,0,138,5,2006
2006-05-19,28306.791666666668,32045.0,21941.0,4,0,139,5,2006
2006-05-20,25596.291666666668,28338.0,21259.0,5,1,140,5,2006
2006-05-21,24890.958333333332,28673.0,20506.0,6,1,141,5,2006
2006-05-22,28208.208333333332,31663.0,21179.0,0,0,142,5,2006
2006-05-23,28503.666666666668,31549.0,22038.0,1,0,143,5,2006
2006-05-24,28885.5,32330.0,21935.0,2,0,144,5,2006
2006-05-25,29281.916666666668,33269.0,21807.0,3,0,145,5,2006
2006-05-26,30499.958333333332,34929.0,22374.0,4,0,146,5,2006
2006-05-27,29010.25,32921.0,22744.0,5,1,147,5,2006
2006-05-28,28844.791666666668,34009.0,21898.0,6,1,148,5,2006
2006-05-29,31915.5,39899.0,22613.0,0,0,149,5,2006
2006-05-30,39967.666666666664,50415.0,26690.0,1,0,150,5,2006
2006-05-31,38957.583333333336,47432.0,28352.0,2,0,151,5,2006
2006-06-01,40028.791666666664,50779.0,27728.0,3,0,152,6,2006
2006-06-02,37622.625,44375.0,28451.0,4,0,153,6,2006
2006-06-03,30363.5,33853.0,25954.0,5,1,154,6,2006
2006-06-04,27022.041666666668,31297.0,21653.0,6,1,155,6,2006
2006-06-05,30643.166666666668,35214.0,22503.0,0,0,156,6,2006
2006-06-06,31481.375,36754.0,23021.0,1,0,157,6,2006
2006-06-07,31306.625,35592.0,23539.0,2,0,158,6,2006
2006-06-08,31584.75,36511.0,23213.0,3,0,159,6,2006
2006-06-09,31762.041666666668,37518.0,23844.0,4,0,160,6,2006
2006-06-10,26780.166666666668,29717.0,22147.0,5,1,161,6,2006
2006-06-11,25472.625,29988.0,20453.0,6,1,162,6,2006
2006-06-12,29801.666666666668,34190.0,21776.0,0,0,163,6,2006
2006-06-13,32320.875,39198.0,22781.0,1,0,164,6,2006
2006-06-14,32887.416666666664,38343.0,24587.0,2,0,165,6,2006
2006-06-15,32721.25,38646.0,24033.0,3,0,166,6,2006
2006-06-16,33538.708333333336,41277.0,23548.0,4,0,167,6,2006
2006-06-17,32537.083333333332,39797.0,23719.0,5,1,168,6,2006
2006-06-18,36188.541666666664,46179.0,24490.0,6,1,169,6,2006
2006-06-19,41122.708333333336,50746.0,29589.0,0,0,170,6,2006
2006-06-20,39142.625,47627.0,28828.0,1,0,171,6,2006
2006-06-21,38553.166666666664,47779.0,27391.0,2,0,172,6,2006
2006-06-22,40701.083333333336,52041.0,28121.0,3,0,173,6,2006
2006-06-23,40401.666666666664,48053.0,30186.0,4,0,174,6,2006
2006-06-24,35041.208333333336,39997.0,28545.0,5,1,175,6,2006
2006-06-25,32242.333333333332,36496.0,26024.0,6,1,176,6,2006
2006-06-26,36756.0,43349.0,26886.0,0,0,177,6,2006
2006-06-27,38235.0,44565.0,28698.0,1,0,178,6,2006
2006-06-28,40276.791666666664,50052.0,28586.0,2,0,179,6,2006
2006-06-29,40125.208333333336,49175.0,29194.0,3,0,180,6,2006
2006-06-30,35990.958333333336,43319.0,26524.0,4,0,181,6,2006
2006-07-01,33801.916666666664,41440.0,24475.0,5,1,182,7,2006
2006-07-02,35867.958333333336,45968.0,25470.0,6,1,183,7,2006
2006-07-03,39551.958333333336,49720.0,28198.0,0,0,184,7,2006
2006-07-04,38016.375,46569.0,29449.0,1,0,185,7,2006
2006-07-05,37936.708333333336,43810.0,29068.0,2,0,186,7,2006
2006-07-06,34791.708333333336,40211.0,27383.0,3,0,187,7,2006
2006-07-07,33838.625,40912.0,24371.0,4,0,188,7,2006
2006-07-08,32249.875,37956.0,24590.0,5,1,189,7,2006
2006-07-09,33215.666666666664,40186.0,24325.0,6,1,190,7,2006
2006-07-10,38916.041666666664,48774.0,26464.0,0,0,191,7,2006
2006-07-11,43289.166666666664,53723.0,29921.0,1,0,192,7,2006
2006-07-12,43543.625,51967.0,33060.0,2,0,193,7,2006
2006-07-13,41577.625,49057.0,31344.0,3,0,194,7,2006
2006-07-14,41988.333333333336,51995.0,29583.0,4,0,195,7,2006
2006-07-15,38086.916666666664,44345.0,29432.0,5,1,196,7,2006
2006-07-16,39661.916666666664,50103.0,27762.0,6,1,197,7,2006
2006-07-17,46962.625,59183.0,31749.0,0,0,198,7,2006
2006-07-18,48221.208333333336,59943.0,35207.0,1,0,199,7,2006
2006-07-19,43492.541666666664,53668.0,31434.0,2,0,200,7,2006
2006-07-20,43184.5,52304.0,32220.0,3,0,201,7,2006
2006-07-21,44045.958333333336,53992.0,32446.0,4,0,202,7,2006
2006-07-22,38117.5,43968.0,30630.0,5,1,203,7,2006
2006-07-23,33814.875,39728.0,27110.0,6,1,204,7,2006
2006-07-24,38355.458333333336,48275.0,26274.0,0,0,205,7,2006
2006-07-25,40270.875,49522.0,28693.0,1,0,206,7,2006
2006-07-26,42720.791666666664,53300.0,29962.0,2,0,207,7,2006
2006-07-27,44590.25,55533.0,32047.0,3,0,208,7,2006
2006-07-28,43258.291666666664,53593.0,32028.0,4,0,209,7,2006
2006-07-29,41338.125,50699.0,29943.0,5,1,210,7,2006
2006-07-30,41868.416666666664,50795.0,31217.0,6,1,211,7,2006
2006-07-31,46390.125,57084.0,32750.0,0,0,212,7,2006
2006-08-01,50224.875,61643.0,35708.0,1,0,213,8,2006
2006-08-02,52229.833333333336,62009.0,39243.0,2,0,214,8,2006
2006-08-03,51823.5,61796.0,39272.0,3,0,215,8,2006
2006-08-04,46678.416666666664,54296.0,37004.0,4,0,216,8,2006
2006-08-05,38798.041666666664,46770.0,29252.0,5,1,217,8,2006
2006-08-06,37087.875,46079.0,26907.0,6,1,218,8,2006
2006-08-07,43360.666666666664,53760.0,30881.0,0,0,219,8,2006
2006-08-08,42089.291666666664,50270.0,32667.0,1,0,220,8,2006
2006-08-09,37886.333333333336,46668.0,27478.0,2,0,221,8,2006
2006-08-10,37719.333333333336,45228.0,27680.0,3,0,222,8,2006
2006-08-11,35640.541666666664,41824.0,27695.0,4,0,223,8,2006
2006-08-12,30436.125,35651.0,23925.0,5,1,224,8,2006
2006-08-13,29547.75,36047.0,22414.0,6,1,225,8,2006
2006-08-14,37238.083333333336,47304.0,24936.0,0,0,226,8,2006
2006-08-15,40229.458333333336,47865.0,30834.0,1,0,227,8,2006
2006-08-16,38855.125,48330.0,27856.0,2,0,228,8,2006
2006-08-17,38725.291666666664,47820.0,27704.0,3,0,229,8,2006
2006-08-18,37833.166666666664,46147.0,27887.0,4,0,230,8,2006
2006-08-19,36228.125,43203.0,27391.0,5,1,231,8,2006
2006-08-20,38426.333333333336,46263.0,29136.0,6,1,232,8,2006
2006-08-21,38715.333333333336,47547.0,28378.0,0,0,233,8,2006
2006-08-22,38550.666666666664,48228.0,27319.0,1,0,234,8,2006
2006-08-23,38900.208333333336,48296.0,27701.0,2,0,235,8,2006
2006-08-24,37977.0,46480.0,27563.0,3,0,236,8,2006
2006-08-25,38787.333333333336,47251.0,28334.0,4,0,237,8,2006
2006-08-26,33907.083333333336,37838.0,27661.0,5,1,238,8,2006
2006-08-27,32954.625,39025.0,26179.0,6,1,239,8,2006
2006-08-28,39120.666666666664,46250.0,28706.0,0,0,240,8,2006
2006-08-29,38863.083333333336,45180.0,29338.0,1,0,241,8,2006
2006-08-30,35157.291666666664,38711.0,28147.0,2,0,242,8,2006
2006-08-31,32693.5,36646.0,25696.0,3,0,243,8,2006
2006-09-01,30272.958333333332,34404.0,23914.0,4,0,244,9,2006
2006-09-02,27128.291666666668,30661.0,21714.0,5,1,245,9,2006
2006-09-03,26729.083333333332,30760.0,21525.0,6,1,246,9,2006
2006-09-04,27846.75,33414.0,21850.0,0,0,247,9,2006
2006-09-05,30995.75,35219.0,23055.0,1,0,248,9,2006
2006-09-06,31925.375,37230.0,23265.0,2,0,249,9,2006
2006-09-07,32992.083333333336,39572.0,23609.0,3,0,250,9,2006
2006-09-08,33669.208333333336,40408.0,24283.0,4,0,251,9,2006
2006-09-09,31964.5,38022.0,24363.0,5,1,252,9,2006
2006-09-10,29603.625,34654.0,23214.0,6,1,253,9,2006
2006-09-11,30873.458333333332,34665.0,23591.0,0,0,254,9,2006
2006-09-12,29896.666666666668,33782.0,22580.0,1,0,255,9,2006
2006-09-13,30096.416666666668,34390.0,22565.0,2,0,256,9,2006
2006-09-14,31224.166666666668,35534.0,23379.0,3,0,257,9,2006
2006-09-15,31360.0,35449.0,23737.0,4,0,258,9,2006
2006-09-16,28912.833333333332,32698.0,23140.0,5,1,259,9,2006
2006-09-17,29125.875,35572.0,22105.0,6,1,260,9,2006
2006-09-18,34306.916666666664,42207.0,23672.0,0,0,261,9,2006
2006-09-19,34072.166666666664,39065.0,25426.0,1,0,262,9,2006
2006-09-20,30706.125,34078.0,23833.0,2,0,263,9,2006
2006-09-21,29343.5,33357.0,22256.0,3,0,264,9,2006
2006-09-22,29127.0,32825.0,22100.0,4,0,265,9,2006
2006-09-23,28515.291666666668,33892.0,22171.0,5,1,266,9,2006
2006-09-24,30015.125,34906.0,23669.0,6,1,267,9,2006
2006-09-25,30846.458333333332,35316.0,22865.0,0,0,268,9,2006
2006-09-26,30097.958333333332,34858.0,22272.0,1,0,269,9,2006
2006-09-27,30282.833333333332,35071.0,22432.0,2,0,270,9,2006
2006-09-28,30739.125,35449.0,22653.0,3,0,271,9,2006
2006-09-29,29138.208333333332,32498.0,22776.0,4,0,272,9,2006
2006-09-30,26100.708333333332,29754.0,21284.0,5,1,273,9,2006
2006-10-01,25729.875,30565.0,20833.0,6,1,274,10,2006
2006-10-02,29030.25,34230.0,21267.0,0,0,275,10,2006
2006-10-03,30706.166666666668,36610.0,22164.0,1,0,276,10,2006
2006-10-04,32471.958333333332,38666.0,23340.0,2,0,277,10,2006
2006-10-05,30347.25,34010.0,24303.0,3,0,278,10,2006
2006-10-06,28972.958333333332,32504.0,22117.0,4,0,279,10,2006
2006-10-07,26372.083333333332,29880.0,21709.0,5,1,280,10,2006
2006-10-08,25399.291666666668,30087.0,20925.0,6,1,281,10,2006
2006-10-09,29381.458333333332,35315.0,21278.0,0,0,282,10,2006
2006-10-10,30431.458333333332,35942.0,22225.0,1,0,283,10,2006
2006-10-11,30225.833333333332,35015.0,22722.0,2,0,284,10,2006
2006-10-12,30059.5,34135.0,22770.0,3,0,285,10,2006
2006-10-13,29059.833333333332,32677.0,22592.0,4,0,286,10,2006
2006-10-14,27135.166666666668,30390.0,23165.0,5,1,287,10,2006
2006-10-15,26683.666666666668,31232.0,22833.0,6,1,288,10,2006
2006-10-16,29969.166666666668,34471.0,23178.0,0,0,289,10,2006
2006-10-17,30317.041666666668,35213.0,22797.0,1,0,290,10,2006
2006-10-18,30365.708333333332,35122.0,22865.0,2,0,291,10,2006
2006-10-19,30080.125,34889.0,22515.0,3,0,292,10,2006
2006-10-20,29591.625,33975.0,22900.0,4,0,293,10,2006
2006-10-21,26622.916666666668,30038.0,22297.0,5,1,294,10,2006
2006-10-22,26392.416666666668,31070.0,22196.0,6,1,295,10,2006
2006-10-23,30012.416666666668,35737.0,22270.0,0,0,296,10,2006
2006-10-24,31365.875,36342.0,24651.0,1,0,297,10,2006
2006-10-25,31220.666666666668,35658.0,24940.0,2,0,298,10,2006
2006-10-26,31272.208333333332,35580.0,25009.0,3,0,299,10,2006
2006-10-27,31479.416666666668,35080.0,25331.0,4,0,300,10,2006
2006-10-28,27842.041666666668,31039.0,23414.0,5,1,301,10,2006
2006-10-29,27623.125,32344.0,23304.0,6,1,302,10,2006
2006-10-30,30600.416666666668,35225.0,24504.0,0,0,303,10,2006
2006-10-31,30438.916666666668,34639.0,24266.0,1,0,304,10,2006
2006-11-01,29643.333333333332,35049.0,22584.0,2,0,305,11,2006
2006-11-02,29791.875,35482.0,22489.0,3,0,306,11,2006
2006-11-03,31495.291666666668,36237.0,25194.0,4,0,307,11,2006
2006-11-04,29828.625,33464.0,26363.0,5,1,308,11,2006
2006-11-05,28712.041666666668,33296.0,25318.0,6,1,309,11,2006
2006-11-06,31507.333333333332,36179.0,25272.0,0,0,310,11,2006
2006-11-07,31034.791666666668,35832.0,24910.0,1,0,311,11,2006
2006-11-08,30649.458333333332,35855.0,23371.0,2,0,312,11,2006
2006-11-09,29771.666666666668,34646.0,22983.0,3,0,313,11,2006
2006-11-10,29009.541666666668,33625.0,22694.0,4,0,314,11,2006
2006-11-11,26846.833333333332,31087.0,22220.0,5,1,315,11,2006
2006-11-12,26934.666666666668,32805.0,20975.0,6,1,316,11,2006
2006-11-13,30582.083333333332,36254.0,22985.0,0,0,317,11,2006
2006-11-14,30129.708333333332,35656.0,23051.0,1,0,318,11,2006
2006-11-15,30120.5,35714.0,22936.0,2,0,319,11,2006
2006-11-16,30635.083333333332,36425.0,22797.0,3,0,320,11,2006
2006-11-17,29580.0,34472.0,22809.0,4,0,321,11,2006
2006-11-18,28483.75,32764.0,23753.0,5,1,322,11,2006
2006-11-19,28357.208333333332,33710.0,23695.0,6,1,323,11,2006
2006-11-20,32470.416666666668,38467.0,24754.0,0,0,324,11,2006
2006-11-21,32794.333333333336,37841.0,26527.0,1,0,325,11,2006
2006-11-22,33364.833333333336,38430.0,26252.0,2,0,326,11,2006
2006-11-23,28803.5,32862.0,24970.0,3,0,327,11,2006
2006-11-24,28031.5,32353.0,23406.0,4,0,328,11,2006
2006-11-25,28034.958333333332,31937.0,24265.0,5,1,329,11,2006
2006-11-26,27727.625,32781.0,23961.0,6,1,330,11,2006
2006-11-27,30550.375,36366.0,23658.0,0,0,331,11,2006
2006-11-28,30941.791666666668,36563.0,24188.0,1,0,332,11,2006
2006-11-29,30810.666666666668,36680.0,23593.0,2,0,333,11,2006
2006-11-30,30524.541666666668,36434.0,23129.0,3,0,334,11,2006
2006-12-01,30318.916666666668,35951.0,22683.0,4,0,335,12,2006
2006-12-02,28810.583333333332,34626.0,23012.0,5,1,336,12,2006
2006-12-03,30031.916666666668,36031.0,25509.0,6,1,337,12,2006
2006-12-04,34303.75,41775.0,25692.0,0,0,338,12,2006
2006-12-05,35869.625,41963.0,29191.0,1,0,339,12,2006
2006-12-06,35141.458333333336,39677.0,30189.0,2,0,340,12,2006
2006-12-07,33420.666666666664,40315.0,25882.0,3,0,341,12,2006
2006-12-08,37583.083333333336,42949.0,30907.0,4,0,342,12,2006
2006-12-09,34526.0,38383.0,30954.0,5,1,343,12,2006
2006-12-10,31315.166666666668,36276.0,28023.0,6,1,344,12,2006
2006-12-11,32987.75,38683.0,26504.0,0,0,345,12,2006
2006-12-12,32841.041666666664,38884.0,25947.0,1,0,346,12,2006
2006-12-13,32350.125,38252.0,24989.0,2,0,347,12,2006
2006-12-14,31953.625,37823.0,24872.0,3,0,348,12,2006
2006-12-15,31790.041666666668,37080.0,25058.0,4,0,349,12,2006
2006-12-16,29773.875,35053.0,24659.0,5,1,350,12,2006
2006-12-17,29620.833333333332,34896.0,25734.0,6,1,351,12,2006
2006-12-18,31483.791666666668,37949.0,23785.0,0,0,352,12,2006
2006-12-19,32957.041666666664,40029.0,24997.0,1,0,353,12,2006
2006-12-20,34593.125,40283.0,28082.0,2,0,354,12,2006
2006-12-21,33991.25,39271.0,27442.0,3,0,355,12,2006
2006-12-22,32802.333333333336,38354.0,25870.0,4,0,356,12,2006
2006-12-23,28530.875,33663.0,23376.0,5,1,357,12,2006
2006-12-24,27927.916666666668,32446.0,23347.0,6,1,358,12,2006
2006-12-25,29086.75,32405.0,24954.0,0,0,359,12,2006
2006-12-26,29896.583333333332,36340.0,22666.0,1,0,360,12,2006
2006-12-27,32318.166666666668,38917.0,24771.0,2,0,361,12,2006
2006-12-28,32975.875,37972.0,27509.0,3,0,362,12,2006
2006-12-29,31722.333333333332,36728.0,25995.0,4,0,363,12,2006
2006-12-30,29565.583333333332,34116.0,25256.0,5,1,364,12,2006
2006-12-31,29281.916666666668,35027.0,24753.0,6,1,365,12,2006
2007-01-01,28250.708333333332,33335.0,23528.0,0,0,1,1,2007
2007-01-02,31820.375,38657.0,23883.0,1,0,2,1,2007
2007-01-03,33547.875,38281.0,27661.0,2,0,3,1,2007
2007-01-04,32471.458333333332,37021.0,26678.0,3,0,4,1,2007
2007-01-05,30990.333333333332,35996.0,24230.0,4,0,5,1,2007
2007-01-06,27321.833333333332,31779.0,22393.0,5,1,6,1,2007
2007-01-07,27250.458333333332,33515.0,21836.0,6,1,7,1,2007
2007-01-08,31724.916666666668,38194.0,23546.0,0,0,8,1,2007
2007-01-09,33895.75,39249.0,27192.0,1,0,9,1,2007
2007-01-10,35362.5,41378.0,28039.0,2,0,10,1,2007
2007-01-11,35807.75,40269.0,30286.0,3,0,11,1,2007
2007-01-12,33499.708333333336,37063.0,27960.0,4,0,12,1,2007
2007-01-13,28671.416666666668,32512.0,24172.0,5,1,13,1,2007
2007-01-14,27385.5,32575.0,22372.0,6,1,14,1,2007
2007-01-15,30410.125,36099.0,23273.0,0,0,15,1,2007
2007-01-16,32602.125,40189.0,23534.0,1,0,16,1,2007
2007-01-17,36733.083333333336,41732.0,30430.0,2,0,17,1,2007
2007-01-18,36999.083333333336,41287.0,31005.0,3,0,18,1,2007
2007-01-19,34732.625,39324.0,28569.0,4,0,19,1,2007
2007-01-20,34100.375,38955.0,28861.0,5,1,20,1,2007
2007-01-21,34859.291666666664,40162.0,30374.0,6,1,21,1,2007
2007-01-22,36928.833333333336,42007.0,29984.0,0,0,22,1,2007
2007-01-23,35677.958333333336,40873.0,29134.0,1,0,23,1,2007
2007-01-24,35555.958333333336,40547.0,29484.0,2,0,24,1,2007
2007-01-25,36415.416666666664,42675.0,28990.0,3,0,25,1,2007
2007-01-26,39864.208333333336,43978.0,34618.0,4,0,26,1,2007
2007-01-27,33993.25,36812.0,31206.0,5,1,27,1,2007
2007-01-28,31540.916666666668,37179.0,26354.0,6,1,28,1,2007
2007-01-29,37525.041666666664,43564.0,29822.0,0,0,29,1,2007
2007-01-30,37538.875,41697.0,32492.0,1,0,30,1,2007
2007-01-31,37521.708333333336,42485.0,31328.0,2,0,31,1,2007
2007-02-01,37150.458333333336,41524.0,31257.0,3,0,32,2,2007
2007-02-02,35436.875,39589.0,29635.0,4,0,33,2,2007
2007-02-03,34214.208333333336,38725.0,29283.0,5,1,34,2,2007
2007-02-04,35128.041666666664,39956.0,30699.0,6,1,35,2,2007
2007-02-05,42147.375,48547.0,34397.0,0,0,36,2,2007
2007-02-06,42751.375,47116.0,37946.0,1,0,37,2,2007
2007-02-07,40749.083333333336,45806.0,35008.0,2,0,38,2,2007
2007-02-08,40964.625,45424.0,35462.0,3,0,39,2,2007
2007-02-09,39649.791666666664,43647.0,35178.0,4,0,40,2,2007
2007-02-10,36083.0,39876.0,32509.0,5,1,41,2,2007
2007-02-11,35583.625,39673.0,32773.0,6,1,42,2,2007
2007-02-12,36509.75,40716.0,31197.0,0,0,43,2,2007
2007-02-13,37775.375,44572.0,29544.0,1,0,44,2,2007
2007-02-14,38663.583333333336,44403.0,32714.0,2,0,45,2,2007
2007-02-15,40483.833333333336,45647.0,34526.0,3,0,46,2,2007
2007-02-16,40110.458333333336,43548.0,35673.0,4,0,47,2,2007
2007-02-17,35730.541666666664,38172.0,33663.0,5,1,48,2,2007
2007-02-18,33931.708333333336,39680.0,29516.0,6,1,49,2,2007
2007-02-19,38644.958333333336,42599.0,34417.0,0,0,50,2,2007
2007-02-20,35532.333333333336,39284.0,30632.0,1,0,51,2,2007
2007-02-21,33162.875,37795.0,27712.0,2,0,52,2,2007
2007-02-22,34414.708333333336,39211.0,28307.0,3,0,53,2,2007
2007-02-23,35798.375,40532.0,29314.0,4,0,54,2,2007
2007-02-24,34289.291666666664,37275.0,31937.0,5,1,55,2,2007
2007-02-25,33392.083333333336,39221.0,28423.0,6,1,56,2,2007
2007-02-26,35503.0,40380.0,29030.0,0,0,57,2,2007
2007-02-27,33993.333333333336,38271.0,28638.0,1,0,58,2,2007
2007-02-28,33682.625,38063.0,27981.0,2,0,59,2,2007
2007-03-01,33747.833333333336,38150.0,28539.0,3,0,60,3,2007
2007-03-02,31704.833333333332,34805.0,26525.0,4,0,61,3,2007
2007-03-03,29454.791666666668,32765.0,25939.0,5,1,62,3,2007
2007-03-04,30985.25,37046.0,25959.0,6,1,63,3,2007
2007-03-05,35239.833333333336,40881.0,28655.0,0,0,64,3,2007
2007-03-06,39195.541666666664,44015.0,32824.0,1,0,65,3,2007
2007-03-07,39415.833333333336,43865.0,33322.0,2,0,66,3,2007
2007-03-08,38323.541666666664,42575.0,34482.0,3,0,67,3,2007
2007-03-09,36013.916666666664,40348.0,32263.0,4,0,68,3,2007
2007-03-10,31108.291666666668,34332.0,29082.0,5,1,69,3,2007
2007-03-11,28023.208333333332,33164.0,24163.0,6,1,70,3,2007
2007-03-12,32023.791666666668,36735.0,26516.0,0,0,71,3,2007
2007-03-13,31002.666666666668,34783.0,25510.0,1,0,72,3,2007
2007-03-14,30162.583333333332,33679.0,23828.0,2,0,73,3,2007
2007-03-15,30131.208333333332,35354.0,22727.0,3,0,74,3,2007
2007-03-16,34323.333333333336,39600.0,25735.0,4,0,75,3,2007
2007-03-17,33187.708333333336,36410.0,29537.0,5,1,76,3,2007
2007-03-18,31827.958333333332,36170.0,28788.0,6,1,77,3,2007
2007-03-19,34385.625,38949.0,28920.0,0,0,78,3,2007
2007-03-20,31715.458333333332,35585.0,26250.0,1,0,79,3,2007
2007-03-21,33388.375,37263.0,27339.0,2,0,80,3,2007
2007-03-22,31415.458333333332,34980.0,26299.0,3,0,81,3,2007
2007-03-23,29801.041666666668,33129.0,23188.0,4,0,82,3,2007
2007-03-24,27685.291666666668,30874.0,22897.0,5,1,83,3,2007
2007-03-25,26695.875,31306.0,22892.0,6,1,84,3,2007
2007-03-26,30395.541666666668,34079.0,23794.0,0,0,85,3,2007
2007-03-27,30058.5,33915.0,23515.0,1,0,86,3,2007
2007-03-28,29125.375,33016.0,22392.0,2,0,87,3,2007
2007-03-29,29856.5,33640.0,23417.0,3,0,88,3,2007
2007-03-30,29814.5,33774.0,24706.0,4,0,89,3,2007
2007-03-31,26881.166666666668,29903.0,22846.0,5,1,90,3,2007
2007-04-01,26897.375,31363.0,22223.0,6,1,91,4,2007
2007-04-02,29539.625,33096.0,23111.0,0,0,92,4,2007
2007-04-03,29164.416666666668,32972.0,22676.0,1,0,93,4,2007
2007-04-04,30705.0,34668.0,23203.0,2,0,94,4,2007
2007-04-05,31803.333333333332,36067.0,25450.0,3,0,95,4,2007
2007-04-06,31117.958333333332,34163.0,26948.0,4,0,96,4,2007
2007-04-07,29988.5,33808.0,25871.0,5,1,97,4,2007
2007-04-08,29212.458333333332,32381.0,26627.0,6,1,98,4,2007
2007-04-09,32240.333333333332,35888.0,26555.0,0,0,99,4,2007
2007-04-10,31987.041666666668,35285.0,26838.0,1,0,100,4,2007
2007-04-11,32055.916666666668,35427.0,26903.0,2,0,101,4,2007
2007-04-12,31514.0,34988.0,25504.0,3,0,102,4,2007
2007-04-13,31089.0,34705.0,25050.0,4,0,103,4,2007
2007-04-14,28264.083333333332,30533.0,25520.0,5,1,104,4,2007
2007-04-15,28931.416666666668,33584.0,23374.0,6,1,105,4,2007
2007-04-16,33173.041666666664,37207.0,25969.0,0,0,106,4,2007
2007-04-17,32434.041666666668,35999.0,26610.0,1,0,107,4,2007
2007-04-18,31516.75,34805.0,26002.0,2,0,108,4,2007
2007-04-19,30467.5,33714.0,24657.0,3,0,109,4,2007
2007-04-20,29423.083333333332,32495.0,24304.0,4,0,110,4,2007
2007-04-21,26501.583333333332,29343.0,22634.0,5,1,111,4,2007
2007-04-22,25526.541666666668,30493.0,21013.0,6,1,112,4,2007
2007-04-23,29768.25,34881.0,21476.0,0,0,113,4,2007
2007-04-24,30526.25,34565.0,22855.0,1,0,114,4,2007
2007-04-25,29293.541666666668,32917.0,22306.0,2,0,115,4,2007
2007-04-26,28884.25,32681.0,22370.0,3,0,116,4,2007
2007-04-27,29187.875,32922.0,22625.0,4,0,117,4,2007
2007-04-28,26196.833333333332,29085.0,21946.0,5,1,118,4,2007
2007-04-29,25224.875,29909.0,20929.0,6,1,119,4,2007
2007-04-30,29477.458333333332,33852.0,21497.0,0,0,120,4,2007
2007-05-01,29335.875,33131.0,22316.0,1,0,121,5,2007
2007-05-02,29655.833333333332,33533.0,22193.0,2,0,122,5,2007
2007-05-03,29111.125,32596.0,22454.0,3,0,123,5,2007
2007-05-04,28834.166666666668,32127.0,22359.0,4,0,124,5,2007
2007-05-05,25924.625,28990.0,21489.0,5,1,125,5,2007
2007-05-06,24908.375,29416.0,20761.0,6,1,126,5,2007
2007-05-07,28758.333333333332,32342.0,21994.0,0,0,127,5,2007
2007-05-08,29337.166666666668,32949.0,22421.0,1,0,128,5,2007
2007-05-09,30809.666666666668,35825.0,22262.0,2,0,129,5,2007
2007-05-10,32379.125,37379.0,23884.0,3,0,130,5,2007
2007-05-11,32749.416666666668,38235.0,24241.0,4,0,131,5,2007
2007-05-12,28793.875,32138.0,23235.0,5,1,132,5,2007
2007-05-13,25278.375,28924.0,21168.0,6,1,133,5,2007
2007-05-14,29052.166666666668,32986.0,21616.0,0,0,134,5,2007
2007-05-15,31351.416666666668,37526.0,22333.0,1,0,135,5,2007
2007-05-16,33169.625,39405.0,24653.0,2,0,136,5,2007
2007-05-17,30107.125,33942.0,23159.0,3,0,137,5,2007
2007-05-18,28719.041666666668,32207.0,22445.0,4,0,138,5,2007
2007-05-19,26066.0,28753.0,21812.0,5,1,139,5,2007
2007-05-20,25723.666666666668,30444.0,20933.0,6,1,140,5,2007
2007-05-21,29493.625,33575.0,21967.0,0,0,141,5,2007
2007-05-22,30048.791666666668,34651.0,22334.0,1,0,142,5,2007
2007-05-23,30772.75,35847.0,22590.0,2,0,143,5,2007
2007-05-24,31966.875,38276.0,22842.0,3,0,144,5,2007
2007-05-25,34150.75,41827.0,23813.0,4,0,145,5,2007
2007-05-26,33165.333333333336,39779.0,24769.0,5,1,146,5,2007
2007-05-27,32042.458333333332,39192.0,24091.0,6,1,147,5,2007
2007-05-28,31817.5,37944.0,24377.0,0,0,148,5,2007
2007-05-29,34010.625,41314.0,24323.0,1,0,149,5,2007
2007-05-30,34997.708333333336,43698.0,24133.0,2,0,150,5,2007
2007-05-31,38503.208333333336,48976.0,25921.0,3,0,151,5,2007
2007-06-01,39057.958333333336,48859.0,27758.0,4,0,152,6,2007
2007-06-02,36547.083333333336,44714.0,26666.0,5,1,153,6,2007
2007-06-03,31543.625,35283.0,26370.0,6,1,154,6,2007
2007-06-04,33350.5,38934.0,24435.0,0,0,155,6,2007
2007-06-05,34617.333333333336,40696.0,25072.0,1,0,156,6,2007
2007-06-06,31780.083333333332,36159.0,24508.0,2,0,157,6,2007
2007-06-07,32830.458333333336,40262.0,23151.0,3,0,158,6,2007
2007-06-08,39475.833333333336,51777.0,25574.0,4,0,159,6,2007
2007-06-09,35827.833333333336,41157.0,28532.0,5,1,160,6,2007
2007-06-10,30184.0,34730.0,24341.0,6,1,161,6,2007
2007-06-11,35516.5,43809.0,24585.0,0,0,162,6,2007
2007-06-12,36424.166666666664,44697.0,26325.0,1,0,163,6,2007
2007-06-13,33834.333333333336,39663.0,26002.0,2,0,164,6,2007
2007-06-14,30187.958333333332,33801.0,23567.0,3,0,165,6,2007
2007-06-15,30370.375,35179.0,22816.0,4,0,166,6,2007
2007-06-16,29948.416666666668,35255.0,22834.0,5,1,167,6,2007
2007-06-17,32951.458333333336,41811.0,22915.0,6,1,168,6,2007
2007-06-18,40692.416666666664,50895.0,28091.0,0,0,169,6,2007
2007-06-19,41249.333333333336,52465.0,28578.0,1,0,170,6,2007
2007-06-20,37315.125,43025.0,29626.0,2,0,171,6,2007
2007-06-21,34794.958333333336,43168.0,24988.0,3,0,172,6,2007
2007-06-22,33297.958333333336,38503.0,25642.0,4,0,173,6,2007
2007-06-23,28802.0,32987.0,22770.0,5,1,174,6,2007
2007-06-24,29529.791666666668,36518.0,21664.0,6,1,175,6,2007
2007-06-25,36936.083333333336,45121.0,26060.0,0,0,176,6,2007
2007-06-26,43170.0,54555.0,29029.0,1,0,177,6,2007
2007-06-27,45894.208333333336,56226.0,32576.0,2,0,178,6,2007
2007-06-28,43754.75,53571.0,31973.0,3,0,179,6,2007
2007-06-29,36818.666666666664,40483.0,30492.0,4,0,180,6,2007
2007-06-30,32409.0,37944.0,25495.0,5,1,181,6,2007
2007-07-01,29135.208333333332,33209.0,23208.0,6,1,182,7,2007
2007-07-02,31131.875,36603.0,22992.0,0,0,183,7,2007
2007-07-03,31839.708333333332,37995.0,23141.0,1,0,184,7,2007
2007-07-04,29251.208333333332,32896.0,23802.0,2,0,185,7,2007
2007-07-05,34987.458333333336,42041.0,25005.0,3,0,186,7,2007
2007-07-06,37468.208333333336,46279.0,26554.0,4,0,187,7,2007
2007-07-07,35124.833333333336,43109.0,25418.0,5,1,188,7,2007
2007-07-08,37286.5,47870.0,25603.0,6,1,189,7,2007
2007-07-09,45178.833333333336,57247.0,30652.0,0,0,190,7,2007
2007-07-10,45925.5,56336.0,33624.0,1,0,191,7,2007
2007-07-11,43263.041666666664,52223.0,32853.0,2,0,192,7,2007
2007-07-12,37950.0,44752.0,29075.0,3,0,193,7,2007
2007-07-13,36641.458333333336,44171.0,27002.0,4,0,194,7,2007
2007-07-14,34256.791666666664,41388.0,25497.0,5,1,195,7,2007
2007-07-15,37336.958333333336,46711.0,26324.0,6,1,196,7,2007
2007-07-16,40928.25,49456.0,30348.0,0,0,197,7,2007
2007-07-17,41550.25,52121.0,29171.0,1,0,198,7,2007
2007-07-18,41558.125,48774.0,31526.0,2,0,199,7,2007
2007-07-19,41081.416666666664,49161.0,29992.0,3,0,200,7,2007
2007-07-20,37997.916666666664,43121.0,31090.0,4,0,201,7,2007
2007-07-21,32060.75,38039.0,24424.0,5,1,202,7,2007
2007-07-22,31694.625,37876.0,24060.0,6,1,203,7,2007
2007-07-23,33717.583333333336,38318.0,26175.0,0,0,204,7,2007
2007-07-24,35044.458333333336,43251.0,24517.0,1,0,205,7,2007
2007-07-25,38443.708333333336,47616.0,27006.0,2,0,206,7,2007
2007-07-26,41027.916666666664,50557.0,29446.0,3,0,207,7,2007
2007-07-27,41752.416666666664,51658.0,30784.0,4,0,208,7,2007
2007-07-28,38738.75,47476.0,28621.0,5,1,209,7,2007
2007-07-29,35773.208333333336,40038.0,29225.0,6,1,210,7,2007
2007-07-30,39955.541666666664,48867.0,28266.0,0,0,211,7,2007
2007-07-31,41551.0,51861.0,29561.0,1,0,212,7,2007
2007-08-01,42768.625,54061.0,29311.0,2,0,213,8,2007
2007-08-02,45046.416666666664,56947.0,30994.0,3,0,214,8,2007
2007-08-03,45370.375,56351.0,32511.0,4,0,215,8,2007
2007-08-04,42069.0,51472.0,31293.0,5,1,216,8,2007
2007-08-05,37083.416666666664,44206.0,28306.0,6,1,217,8,2007
2007-08-06,42150.833333333336,51981.0,30184.0,0,0,218,8,2007
2007-08-07,45809.541666666664,55667.0,33085.0,1,0,219,8,2007
2007-08-08,48939.25,59437.0,36056.0,2,0,220,8,2007
2007-08-09,44415.958333333336,52089.0,35217.0,3,0,221,8,2007
2007-08-10,39711.375,47168.0,31562.0,4,0,222,8,2007
2007-08-11,32484.833333333332,39019.0,25083.0,5,1,223,8,2007
2007-08-12,35181.583333333336,44993.0,24925.0,6,1,224,8,2007
2007-08-13,41409.541666666664,51265.0,29910.0,0,0,225,8,2007
2007-08-14,37668.0,46190.0,27634.0,1,0,226,8,2007
2007-08-15,38808.625,49048.0,26774.0,2,0,227,8,2007
2007-08-16,41612.875,51084.0,30918.0,3,0,228,8,2007
2007-08-17,41989.625,50763.0,32184.0,4,0,229,8,2007
2007-08-18,31348.541666666668,35525.0,26232.0,5,1,230,8,2007
2007-08-19,28492.791666666668,32805.0,23435.0,6,1,231,8,2007
2007-08-20,31530.375,35799.0,24121.0,0,0,232,8,2007
2007-08-21,31102.166666666668,35096.0,24187.0,1,0,233,8,2007
2007-08-22,30764.958333333332,34590.0,23548.0,2,0,234,8,2007
2007-08-23,32850.5,38143.0,24237.0,3,0,235,8,2007
2007-08-24,38296.416666666664,48133.0,26501.0,4,0,236,8,2007
2007-08-25,41261.75,52587.0,29773.0,5,1,237,8,2007
2007-08-26,37229.375,43782.0,29893.0,6,1,238,8,2007
2007-08-27,38601.125,47887.0,27351.0,0,0,239,8,2007
2007-08-28,38362.625,47052.0,27399.0,1,0,240,8,2007
2007-08-29,38541.083333333336,48436.0,27106.0,2,0,241,8,2007
2007-08-30,39617.916666666664,49777.0,27687.0,3,0,242,8,2007
2007-08-31,38121.541666666664,45196.0,29116.0,4,0,243,8,2007
2007-09-01,31366.958333333332,36374.0,24658.0,5,1,244,9,2007
2007-09-02,29048.375,34575.0,22690.0,6,1,245,9,2007
2007-09-03,31523.125,39596.0,22939.0,0,0,246,9,2007
2007-09-04,37361.458333333336,46522.0,26059.0,1,0,247,9,2007
2007-09-05,36901.625,45103.0,26537.0,2,0,248,9,2007
2007-09-06,38608.041666666664,48276.0,26999.0,3,0,249,9,2007
2007-09-07,41057.125,52080.0,28579.0,4,0,250,9,2007
2007-09-08,39127.375,48545.0,29051.0,5,1,251,9,2007
2007-09-09,37069.5,45049.0,27477.0,6,1,252,9,2007
2007-09-10,42326.958333333336,50727.0,31092.0,0,0,253,9,2007
2007-09-11,38370.916666666664,42682.0,30761.0,1,0,254,9,2007
2007-09-12,33620.541666666664,38927.0,25708.0,2,0,255,9,2007
2007-09-13,32563.625,38376.0,23863.0,3,0,256,9,2007
2007-09-14,33095.541666666664,37909.0,24971.0,4,0,257,9,2007
2007-09-15,28522.708333333332,31223.0,24417.0,5,1,258,9,2007
2007-09-16,25823.75,30629.0,21062.0,6,1,259,9,2007
2007-09-17,29487.416666666668,33822.0,21756.0,0,0,260,9,2007
2007-09-18,29994.916666666668,34055.0,22511.0,1,0,261,9,2007
2007-09-19,30894.458333333332,35954.0,22732.0,2,0,262,9,2007
2007-09-20,31877.166666666668,37078.0,23216.0,3,0,263,9,2007
2007-09-21,33353.333333333336,40355.0,23977.0,4,0,264,9,2007
2007-09-22,32321.625,38222.0,24750.0,5,1,265,9,2007
2007-09-23,30785.5,35551.0,24889.0,6,1,266,9,2007
2007-09-24,32492.375,39442.0,23104.0,0,0,267,9,2007
2007-09-25,34808.416666666664,43910.0,24023.0,1,0,268,9,2007
2007-09-26,38415.791666666664,48650.0,26262.0,2,0,269,9,2007
2007-09-27,38516.958333333336,46118.0,28441.0,3,0,270,9,2007
2007-09-28,34413.5,39461.0,27453.0,4,0,271,9,2007
2007-09-29,28089.041666666668,31935.0,22694.0,5,1,272,9,2007
2007-09-30,27030.625,32823.0,21371.0,6,1,273,9,2007
2007-10-01,30702.0,35801.0,22578.0,0,0,274,10,2007
2007-10-02,31399.458333333332,36929.0,22985.0,1,0,275,10,2007
2007-10-03,34133.958333333336,40811.0,24334.0,2,0,276,10,2007
2007-10-04,36277.0,44182.0,25864.0,3,0,277,10,2007
2007-10-05,35271.875,41394.0,26422.0,4,0,278,10,2007
2007-10-06,32218.458333333332,38470.0,24719.0,5,1,279,10,2007
2007-10-07,32675.791666666668,39446.0,24596.0,6,1,280,10,2007
2007-10-08,37684.875,47556.0,26046.0,0,0,281,10,2007
2007-10-09,37383.041666666664,43751.0,28743.0,1,0,282,10,2007
2007-10-10,33864.166666666664,38983.0,25703.0,2,0,283,10,2007
2007-10-11,30857.625,34568.0,24199.0,3,0,284,10,2007
2007-10-12,29133.458333333332,32405.0,22605.0,4,0,285,10,2007
2007-10-13,26472.541666666668,29991.0,22090.0,5,1,286,10,2007
2007-10-14,25929.541666666668,30916.0,21513.0,6,1,287,10,2007
2007-10-15,29382.916666666668,34491.0,21955.0,0,0,288,10,2007
2007-10-16,29952.666666666668,35000.0,22481.0,1,0,289,10,2007
2007-10-17,30907.541666666668,36232.0,22909.0,2,0,290,10,2007
2007-10-18,31780.875,37638.0,23376.0,3,0,291,10,2007
2007-10-19,33715.916666666664,38174.0,25171.0,4,0,292,10,2007
2007-10-20,27782.875,30702.0,23075.0,5,1,293,10,2007
2007-10-21,26344.583333333332,31984.0,21112.0,6,1,294,10,2007
2007-10-22,30473.25,36310.0,21990.0,0,0,295,10,2007
2007-10-23,32304.875,38202.0,23694.0,1,0,296,10,2007
2007-10-24,31597.541666666668,35426.0,24604.0,2,0,297,10,2007
2007-10-25,29677.166666666668,34164.0,22693.0,3,0,298,10,2007
2007-10-26,29832.666666666668,34138.0,22748.0,4,0,299,10,2007
2007-10-27,27635.958333333332,31261.0,22578.0,5,1,300,10,2007
2007-10-28,26013.166666666668,31418.0,21226.0,6,1,301,10,2007
2007-10-29,30419.375,35274.0,23313.0,0,0,302,10,2007
2007-10-30,30831.708333333332,34833.0,24778.0,1,0,303,10,2007
2007-10-31,30262.25,33451.0,24127.0,2,0,304,10,2007
2007-11-01,30143.75,34591.0,23331.0,3,0,305,11,2007
2007-11-02,30252.416666666668,33739.0,23971.0,4,0,306,11,2007
2007-11-03,28075.958333333332,31328.0,23575.0,5,1,307,11,2007
2007-11-04,27449.666666666668,32294.0,22989.0,6,1,308,11,2007
2007-11-05,30711.958333333332,35742.0,24095.0,0,0,309,11,2007
2007-11-06,30944.5,36723.0,23836.0,1,0,310,11,2007
2007-11-07,31977.041666666668,37213.0,25534.0,2,0,311,11,2007
2007-11-08,32853.666666666664,37669.0,26939.0,3,0,312,11,2007
2007-11-09,32817.833333333336,36986.0,27158.0,4,0,313,11,2007
2007-11-10,30104.958333333332,34090.0,25464.0,5,1,314,11,2007
2007-11-11,29310.125,33741.0,25942.0,6,1,315,11,2007
2007-11-12,31768.083333333332,37044.0,25024.0,0,0,316,11,2007
2007-11-13,31118.875,36011.0,24482.0,1,0,317,11,2007
2007-11-14,31514.833333333332,36524.0,25050.0,2,0,318,11,2007
2007-11-15,31569.875,37523.0,23677.0,3,0,319,11,2007
2007-11-16,32663.958333333332,37801.0,26128.0,4,0,320,11,2007
2007-11-17,30650.416666666668,34325.0,26676.0,5,1,321,11,2007
2007-11-18,29978.291666666668,35364.0,24869.0,6,1,322,11,2007
2007-11-19,33468.0,39326.0,25788.0,0,0,323,11,2007
2007-11-20,32700.708333333332,37316.0,26209.0,1,0,324,11,2007
2007-11-21,31042.875,35416.0,24982.0,2,0,325,11,2007
2007-11-22,26313.333333333332,29390.0,22274.0,3,0,326,11,2007
2007-11-23,29647.416666666668,35448.0,23344.0,4,0,327,11,2007
2007-11-24,31036.083333333332,35052.0,27294.0,5,1,328,11,2007
2007-11-25,29722.708333333332,34573.0,26094.0,6,1,329,11,2007
2007-11-26,31782.541666666668,37593.0,24545.0,0,0,330,11,2007
2007-11-27,31157.5,37568.0,23585.0,1,0,331,11,2007
2007-11-28,33128.208333333336,38918.0,26271.0,2,0,332,11,2007
2007-11-29,33278.916666666664,38002.0,27200.0,3,0,333,11,2007
2007-11-30,33494.833333333336,38443.0,27071.0,4,0,334,11,2007
2007-12-01,32398.583333333332,37424.0,27768.0,5,1,335,12,2007
2007-12-02,33229.666666666664,38880.0,27890.0,6,1,336,12,2007
2007-12-03,34310.833333333336,41416.0,26691.0,0,0,337,12,2007
2007-12-04,36711.75,42951.0,29639.0,1,0,338,12,2007
2007-12-05,37718.208333333336,43947.0,30457.0,2,0,339,12,2007
2007-12-06,38085.5,43599.0,31671.0,3,0,340,12,2007
2007-12-07,38179.708333333336,42675.0,32808.0,4,0,341,12,2007
2007-12-08,32859.125,36858.0,28731.0,5,1,342,12,2007
2007-12-09,32613.958333333332,38415.0,27054.0,6,1,343,12,2007
2007-12-10,34419.75,40317.0,27043.0,0,0,344,12,2007
2007-12-11,34288.083333333336,40514.0,26959.0,1,0,345,12,2007
2007-12-12,33112.583333333336,39382.0,25798.0,2,0,346,12,2007
2007-12-13,36139.291666666664,42786.0,27608.0,3,0,347,12,2007
2007-12-14,34801.416666666664,39833.0,28553.0,4,0,348,12,2007
2007-12-15,34253.916666666664,39659.0,28948.0,5,1,349,12,2007
2007-12-16,33676.416666666664,39647.0,28612.0,6,1,350,12,2007
2007-12-17,37457.541666666664,43787.0,30289.0,0,0,351,12,2007
2007-12-18,37299.083333333336,42662.0,31182.0,1,0,352,12,2007
2007-12-19,36543.708333333336,41893.0,30089.0,2,0,353,12,2007
2007-12-20,35487.5,40989.0,29269.0,3,0,354,12,2007
2007-12-21,35490.916666666664,40298.0,29186.0,4,0,355,12,2007
2007-12-22,32369.0,36978.0,27345.0,5,1,356,12,2007
2007-12-23,30242.541666666668,34597.0,25545.0,6,1,357,12,2007
2007-12-24,30586.666666666668,35589.0,25038.0,0,0,358,12,2007
2007-12-25,29377.791666666668,32868.0,25722.0,1,0,359,12,2007
2007-12-26,34397.791666666664,40637.0,26924.0,2,0,360,12,2007
2007-12-27,33640.541666666664,38711.0,27434.0,3,0,361,12,2007
2007-12-28,32821.958333333336,37871.0,27056.0,4,0,362,12,2007
2007-12-29,29884.375,34794.0,25117.0,5,1,363,12,2007
2007-12-30,31261.791666666668,36810.0,26163.0,6,1,364,12,2007
2007-12-31,31896.125,37334.0,26487.0,0,0,365,12,2007
2008-01-01,30635.125,36225.0,26839.0,1,0,1,1,2008
2008-01-02,36735.0,44663.0,27737.0,2,0,2,1,2008
2008-01-03,39986.416666666664,45608.0,33634.0,3,0,3,1,2008
2008-01-04,38549.125,43143.0,34217.0,4,0,4,1,2008
2008-01-05,33803.416666666664,37086.0,30246.0,5,1,5,1,2008
2008-01-06,30588.916666666668,35225.0,26720.0,6,1,6,1,2008
2008-01-07,31616.416666666668,36473.0,25204.0,0,0,7,1,2008
2008-01-08,30885.125,35973.0,24240.0,1,0,8,1,2008
2008-01-09,30702.833333333332,36226.0,23517.0,2,0,9,1,2008
2008-01-10,32473.041666666668,37664.0,25506.0,3,0,10,1,2008
2008-01-11,32500.291666666668,36431.0,26240.0,4,0,11,1,2008
2008-01-12,29910.75,34408.0,25161.0,5,1,12,1,2008
2008-01-13,30646.958333333332,35576.0,26592.0,6,1,13,1,2008
2008-01-14,34169.583333333336,40206.0,26324.0,0,0,14,1,2008
2008-01-15,35989.0,41881.0,28955.0,1,0,15,1,2008
2008-01-16,36025.041666666664,40836.0,30166.0,2,0,16,1,2008
2008-01-17,36657.541666666664,42000.0,29983.0,3,0,17,1,2008
2008-01-18,34312.75,38089.0,28958.0,4,0,18,1,2008
2008-01-19,33061.416666666664,37109.0,28304.0,5,1,19,1,2008
2008-01-20,35304.291666666664,42168.0,28861.0,6,1,20,1,2008
2008-01-21,39723.083333333336,44131.0,34692.0,0,0,21,1,2008
2008-01-22,38549.458333333336,42088.0,33438.0,1,0,22,1,2008
2008-01-23,35823.041666666664,41075.0,29494.0,2,0,23,1,2008
2008-01-24,37464.833333333336,42443.0,31106.0,3,0,24,1,2008
2008-01-25,37911.666666666664,41827.0,32492.0,4,0,25,1,2008
2008-01-26,35009.125,38215.0,31523.0,5,1,26,1,2008
2008-01-27,32621.375,37563.0,28753.0,6,1,27,1,2008
2008-01-28,35754.0,40442.0,29656.0,0,0,28,1,2008
2008-01-29,35653.458333333336,39748.0,29899.0,1,0,29,1,2008
2008-01-30,34097.166666666664,40235.0,27008.0,2,0,30,1,2008
2008-01-31,35811.75,40318.0,30024.0,3,0,31,1,2008
2008-02-01,35776.916666666664,39517.0,29442.0,4,0,32,2,2008
2008-02-02,31816.416666666668,35546.0,27673.0,5,1,33,2,2008
2008-02-03,31000.25,34127.0,28334.0,6,1,34,2,2008
2008-02-04,33652.666666666664,38904.0,26493.0,0,0,35,2,2008
2008-02-05,32753.708333333332,37155.0,26665.0,1,0,36,2,2008
2008-02-06,31366.791666666668,35903.0,25019.0,2,0,37,2,2008
2008-02-07,31641.333333333332,37632.0,24018.0,3,0,38,2,2008
2008-02-08,33116.375,36893.0,27479.0,4,0,39,2,2008
2008-02-09,31392.583333333332,34530.0,27604.0,5,1,40,2,2008
2008-02-10,31589.333333333332,39688.0,25976.0,6,1,41,2,2008
2008-02-11,40294.583333333336,45036.0,34179.0,0,0,42,2,2008
2008-02-12,39842.041666666664,44507.0,33783.0,1,0,43,2,2008
2008-02-13,36471.5,40656.0,30440.0,2,0,44,2,2008
2008-02-14,36145.25,40177.0,30907.0,3,0,45,2,2008
2008-02-15,34724.875,37997.0,30283.0,4,0,46,2,2008
2008-02-16,32384.083333333332,35974.0,28460.0,5,1,47,2,2008
2008-02-17,31948.083333333332,35196.0,29145.0,6,1,48,2,2008
2008-02-18,30932.125,36244.0,24806.0,0,0,49,2,2008
2008-02-19,34343.958333333336,40354.0,27107.0,1,0,50,2,2008
2008-02-20,37269.333333333336,42616.0,30926.0,2,0,51,2,2008
2008-02-21,37441.708333333336,41643.0,32314.0,3,0,52,2,2008
2008-02-22,37101.708333333336,41188.0,31004.0,4,0,53,2,2008
2008-02-23,33522.583333333336,37267.0,28877.0,5,1,54,2,2008
2008-02-24,32462.541666666668,36498.0,29936.0,6,1,55,2,2008
2008-02-25,34087.708333333336,38122.0,28638.0,0,0,56,2,2008
2008-02-26,34429.541666666664,38867.0,28097.0,1,0,57,2,2008
2008-02-27,34740.333333333336,40999.0,27370.0,2,0,58,2,2008
2008-02-28,38182.583333333336,42952.0,32115.0,3,0,59,2,2008
2008-02-29,37175.083333333336,41765.0,33132.0,4,0,60,2,2008
2008-03-01,31665.333333333332,35553.0,27653.0,5,1,61,3,2008
2008-03-02,31304.125,35460.0,28544.0,6,1,62,3,2008
2008-03-03,32381.333333333332,36242.0,27752.0,0,0,63,3,2008
2008-03-04,31102.791666666668,36135.0,24419.0,1,0,64,3,2008
2008-03-05,31278.458333333332,36900.0,24063.0,2,0,65,3,2008
2008-03-06,32441.25,36265.0,27424.0,3,0,66,3,2008
2008-03-07,33067.458333333336,37209.0,27301.0,4,0,67,3,2008
2008-03-08,29858.375,32886.0,25011.0,5,1,68,3,2008
2008-03-09,31345.375,35926.0,28028.0,6,1,69,3,2008
2008-03-10,34076.458333333336,38757.0,28631.0,0,0,70,3,2008
2008-03-11,32477.125,36418.0,26977.0,1,0,71,3,2008
2008-03-12,32539.208333333332,36498.0,26530.0,2,0,72,3,2008
2008-03-13,32719.5,37357.0,27820.0,3,0,73,3,2008
2008-03-14,30975.791666666668,34936.0,26004.0,4,0,74,3,2008
2008-03-15,27769.333333333332,30676.0,23732.0,5,1,75,3,2008
2008-03-16,28336.833333333332,33862.0,23305.0,6,1,76,3,2008
2008-03-17,32665.416666666668,36939.0,27011.0,0,0,77,3,2008
2008-03-18,32818.916666666664,36984.0,26510.0,1,0,78,3,2008
2008-03-19,32083.0,35135.0,26122.0,2,0,79,3,2008
2008-03-20,31143.375,35514.0,24181.0,3,0,80,3,2008
2008-03-21,31006.75,34118.0,27142.0,4,0,81,3,2008
2008-03-22,29123.583333333332,32299.0,25143.0,5,1,82,3,2008
2008-03-23,28292.791666666668,31170.0,26061.0,6,1,83,3,2008
2008-03-24,31976.125,35688.0,26351.0,0,0,84,3,2008
2008-03-25,32448.916666666668,36504.0,27357.0,1,0,85,3,2008
2008-03-26,30859.0,33960.0,25723.0,2,0,86,3,2008
2008-03-27,31280.458333333332,34856.0,24592.0,3,0,87,3,2008
2008-03-28,30605.958333333332,33629.0,24779.0,4,0,88,3,2008
2008-03-29,29059.541666666668,31988.0,25483.0,5,1,89,3,2008
2008-03-30,29030.5,33009.0,26017.0,6,1,90,3,2008
2008-03-31,32031.666666666668,35459.0,25429.0,0,0,91,3,2008
2008-04-01,30360.75,33635.0,24244.0,1,0,92,4,2008
2008-04-02,30244.166666666668,34712.0,23371.0,2,0,93,4,2008
2008-04-03,32114.041666666668,35969.0,26406.0,3,0,94,4,2008
2008-04-04,31315.041666666668,34762.0,25891.0,4,0,95,4,2008
2008-04-05,27246.083333333332,30149.0,23366.0,5,1,96,4,2008
2008-04-06,27465.75,32225.0,22664.0,6,1,97,4,2008
2008-04-07,31527.833333333332,35548.0,24417.0,0,0,98,4,2008
2008-04-08,30820.75,34020.0,25173.0,1,0,99,4,2008
2008-04-09,30300.375,33607.0,24363.0,2,0,100,4,2008
2008-04-10,29541.416666666668,33008.0,23392.0,3,0,101,4,2008
2008-04-11,28999.125,32164.0,22314.0,4,0,102,4,2008
2008-04-12,26458.208333333332,29734.0,21865.0,5,1,103,4,2008
2008-04-13,25633.541666666668,30970.0,20905.0,6,1,104,4,2008
2008-04-14,29637.291666666668,33561.0,23338.0,0,0,105,4,2008
2008-04-15,29987.333333333332,33203.0,24584.0,1,0,106,4,2008
2008-04-16,29937.5,33082.0,24405.0,2,0,107,4,2008
2008-04-17,29609.75,32935.0,23362.0,3,0,108,4,2008
2008-04-18,29441.041666666668,33390.0,22322.0,4,0,109,4,2008
2008-04-19,26814.291666666668,30234.0,21642.0,5,1,110,4,2008
2008-04-20,25649.291666666668,30157.0,20899.0,6,1,111,4,2008
2008-04-21,28747.541666666668,32706.0,21641.0,0,0,112,4,2008
2008-04-22,29073.458333333332,32834.0,22450.0,1,0,113,4,2008
2008-04-23,29618.5,33744.0,22315.0,2,0,114,4,2008
2008-04-24,29851.916666666668,33765.0,22558.0,3,0,115,4,2008
2008-04-25,29098.916666666668,32810.0,22252.0,4,0,116,4,2008
2008-04-26,26555.541666666668,29561.0,21778.0,5,1,117,4,2008
2008-04-27,25252.75,29876.0,20702.0,6,1,118,4,2008
2008-04-28,29363.416666666668,33319.0,21811.0,0,0,119,4,2008
2008-04-29,29080.916666666668,32571.0,22793.0,1,0,120,4,2008
2008-04-30,29380.0,32751.0,23581.0,2,0,121,4,2008
2008-05-01,29526.583333333332,32618.0,23757.0,3,0,122,5,2008
2008-05-02,29279.833333333332,32538.0,22838.0,4,0,123,5,2008
2008-05-03,26497.833333333332,29884.0,21702.0,5,1,124,5,2008
2008-05-04,25642.958333333332,29874.0,21241.0,6,1,125,5,2008
2008-05-05,28876.125,32645.0,21668.0,0,0,126,5,2008
2008-05-06,29524.041666666668,33517.0,22108.0,1,0,127,5,2008
2008-05-07,30117.416666666668,34579.0,22173.0,2,0,128,5,2008
2008-05-08,30520.25,34220.0,23293.0,3,0,129,5,2008
2008-05-09,29153.75,32763.0,22911.0,4,0,130,5,2008
2008-05-10,25992.875,28777.0,21803.0,5,1,131,5,2008
2008-05-11,25039.916666666668,29456.0,21216.0,6,1,132,5,2008
2008-05-12,29751.0,33780.0,22076.0,0,0,133,5,2008
2008-05-13,29587.25,32233.0,23698.0,1,0,134,5,2008
2008-05-14,29366.375,33181.0,22286.0,2,0,135,5,2008
2008-05-15,29888.458333333332,33931.0,22380.0,3,0,136,5,2008
2008-05-16,29425.25,33309.0,22760.0,4,0,137,5,2008
2008-05-17,26278.083333333332,29098.0,21926.0,5,1,138,5,2008
2008-05-18,25556.125,29398.0,20907.0,6,1,139,5,2008
2008-05-19,28713.291666666668,32166.0,21849.0,0,0,140,5,2008
2008-05-20,29805.666666666668,33093.0,22878.0,1,0,141,5,2008
2008-05-21,29470.208333333332,32406.0,23253.0,2,0,142,5,2008
2008-05-22,29150.791666666668,32347.0,22738.0,3,0,143,5,2008
2008-05-23,28658.791666666668,32056.0,22688.0,4,0,144,5,2008
2008-05-24,25604.333333333332,28182.0,21415.0,5,1,145,5,2008
2008-05-25,24899.166666666668,27965.0,20612.0,6,1,146,5,2008
2008-05-26,26737.583333333332,32526.0,20553.0,0,0,147,5,2008
2008-05-27,33459.708333333336,40678.0,23526.0,1,0,148,5,2008
2008-05-28,30158.583333333332,33545.0,23510.0,2,0,149,5,2008
2008-05-29,30025.458333333332,34575.0,22314.0,3,0,150,5,2008
2008-05-30,31088.333333333332,36799.0,22664.0,4,0,151,5,2008
2008-05-31,29581.375,34165.0,23167.0,5,1,152,5,2008
2008-06-01,29393.666666666668,33942.0,22623.0,6,1,153,6,2008
2008-06-02,32090.75,38078.0,23179.0,0,0,154,6,2008
2008-06-03,32979.208333333336,39463.0,23712.0,1,0,155,6,2008
2008-06-04,33057.666666666664,38947.0,24656.0,2,0,156,6,2008
2008-06-05,33846.666666666664,40220.0,24570.0,3,0,157,6,2008
2008-06-06,34638.0,42134.0,25323.0,4,0,158,6,2008
2008-06-07,38209.0,49102.0,25870.0,5,1,159,6,2008
2008-06-08,41483.125,51330.0,29129.0,6,1,160,6,2008
2008-06-09,47511.833333333336,58588.0,32832.0,0,0,161,6,2008
2008-06-10,47808.166666666664,59655.0,34650.0,1,0,162,6,2008
2008-06-11,40940.541666666664,49374.0,30942.0,2,0,163,6,2008
2008-06-12,39882.583333333336,49647.0,28126.0,3,0,164,6,2008
2008-06-13,39225.333333333336,48787.0,27766.0,4,0,165,6,2008
2008-06-14,37600.625,47083.0,27666.0,5,1,166,6,2008
2008-06-15,35035.416666666664,41642.0,27076.0,6,1,167,6,2008
2008-06-16,37294.958333333336,46912.0,26963.0,0,0,168,6,2008
2008-06-17,33578.625,39255.0,25364.0,1,0,169,6,2008
2008-06-18,31547.666666666668,36573.0,23712.0,2,0,170,6,2008
2008-06-19,31429.083333333332,36598.0,23396.0,3,0,171,6,2008
2008-06-20,32754.208333333332,39074.0,23845.0,4,0,172,6,2008
2008-06-21,32767.625,39744.0,24187.0,5,1,173,6,2008
2008-06-22,33359.958333333336,40435.0,25043.0,6,1,174,6,2008
2008-06-23,37575.708333333336,46073.0,27278.0,0,0,175,6,2008
2008-06-24,35370.25,42165.0,26152.0,1,0,176,6,2008
2008-06-25,36341.458333333336,44906.0,25483.0,2,0,177,6,2008
2008-06-26,38929.041666666664,47906.0,27890.0,3,0,178,6,2008
2008-06-27,40752.5,50228.0,29725.0,4,0,179,6,2008
2008-06-28,38793.541666666664,47115.0,28089.0,5,1,180,6,2008
2008-06-29,37697.833333333336,44821.0,28040.0,6,1,181,6,2008
2008-06-30,39002.416666666664,46531.0,29075.0,0,0,182,6,2008
2008-07-01,37694.75,45931.0,27262.0,1,0,183,7,2008
2008-07-02,37466.625,46090.0,26848.0,2,0,184,7,2008
2008-07-03,38697.333333333336,48777.0,26836.0,3,0,185,7,2008
2008-07-04,33440.208333333336,38270.0,27542.0,4,0,186,7,2008
2008-07-05,32259.958333333332,37606.0,25537.0,5,1,187,7,2008
2008-07-06,32866.708333333336,39150.0,25349.0,6,1,188,7,2008
2008-07-07,39224.416666666664,48146.0,27887.0,0,0,189,7,2008
2008-07-08,42332.0,53301.0,29255.0,1,0,190,7,2008
2008-07-09,40782.208333333336,47770.0,31106.0,2,0,191,7,2008
2008-07-10,39323.375,46948.0,29720.0,3,0,192,7,2008
2008-07-11,38521.916666666664,48113.0,27049.0,4,0,193,7,2008
2008-07-12,37976.916666666664,46786.0,27521.0,5,1,194,7,2008
2008-07-13,37246.375,46246.0,27133.0,6,1,195,7,2008
2008-07-14,38398.416666666664,45212.0,30095.0,0,0,196,7,2008
2008-07-15,39134.291666666664,49022.0,27299.0,1,0,197,7,2008
2008-07-16,40719.25,51925.0,27835.0,2,0,198,7,2008
2008-07-17,42673.875,54480.0,29212.0,3,0,199,7,2008
2008-07-18,44459.5,55719.0,30926.0,4,0,200,7,2008
2008-07-19,42542.083333333336,51915.0,30882.0,5,1,201,7,2008
2008-07-20,42771.458333333336,52214.0,31429.0,6,1,202,7,2008
2008-07-21,45132.708333333336,55412.0,32792.0,0,0,203,7,2008
2008-07-22,44301.333333333336,53815.0,32554.0,1,0,204,7,2008
2008-07-23,40880.416666666664,47763.0,32079.0,2,0,205,7,2008
2008-07-24,37867.333333333336,45659.0,28438.0,3,0,206,7,2008
2008-07-25,37126.083333333336,46380.0,26298.0,4,0,207,7,2008
2008-07-26,36239.708333333336,44580.0,26388.0,5,1,208,7,2008
2008-07-27,34464.875,41638.0,27171.0,6,1,209,7,2008
2008-07-28,37624.583333333336,47717.0,26237.0,0,0,210,7,2008
2008-07-29,41009.458333333336,51944.0,28257.0,1,0,211,7,2008
2008-07-30,42359.458333333336,52128.0,30418.0,2,0,212,7,2008
2008-07-31,42414.416666666664,50058.0,31832.0,3,0,213,7,2008
2008-08-01,42056.208333333336,51665.0,30485.0,4,0,214,8,2008
2008-08-02,36281.666666666664,42521.0,29202.0,5,1,215,8,2008
2008-08-03,33722.666666666664,40916.0,25379.0,6,1,216,8,2008
2008-08-04,38101.541666666664,47510.0,26680.0,0,0,217,8,2008
2008-08-05,39309.291666666664,47894.0,28299.0,1,0,218,8,2008
2008-08-06,41481.041666666664,51389.0,30253.0,2,0,219,8,2008
2008-08-07,38811.041666666664,47177.0,28723.0,3,0,220,8,2008
2008-08-08,35381.333333333336,42016.0,26936.0,4,0,221,8,2008
2008-08-09,31350.75,36998.0,24316.0,5,1,222,8,2008
2008-08-10,29819.375,34196.0,23699.0,6,1,223,8,2008
2008-08-11,32036.708333333332,37213.0,24045.0,0,0,224,8,2008
2008-08-12,33394.375,40438.0,24031.0,1,0,225,8,2008
2008-08-13,35259.166666666664,43252.0,25212.0,2,0,226,8,2008
2008-08-14,36655.625,45312.0,26885.0,3,0,227,8,2008
2008-08-15,35154.0,41902.0,26472.0,4,0,228,8,2008
2008-08-16,32041.458333333332,37819.0,24661.0,5,1,229,8,2008
2008-08-17,31741.666666666668,39300.0,23593.0,6,1,230,8,2008
2008-08-18,38254.75,48646.0,26186.0,0,0,231,8,2008
2008-08-19,38969.166666666664,48183.0,28552.0,1,0,232,8,2008
2008-08-20,33855.625,40361.0,25455.0,2,0,233,8,2008
2008-08-21,34517.666666666664,42617.0,24642.0,3,0,234,8,2008
2008-08-22,35471.583333333336,43636.0,25718.0,4,0,235,8,2008
2008-08-23,32574.5,38850.0,24952.0,5,1,236,8,2008
2008-08-24,33823.5,41833.0,25067.0,6,1,237,8,2008
2008-08-25,38317.5,46872.0,27811.0,0,0,238,8,2008
2008-08-26,34226.416666666664,40527.0,26205.0,1,0,239,8,2008
2008-08-27,32941.083333333336,38791.0,24482.0,2,0,240,8,2008
2008-08-28,33046.041666666664,37974.0,24846.0,3,0,241,8,2008
2008-08-29,33467.291666666664,38492.0,25431.0,4,0,242,8,2008
2008-08-30,33497.458333333336,40718.0,25472.0,5,1,243,8,2008
2008-08-31,31801.416666666668,38303.0,24562.0,6,1,244,8,2008
2008-09-01,31314.625,39039.0,23269.0,0,0,245,9,2008
2008-09-02,36526.0,47210.0,24285.0,1,0,246,9,2008
2008-09-03,38723.0,49072.0,26882.0,2,0,247,9,2008
2008-09-04,41066.541666666664,52417.0,28174.0,3,0,248,9,2008
2008-09-05,40843.625,50344.0,29635.0,4,0,249,9,2008
2008-09-06,35914.208333333336,40762.0,30164.0,5,1,250,9,2008
2008-09-07,31729.375,37897.0,24668.0,6,1,251,9,2008
2008-09-08,35418.375,43598.0,24979.0,0,0,252,9,2008
2008-09-09,35050.083333333336,39330.0,26746.0,1,0,253,9,2008
2008-09-10,32553.625,37264.0,25126.0,2,0,254,9,2008
2008-09-11,31809.75,36458.0,23767.0,3,0,255,9,2008
2008-09-12,32031.333333333332,36162.0,24193.0,4,0,256,9,2008
2008-09-13,33640.875,40592.0,24961.0,5,1,257,9,2008
2008-09-14,37890.625,48241.0,26674.0,6,1,258,9,2008
2008-09-15,39418.166666666664,45265.0,31847.0,0,0,259,9,2008
2008-09-16,31984.0,35538.0,25053.0,1,0,260,9,2008
2008-09-17,30845.666666666668,35764.0,23054.0,2,0,261,9,2008
2008-09-18,31126.666666666668,36246.0,23015.0,3,0,262,9,2008
2008-09-19,29437.208333333332,33247.0,22720.0,4,0,263,9,2008
2008-09-20,26419.833333333332,29855.0,21594.0,5,1,264,9,2008
2008-09-21,26768.125,32653.0,20827.0,6,1,265,9,2008
2008-09-22,30948.0,36077.0,22548.0,0,0,266,9,2008
2008-09-23,30386.375,34450.0,23158.0,1,0,267,9,2008
2008-09-24,29793.75,34131.0,22356.0,2,0,268,9,2008
2008-09-25,29285.541666666668,33581.0,22398.0,3,0,269,9,2008
2008-09-26,29635.666666666668,33461.0,22384.0,4,0,270,9,2008
2008-09-27,28474.333333333332,32686.0,22697.0,5,1,271,9,2008
2008-09-28,28695.458333333332,34096.0,22774.0,6,1,272,9,2008
2008-09-29,31013.583333333332,35432.0,23122.0,0,0,273,9,2008
2008-09-30,30167.541666666668,35202.0,22551.0,1,0,274,9,2008
2008-10-01,30128.291666666668,34248.0,22797.0,2,0,275,10,2008
2008-10-02,28880.916666666668,33160.0,22169.0,3,0,276,10,2008
2008-10-03,28643.583333333332,31924.0,22115.0,4,0,277,10,2008
2008-10-04,26176.083333333332,29833.0,21660.0,5,1,278,10,2008
2008-10-05,25760.458333333332,30842.0,20965.0,6,1,279,10,2008
2008-10-06,28881.541666666668,33762.0,21455.0,0,0,280,10,2008
2008-10-07,29267.416666666668,33731.0,22552.0,1,0,281,10,2008
2008-10-08,29463.708333333332,33892.0,22641.0,2,0,282,10,2008
2008-10-09,30253.291666666668,35228.0,22534.0,3,0,283,10,2008
2008-10-10,29528.916666666668,33449.0,22574.0,4,0,284,10,2008
2008-10-11,26167.916666666668,29993.0,21400.0,5,1,285,10,2008
2008-10-12,25667.916666666668,30796.0,20742.0,6,1,286,10,2008
2008-10-13,29249.708333333332,34985.0,21555.0,0,0,287,10,2008
2008-10-14,30182.291666666668,35465.0,22283.0,1,0,288,10,2008
2008-10-15,30653.708333333332,35616.0,22887.0,2,0,289,10,2008
2008-10-16,30916.75,35478.0,22907.0,3,0,290,10,2008
2008-10-17,28352.541666666668,31675.0,22107.0,4,0,291,10,2008
2008-10-18,26048.25,29835.0,21666.0,5,1,292,10,2008
2008-10-19,26152.708333333332,31123.0,21897.0,6,1,293,10,2008
2008-10-20,29979.208333333332,34181.0,23273.0,0,0,294,10,2008
2008-10-21,30139.416666666668,34614.0,23783.0,1,0,295,10,2008
2008-10-22,30291.208333333332,34847.0,23872.0,2,0,296,10,2008
2008-10-23,30615.0,34579.0,24626.0,3,0,297,10,2008
2008-10-24,30469.916666666668,33904.0,24747.0,4,0,298,10,2008
2008-10-25,27332.041666666668,30883.0,22646.0,5,1,299,10,2008
2008-10-26,25976.0,30811.0,21707.0,6,1,300,10,2008
2008-10-27,29972.083333333332,35654.0,22281.0,0,0,301,10,2008
2008-10-28,32099.666666666668,37302.0,24655.0,1,0,302,10,2008
2008-10-29,32098.25,36763.0,25497.0,2,0,303,10,2008
2008-10-30,31942.041666666668,35679.0,26204.0,3,0,304,10,2008
2008-10-31,30794.833333333332,35479.0,26234.0,4,0,305,10,2008
2008-11-01,27122.666666666668,30256.0,23252.0,5,1,306,11,2008
2008-11-02,26772.479166666668,32422.0,21560.0,6,1,307,11,2008
2008-11-03,30165.125,35259.0,23134.0,0,0,308,11,2008
2008-11-04,29887.75,34824.0,23443.0,1,0,309,11,2008
2008-11-05,29690.416666666668,34786.0,22871.0,2,0,310,11,2008
2008-11-06,29667.416666666668,34814.0,22678.0,3,0,311,11,2008
2008-11-07,28968.25,33593.0,22446.0,4,0,312,11,2008
2008-11-08,26608.333333333332,30849.0,21557.0,5,1,313,11,2008
2008-11-09,26196.833333333332,31757.0,21453.0,6,1,314,11,2008
2008-11-10,30638.5,36860.0,23126.0,0,0,315,11,2008
2008-11-11,31775.25,36683.0,26051.0,1,0,316,11,2008
2008-11-12,31376.125,36163.0,25465.0,2,0,317,11,2008
2008-11-13,31376.916666666668,36421.0,24580.0,3,0,318,11,2008
2008-11-14,29771.0,34546.0,23362.0,4,0,319,11,2008
2008-11-15,27166.208333333332,31474.0,22142.0,5,1,320,11,2008
2008-11-16,27679.125,33975.0,21823.0,6,1,321,11,2008
2008-11-17,32055.75,37625.0,25168.0,0,0,322,11,2008
2008-11-18,34158.083333333336,40401.0,27044.0,1,0,323,11,2008
2008-11-19,35214.041666666664,40190.0,29333.0,2,0,324,11,2008
2008-11-20,34367.833333333336,39531.0,27946.0,3,0,325,11,2008
2008-11-21,34685.666666666664,40063.0,28036.0,4,0,326,11,2008
2008-11-22,34091.708333333336,38180.0,29891.0,5,1,327,11,2008
2008-11-23,32664.125,37282.0,29375.0,6,1,328,11,2008
2008-11-24,34815.583333333336,39011.0,29328.0,0,0,329,11,2008
2008-11-25,32996.708333333336,38433.0,26024.0,1,0,330,11,2008
2008-11-26,33455.958333333336,38257.0,27302.0,2,0,331,11,2008
2008-11-27,29567.083333333332,32223.0,26622.0,3,0,332,11,2008
2008-11-28,30392.75,34865.0,25963.0,4,0,333,11,2008
2008-11-29,29974.083333333332,34071.0,26037.0,5,1,334,11,2008
2008-11-30,30755.666666666668,35933.0,25506.0,6,1,335,11,2008
2008-12-01,31405.166666666668,37594.0,24124.0,0,0,336,12,2008
2008-12-02,33320.958333333336,39280.0,26357.0,1,0,337,12,2008
2008-12-03,34343.166666666664,39303.0,28393.0,2,0,338,12,2008
2008-12-04,33401.291666666664,38148.0,27407.0,3,0,339,12,2008
2008-12-05,34065.958333333336,39701.0,26885.0,4,0,340,12,2008
2008-12-06,34156.708333333336,38492.0,29839.0,5,1,341,12,2008
2008-12-07,33726.583333333336,41272.0,27643.0,6,1,342,12,2008
2008-12-08,38714.333333333336,44213.0,31890.0,0,0,343,12,2008
2008-12-09,35511.166666666664,39513.0,30290.0,1,0,344,12,2008
2008-12-10,31951.833333333332,37585.0,24798.0,2,0,345,12,2008
2008-12-11,33658.666666666664,40439.0,24822.0,3,0,346,12,2008
2008-12-12,34211.625,40392.0,26880.0,4,0,347,12,2008
2008-12-13,33616.166666666664,38775.0,28638.0,5,1,348,12,2008
2008-12-14,32461.125,37183.0,29245.0,6,1,349,12,2008
2008-12-15,32193.166666666668,37621.0,25494.0,0,0,350,12,2008
2008-12-16,33872.791666666664,41949.0,24306.0,1,0,351,12,2008
2008-12-17,35183.333333333336,40572.0,28370.0,2,0,352,12,2008
2008-12-18,34723.25,40253.0,27728.0,3,0,353,12,2008
2008-12-19,35449.75,41438.0,27676.0,4,0,354,12,2008
2008-12-20,34046.708333333336,39800.0,27543.0,5,1,355,12,2008
2008-12-21,34387.291666666664,40038.0,29404.0,6,1,356,12,2008
2008-12-22,40412.083333333336,46457.0,32727.0,0,0,357,12,2008
2008-12-23,39232.916666666664,43391.0,34171.0,1,0,358,12,2008
2008-12-24,33990.125,37699.0,29310.0,2,0,359,12,2008
2008-12-25,28785.041666666668,33033.0,24088.0,3,0,360,12,2008
2008-12-26,32720.333333333332,37685.0,27511.0,4,0,361,12,2008
2008-12-27,30130.875,34299.0,25704.0,5,1,362,12,2008
2008-12-28,27661.916666666668,32672.0,23134.0,6,1,363,12,2008
2008-12-29,31359.708333333332,37703.0,24033.0,0,0,364,12,2008
2008-12-30,32601.291666666668,38171.0,26289.0,1,0,365,12,2008
2008-12-31,34196.708333333336,41580.0,26995.0,2,0,366,12,2008
2009-01-01,34718.083333333336,38825.0,31632.0,3,0,1,1,2009
2009-01-02,34989.708333333336,39262.0,29682.0,4,0,2,1,2009
2009-01-03,32507.875,37154.0,28283.0,5,1,3,1,2009
2009-01-04,32334.916666666668,36656.0,29070.0,6,1,4,1,2009
2009-01-05,33323.583333333336,39019.0,26271.0,0,0,5,1,2009
2009-01-06,35485.875,41990.0,27470.0,1,0,6,1,2009
2009-01-07,35561.291666666664,40543.0,28723.0,2,0,7,1,2009
2009-01-08,35326.333333333336,41213.0,28321.0,3,0,8,1,2009
2009-01-09,36385.541666666664,40609.0,30504.0,4,0,9,1,2009
2009-01-10,34291.958333333336,38782.0,29458.0,5,1,10,1,2009
2009-01-11,32826.666666666664,38653.0,27563.0,6,1,11,1,2009
2009-01-12,36585.5,41723.0,30127.0,0,0,12,1,2009
2009-01-13,36858.708333333336,40992.0,30925.0,1,0,13,1,2009
2009-01-14,38225.541666666664,44097.0,30419.0,2,0,14,1,2009
2009-01-15,39721.625,46004.0,32213.0,3,0,15,1,2009
2009-01-16,42399.666666666664,47461.0,36030.0,4,0,16,1,2009
2009-01-17,40635.25,43564.0,37985.0,5,1,17,1,2009
2009-01-18,35541.416666666664,38773.0,32055.0,6,1,18,1,2009
2009-01-19,37451.916666666664,42770.0,31052.0,0,0,19,1,2009
2009-01-20,39071.958333333336,44163.0,32961.0,1,0,20,1,2009
2009-01-21,39580.0,44403.0,33654.0,2,0,21,1,2009
2009-01-22,37978.333333333336,42874.0,33711.0,3,0,22,1,2009
2009-01-23,35016.583333333336,40307.0,30940.0,4,0,23,1,2009
2009-01-24,32522.916666666668,38495.0,26335.0,5,1,24,1,2009
2009-01-25,35318.916666666664,39885.0,31702.0,6,1,25,1,2009
2009-01-26,38247.791666666664,43071.0,31816.0,0,0,26,1,2009
2009-01-27,37821.916666666664,43160.0,30824.0,1,0,27,1,2009
2009-01-28,37580.583333333336,41725.0,31555.0,2,0,28,1,2009
2009-01-29,36443.333333333336,41111.0,30464.0,3,0,29,1,2009
2009-01-30,36748.5,40655.0,31586.0,4,0,30,1,2009
2009-01-31,35366.833333333336,39235.0,31369.0,5,1,31,1,2009
2009-02-01,31751.833333333332,34088.0,29902.0,6,1,32,2,2009
2009-02-02,33052.375,38305.0,26607.0,0,0,33,2,2009
2009-02-03,35442.375,41279.0,27989.0,1,0,34,2,2009
2009-02-04,37037.0,42556.0,30502.0,2,0,35,2,2009
2009-02-05,40296.083333333336,45308.0,33947.0,3,0,36,2,2009
2009-02-06,38111.375,42838.0,34987.0,4,0,37,2,2009
2009-02-07,32654.625,36158.0,30053.0,5,1,38,2,2009
2009-02-08,28234.75,33269.0,24355.0,6,1,39,2,2009
2009-02-09,32634.458333333332,37483.0,26124.0,0,0,40,2,2009
2009-02-10,32511.5,36789.0,26760.0,1,0,41,2,2009
2009-02-11,30525.541666666668,34829.0,24781.0,2,0,42,2,2009
2009-02-12,30427.791666666668,36343.0,23186.0,3,0,43,2,2009
2009-02-13,32107.5,36746.0,25891.0,4,0,44,2,2009
2009-02-14,31062.083333333332,34337.0,27564.0,5,1,45,2,2009
2009-02-15,30355.166666666668,34590.0,27012.0,6,1,46,2,2009
2009-02-16,33667.75,38837.0,27970.0,0,0,47,2,2009
2009-02-17,34765.5,38805.0,29582.0,1,0,48,2,2009
2009-02-18,35523.75,39880.0,29194.0,2,0,49,2,2009
2009-02-19,33354.416666666664,39872.0,26429.0,3,0,50,2,2009
2009-02-20,36563.708333333336,40520.0,30959.0,4,0,51,2,2009
2009-02-21,32444.875,34934.0,30090.0,5,1,52,2,2009
2009-02-22,31469.208333333332,37305.0,26747.0,6,1,53,2,2009
2009-02-23,36196.708333333336,41749.0,29660.0,0,0,54,2,2009
2009-02-24,36604.458333333336,40727.0,31843.0,1,0,55,2,2009
2009-02-25,34985.833333333336,39972.0,31023.0,2,0,56,2,2009
2009-02-26,33310.625,36721.0,28277.0,3,0,57,2,2009
2009-02-27,31029.208333333332,34015.0,26406.0,4,0,58,2,2009
2009-02-28,29559.958333333332,34573.0,23818.0,5,1,59,2,2009
2009-03-01,31542.958333333332,36427.0,26938.0,6,1,60,3,2009
2009-03-02,37473.416666666664,43703.0,29607.0,0,0,61,3,2009
2009-03-03,39069.375,42919.0,34346.0,1,0,62,3,2009
2009-03-04,37335.666666666664,41944.0,33501.0,2,0,63,3,2009
2009-03-05,34985.0,40137.0,31546.0,3,0,64,3,2009
2009-03-06,31303.5,34738.0,26918.0,4,0,65,3,2009
2009-03-07,26886.416666666668,29808.0,23383.0,5,1,66,3,2009
2009-03-08,25513.708333333332,30360.0,21253.0,6,1,67,3,2009
2009-03-09,29208.541666666668,33750.0,21979.0,0,0,68,3,2009
2009-03-10,31271.833333333332,35981.0,24299.0,1,0,69,3,2009
2009-03-11,30781.625,33886.0,25161.0,2,0,70,3,2009
2009-03-12,31423.833333333332,35672.0,24674.0,3,0,71,3,2009
2009-03-13,32193.541666666668,36050.0,26488.0,4,0,72,3,2009
2009-03-14,29407.0,32285.0,26399.0,5,1,73,3,2009
2009-03-15,28105.666666666668,32135.0,23956.0,6,1,74,3,2009
2009-03-16,30850.458333333332,35083.0,24263.0,0,0,75,3,2009
2009-03-17,30455.75,34244.0,24990.0,1,0,76,3,2009
2009-03-18,30045.708333333332,34207.0,24867.0,2,0,77,3,2009
2009-03-19,29860.875,34028.0,22970.0,3,0,78,3,2009
2009-03-20,30824.916666666668,34255.0,24569.0,4,0,79,3,2009
2009-03-21,29226.5,32033.0,26763.0,5,1,80,3,2009
2009-03-22,27979.416666666668,31441.0,25449.0,6,1,81,3,2009
2009-03-23,31553.5,35979.0,24732.0,0,0,82,3,2009
2009-03-24,32691.958333333332,37611.0,27671.0,1,0,83,3,2009
2009-03-25,31710.25,36429.0,27065.0,2,0,84,3,2009
2009-03-26,31285.75,34974.0,24518.0,3,0,85,3,2009
2009-03-27,28945.5,32290.0,23927.0,4,0,86,3,2009
2009-03-28,26559.791666666668,29671.0,22031.0,5,1,87,3,2009
2009-03-29,26029.458333333332,29954.0,21931.0,6,1,88,3,2009
2009-03-30,29639.958333333332,34089.0,22346.0,0,0,89,3,2009
2009-03-31,29930.916666666668,33928.0,24871.0,1,0,90,3,2009
2009-04-01,30226.041666666668,33955.0,23580.0,2,0,91,4,2009
2009-04-02,29113.708333333332,32327.0,23247.0,3,0,92,4,2009
2009-04-03,28600.791666666668,32351.0,22185.0,4,0,93,4,2009
2009-04-04,26393.708333333332,29730.0,21986.0,5,1,94,4,2009
2009-04-05,25366.25,29233.0,22226.0,6,1,95,4,2009
2009-04-06,28781.708333333332,32798.0,21506.0,0,0,96,4,2009
2009-04-07,30564.5,34884.0,23858.0,1,0,97,4,2009
2009-04-08,30798.125,33967.0,25724.0,2,0,98,4,2009
2009-04-09,29290.5,32613.0,24894.0,3,0,99,4,2009
2009-04-10,27362.583333333332,30385.0,22604.0,4,0,100,4,2009
2009-04-11,26202.958333333332,29917.0,21041.0,5,1,101,4,2009
2009-04-12,25951.875,29077.0,23193.0,6,1,102,4,2009
2009-04-13,29533.958333333332,32820.0,24031.0,0,0,103,4,2009
2009-04-14,30357.875,34145.0,23455.0,1,0,104,4,2009
2009-04-15,30852.916666666668,34585.0,24164.0,2,0,105,4,2009
2009-04-16,29756.041666666668,33122.0,25187.0,3,0,106,4,2009
2009-04-17,28541.666666666668,31731.0,23455.0,4,0,107,4,2009
2009-04-18,25439.208333333332,28637.0,21517.0,5,1,108,4,2009
2009-04-19,24504.541666666668,29357.0,20215.0,6,1,109,4,2009
2009-04-20,29427.666666666668,33823.0,21396.0,0,0,110,4,2009
2009-04-21,28822.458333333332,31826.0,22927.0,1,0,111,4,2009
2009-04-22,28725.333333333332,32706.0,22141.0,2,0,112,4,2009
2009-04-23,28911.041666666668,31893.0,23368.0,3,0,113,4,2009
2009-04-24,28280.916666666668,31071.0,23048.0,4,0,114,4,2009
2009-04-25,26219.125,31164.0,20680.0,5,1,115,4,2009
2009-04-26,28723.625,36074.0,21276.0,6,1,116,4,2009
2009-04-27,34283.5,42473.0,23738.0,0,0,117,4,2009
2009-04-28,34597.708333333336,42095.0,24887.0,1,0,118,4,2009
2009-04-29,29013.333333333332,31517.0,23538.0,2,0,119,4,2009
2009-04-30,27885.958333333332,31559.0,21278.0,3,0,120,4,2009
2009-05-01,28500.916666666668,32244.0,21494.0,4,0,121,5,2009
2009-05-02,25551.833333333332,28544.0,21389.0,5,1,122,5,2009
2009-05-03,24993.166666666668,29136.0,20427.0,6,1,123,5,2009
2009-05-04,28316.708333333332,32092.0,21036.0,0,0,124,5,2009
2009-05-05,28496.083333333332,32011.0,21878.0,1,0,125,5,2009
2009-05-06,28477.166666666668,32101.0,21891.0,2,0,126,5,2009
2009-05-07,29105.0,32838.0,21830.0,3,0,127,5,2009
2009-05-08,29127.583333333332,33313.0,21770.0,4,0,128,5,2009
2009-05-09,28276.208333333332,32854.0,21772.0,5,1,129,5,2009
2009-05-10,25158.833333333332,28530.0,20737.0,6,1,130,5,2009
2009-05-11,27807.458333333332,31413.0,20761.0,0,0,131,5,2009
2009-05-12,28133.875,31528.0,21541.0,1,0,132,5,2009
2009-05-13,28349.166666666668,31775.0,21628.0,2,0,133,5,2009
2009-05-14,28835.666666666668,32542.0,21421.0,3,0,134,5,2009
2009-05-15,30107.75,34988.0,22156.0,4,0,135,5,2009
2009-05-16,27891.666666666668,31912.0,22041.0,5,1,136,5,2009
2009-05-17,25325.708333333332,28519.0,21874.0,6,1,137,5,2009
2009-05-18,27582.708333333332,30914.0,20848.0,0,0,138,5,2009
2009-05-19,28297.625,31437.0,21927.0,1,0,139,5,2009
2009-05-20,29178.416666666668,33957.0,21412.0,2,0,140,5,2009
2009-05-21,30178.125,35882.0,21619.0,3,0,141,5,2009
2009-05-22,31338.416666666668,37849.0,22178.0,4,0,142,5,2009
2009-05-23,29689.708333333332,34807.0,22747.0,5,1,143,5,2009
2009-05-24,29128.083333333332,34548.0,22280.0,6,1,144,5,2009
2009-05-25,29805.125,34766.0,22946.0,0,0,145,5,2009
2009-05-26,28891.375,32003.0,22850.0,1,0,146,5,2009
2009-05-27,28918.083333333332,33000.0,21476.0,2,0,147,5,2009
2009-05-28,30494.541666666668,35200.0,22444.0,3,0,148,5,2009
2009-05-29,30431.291666666668,35519.0,22721.0,4,0,149,5,2009
2009-05-30,27589.666666666668,31432.0,21723.0,5,1,150,5,2009
2009-05-31,26720.75,31609.0,20793.0,6,1,151,5,2009
2009-06-01,29020.25,33575.0,21235.0,0,0,152,6,2009
2009-06-02,32228.416666666668,39171.0,22362.0,1,0,153,6,2009
2009-06-03,32274.541666666668,37799.0,24330.0,2,0,154,6,2009
2009-06-04,29369.458333333332,32923.0,22743.0,3,0,155,6,2009
2009-06-05,28567.75,32516.0,22076.0,4,0,156,6,2009
2009-06-06,26707.166666666668,30390.0,21268.0,5,1,157,6,2009
2009-06-07,28287.708333333332,34294.0,21026.0,6,1,158,6,2009
2009-06-08,34193.333333333336,41869.0,23722.0,0,0,159,6,2009
2009-06-09,33576.791666666664,39987.0,25203.0,1,0,160,6,2009
2009-06-10,32712.791666666668,38953.0,23641.0,2,0,161,6,2009
2009-06-11,31800.666666666668,35806.0,24217.0,3,0,162,6,2009
2009-06-12,34014.083333333336,41471.0,24058.0,4,0,163,6,2009
2009-06-13,30938.625,35728.0,24321.0,5,1,164,6,2009
2009-06-14,28616.458333333332,33666.0,22362.0,6,1,165,6,2009
2009-06-15,32063.541666666668,38500.0,22919.0,0,0,166,6,2009
2009-06-16,30685.041666666668,35116.0,23652.0,1,0,167,6,2009
2009-06-17,29259.791666666668,33413.0,22434.0,2,0,168,6,2009
2009-06-18,30640.0,35150.0,22614.0,3,0,169,6,2009
2009-06-19,31792.458333333332,37628.0,23183.0,4,0,170,6,2009
2009-06-20,29235.708333333332,33126.0,23196.0,5,1,171,6,2009
2009-06-21,28334.708333333332,32519.0,22857.0,6,1,172,6,2009
2009-06-22,33130.666666666664,39516.0,23600.0,0,0,173,6,2009
2009-06-23,33908.625,40761.0,24337.0,1,0,174,6,2009
2009-06-24,34853.875,41512.0,25041.0,2,0,175,6,2009
2009-06-25,36569.75,45488.0,25566.0,3,0,176,6,2009
2009-06-26,36986.916666666664,46340.0,26869.0,4,0,177,6,2009
2009-06-27,32225.583333333332,37711.0,24593.0,5,1,178,6,2009
2009-06-28,30473.916666666668,35820.0,22995.0,6,1,179,6,2009
2009-06-29,34688.875,42671.0,24307.0,0,0,180,6,2009
2009-06-30,34909.125,42569.0,25055.0,1,0,181,6,2009
2009-07-01,34916.333333333336,43183.0,24868.0,2,0,182,7,2009
2009-07-02,34583.125,41279.0,25480.0,3,0,183,7,2009
2009-07-03,30763.958333333332,36365.0,23774.0,4,0,184,7,2009
2009-07-04,28783.333333333332,33769.0,22302.0,5,1,185,7,2009
2009-07-05,28153.875,33325.0,21648.0,6,1,186,7,2009
2009-07-06,33611.041666666664,42165.0,23012.0,0,0,187,7,2009
2009-07-07,35311.708333333336,42648.0,25216.0,1,0,188,7,2009
2009-07-08,33443.208333333336,39663.0,24842.0,2,0,189,7,2009
2009-07-09,32518.166666666668,38916.0,23806.0,3,0,190,7,2009
2009-07-10,32445.708333333332,39342.0,23642.0,4,0,191,7,2009
2009-07-11,30549.083333333332,35943.0,23305.0,5,1,192,7,2009
2009-07-12,31797.833333333332,38416.0,24039.0,6,1,193,7,2009
2009-07-13,33974.5,41483.0,24052.0,0,0,194,7,2009
2009-07-14,33361.25,40518.0,24173.0,1,0,195,7,2009
2009-07-15,34425.0,43149.0,23905.0,2,0,196,7,2009
2009-07-16,38936.958333333336,49278.0,26627.0,3,0,197,7,2009
2009-07-17,37859.125,45525.0,28447.0,4,0,198,7,2009
2009-07-18,32550.125,37908.0,25843.0,5,1,199,7,2009
2009-07-19,30385.166666666668,36917.0,22614.0,6,1,200,7,2009
2009-07-20,34853.083333333336,42608.0,24730.0,0,0,201,7,2009
2009-07-21,33899.75,38615.0,26223.0,1,0,202,7,2009
2009-07-22,36015.625,44949.0,25117.0,2,0,203,7,2009
2009-07-23,35726.666666666664,41599.0,27381.0,3,0,204,7,2009
2009-07-24,34729.75,42696.0,25144.0,4,0,205,7,2009
2009-07-25,33596.208333333336,42078.0,24079.0,5,1,206,7,2009
2009-07-26,34438.875,42863.0,25845.0,6,1,207,7,2009
2009-07-27,38737.416666666664,48126.0,27053.0,0,0,208,7,2009
2009-07-28,40464.875,50201.0,28249.0,1,0,209,7,2009
2009-07-29,39820.833333333336,46956.0,30066.0,2,0,210,7,2009
2009-07-30,40256.875,49508.0,28865.0,3,0,211,7,2009
2009-07-31,38750.875,47956.0,29775.0,4,0,212,7,2009
2009-08-01,34392.916666666664,42287.0,25179.0,5,1,213,8,2009
2009-08-02,32746.041666666668,37577.0,26569.0,6,1,214,8,2009
2009-08-03,37827.083333333336,47434.0,26303.0,0,0,215,8,2009
2009-08-04,39089.875,49359.0,26655.0,1,0,216,8,2009
2009-08-05,40371.541666666664,49127.0,29201.0,2,0,217,8,2009
2009-08-06,35184.458333333336,40399.0,27918.0,3,0,218,8,2009
2009-08-07,33519.5,40556.0,24671.0,4,0,219,8,2009
2009-08-08,31355.75,37506.0,23931.0,5,1,220,8,2009
2009-08-09,33828.958333333336,42190.0,25309.0,6,1,221,8,2009
2009-08-10,42569.791666666664,55433.0,27650.0,0,0,222,8,2009
2009-08-11,43207.291666666664,52928.0,31774.0,1,0,223,8,2009
2009-08-12,39765.291666666664,46833.0,30486.0,2,0,224,8,2009
2009-08-13,36866.708333333336,42613.0,28234.0,3,0,225,8,2009
2009-08-14,37607.208333333336,47008.0,26718.0,4,0,226,8,2009
2009-08-15,36592.25,45571.0,26397.0,5,1,227,8,2009
2009-08-16,37314.666666666664,47625.0,26041.0,6,1,228,8,2009
2009-08-17,42409.0,53476.0,29217.0,0,0,229,8,2009
2009-08-18,42721.708333333336,53951.0,29872.0,1,0,230,8,2009
2009-08-19,42759.875,52772.0,30493.0,2,0,231,8,2009
2009-08-20,43566.958333333336,53891.0,30932.0,3,0,232,8,2009
2009-08-21,43348.958333333336,53674.0,33697.0,4,0,233,8,2009
2009-08-22,36206.166666666664,42377.0,28562.0,5,1,234,8,2009
2009-08-23,35733.791666666664,43814.0,27032.0,6,1,235,8,2009
2009-08-24,38071.916666666664,47365.0,27446.0,0,0,236,8,2009
2009-08-25,38001.041666666664,47699.0,26513.0,1,0,237,8,2009
2009-08-26,39750.041666666664,49609.0,27471.0,2,0,238,8,2009
2009-08-27,37734.083333333336,44362.0,28793.0,3,0,239,8,2009
2009-08-28,34583.416666666664,38964.0,27528.0,4,0,240,8,2009
2009-08-29,32919.791666666664,39312.0,25218.0,5,1,241,8,2009
2009-08-30,32268.208333333332,38765.0,25031.0,6,1,242,8,2009
2009-08-31,31098.708333333332,35663.0,23815.0,0,0,243,8,2009
2009-09-01,30174.083333333332,35333.0,22395.0,1,0,244,9,2009
2009-09-02,30657.875,36345.0,22341.0,2,0,245,9,2009
2009-09-03,31194.0,37104.0,22747.0,3,0,246,9,2009
2009-09-04,32307.916666666668,38754.0,23340.0,4,0,247,9,2009
2009-09-05,30816.541666666668,37092.0,23447.0,5,1,248,9,2009
2009-09-06,28382.666666666668,32723.0,22758.0,6,1,249,9,2009
2009-09-07,28044.458333333332,33096.0,22556.0,0,0,250,9,2009
2009-09-08,31104.875,35680.0,22802.0,1,0,251,9,2009
2009-09-09,31611.041666666668,35804.0,23753.0,2,0,252,9,2009
2009-09-10,29924.416666666668,33550.0,23145.0,3,0,253,9,2009
2009-09-11,29001.416666666668,32553.0,22678.0,4,0,254,9,2009
2009-09-12,26635.958333333332,30139.0,21563.0,5,1,255,9,2009
2009-09-13,27599.666666666668,33341.0,21359.0,6,1,256,9,2009
2009-09-14,31804.75,38164.0,22521.0,0,0,257,9,2009
2009-09-15,32560.25,38881.0,23397.0,1,0,258,9,2009
2009-09-16,30902.125,34380.0,24084.0,2,0,259,9,2009
2009-09-17,29295.5,32609.0,22525.0,3,0,260,9,2009
2009-09-18,29520.375,33828.0,21967.0,4,0,261,9,2009
2009-09-19,26323.666666666668,29387.0,21571.0,5,1,262,9,2009
2009-09-20,25372.75,30329.0,20207.0,6,1,263,9,2009
2009-09-21,29641.958333333332,35034.0,21148.0,0,0,264,9,2009
2009-09-22,31132.875,36156.0,22686.0,1,0,265,9,2009
2009-09-23,34041.666666666664,41039.0,23791.0,2,0,266,9,2009
2009-09-24,35338.666666666664,41183.0,26352.0,3,0,267,9,2009
2009-09-25,30431.708333333332,34209.0,24166.0,4,0,268,9,2009
2009-09-26,25777.958333333332,29375.0,21169.0,5,1,269,9,2009
2009-09-27,26097.0,31260.0,20752.0,6,1,270,9,2009
2009-09-28,29204.833333333332,34041.0,21289.0,0,0,271,9,2009
2009-09-29,28434.958333333332,32768.0,21430.0,1,0,272,9,2009
2009-09-30,28153.25,32334.0,21462.0,2,0,273,9,2009
2009-10-01,28156.125,32481.0,21541.0,3,0,274,10,2009
2009-10-02,28381.166666666668,31904.0,21888.0,4,0,275,10,2009
2009-10-03,26370.708333333332,30266.0,21419.0,5,1,276,10,2009
2009-10-04,25275.791666666668,30268.0,20359.0,6,1,277,10,2009
2009-10-05,28154.083333333332,32830.0,20958.0,0,0,278,10,2009
2009-10-06,28452.666666666668,32972.0,21550.0,1,0,279,10,2009
2009-10-07,28823.083333333332,32744.0,21858.0,2,0,280,10,2009
2009-10-08,28338.333333333332,32867.0,21544.0,3,0,281,10,2009
2009-10-09,29157.25,33612.0,21649.0,4,0,282,10,2009
2009-10-10,26437.25,29274.0,22414.0,5,1,283,10,2009
2009-10-11,24706.25,29351.0,20436.0,6,1,284,10,2009
2009-10-12,28320.375,33517.0,21354.0,0,0,285,10,2009
2009-10-13,28821.291666666668,33165.0,22221.0,1,0,286,10,2009
2009-10-14,29190.333333333332,33933.0,22442.0,2,0,287,10,2009
2009-10-15,30589.375,35679.0,22959.0,3,0,288,10,2009
2009-10-16,30983.5,34383.0,24553.0,4,0,289,10,2009
2009-10-17,28626.625,31976.0,23772.0,5,1,290,10,2009
2009-10-18,27804.833333333332,32071.0,23538.0,6,1,291,10,2009
2009-10-19,30251.708333333332,34166.0,24079.0,0,0,292,10,2009
2009-10-20,29860.791666666668,33322.0,24305.0,1,0,293,10,2009
2009-10-21,29004.333333333332,33025.0,22408.0,2,0,294,10,2009
2009-10-22,28805.375,33132.0,21926.0,3,0,295,10,2009
2009-10-23,28417.5,32385.0,21692.0,4,0,296,10,2009
2009-10-24,26770.875,30756.0,21511.0,5,1,297,10,2009
2009-10-25,25028.333333333332,30102.0,20468.0,6,1,298,10,2009
2009-10-26,28706.625,33244.0,21871.0,0,0,299,10,2009
2009-10-27,29386.625,34161.0,22263.0,1,0,300,10,2009
2009-10-28,29266.875,33482.0,22366.0,2,0,301,10,2009
2009-10-29,28883.5,33234.0,21966.0,3,0,302,10,2009
2009-10-30,28576.916666666668,32392.0,22172.0,4,0,303,10,2009
2009-10-31,26465.916666666668,30244.0,21535.0,5,1,304,10,2009
2009-11-01,25572.6875,31209.0,20451.0,6,1,305,11,2009
2009-11-02,29391.833333333332,34564.0,22409.0,0,0,306,11,2009
2009-11-03,29638.625,34369.0,23470.0,1,0,307,11,2009
2009-11-04,30192.458333333332,35107.0,23896.0,2,0,308,11,2009
2009-11-05,30217.208333333332,35041.0,23786.0,3,0,309,11,2009
2009-11-06,30680.708333333332,34968.0,24801.0,4,0,310,11,2009
2009-11-07,28644.375,31480.0,25548.0,5,1,311,11,2009
2009-11-08,26360.666666666668,30929.0,22837.0,6,1,312,11,2009
2009-11-09,28989.5,34386.0,22054.0,0,0,313,11,2009
2009-11-10,28942.708333333332,34167.0,22194.0,1,0,314,11,2009
2009-11-11,29493.541666666668,35503.0,22150.0,2,0,315,11,2009
2009-11-12,31110.333333333332,36611.0,23929.0,3,0,316,11,2009
2009-11-13,30164.791666666668,34695.0,24016.0,4,0,317,11,2009
2009-11-14,26817.541666666668,30874.0,22285.0,5,1,318,11,2009
2009-11-15,25500.416666666668,30710.0,21145.0,6,1,319,11,2009
2009-11-16,28583.75,34088.0,21446.0,0,0,320,11,2009
2009-11-17,29541.666666666668,34800.0,22924.0,1,0,321,11,2009
2009-11-18,29957.0,34822.0,23853.0,2,0,322,11,2009
2009-11-19,29766.125,35141.0,22925.0,3,0,323,11,2009
2009-11-20,28867.208333333332,33653.0,22518.0,4,0,324,11,2009
2009-11-21,27565.791666666668,31387.0,23509.0,5,1,325,11,2009
2009-11-22,27160.291666666668,32149.0,23080.0,6,1,326,11,2009
2009-11-23,30450.583333333332,36108.0,23113.0,0,0,327,11,2009
2009-11-24,30204.916666666668,35210.0,23499.0,1,0,328,11,2009
2009-11-25,29687.541666666668,34536.0,22787.0,2,0,329,11,2009
2009-11-26,25932.5,29535.0,22002.0,3,0,330,11,2009
2009-11-27,27945.416666666668,33885.0,21697.0,4,0,331,11,2009
2009-11-28,27897.833333333332,32008.0,23927.0,5,1,332,11,2009
2009-11-29,27420.958333333332,31933.0,24200.0,6,1,333,11,2009
2009-11-30,29912.333333333332,36371.0,21979.0,0,0,334,11,2009
2009-12-01,31838.75,37103.0,25285.0,1,0,335,12,2009
2009-12-02,32416.041666666668,37493.0,26013.0,2,0,336,12,2009
2009-12-03,30080.666666666668,35493.0,23487.0,3,0,337,12,2009
2009-12-04,30970.208333333332,36296.0,24218.0,4,0,338,12,2009
2009-12-05,31173.5,37564.0,24523.0,5,1,339,12,2009
2009-12-06,31490.5,37604.0,26827.0,6,1,340,12,2009
2009-12-07,34665.25,40170.0,27833.0,0,0,341,12,2009
2009-12-08,33737.791666666664,39258.0,27587.0,1,0,342,12,2009
2009-12-09,33064.458333333336,37912.0,27074.0,2,0,343,12,2009
2009-12-10,33964.416666666664,41281.0,25729.0,3,0,344,12,2009
2009-12-11,37188.583333333336,42450.0,30855.0,4,0,345,12,2009
2009-12-12,33627.541666666664,37714.0,30233.0,5,1,346,12,2009
2009-12-13,32789.25,37437.0,28034.0,6,1,347,12,2009
2009-12-14,33124.166666666664,38785.0,26290.0,0,0,348,12,2009
2009-12-15,32437.375,38261.0,25238.0,1,0,349,12,2009
2009-12-16,34826.5,41670.0,27074.0,2,0,350,12,2009
2009-12-17,36775.666666666664,42402.0,30309.0,3,0,351,12,2009
2009-12-18,36851.916666666664,41389.0,31170.0,4,0,352,12,2009
2009-12-19,36523.541666666664,42788.0,29992.0,5,1,353,12,2009
2009-12-20,34696.0,40691.0,30339.0,6,1,354,12,2009
2009-12-21,36342.625,42004.0,30097.0,0,0,355,12,2009
2009-12-22,36150.041666666664,41673.0,29875.0,1,0,356,12,2009
2009-12-23,36864.0,41791.0,30862.0,2,0,357,12,2009
2009-12-24,34375.458333333336,37709.0,30599.0,3,0,358,12,2009
2009-12-25,31661.208333333332,34158.0,28215.0,4,0,359,12,2009
2009-12-26,30016.083333333332,34347.0,25191.0,5,1,360,12,2009
2009-12-27,28886.375,34348.0,24145.0,6,1,361,12,2009
2009-12-28,33884.791666666664,40783.0,26396.0,0,0,362,12,2009
2009-12-29,37251.291666666664,43969.0,29564.0,1,0,363,12,2009
2009-12-30,37407.666666666664,41745.0,32544.0,2,0,364,12,2009
2009-12-31,34778.333333333336,39934.0,29238.0,3,0,365,12,2009
2010-01-01,31274.416666666668,35665.0,27373.0,4,0,1,1,2010
2010-01-02,34892.541666666664,41706.0,28587.0,5,1,2,1,2010
2010-01-03,37955.041666666664,43238.0,33701.0,6,1,3,1,2010
2010-01-04,38887.916666666664,43991.0,32903.0,0,0,4,1,2010
2010-01-05,38158.041666666664,43393.0,32044.0,1,0,5,1,2010
2010-01-06,37500.5,42612.0,31237.0,2,0,6,1,2010
2010-01-07,36464.0,41262.0,30894.0,3,0,7,1,2010
2010-01-08,36908.666666666664,42572.0,30098.0,4,0,8,1,2010
2010-01-09,35895.833333333336,40183.0,31946.0,5,1,9,1,2010
2010-01-10,36269.083333333336,41035.0,32685.0,6,1,10,1,2010
2010-01-11,38182.0,42498.0,32627.0,0,0,11,1,2010
2010-01-12,37104.333333333336,42552.0,30583.0,1,0,12,1,2010
2010-01-13,37043.541666666664,41215.0,31526.0,2,0,13,1,2010
2010-01-14,35587.791666666664,40414.0,30809.0,3,0,14,1,2010
2010-01-15,34001.875,38211.0,29508.0,4,0,15,1,2010
2010-01-16,30385.666666666668,33987.0,26456.0,5,1,16,1,2010
2010-01-17,30961.833333333332,35635.0,25974.0,6,1,17,1,2010
2010-01-18,31876.5,36517.0,26417.0,0,0,18,1,2010
2010-01-19,33156.833333333336,37486.0,27017.0,1,0,19,1,2010
2010-01-20,33816.708333333336,39058.0,27325.0,2,0,20,1,2010
2010-01-21,34558.583333333336,38949.0,28975.0,3,0,21,1,2010
2010-01-22,34029.333333333336,37906.0,28210.0,4,0,22,1,2010
2010-01-23,31849.958333333332,35274.0,28424.0,5,1,23,1,2010
2010-01-24,31314.875,35461.0,27346.0,6,1,24,1,2010
2010-01-25,30947.333333333332,35695.0,24228.0,0,0,25,1,2010
2010-01-26,32749.458333333332,38649.0,25066.0,1,0,26,1,2010
2010-01-27,34602.416666666664,39409.0,28512.0,2,0,27,1,2010
2010-01-28,35091.75,40068.0,29148.0,3,0,28,1,2010
2010-01-29,38893.458333333336,43334.0,32526.0,4,0,29,1,2010
2010-01-30,38276.416666666664,43189.0,32985.0,5,1,30,1,2010
2010-01-31,36063.708333333336,40072.0,33128.0,6,1,31,1,2010
2010-02-01,37215.25,41416.0,32079.0,0,0,32,2,2010
2010-02-02,36876.416666666664,40895.0,31306.0,1,0,33,2,2010
2010-02-03,35358.791666666664,39712.0,29888.0,2,0,34,2,2010
2010-02-04,35026.916666666664,39275.0,29375.0,3,0,35,2,2010
2010-02-05,35410.75,39835.0,29380.0,4,0,36,2,2010
2010-02-06,34518.791666666664,39725.0,29587.0,5,1,37,2,2010
2010-02-07,34538.75,38937.0,31634.0,6,1,38,2,2010
2010-02-08,36930.666666666664,41412.0,31691.0,0,0,39,2,2010
2010-02-09,36478.208333333336,40428.0,31640.0,1,0,40,2,2010
2010-02-10,35719.333333333336,41452.0,29717.0,2,0,41,2,2010
2010-02-11,35086.041666666664,40247.0,30355.0,3,0,42,2,2010
2010-02-12,35534.333333333336,39181.0,30930.0,4,0,43,2,2010
2010-02-13,34444.25,38646.0,30060.0,5,1,44,2,2010
2010-02-14,33125.416666666664,37103.0,30435.0,6,1,45,2,2010
2010-02-15,35278.041666666664,40143.0,30220.0,0,0,46,2,2010
2010-02-16,35967.625,41318.0,29295.0,1,0,47,2,2010
2010-02-17,36316.5,41018.0,30682.0,2,0,48,2,2010
2010-02-18,35041.958333333336,39287.0,29932.0,3,0,49,2,2010
2010-02-19,33854.916666666664,37411.0,29016.0,4,0,50,2,2010
2010-02-20,31392.583333333332,34782.0,28069.0,5,1,51,2,2010
2010-02-21,30464.166666666668,34711.0,27596.0,6,1,52,2,2010
2010-02-22,33700.666666666664,38861.0,27156.0,0,0,53,2,2010
2010-02-23,34436.125,39423.0,27842.0,1,0,54,2,2010
2010-02-24,33409.708333333336,37704.0,27906.0,2,0,55,2,2010
2010-02-25,34838.791666666664,40642.0,27591.0,3,0,56,2,2010
2010-02-26,36064.041666666664,39546.0,31405.0,4,0,57,2,2010
2010-02-27,32178.75,35097.0,29066.0,5,1,58,2,2010
2010-02-28,30890.666666666668,35605.0,27190.0,6,1,59,2,2010
2010-03-01,33059.0,37367.0,27592.0,0,0,60,3,2010
2010-03-02,33196.875,37788.0,27399.0,1,0,61,3,2010
2010-03-03,33869.0,38452.0,27257.0,2,0,62,3,2010
2010-03-04,33096.5,37240.0,27594.0,3,0,63,3,2010
2010-03-05,32550.291666666668,35880.0,27579.0,4,0,64,3,2010
2010-03-06,29982.041666666668,32427.0,27437.0,5,1,65,3,2010
2010-03-07,28332.25,32229.0,25775.0,6,1,66,3,2010
2010-03-08,30653.833333333332,34346.0,25206.0,0,0,67,3,2010
2010-03-09,30159.458333333332,33711.0,24899.0,1,0,68,3,2010
2010-03-10,30303.5,34257.0,24400.0,2,0,69,3,2010
2010-03-11,29817.125,33856.0,23911.0,3,0,70,3,2010
2010-03-12,30547.25,35210.0,23303.0,4,0,71,3,2010
2010-03-13,29275.416666666668,32499.0,24588.0,5,1,72,3,2010
2010-03-14,27398.395833333332,31880.0,23059.0,6,1,73,3,2010
2010-03-15,31123.666666666668,35702.0,23825.0,0,0,74,3,2010
2010-03-16,30138.0,33663.0,25082.0,1,0,75,3,2010
2010-03-17,29628.833333333332,33809.0,24260.0,2,0,76,3,2010
2010-03-18,29198.791666666668,32931.0,23561.0,3,0,77,3,2010
2010-03-19,28488.333333333332,31843.0,22991.0,4,0,78,3,2010
2010-03-20,25703.708333333332,28485.0,21681.0,5,1,79,3,2010
2010-03-21,24763.75,29502.0,20532.0,6,1,80,3,2010
2010-03-22,28337.875,32740.0,20801.0,0,0,81,3,2010
2010-03-23,28882.541666666668,33243.0,21947.0,1,0,82,3,2010
2010-03-24,29056.708333333332,32120.0,23524.0,2,0,83,3,2010
2010-03-25,29041.208333333332,32143.0,23182.0,3,0,84,3,2010
2010-03-26,29400.0,33242.0,22234.0,4,0,85,3,2010
2010-03-27,28646.375,31445.0,25697.0,5,1,86,3,2010
2010-03-28,28058.875,31338.0,24668.0,6,1,87,3,2010
2010-03-29,29523.75,33012.0,22899.0,0,0,88,3,2010
2010-03-30,31019.958333333332,35657.0,23211.0,1,0,89,3,2010
2010-03-31,29754.5,32767.0,24959.0,2,0,90,3,2010
2010-04-01,28412.583333333332,31290.0,22738.0,3,0,91,4,2010
2010-04-02,26429.083333333332,29201.0,21128.0,4,0,92,4,2010
2010-04-03,24858.375,28504.0,20507.0,5,1,93,4,2010
2010-04-04,23792.625,27441.0,20020.0,6,1,94,4,2010
2010-04-05,27929.708333333332,32955.0,20408.0,0,0,95,4,2010
2010-04-06,30007.25,35488.0,21622.0,1,0,96,4,2010
2010-04-07,31967.833333333332,37851.0,23118.0,2,0,97,4,2010
2010-04-08,31874.125,37494.0,23666.0,3,0,98,4,2010
2010-04-09,27945.5,30731.0,22380.0,4,0,99,4,2010
2010-04-10,25500.958333333332,28253.0,21859.0,5,1,100,4,2010
2010-04-11,24885.25,29491.0,20898.0,6,1,101,4,2010
2010-04-12,27732.416666666668,31720.0,20859.0,0,0,102,4,2010
2010-04-13,28424.791666666668,32597.0,21531.0,1,0,103,4,2010
2010-04-14,28615.416666666668,31595.0,23129.0,2,0,104,4,2010
2010-04-15,28430.125,31901.0,22212.0,3,0,105,4,2010
2010-04-16,28120.125,31524.0,21433.0,4,0,106,4,2010
2010-04-17,25352.458333333332,28701.0,20980.0,5,1,107,4,2010
2010-04-18,25320.291666666668,29604.0,21543.0,6,1,108,4,2010
2010-04-19,28190.5,31520.0,22146.0,0,0,109,4,2010
2010-04-20,28170.958333333332,31484.0,22144.0,1,0,110,4,2010
2010-04-21,28140.791666666668,31618.0,21608.0,2,0,111,4,2010
2010-04-22,28170.166666666668,31510.0,21855.0,3,0,112,4,2010
2010-04-23,27522.166666666668,30514.0,21618.0,4,0,113,4,2010
2010-04-24,25071.75,28044.0,21024.0,5,1,114,4,2010
2010-04-25,25114.041666666668,29546.0,20375.0,6,1,115,4,2010
2010-04-26,28358.25,32080.0,21250.0,0,0,116,4,2010
2010-04-27,28176.291666666668,31775.0,21971.0,1,0,117,4,2010
2010-04-28,29016.833333333332,32256.0,23179.0,2,0,118,4,2010
2010-04-29,28526.625,31303.0,23081.0,3,0,119,4,2010
2010-04-30,28379.916666666668,31842.0,21620.0,4,0,120,4,2010
2010-05-01,28201.666666666668,33602.0,21020.0,5,1,121,5,2010
2010-05-02,31153.25,38900.0,22866.0,6,1,122,5,2010
2010-05-03,34552.083333333336,39440.0,26823.0,0,0,123,5,2010
2010-05-04,32416.583333333332,37780.0,24334.0,1,0,124,5,2010
2010-05-05,30995.916666666668,36864.0,22359.0,2,0,125,5,2010
2010-05-06,31493.333333333332,36837.0,23094.0,3,0,126,5,2010
2010-05-07,28860.625,32721.0,22029.0,4,0,127,5,2010
2010-05-08,26245.666666666668,29794.0,21375.0,5,1,128,5,2010
2010-05-09,24218.291666666668,28290.0,20145.0,6,1,129,5,2010
2010-05-10,27999.791666666668,31148.0,21705.0,0,0,130,5,2010
2010-05-11,28758.5,32484.0,22344.0,1,0,131,5,2010
2010-05-12,29123.875,32253.0,22590.0,2,0,132,5,2010
2010-05-13,28347.583333333332,31211.0,22377.0,3,0,133,5,2010
2010-05-14,29991.333333333332,35892.0,21675.0,4,0,134,5,2010
2010-05-15,27074.833333333332,29384.0,22493.0,5,1,135,5,2010
2010-05-16,25255.875,29576.0,20579.0,6,1,136,5,2010
2010-05-17,28296.333333333332,32094.0,21146.0,0,0,137,5,2010
2010-05-18,28522.833333333332,31895.0,21574.0,1,0,138,5,2010
2010-05-19,28474.5,31511.0,22098.0,2,0,139,5,2010
2010-05-20,29976.583333333332,35120.0,21883.0,3,0,140,5,2010
2010-05-21,31873.666666666668,39029.0,22629.0,4,0,141,5,2010
2010-05-22,28118.125,31237.0,22740.0,5,1,142,5,2010
2010-05-23,27015.0,31050.0,21943.0,6,1,143,5,2010
2010-05-24,30633.625,35499.0,22388.0,0,0,144,5,2010
2010-05-25,33128.541666666664,40458.0,23359.0,1,0,145,5,2010
2010-05-26,36792.458333333336,47451.0,23979.0,2,0,146,5,2010
2010-05-27,37538.125,44774.0,28471.0,3,0,147,5,2010
2010-05-28,30958.833333333332,35400.0,23909.0,4,0,148,5,2010
2010-05-29,29177.041666666668,34350.0,22558.0,5,1,149,5,2010
2010-05-30,31014.583333333332,38006.0,23016.0,6,1,150,5,2010
2010-05-31,34458.125,43619.0,23748.0,0,0,151,5,2010
2010-06-01,38009.791666666664,45444.0,27305.0,1,0,152,6,2010
2010-06-02,38505.458333333336,48090.0,26729.0,2,0,153,6,2010
2010-06-03,40045.375,49873.0,28191.0,3,0,154,6,2010
2010-06-04,39844.166666666664,49286.0,27888.0,4,0,155,6,2010
2010-06-05,37842.458333333336,44863.0,28550.0,5,1,156,6,2010
2010-06-06,35806.0,43759.0,27460.0,6,1,157,6,2010
2010-06-07,31130.708333333332,36172.0,23160.0,0,0,158,6,2010
2010-06-08,30379.708333333332,35380.0,22693.0,1,0,159,6,2010
2010-06-09,29627.791666666668,33341.0,22630.0,2,0,160,6,2010
2010-06-10,32584.291666666668,39496.0,23037.0,3,0,161,6,2010
2010-06-11,32465.875,38670.0,23920.0,4,0,162,6,2010
2010-06-12,32645.791666666668,41444.0,23545.0,5,1,163,6,2010
2010-06-13,35589.333333333336,43211.0,25985.0,6,1,164,6,2010
2010-06-14,37377.708333333336,45251.0,27160.0,0,0,165,6,2010
2010-06-15,35626.708333333336,41664.0,26607.0,1,0,166,6,2010
2010-06-16,34385.25,39981.0,25449.0,2,0,167,6,2010
2010-06-17,35689.666666666664,41798.0,26999.0,3,0,168,6,2010
2010-06-18,34595.541666666664,43523.0,24105.0,4,0,169,6,2010
2010-06-19,34689.166666666664,43887.0,24107.0,5,1,170,6,2010
2010-06-20,38032.875,47051.0,27122.0,6,1,171,6,2010
2010-06-21,41237.75,51425.0,28706.0,0,0,172,6,2010
2010-06-22,40804.125,50479.0,28752.0,1,0,173,6,2010
2010-06-23,43141.625,54070.0,29395.0,2,0,174,6,2010
2010-06-24,44662.75,55251.0,32904.0,3,0,175,6,2010
2010-06-25,40524.541666666664,49439.0,29828.0,4,0,176,6,2010
2010-06-26,37732.125,46597.0,26934.0,5,1,177,6,2010
2010-06-27,40209.333333333336,51011.0,27870.0,6,1,178,6,2010
2010-06-28,45642.541666666664,55787.0,34228.0,0,0,179,6,2010
2010-06-29,42349.583333333336,50135.0,32436.0,1,0,180,6,2010
2010-06-30,34175.375,39659.0,26563.0,2,0,181,6,2010
2010-07-01,32085.0,37662.0,24150.0,3,0,182,7,2010
2010-07-02,31624.833333333332,38154.0,23264.0,4,0,183,7,2010
2010-07-03,31705.375,40677.0,22525.0,5,1,184,7,2010
2010-07-04,35181.208333333336,46008.0,23769.0,6,1,185,7,2010
2010-07-05,40801.416666666664,53396.0,27215.0,0,0,186,7,2010
2010-07-06,47666.25,59807.0,32028.0,1,0,187,7,2010
2010-07-07,48745.708333333336,58534.0,35645.0,2,0,188,7,2010
2010-07-08,46137.625,54613.0,35189.0,3,0,189,7,2010
2010-07-09,43616.458333333336,52506.0,32560.0,4,0,190,7,2010
2010-07-10,35887.708333333336,39141.0,30821.0,5,1,191,7,2010
2010-07-11,36406.083333333336,46032.0,26293.0,6,1,192,7,2010
2010-07-12,39534.458333333336,49731.0,28048.0,0,0,193,7,2010
2010-07-13,39913.208333333336,48175.0,29327.0,1,0,194,7,2010
2010-07-14,38854.708333333336,43956.0,30511.0,2,0,195,7,2010
2010-07-15,41645.583333333336,52288.0,29205.0,3,0,196,7,2010
2010-07-16,44694.125,56035.0,31297.0,4,0,197,7,2010
2010-07-17,41806.0,50396.0,31232.0,5,1,198,7,2010
2010-07-18,41626.0,51094.0,30221.0,6,1,199,7,2010
2010-07-19,44286.041666666664,55589.0,32166.0,0,0,200,7,2010
2010-07-20,42792.875,51245.0,31699.0,1,0,201,7,2010
2010-07-21,44683.541666666664,56101.0,31508.0,2,0,202,7,2010
2010-07-22,43305.0,52526.0,31697.0,3,0,203,7,2010
2010-07-23,44146.541666666664,55699.0,30838.0,4,0,204,7,2010
2010-07-24,46764.541666666664,55959.0,35257.0,5,1,205,7,2010
2010-07-25,41753.875,51671.0,34225.0,6,1,206,7,2010
2010-07-26,38201.25,47580.0,27462.0,0,0,207,7,2010
2010-07-27,39217.333333333336,49062.0,27255.0,1,0,208,7,2010
2010-07-28,42164.041666666664,53414.0,29285.0,2,0,209,7,2010
2010-07-29,43328.125,51064.0,33294.0,3,0,210,7,2010
2010-07-30,36782.083333333336,43911.0,27839.0,4,0,211,7,2010
2010-07-31,33055.291666666664,39919.0,25090.0,5,1,212,7,2010
2010-08-01,32145.625,36788.0,25581.0,6,1,213,8,2010
2010-08-02,36008.791666666664,43336.0,25921.0,0,0,214,8,2010
2010-08-03,38944.833333333336,48046.0,27718.0,1,0,215,8,2010
2010-08-04,43882.25,55069.0,30859.0,2,0,216,8,2010
2010-08-05,44652.541666666664,54341.0,33469.0,3,0,217,8,2010
2010-08-06,41422.958333333336,49469.0,32167.0,4,0,218,8,2010
2010-08-07,34340.458333333336,41791.0,25651.0,5,1,219,8,2010
2010-08-08,35827.333333333336,45150.0,25816.0,6,1,220,8,2010
2010-08-09,43183.666666666664,55006.0,29519.0,0,0,221,8,2010
2010-08-10,45209.958333333336,55408.0,32880.0,1,0,222,8,2010
2010-08-11,45584.125,55821.0,33442.0,2,0,223,8,2010
2010-08-12,40312.958333333336,45492.0,33621.0,3,0,224,8,2010
2010-08-13,35570.833333333336,41001.0,28411.0,4,0,225,8,2010
2010-08-14,31925.583333333332,37554.0,24889.0,5,1,226,8,2010
2010-08-15,31097.166666666668,35892.0,25097.0,6,1,227,8,2010
2010-08-16,40451.041666666664,52220.0,27143.0,0,0,228,8,2010
2010-08-17,41861.541666666664,51447.0,30659.0,1,0,229,8,2010
2010-08-18,36453.916666666664,40992.0,29333.0,2,0,230,8,2010
2010-08-19,38608.458333333336,49115.0,26818.0,3,0,231,8,2010
2010-08-20,39928.625,50306.0,28347.0,4,0,232,8,2010
2010-08-21,35479.416666666664,42786.0,26641.0,5,1,233,8,2010
2010-08-22,35599.291666666664,40960.0,28962.0,6,1,234,8,2010
2010-08-23,35418.875,41737.0,26738.0,0,0,235,8,2010
2010-08-24,31986.25,35854.0,25050.0,1,0,236,8,2010
2010-08-25,32528.833333333332,37432.0,24099.0,2,0,237,8,2010
2010-08-26,34626.833333333336,42207.0,24947.0,3,0,238,8,2010
2010-08-27,32561.875,39345.0,24086.0,4,0,239,8,2010
2010-08-28,30803.25,37794.0,23128.0,5,1,240,8,2010
2010-08-29,33822.875,45465.0,23250.0,6,1,241,8,2010
2010-08-30,40086.125,51608.0,27208.0,0,0,242,8,2010
2010-08-31,42149.25,54775.0,28145.0,1,0,243,8,2010
2010-09-01,43700.25,55952.0,29816.0,2,0,244,9,2010
2010-09-02,44372.375,56336.0,31128.0,3,0,245,9,2010
2010-09-03,39908.375,46938.0,30920.0,4,0,246,9,2010
2010-09-04,31468.583333333332,35412.0,26568.0,5,1,247,9,2010
2010-09-05,26734.0,30780.0,21645.0,6,1,248,9,2010
2010-09-06,28318.583333333332,35248.0,21224.0,0,0,249,9,2010
2010-09-07,36644.916666666664,47437.0,23915.0,1,0,250,9,2010
2010-09-08,38740.833333333336,47395.0,28863.0,2,0,251,9,2010
2010-09-09,31248.375,35037.0,24367.0,3,0,252,9,2010
2010-09-10,29684.166666666668,33682.0,22877.0,4,0,253,9,2010
2010-09-11,27522.333333333332,31659.0,21789.0,5,1,254,9,2010
2010-09-12,26597.916666666668,30950.0,21864.0,6,1,255,9,2010
2010-09-13,30889.583333333332,36881.0,22265.0,0,0,256,9,2010
2010-09-14,31029.0,36042.0,23061.0,1,0,257,9,2010
2010-09-15,30443.208333333332,35683.0,22625.0,2,0,258,9,2010
2010-09-16,31157.0,36590.0,22736.0,3,0,259,9,2010
2010-09-17,31408.5,36156.0,24126.0,4,0,260,9,2010
2010-09-18,26866.333333333332,30575.0,21627.0,5,1,261,9,2010
2010-09-19,27727.708333333332,34330.0,21135.0,6,1,262,9,2010
2010-09-20,30636.5,35103.0,23454.0,0,0,263,9,2010
2010-09-21,29689.041666666668,34361.0,22003.0,1,0,264,9,2010
2010-09-22,33928.125,43366.0,22793.0,2,0,265,9,2010
2010-09-23,35582.125,43208.0,25734.0,3,0,266,9,2010
2010-09-24,37298.416666666664,47142.0,25996.0,4,0,267,9,2010
2010-09-25,34950.541666666664,41707.0,27494.0,5,1,268,9,2010
2010-09-26,27684.25,32094.0,23154.0,6,1,269,9,2010
2010-09-27,31590.833333333332,37520.0,22842.0,0,0,270,9,2010
2010-09-28,33790.833333333336,38823.0,25288.0,1,0,271,9,2010
2010-09-29,30956.5,35469.0,23600.0,2,0,272,9,2010
2010-09-30,33610.625,39793.0,24155.0,3,0,273,9,2010
2010-10-01,30218.083333333332,33076.0,24975.0,4,0,274,10,2010
2010-10-02,25384.583333333332,28951.0,20956.0,5,1,275,10,2010
2010-10-03,24755.833333333332,29739.0,20122.0,6,1,276,10,2010
2010-10-04,28368.458333333332,33326.0,20996.0,0,0,277,10,2010
2010-10-05,28883.708333333332,33267.0,22024.0,1,0,278,10,2010
2010-10-06,28608.333333333332,32829.0,22160.0,2,0,279,10,2010
2010-10-07,28649.208333333332,32669.0,22075.0,3,0,280,10,2010
2010-10-08,28202.083333333332,31607.0,21597.0,4,0,281,10,2010
2010-10-09,25653.416666666668,29469.0,20850.0,5,1,282,10,2010
2010-10-10,24760.708333333332,29905.0,20101.0,6,1,283,10,2010
2010-10-11,28948.375,34705.0,20940.0,0,0,284,10,2010
2010-10-12,29643.916666666668,34252.0,22090.0,1,0,285,10,2010
2010-10-13,28258.708333333332,32516.0,21602.0,2,0,286,10,2010
2010-10-14,28781.708333333332,33073.0,21798.0,3,0,287,10,2010
2010-10-15,28201.375,31395.0,22188.0,4,0,288,10,2010
2010-10-16,25621.541666666668,28974.0,21562.0,5,1,289,10,2010
2010-10-17,25192.208333333332,29922.0,21083.0,6,1,290,10,2010
2010-10-18,28153.458333333332,32948.0,21016.0,0,0,291,10,2010
2010-10-19,28577.125,32924.0,21919.0,1,0,292,10,2010
2010-10-20,28885.791666666668,33123.0,22433.0,2,0,293,10,2010
2010-10-21,28811.208333333332,32795.0,22450.0,3,0,294,10,2010
2010-10-22,28627.25,31902.0,22611.0,4,0,295,10,2010
2010-10-23,26382.875,29037.0,22990.0,5,1,296,10,2010
2010-10-24,24893.041666666668,29818.0,20466.0,6,1,297,10,2010
2010-10-25,28505.958333333332,33864.0,20717.0,0,0,298,10,2010
2010-10-26,29312.25,34218.0,21800.0,1,0,299,10,2010
2010-10-27,30613.25,34953.0,22728.0,2,0,300,10,2010
2010-10-28,29405.833333333332,32955.0,22584.0,3,0,301,10,2010
2010-10-29,27773.166666666668,31434.0,21290.0,4,0,302,10,2010
2010-10-30,26207.166666666668,29349.0,22331.0,5,1,303,10,2010
2010-10-31,25443.333333333332,29246.0,21479.0,6,1,304,10,2010
2010-11-01,29513.583333333332,34425.0,22618.0,0,0,305,11,2010
2010-11-02,30511.083333333332,34413.0,24771.0,1,0,306,11,2010
2010-11-03,30538.75,34535.0,25086.0,2,0,307,11,2010
2010-11-04,30164.916666666668,34669.0,23165.0,3,0,308,11,2010
2010-11-05,29477.791666666668,32816.0,23430.0,4,0,309,11,2010
2010-11-06,27749.791666666668,31110.0,23756.0,5,1,310,11,2010
2010-11-07,27973.520833333332,32683.0,24015.0,6,1,311,11,2010
2010-11-08,30947.458333333332,35722.0,24491.0,0,0,312,11,2010
2010-11-09,29998.0,34532.0,24266.0,1,0,313,11,2010
2010-11-10,29481.5,33796.0,23483.0,2,0,314,11,2010
2010-11-11,29782.458333333332,34320.0,23925.0,3,0,315,11,2010
2010-11-12,30052.333333333332,33353.0,25030.0,4,0,316,11,2010
2010-11-13,27397.166666666668,30389.0,24226.0,5,1,317,11,2010
2010-11-14,26700.25,31194.0,23266.0,6,1,318,11,2010
2010-11-15,29226.583333333332,34498.0,22269.0,0,0,319,11,2010
2010-11-16,29778.875,35009.0,22889.0,1,0,320,11,2010
2010-11-17,29026.625,34335.0,22231.0,2,0,321,11,2010
2010-11-18,30007.208333333332,34955.0,23652.0,3,0,322,11,2010
2010-11-19,30315.208333333332,34769.0,24309.0,4,0,323,11,2010
2010-11-20,28167.916666666668,31378.0,24860.0,5,1,324,11,2010
2010-11-21,27484.5,32520.0,23444.0,6,1,325,11,2010
2010-11-22,29534.791666666668,34376.0,23140.0,0,0,326,11,2010
2010-11-23,29383.916666666668,34361.0,22827.0,1,0,327,11,2010
2010-11-24,30067.458333333332,35339.0,23322.0,2,0,328,11,2010
2010-11-25,27737.958333333332,31858.0,23433.0,3,0,329,11,2010
2010-11-26,27713.291666666668,33074.0,22191.0,4,0,330,11,2010
2010-11-27,29338.5,33994.0,24673.0,5,1,331,11,2010
2010-11-28,29052.083333333332,34082.0,25331.0,6,1,332,11,2010
2010-11-29,32141.416666666668,36990.0,26557.0,0,0,333,11,2010
2010-11-30,31138.333333333332,36181.0,24770.0,1,0,334,11,2010
2010-12-01,30741.75,37100.0,22850.0,2,0,335,12,2010
2010-12-02,33425.083333333336,38960.0,26826.0,3,0,336,12,2010
2010-12-03,33489.0,38505.0,27236.0,4,0,337,12,2010
2010-12-04,32009.125,36347.0,27831.0,5,1,338,12,2010
2010-12-05,32191.208333333332,38584.0,26823.0,6,1,339,12,2010
2010-12-06,36065.958333333336,42496.0,28683.0,0,0,340,12,2010
2010-12-07,36593.833333333336,42387.0,29987.0,1,0,341,12,2010
2010-12-08,36913.25,42594.0,30554.0,2,0,342,12,2010
2010-12-09,37404.541666666664,42744.0,31322.0,3,0,343,12,2010
2010-12-10,37291.375,41526.0,32008.0,4,0,344,12,2010
2010-12-11,33054.416666666664,36523.0,29659.0,5,1,345,12,2010
2010-12-12,30446.708333333332,35657.0,25630.0,6,1,346,12,2010
2010-12-13,35315.458333333336,43914.0,25580.0,0,0,347,12,2010
2010-12-14,40167.875,46501.0,33052.0,1,0,348,12,2010
2010-12-15,39693.166666666664,45043.0,33808.0,2,0,349,12,2010
2010-12-16,39714.416666666664,45040.0,33038.0,3,0,350,12,2010
2010-12-17,38214.208333333336,42265.0,33228.0,4,0,351,12,2010
2010-12-18,35236.166666666664,38968.0,31481.0,5,1,352,12,2010
2010-12-19,34727.416666666664,40225.0,30386.0,6,1,353,12,2010
2010-12-20,37762.833333333336,43609.0,31110.0,0,0,354,12,2010
2010-12-21,37038.541666666664,42242.0,31285.0,1,0,355,12,2010
2010-12-22,36158.083333333336,41372.0,29878.0,2,0,356,12,2010
2010-12-23,35838.416666666664,40883.0,29970.0,3,0,357,12,2010
2010-12-24,33261.833333333336,37322.0,29298.0,4,0,358,12,2010
2010-12-25,31948.416666666668,34581.0,28103.0,5,1,359,12,2010
2010-12-26,34340.916666666664,41520.0,27733.0,6,1,360,12,2010
2010-12-27,37443.416666666664,43081.0,32187.0,0,0,361,12,2010
2010-12-28,36095.541666666664,40595.0,31125.0,1,0,362,12,2010
2010-12-29,34601.916666666664,39339.0,29406.0,2,0,363,12,2010
2010-12-30,34850.333333333336,38522.0,30288.0,3,0,364,12,2010
2010-12-31,31781.625,36134.0,28051.0,4,0,365,12,2010
2011-01-01,29038.541666666668,32525.0,26398.0,5,1,1,1,2011
2011-01-02,28348.291666666668,34804.0,22509.0,6,1,2,1,2011
2011-01-03,34744.166666666664,40793.0,27638.0,0,0,3,1,2011
2011-01-04,35578.708333333336,39956.0,30119.0,1,0,4,1,2011
2011-01-05,35136.125,40480.0,28997.0,2,0,5,1,2011
2011-01-06,36153.791666666664,40943.0,30524.0,3,0,6,1,2011
2011-01-07,35856.375,40758.0,29401.0,4,0,7,1,2011
2011-01-08,35203.416666666664,40062.0,30192.0,5,1,8,1,2011
2011-01-09,35061.625,40087.0,31238.0,6,1,9,1,2011
2011-01-10,37693.375,42405.0,31392.0,0,0,10,1,2011
2011-01-11,37804.958333333336,42578.0,31952.0,1,0,11,1,2011
2011-01-12,37418.416666666664,43360.0,30917.0,2,0,12,1,2011
2011-01-13,37893.25,42771.0,32047.0,3,0,13,1,2011
2011-01-14,37693.916666666664,41701.0,32763.0,4,0,14,1,2011
2011-01-15,34409.5,36991.0,31570.0,5,1,15,1,2011
2011-01-16,32203.75,37651.0,27628.0,6,1,16,1,2011
2011-01-17,36712.583333333336,42135.0,29910.0,0,0,17,1,2011
2011-01-18,36635.833333333336,40993.0,30777.0,1,0,18,1,2011
2011-01-19,34313.583333333336,38719.0,28641.0,2,0,19,1,2011
2011-01-20,34685.541666666664,39800.0,28100.0,3,0,20,1,2011
2011-01-21,36243.5,42497.0,28938.0,4,0,21,1,2011
2011-01-22,37685.541666666664,41367.0,33642.0,5,1,22,1,2011
2011-01-23,37404.0,41959.0,34362.0,6,1,23,1,2011
2011-01-24,40480.791666666664,45366.0,34936.0,0,0,24,1,2011
2011-01-25,36842.125,40336.0,31866.0,1,0,25,1,2011
2011-01-26,36447.875,42157.0,29337.0,2,0,26,1,2011
2011-01-27,34975.125,40383.0,29261.0,3,0,27,1,2011
2011-01-28,35764.041666666664,39743.0,30012.0,4,0,28,1,2011
2011-01-29,33790.625,37720.0,29330.0,5,1,29,1,2011
2011-01-30,32709.0,37295.0,29344.0,6,1,30,1,2011
2011-01-31,36596.75,41689.0,29900.0,0,0,31,1,2011
2011-02-01,36921.666666666664,41651.0,30338.0,1,0,32,2,2011
2011-02-02,35075.25,39695.0,29854.0,2,0,33,2,2011
2011-02-03,36230.125,40928.0,30169.0,3,0,34,2,2011
2011-02-04,36582.458333333336,40946.0,31840.0,4,0,35,2,2011
2011-02-05,33270.333333333336,36721.0,28931.0,5,1,36,2,2011
2011-02-06,30501.916666666668,34598.0,27145.0,6,1,37,2,2011
2011-02-07,33534.833333333336,37949.0,27849.0,0,0,38,2,2011
2011-02-08,34858.708333333336,42072.0,26834.0,1,0,39,2,2011
2011-02-09,38217.75,42492.0,33186.0,2,0,40,2,2011
2011-02-10,37114.25,42166.0,30951.0,3,0,41,2,2011
2011-02-11,36978.458333333336,42779.0,33822.0,4,0,42,2,2011
2011-02-12,33477.166666666664,36333.0,30829.0,5,1,43,2,2011
2011-02-13,31424.916666666668,34928.0,28909.0,6,1,44,2,2011
2011-02-14,31656.083333333332,36079.0,25992.0,0,0,45,2,2011
2011-02-15,33907.458333333336,38871.0,27449.0,1,0,46,2,2011
2011-02-16,33646.75,38229.0,29710.0,2,0,47,2,2011
2011-02-17,30629.041666666668,34096.0,25654.0,3,0,48,2,2011
2011-02-18,28863.666666666668,32378.0,23210.0,4,0,49,2,2011
2011-02-19,28789.916666666668,34264.0,23195.0,5,1,50,2,2011
2011-02-20,30259.416666666668,33668.0,27762.0,6,1,51,2,2011
2011-02-21,32860.833333333336,38698.0,26133.0,0,0,52,2,2011
2011-02-22,35477.541666666664,39741.0,29914.0,1,0,53,2,2011
2011-02-23,35236.375,40208.0,31122.0,2,0,54,2,2011
2011-02-24,34383.0,38381.0,29960.0,3,0,55,2,2011
2011-02-25,32236.0,36406.0,26304.0,4,0,56,2,2011
2011-02-26,30574.833333333332,33467.0,27503.0,5,1,57,2,2011
2011-02-27,28289.625,32312.0,25354.0,6,1,58,2,2011
2011-02-28,30717.0,35239.0,24163.0,0,0,59,2,2011
2011-03-01,31827.458333333332,36200.0,25927.0,1,0,60,3,2011
2011-03-02,32275.791666666668,36266.0,27598.0,2,0,61,3,2011
2011-03-03,34515.666666666664,38761.0,28921.0,3,0,62,3,2011
2011-03-04,33117.166666666664,37226.0,29238.0,4,0,63,3,2011
2011-03-05,28275.666666666668,30815.0,25306.0,5,1,64,3,2011
2011-03-06,27237.208333333332,32667.0,22123.0,6,1,65,3,2011
2011-03-07,31840.541666666668,36662.0,25465.0,0,0,66,3,2011
2011-03-08,32230.541666666668,36081.0,27393.0,1,0,67,3,2011
2011-03-09,32987.708333333336,37634.0,27023.0,2,0,68,3,2011
2011-03-10,32047.625,36160.0,25957.0,3,0,69,3,2011
2011-03-11,30522.791666666668,34554.0,24454.0,4,0,70,3,2011
2011-03-12,28325.291666666668,30826.0,25405.0,5,1,71,3,2011
2011-03-13,27303.958333333332,32266.0,23618.0,6,1,72,3,2011
2011-03-14,31248.208333333332,35154.0,24987.0,0,0,73,3,2011
2011-03-15,31673.416666666668,36291.0,26518.0,1,0,74,3,2011
2011-03-16,30643.916666666668,34194.0,25155.0,2,0,75,3,2011
2011-03-17,29221.875,33005.0,23924.0,3,0,76,3,2011
2011-03-18,28119.375,30804.0,22703.0,4,0,77,3,2011
2011-03-19,25382.541666666668,29199.0,20931.0,5,1,78,3,2011
2011-03-20,26649.5,31190.0,23121.0,6,1,79,3,2011
2011-03-21,30347.916666666668,34438.0,23654.0,0,0,80,3,2011
2011-03-22,29461.416666666668,33177.0,23491.0,1,0,81,3,2011
2011-03-23,31706.125,36371.0,24189.0,2,0,82,3,2011
2011-03-24,32308.458333333332,35938.0,26047.0,3,0,83,3,2011
2011-03-25,32317.083333333332,36703.0,27631.0,4,0,84,3,2011
2011-03-26,29970.791666666668,32613.0,27033.0,5,1,85,3,2011
2011-03-27,29192.958333333332,33253.0,26082.0,6,1,86,3,2011
2011-03-28,32509.875,36826.0,26992.0,0,0,87,3,2011
2011-03-29,31858.416666666668,36362.0,27238.0,1,0,88,3,2011
2011-03-30,31604.875,35018.0,26135.0,2,0,89,3,2011
2011-03-31,32149.625,35866.0,25609.0,3,0,90,3,2011
2011-04-01,31723.458333333332,35154.0,25958.0,4,0,91,4,2011
2011-04-02,28386.458333333332,30650.0,25650.0,5,1,92,4,2011
2011-04-03,26868.208333333332,30520.0,24027.0,6,1,93,4,2011
2011-04-04,29013.958333333332,32369.0,22952.0,0,0,94,4,2011
2011-04-05,28977.375,33841.0,22043.0,1,0,95,4,2011
2011-04-06,30217.0,33884.0,25077.0,2,0,96,4,2011
2011-04-07,29504.708333333332,32654.0,23810.0,3,0,97,4,2011
2011-04-08,30278.625,33420.0,23806.0,4,0,98,4,2011
2011-04-09,27062.708333333332,29439.0,23945.0,5,1,99,4,2011
2011-04-10,25493.583333333332,29740.0,21771.0,6,1,100,4,2011
2011-04-11,28673.583333333332,33249.0,21612.0,0,0,101,4,2011
2011-04-12,28427.458333333332,31996.0,21866.0,1,0,102,4,2011
2011-04-13,29164.958333333332,32785.0,22533.0,2,0,103,4,2011
2011-04-14,28370.791666666668,31461.0,23073.0,3,0,104,4,2011
2011-04-15,27663.25,30643.0,21945.0,4,0,105,4,2011
2011-04-16,27312.625,30362.0,22343.0,5,1,106,4,2011
2011-04-17,25183.875,29312.0,21460.0,6,1,107,4,2011
2011-04-18,27963.75,31531.0,21717.0,0,0,108,4,2011
2011-04-19,28441.708333333332,31978.0,21918.0,1,0,109,4,2011
2011-04-20,28680.25,31955.0,22525.0,2,0,110,4,2011
2011-04-21,27401.958333333332,30311.0,21641.0,3,0,111,4,2011
2011-04-22,27582.916666666668,30708.0,22284.0,4,0,112,4,2011
2011-04-23,26316.916666666668,29381.0,22527.0,5,1,113,4,2011
2011-04-24,24649.625,28831.0,20239.0,6,1,114,4,2011
2011-04-25,29582.541666666668,35162.0,21101.0,0,0,115,4,2011
2011-04-26,31333.791666666668,36656.0,22857.0,1,0,116,4,2011
2011-04-27,31815.25,36763.0,23644.0,2,0,117,4,2011
2011-04-28,31229.5,35266.0,24276.0,3,0,118,4,2011
2011-04-29,27823.541666666668,31134.0,21841.0,4,0,119,4,2011
2011-04-30,24799.208333333332,27616.0,20943.0,5,1,120,4,2011
2011-05-01,24381.5,28773.0,20261.0,6,1,121,5,2011
2011-05-02,27978.416666666668,32308.0,20936.0,0,0,122,5,2011
2011-05-03,29804.833333333332,34777.0,21664.0,1,0,123,5,2011
2011-05-04,28297.0,31456.0,22301.0,2,0,124,5,2011
2011-05-05,27846.75,30762.0,22093.0,3,0,125,5,2011
2011-05-06,27626.166666666668,30588.0,21841.0,4,0,126,5,2011
2011-05-07,24890.708333333332,27649.0,20730.0,5,1,127,5,2011
2011-05-08,24243.958333333332,28459.0,20122.0,6,1,128,5,2011
2011-05-09,27842.125,31583.0,20627.0,0,0,129,5,2011
2011-05-10,28113.291666666668,31908.0,21111.0,1,0,130,5,2011
2011-05-11,28339.291666666668,32242.0,21226.0,2,0,131,5,2011
2011-05-12,28750.583333333332,33162.0,21384.0,3,0,132,5,2011
2011-05-13,27871.125,31074.0,21613.0,4,0,133,5,2011
2011-05-14,25348.125,28206.0,20937.0,5,1,134,5,2011
2011-05-15,25652.416666666668,30328.0,20373.0,6,1,135,5,2011
2011-05-16,29083.541666666668,33092.0,21484.0,0,0,136,5,2011
2011-05-17,28839.416666666668,32132.0,22031.0,1,0,137,5,2011
2011-05-18,29129.166666666668,32796.0,21985.0,2,0,138,5,2011
2011-05-19,29144.625,33249.0,22054.0,3,0,139,5,2011
2011-05-20,28257.041666666668,31835.0,21864.0,4,0,140,5,2011
2011-05-21,26583.791666666668,30188.0,21023.0,5,1,141,5,2011
2011-05-22,25842.75,29928.0,20945.0,6,1,142,5,2011
2011-05-23,30222.25,35252.0,21577.0,0,0,143,5,2011
2011-05-24,32778.791666666664,38725.0,23625.0,1,0,144,5,2011
2011-05-25,34077.083333333336,41280.0,24216.0,2,0,145,5,2011
2011-05-26,36359.833333333336,46026.0,24789.0,3,0,146,5,2011
2011-05-27,36094.291666666664,44510.0,25867.0,4,0,147,5,2011
2011-05-28,32456.916666666668,38613.0,24484.0,5,1,148,5,2011
2011-05-29,32607.291666666668,40075.0,23942.0,6,1,149,5,2011
2011-05-30,36827.25,46682.0,26017.0,0,0,150,5,2011
2011-05-31,42043.708333333336,53057.0,28763.0,1,0,151,5,2011
2011-06-01,43139.458333333336,53841.0,29918.0,2,0,152,6,2011
2011-06-02,35735.5,40867.0,28184.0,3,0,153,6,2011
2011-06-03,30352.583333333332,35233.0,23136.0,4,0,154,6,2011
2011-06-04,27109.333333333332,30537.0,21698.0,5,1,155,6,2011
2011-06-05,27356.958333333332,32231.0,21755.0,6,1,156,6,2011
2011-06-06,33269.0,41235.0,22991.0,0,0,157,6,2011
2011-06-07,36832.125,46732.0,24749.0,1,0,158,6,2011
2011-06-08,42111.458333333336,54908.0,27571.0,2,0,159,6,2011
2011-06-09,46009.5,57969.0,32576.0,3,0,160,6,2011
2011-06-10,41097.75,50781.0,29761.0,4,0,161,6,2011
2011-06-11,34253.333333333336,38716.0,28209.0,5,1,162,6,2011
2011-06-12,31261.625,36951.0,24137.0,6,1,163,6,2011
2011-06-13,32106.166666666668,36852.0,24766.0,0,0,164,6,2011
2011-06-14,30548.5,35003.0,23104.0,1,0,165,6,2011
2011-06-15,31543.333333333332,38949.0,22375.0,2,0,166,6,2011
2011-06-16,32170.125,37703.0,23784.0,3,0,167,6,2011
2011-06-17,33646.208333333336,40344.0,24554.0,4,0,168,6,2011
2011-06-18,32937.375,40236.0,24078.0,5,1,169,6,2011
2011-06-19,32356.875,38753.0,24483.0,6,1,170,6,2011
2011-06-20,34589.791666666664,41843.0,25557.0,0,0,171,6,2011
2011-06-21,36512.583333333336,46228.0,25514.0,1,0,172,6,2011
2011-06-22,39485.625,48860.0,27646.0,2,0,173,6,2011
2011-06-23,39013.791666666664,46099.0,29752.0,3,0,174,6,2011
2011-06-24,36670.916666666664,44862.0,27385.0,4,0,175,6,2011
2011-06-25,32669.416666666668,38440.0,24899.0,5,1,176,6,2011
2011-06-26,30883.041666666668,36263.0,23284.0,6,1,177,6,2011
2011-06-27,35301.041666666664,42499.0,25023.0,0,0,178,6,2011
2011-06-28,38370.625,48025.0,26629.0,1,0,179,6,2011
2011-06-29,38191.541666666664,45268.0,29277.0,2,0,180,6,2011
2011-06-30,35416.375,43468.0,25558.0,3,0,181,6,2011
2011-07-01,34646.916666666664,43087.0,24837.0,4,0,182,7,2011
2011-07-02,33749.541666666664,42494.0,23815.0,5,1,183,7,2011
2011-07-03,33669.208333333336,41183.0,26107.0,6,1,184,7,2011
2011-07-04,34745.916666666664,42893.0,26060.0,0,0,185,7,2011
2011-07-05,39411.125,50441.0,26523.0,1,0,186,7,2011
2011-07-06,41076.166666666664,50434.0,29183.0,2,0,187,7,2011
2011-07-07,41978.125,52575.0,29815.0,3,0,188,7,2011
2011-07-08,38788.958333333336,48058.0,29839.0,4,0,189,7,2011
2011-07-09,35971.166666666664,44697.0,26278.0,5,1,190,7,2011
2011-07-10,35705.0,45691.0,24829.0,6,1,191,7,2011
2011-07-11,43301.166666666664,55228.0,28835.0,0,0,192,7,2011
2011-07-12,45653.458333333336,55929.0,33286.0,1,0,193,7,2011
2011-07-13,41746.916666666664,48498.0,32088.0,2,0,194,7,2011
2011-07-14,36260.958333333336,44366.0,26701.0,3,0,195,7,2011
2011-07-15,36210.791666666664,44717.0,25951.0,4,0,196,7,2011
2011-07-16,34866.791666666664,43187.0,25344.0,5,1,197,7,2011
2011-07-17,36431.875,46886.0,25224.0,6,1,198,7,2011
2011-07-18,43557.166666666664,54726.0,29834.0,0,0,199,7,2011
2011-07-19,45405.333333333336,55875.0,32975.0,1,0,200,7,2011
2011-07-20,45009.041666666664,56139.0,31728.0,2,0,201,7,2011
2011-07-21,48978.208333333336,60689.0,34281.0,3,0,202,7,2011
2011-07-22,51987.458333333336,61646.0,38998.0,4,0,203,7,2011
2011-07-23,47976.625,56545.0,37275.0,5,1,204,7,2011
2011-07-24,44416.625,51234.0,35330.0,6,1,205,7,2011
2011-07-25,41874.875,49670.0,33404.0,0,0,206,7,2011
2011-07-26,41916.833333333336,52912.0,29798.0,1,0,207,7,2011
2011-07-27,40278.0,49114.0,30083.0,2,0,208,7,2011
2011-07-28,39856.041666666664,48086.0,28752.0,3,0,209,7,2011
2011-07-29,43492.625,55441.0,30874.0,4,0,210,7,2011
2011-07-30,40826.041666666664,49394.0,31211.0,5,1,211,7,2011
2011-07-31,38916.541666666664,49091.0,27414.0,6,1,212,7,2011
2011-08-01,43451.333333333336,55538.0,30961.0,0,0,213,8,2011
2011-08-02,41462.708333333336,51843.0,29825.0,1,0,214,8,2011
2011-08-03,38810.291666666664,45504.0,30561.0,2,0,215,8,2011
2011-08-04,37286.208333333336,43923.0,28432.0,3,0,216,8,2011
2011-08-05,37955.666666666664,47035.0,27166.0,4,0,217,8,2011
2011-08-06,35988.083333333336,42843.0,27582.0,5,1,218,8,2011
2011-08-07,38666.75,47818.0,28780.0,6,1,219,8,2011
2011-08-08,43195.875,53456.0,31297.0,0,0,220,8,2011
2011-08-09,40036.458333333336,46809.0,30192.0,1,0,221,8,2011
2011-08-10,39011.666666666664,47834.0,28379.0,2,0,222,8,2011
2011-08-11,36568.458333333336,44060.0,27350.0,3,0,223,8,2011
2011-08-12,34798.208333333336,43302.0,25248.0,4,0,224,8,2011
2011-08-13,32469.666666666668,38494.0,24790.0,5,1,225,8,2011
2011-08-14,31612.375,35889.0,26141.0,6,1,226,8,2011
2011-08-15,34681.75,40788.0,25929.0,0,0,227,8,2011
2011-08-16,34823.833333333336,42186.0,25608.0,1,0,228,8,2011
2011-08-17,36934.375,46827.0,25576.0,2,0,229,8,2011
2011-08-18,37738.791666666664,47289.0,27429.0,3,0,230,8,2011
2011-08-19,36822.208333333336,46627.0,26930.0,4,0,231,8,2011
2011-08-20,33859.166666666664,42866.0,24560.0,5,1,232,8,2011
2011-08-21,33954.958333333336,40786.0,26150.0,6,1,233,8,2011
2011-08-22,34469.708333333336,40327.0,26779.0,0,0,234,8,2011
2011-08-23,32267.625,39041.0,23688.0,1,0,235,8,2011
2011-08-24,33752.541666666664,41598.0,23806.0,2,0,236,8,2011
2011-08-25,36125.041666666664,41318.0,27285.0,3,0,237,8,2011
2011-08-26,37643.5,46946.0,26445.0,4,0,238,8,2011
2011-08-27,33848.583333333336,38404.0,28237.0,5,1,239,8,2011
2011-08-28,25921.458333333332,29549.0,21765.0,6,1,240,8,2011
2011-08-29,29025.791666666668,35305.0,20797.0,0,0,241,8,2011
2011-08-30,31317.125,38588.0,22387.0,1,0,242,8,2011
2011-08-31,33072.416666666664,40998.0,23349.0,2,0,243,8,2011
2011-09-01,33670.875,40231.0,24502.0,3,0,244,9,2011
2011-09-02,32727.791666666668,38057.0,24891.0,4,0,245,9,2011
2011-09-03,31768.625,39039.0,23768.0,5,1,246,9,2011
2011-09-04,33784.083333333336,41653.0,25201.0,6,1,247,9,2011
2011-09-05,33811.166666666664,39399.0,26367.0,0,0,248,9,2011
2011-09-06,30999.041666666668,34136.0,24650.0,1,0,249,9,2011
2011-09-07,32342.458333333332,37516.0,23451.0,2,0,250,9,2011
2011-09-08,33128.708333333336,37516.0,25360.0,3,0,251,9,2011
2011-09-09,34931.541666666664,42509.0,25398.0,4,0,252,9,2011
2011-09-10,33148.958333333336,39075.0,25790.0,5,1,253,9,2011
2011-09-11,30187.166666666668,35112.0,23898.0,6,1,254,9,2011
2011-09-12,34020.666666666664,42178.0,23850.0,0,0,255,9,2011
2011-09-13,35218.875,43791.0,24796.0,1,0,256,9,2011
2011-09-14,36895.708333333336,46461.0,25573.0,2,0,257,9,2011
2011-09-15,32843.083333333336,37966.0,26508.0,3,0,258,9,2011
2011-09-16,27702.541666666668,30665.0,21713.0,4,0,259,9,2011
2011-09-17,25373.666666666668,28439.0,21087.0,5,1,260,9,2011
2011-09-18,24813.0,29517.0,20398.0,6,1,261,9,2011
2011-09-19,28270.791666666668,32878.0,20972.0,0,0,262,9,2011
2011-09-20,29484.833333333332,33771.0,22031.0,1,0,263,9,2011
2011-09-21,30568.666666666668,35657.0,22516.0,2,0,264,9,2011
2011-09-22,33334.041666666664,39269.0,24060.0,3,0,265,9,2011
2011-09-23,33004.708333333336,36907.0,25412.0,4,0,266,9,2011
2011-09-24,30034.375,34196.0,24233.0,5,1,267,9,2011
2011-09-25,30229.666666666668,36876.0,23261.0,6,1,268,9,2011
2011-09-26,34484.958333333336,41233.0,24589.0,0,0,269,9,2011
2011-09-27,34435.833333333336,40243.0,25447.0,1,0,270,9,2011
2011-09-28,34185.0,39329.0,25507.0,2,0,271,9,2011
2011-09-29,32875.541666666664,37556.0,25458.0,3,0,272,9,2011
2011-09-30,29824.291666666668,34509.0,22530.0,4,0,273,9,2011
2011-10-01,25882.208333333332,29284.0,21464.0,5,1,274,10,2011
2011-10-02,25335.875,30438.0,20635.0,6,1,275,10,2011
2011-10-03,28488.083333333332,33238.0,21750.0,0,0,276,10,2011
2011-10-04,28535.791666666668,32685.0,22290.0,1,0,277,10,2011
2011-10-05,28505.5,32793.0,21915.0,2,0,278,10,2011
2011-10-06,28058.583333333332,32267.0,21514.0,3,0,279,10,2011
2011-10-07,27984.666666666668,31134.0,21838.0,4,0,280,10,2011
2011-10-08,25559.0,29464.0,21101.0,5,1,281,10,2011
2011-10-09,25643.5,31545.0,20328.0,6,1,282,10,2011
2011-10-10,29191.083333333332,35019.0,21314.0,0,0,283,10,2011
2011-10-11,29398.916666666668,33960.0,22091.0,1,0,284,10,2011
2011-10-12,29076.458333333332,33257.0,22158.0,2,0,285,10,2011
2011-10-13,29402.416666666668,34079.0,22200.0,3,0,286,10,2011
2011-10-14,29226.75,33190.0,22774.0,4,0,287,10,2011
2011-10-15,25168.416666666668,28647.0,20897.0,5,1,288,10,2011
2011-10-16,24631.208333333332,29643.0,20260.0,6,1,289,10,2011
2011-10-17,27912.125,32622.0,20942.0,0,0,290,10,2011
2011-10-18,28165.625,32562.0,21382.0,1,0,291,10,2011
2011-10-19,29034.833333333332,33588.0,21702.0,2,0,292,10,2011
2011-10-20,28521.25,32350.0,22479.0,3,0,293,10,2011
2011-10-21,27800.916666666668,31155.0,21786.0,4,0,294,10,2011
2011-10-22,25631.291666666668,29022.0,21542.0,5,1,295,10,2011
2011-10-23,25159.25,29824.0,21360.0,6,1,296,10,2011
2011-10-24,28256.791666666668,32984.0,21469.0,0,0,297,10,2011
2011-10-25,28157.0,32440.0,21910.0,1,0,298,10,2011
2011-10-26,28479.458333333332,32775.0,21995.0,2,0,299,10,2011
2011-10-27,28830.666666666668,33383.0,21737.0,3,0,300,10,2011
2011-10-28,29150.875,32682.0,23262.0,4,0,301,10,2011
2011-10-29,28684.333333333332,32979.0,23084.0,5,1,302,10,2011
2011-10-30,26952.541666666668,31132.0,23727.0,6,1,303,10,2011
2011-10-31,30150.833333333332,33903.0,24614.0,0,0,304,10,2011
2011-11-01,29385.208333333332,33457.0,23788.0,1,0,305,11,2011
2011-11-02,29893.75,33878.0,24337.0,2,0,306,11,2011
2011-11-03,29484.125,33048.0,23858.0,3,0,307,11,2011
2011-11-04,28968.125,32490.0,23056.0,4,0,308,11,2011
2011-11-05,27702.958333333332,30886.0,23874.0,5,1,309,11,2011
2011-11-06,27514.125,31582.0,23899.0,6,1,310,11,2011
2011-11-07,29657.291666666668,33783.0,23898.0,0,0,311,11,2011
2011-11-08,28913.0,33299.0,23022.0,1,0,312,11,2011
2011-11-09,28946.541666666668,33452.0,22958.0,2,0,313,11,2011
2011-11-10,29061.75,34197.0,22247.0,3,0,314,11,2011
2011-11-11,29936.375,34687.0,23905.0,4,0,315,11,2011
2011-11-12,27936.291666666668,30737.0,25223.0,5,1,316,11,2011
2011-11-13,26594.583333333332,31257.0,22852.0,6,1,317,11,2011
2011-11-14,28607.0,33773.0,22116.0,0,0,318,11,2011
2011-11-15,28595.041666666668,33920.0,21652.0,1,0,319,11,2011
2011-11-16,28947.458333333332,34299.0,21786.0,2,0,320,11,2011
2011-11-17,30282.25,36317.0,22389.0,3,0,321,11,2011
2011-11-18,31456.0,35477.0,26011.0,4,0,322,11,2011
2011-11-19,28960.458333333332,31964.0,26177.0,5,1,323,11,2011
2011-11-20,26426.041666666668,30980.0,22717.0,6,1,324,11,2011
2011-11-21,28903.791666666668,34559.0,21594.0,0,0,325,11,2011
2011-11-22,30234.875,35641.0,22956.0,1,0,326,11,2011
2011-11-23,29711.958333333332,34758.0,23025.0,2,0,327,11,2011
2011-11-24,26611.833333333332,29162.0,23857.0,3,0,328,11,2011
2011-11-25,26734.125,30577.0,22827.0,4,0,329,11,2011
2011-11-26,26484.375,30285.0,22618.0,5,1,330,11,2011
2011-11-27,26107.541666666668,31161.0,22281.0,6,1,331,11,2011
2011-11-28,27917.208333333332,33654.0,21110.0,0,0,332,11,2011
2011-11-29,28942.166666666668,34820.0,21647.0,1,0,333,11,2011
2011-11-30,30324.208333333332,36513.0,22963.0,2,0,334,11,2011
2011-12-01,31404.333333333332,36396.0,25432.0,3,0,335,12,2011
2011-12-02,31554.833333333332,35420.0,26472.0,4,0,336,12,2011
2011-12-03,29477.708333333332,33681.0,25587.0,5,1,337,12,2011
2011-12-04,28557.75,33346.0,25293.0,6,1,338,12,2011
2011-12-05,30489.25,35973.0,23917.0,0,0,339,12,2011
2011-12-06,30064.458333333332,35977.0,22872.0,1,0,340,12,2011
2011-12-07,30435.666666666668,36382.0,22687.0,2,0,341,12,2011
2011-12-08,32540.0,38302.0,25810.0,3,0,342,12,2011
2011-12-09,32634.083333333332,36587.0,27699.0,4,0,343,12,2011
2011-12-10,30310.125,35506.0,25661.0,5,1,344,12,2011
2011-12-11,31554.833333333332,37263.0,27612.0,6,1,345,12,2011
2011-12-12,34838.416666666664,40041.0,28676.0,0,0,346,12,2011
2011-12-13,34348.208333333336,39112.0,29059.0,1,0,347,12,2011
2011-12-14,32938.375,37909.0,27365.0,2,0,348,12,2011
2011-12-15,31329.166666666668,36606.0,25040.0,3,0,349,12,2011
2011-12-16,30916.625,37164.0,23552.0,4,0,350,12,2011
2011-12-17,31024.125,36143.0,25607.0,5,1,351,12,2011
2011-12-18,32047.416666666668,38162.0,27263.0,6,1,352,12,2011
2011-12-19,34375.041666666664,38813.0,29133.0,0,0,353,12,2011
2011-12-20,32195.875,38052.0,25025.0,1,0,354,12,2011
2011-12-21,31742.625,36971.0,25127.0,2,0,355,12,2011
2011-12-22,29868.75,35163.0,23373.0,3,0,356,12,2011
2011-12-23,29603.291666666668,35306.0,23012.0,4,0,357,12,2011
2011-12-24,29538.083333333332,34041.0,24863.0,5,1,358,12,2011
2011-12-25,28652.041666666668,30412.0,26607.0,6,1,359,12,2011
2011-12-26,29050.916666666668,34769.0,24175.0,0,0,360,12,2011
2011-12-27,32105.416666666668,37168.0,26017.0,1,0,361,12,2011
2011-12-28,31957.541666666668,38916.0,24725.0,2,0,362,12,2011
2011-12-29,34084.75,38958.0,28510.0,3,0,363,12,2011
2011-12-30,31383.166666666668,35130.0,27065.0,4,0,364,12,2011
2011-12-31,27819.625,32810.0,23646.0,5,1,365,12,2011
2012-01-01,26920.916666666668,31329.0,23589.0,6,1,1,1,2012
2012-01-02,30463.166666666668,37686.0,23448.0,0,0,2,1,2012
2012-01-03,36219.208333333336,43659.0,27850.0,1,0,3,1,2012
2012-01-04,39069.166666666664,43481.0,33862.0,2,0,4,1,2012
2012-01-05,35579.583333333336,39873.0,30293.0,3,0,5,1,2012
2012-01-06,32896.0,37241.0,28999.0,4,0,6,1,2012
2012-01-07,28616.25,31792.0,25335.0,5,1,7,1,2012
2012-01-08,28628.458333333332,34391.0,23924.0,6,1,8,1,2012
2012-01-09,33667.416666666664,38969.0,27054.0,0,0,9,1,2012
2012-01-10,32955.25,37228.0,27287.0,1,0,10,1,2012
2012-01-11,33382.833333333336,37606.0,27859.0,2,0,11,1,2012
2012-01-12,31383.833333333332,35843.0,25222.0,3,0,12,1,2012
2012-01-13,33213.291666666664,39506.0,24628.0,4,0,13,1,2012
2012-01-14,33361.916666666664,37387.0,29284.0,5,1,14,1,2012
2012-01-15,33721.958333333336,38889.0,29198.0,6,1,15,1,2012
2012-01-16,36475.208333333336,40160.0,32118.0,0,0,16,1,2012
2012-01-17,33356.875,37139.0,27691.0,1,0,17,1,2012
2012-01-18,33058.958333333336,39827.0,25111.0,2,0,18,1,2012
2012-01-19,35892.541666666664,40385.0,30442.0,3,0,19,1,2012
2012-01-20,34871.958333333336,39570.0,28403.0,4,0,20,1,2012
2012-01-21,34544.916666666664,38985.0,29604.0,5,1,21,1,2012
2012-01-22,34118.583333333336,38685.0,29666.0,6,1,22,1,2012
2012-01-23,34670.958333333336,39076.0,28525.0,0,0,23,1,2012
2012-01-24,31554.125,36082.0,25668.0,1,0,24,1,2012
2012-01-25,32301.083333333332,37084.0,26368.0,2,0,25,1,2012
2012-01-26,32818.0,37465.0,26393.0,3,0,26,1,2012
2012-01-27,30915.375,34913.0,25131.0,4,0,27,1,2012
2012-01-28,29269.958333333332,32806.0,25581.0,5,1,28,1,2012
2012-01-29,29714.458333333332,34768.0,25910.0,6,1,29,1,2012
2012-01-30,33116.708333333336,38226.0,26756.0,0,0,30,1,2012
2012-01-31,31619.25,35697.0,27161.0,1,0,31,1,2012
2012-02-01,29476.291666666668,33428.0,23981.0,2,0,32,2,2012
2012-02-02,30738.791666666668,36387.0,23622.0,3,0,33,2,2012
2012-02-03,31681.583333333332,35619.0,26517.0,4,0,34,2,2012
2012-02-04,30544.166666666668,34139.0,26839.0,5,1,35,2,2012
2012-02-05,29710.5,34037.0,25691.0,6,1,36,2,2012
2012-02-06,32595.041666666668,37276.0,27819.0,0,0,37,2,2012
2012-02-07,31620.208333333332,35814.0,26454.0,1,0,38,2,2012
2012-02-08,33546.5,39064.0,26714.0,2,0,39,2,2012
2012-02-09,33169.416666666664,37265.0,27890.0,3,0,40,2,2012
2012-02-10,32773.0,36961.0,28004.0,4,0,41,2,2012
2012-02-11,31589.041666666668,36448.0,26286.0,5,1,42,2,2012
2012-02-12,34444.416666666664,39342.0,30883.0,6,1,43,2,2012
2012-02-13,34784.833333333336,39347.0,30324.0,0,0,44,2,2012
2012-02-14,32424.333333333332,35955.0,27514.0,1,0,45,2,2012
2012-02-15,31761.083333333332,36173.0,25752.0,2,0,46,2,2012
2012-02-16,33025.5,37274.0,27007.0,3,0,47,2,2012
2012-02-17,30609.625,34215.0,25521.0,4,0,48,2,2012
2012-02-18,28999.083333333332,31840.0,26159.0,5,1,49,2,2012
2012-02-19,28785.375,33301.0,25029.0,6,1,50,2,2012
2012-02-20,31568.166666666668,36054.0,26381.0,0,0,51,2,2012
2012-02-21,32958.666666666664,37010.0,28184.0,1,0,52,2,2012
2012-02-22,30410.458333333332,34199.0,25452.0,2,0,53,2,2012
2012-02-23,29237.583333333332,33492.0,23727.0,3,0,54,2,2012
2012-02-24,30417.708333333332,34562.0,23604.0,4,0,55,2,2012
2012-02-25,29946.291666666668,34773.0,25382.0,5,1,56,2,2012
2012-02-26,29377.125,33459.0,26941.0,6,1,57,2,2012
2012-02-27,31245.666666666668,35548.0,26782.0,0,0,58,2,2012
2012-02-28,30283.875,34615.0,24639.0,1,0,59,2,2012
2012-02-29,32066.958333333332,36476.0,25426.0,2,0,60,2,2012
2012-03-01,30375.625,34330.0,24535.0,3,0,61,3,2012
2012-03-02,30945.333333333332,34887.0,25231.0,4,0,62,3,2012
2012-03-03,27487.666666666668,30554.0,23737.0,5,1,63,3,2012
2012-03-04,28107.75,33862.0,23511.0,6,1,64,3,2012
2012-03-05,32567.208333333332,37541.0,26539.0,0,0,65,3,2012
2012-03-06,32763.583333333332,36751.0,28480.0,1,0,66,3,2012
2012-03-07,30476.208333333332,34378.0,26664.0,2,0,67,3,2012
2012-03-08,28461.125,32491.0,22978.0,3,0,68,3,2012
2012-03-09,28759.208333333332,33388.0,22036.0,4,0,69,3,2012
2012-03-10,28944.166666666668,32241.0,25716.0,5,1,70,3,2012
2012-03-11,27488.25,30485.0,25873.0,6,1,71,3,2012
2012-03-12,28951.125,32935.0,23309.0,0,0,72,3,2012
2012-03-13,28125.541666666668,32032.0,21768.0,1,0,73,3,2012
2012-03-14,27737.208333333332,31533.0,21545.0,2,0,74,3,2012
2012-03-15,27870.75,31690.0,21477.0,3,0,75,3,2012
2012-03-16,27819.583333333332,31173.0,21884.0,4,0,76,3,2012
2012-03-17,25126.291666666668,27912.0,21429.0,5,1,77,3,2012
2012-03-18,24313.625,29032.0,20262.0,6,1,78,3,2012
2012-03-19,27711.041666666668,31781.0,20939.0,0,0,79,3,2012
2012-03-20,28004.541666666668,32020.0,21250.0,1,0,80,3,2012
2012-03-21,28017.166666666668,31735.0,21332.0,2,0,81,3,2012
2012-03-22,28187.5,32325.0,21344.0,3,0,82,3,2012
2012-03-23,28035.625,31722.0,21360.0,4,0,83,3,2012
2012-03-24,24900.083333333332,27955.0,20468.0,5,1,84,3,2012
2012-03-25,24501.75,28931.0,20155.0,6,1,85,3,2012
2012-03-26,27592.5,33117.0,20947.0,0,0,86,3,2012
2012-03-27,29791.583333333332,33853.0,24655.0,1,0,87,3,2012
2012-03-28,28793.333333333332,31896.0,23939.0,2,0,88,3,2012
2012-03-29,27556.291666666668,31639.0,21482.0,3,0,89,3,2012
2012-03-30,28091.333333333332,31567.0,22603.0,4,0,90,3,2012
2012-03-31,26606.791666666668,29754.0,21868.0,5,1,91,3,2012
2012-04-01,25655.208333333332,29430.0,22194.0,6,1,92,4,2012
2012-04-02,28026.833333333332,31789.0,21939.0,0,0,93,4,2012
2012-04-03,28286.833333333332,31527.0,23311.0,1,0,94,4,2012
2012-04-04,27688.208333333332,30873.0,21817.0,2,0,95,4,2012
2012-04-05,27186.458333333332,30391.0,21668.0,3,0,96,4,2012
2012-04-06,26514.208333333332,29013.0,22471.0,4,0,97,4,2012
2012-04-07,25094.375,27965.0,22037.0,5,1,98,4,2012
2012-04-08,23770.291666666668,26652.0,21283.0,6,1,99,4,2012
2012-04-09,26775.666666666668,30782.0,20546.0,0,0,100,4,2012
2012-04-10,27546.458333333332,31361.0,21724.0,1,0,101,4,2012
2012-04-11,28523.708333333332,32406.0,22777.0,2,0,102,4,2012
2012-04-12,28479.5,31550.0,23607.0,3,0,103,4,2012
2012-04-13,27689.666666666668,30663.0,23088.0,4,0,104,4,2012
2012-04-14,24999.25,27886.0,21689.0,5,1,105,4,2012
2012-04-15,24751.416666666668,30660.0,19946.0,6,1,106,4,2012
2012-04-16,30650.375,37140.0,21366.0,0,0,107,4,2012
2012-04-17,29856.041666666668,33477.0,23456.0,1,0,108,4,2012
2012-04-18,27376.958333333332,31060.0,21370.0,2,0,109,4,2012
2012-04-19,27592.0,31224.0,21440.0,3,0,110,4,2012
2012-04-20,27320.5,30505.0,21074.0,4,0,111,4,2012
2012-04-21,25543.125,29301.0,20518.0,5,1,112,4,2012
2012-04-22,24806.166666666668,29662.0,19847.0,6,1,113,4,2012
2012-04-23,28751.875,33084.0,21929.0,0,0,114,4,2012
2012-04-24,28703.5,31726.0,23727.0,1,0,115,4,2012
2012-04-25,28178.166666666668,30975.0,23006.0,2,0,116,4,2012
2012-04-26,28332.708333333332,31484.0,22185.0,3,0,117,4,2012
2012-04-27,27387.416666666668,30390.0,21946.0,4,0,118,4,2012
2012-04-28,26059.541666666668,28661.0,22922.0,5,1,119,4,2012
2012-04-29,24724.291666666668,28573.0,21746.0,6,1,120,4,2012
2012-04-30,27685.875,31311.0,21478.0,0,0,121,4,2012
2012-05-01,28448.125,32547.0,21501.0,1,0,122,5,2012
2012-05-02,28222.833333333332,31507.0,21734.0,2,0,123,5,2012
2012-05-03,28408.666666666668,32422.0,21670.0,3,0,124,5,2012
2012-05-04,29069.291666666668,33153.0,21870.0,4,0,125,5,2012
2012-05-05,26515.208333333332,29464.0,21639.0,5,1,126,5,2012
2012-05-06,24565.833333333332,28861.0,20330.0,6,1,127,5,2012
2012-05-07,27486.666666666668,31177.0,20682.0,0,0,128,5,2012
2012-05-08,28142.375,31948.0,21277.0,1,0,129,5,2012
2012-05-09,28763.833333333332,32157.0,21817.0,2,0,130,5,2012
2012-05-10,27341.125,30187.0,21399.0,3,0,131,5,2012
2012-05-11,26985.041666666668,29629.0,21317.0,4,0,132,5,2012
2012-05-12,25079.5,28547.0,20454.0,5,1,133,5,2012
2012-05-13,25406.75,30625.0,19981.0,6,1,134,5,2012
2012-05-14,29023.416666666668,32598.0,21961.0,0,0,135,5,2012
2012-05-15,29987.875,34402.0,22105.0,1,0,136,5,2012
2012-05-16,31253.708333333332,36992.0,22663.0,2,0,137,5,2012
2012-05-17,29145.625,32968.0,22938.0,3,0,138,5,2012
2012-05-18,28020.541666666668,31906.0,21376.0,4,0,139,5,2012
2012-05-19,25966.291666666668,30248.0,20508.0,5,1,140,5,2012
2012-05-20,26069.333333333332,31239.0,20335.0,6,1,141,5,2012
2012-05-21,29403.333333333332,32973.0,22117.0,0,0,142,5,2012
2012-05-22,29990.625,34457.0,22277.0,1,0,143,5,2012
2012-05-23,31568.708333333332,37297.0,22850.0,2,0,144,5,2012
2012-05-24,32034.458333333332,37233.0,23564.0,3,0,145,5,2012
2012-05-25,32915.791666666664,39692.0,23807.0,4,0,146,5,2012
2012-05-26,32047.0,39342.0,23674.0,5,1,147,5,2012
2012-05-27,31663.083333333332,38616.0,23976.0,6,1,148,5,2012
2012-05-28,34981.75,45417.0,24193.0,0,0,149,5,2012
2012-05-29,41114.875,51936.0,28629.0,1,0,150,5,2012
2012-05-30,35490.625,41343.0,27405.0,2,0,151,5,2012
2012-05-31,33864.041666666664,40916.0,24794.0,3,0,152,5,2012
2012-06-01,31097.041666666668,35725.0,23642.0,4,0,153,6,2012
2012-06-02,27233.333333333332,29988.0,22553.0,5,1,154,6,2012
2012-06-03,25881.708333333332,30191.0,20377.0,6,1,155,6,2012
2012-06-04,28602.875,32314.0,21627.0,0,0,156,6,2012
2012-06-05,27993.0,31433.0,21551.0,1,0,157,6,2012
2012-06-06,28656.083333333332,32845.0,21437.0,2,0,158,6,2012
2012-06-07,29846.25,35221.0,21838.0,3,0,159,6,2012
2012-06-08,30954.666666666668,37661.0,22110.0,4,0,160,6,2012
2012-06-09,30206.416666666668,36365.0,22502.0,5,1,161,6,2012
2012-06-10,33257.416666666664,43002.0,23115.0,6,1,162,6,2012
2012-06-11,36216.416666666664,44182.0,26095.0,0,0,163,6,2012
2012-06-12,33110.916666666664,37007.0,25982.0,1,0,164,6,2012
2012-06-13,32149.708333333332,37248.0,24616.0,2,0,165,6,2012
2012-06-14,32092.458333333332,38334.0,23572.0,3,0,166,6,2012
2012-06-15,31714.541666666668,38157.0,23355.0,4,0,167,6,2012
2012-06-16,28677.833333333332,34030.0,22089.0,5,1,168,6,2012
2012-06-17,26782.458333333332,30898.0,21470.0,6,1,169,6,2012
2012-06-18,29457.375,33759.0,22063.0,0,0,170,6,2012
2012-06-19,33455.666666666664,42421.0,23130.0,1,0,171,6,2012
2012-06-20,42086.083333333336,54800.0,26718.0,2,0,172,6,2012
2012-06-21,45850.125,56568.0,31967.0,3,0,173,6,2012
2012-06-22,43250.041666666664,52600.0,33866.0,4,0,174,6,2012
2012-06-23,34890.125,41857.0,26672.0,5,1,175,6,2012
2012-06-24,33173.5,40970.0,23712.0,6,1,176,6,2012
2012-06-25,35294.958333333336,41562.0,27226.0,0,0,177,6,2012
2012-06-26,30502.291666666668,35392.0,23170.0,1,0,178,6,2012
2012-06-27,32282.416666666668,40034.0,22658.0,2,0,179,6,2012
2012-06-28,37554.0,49182.0,24723.0,3,0,180,6,2012
2012-06-29,43444.25,56447.0,29085.0,4,0,181,6,2012
2012-06-30,37429.291666666664,44572.0,27607.0,5,1,182,6,2012
2012-07-01,38373.875,49002.0,26419.0,6,1,183,7,2012
2012-07-02,40026.291666666664,49244.0,28798.0,0,0,184,7,2012
2012-07-03,39931.416666666664,50794.0,27370.0,1,0,185,7,2012
2012-07-04,39695.291666666664,50093.0,29320.0,2,0,186,7,2012
2012-07-05,45453.916666666664,55895.0,32378.0,3,0,187,7,2012
2012-07-06,43628.708333333336,54242.0,30917.0,4,0,188,7,2012
2012-07-07,44114.333333333336,54606.0,31928.0,5,1,189,7,2012
2012-07-08,41265.375,49252.0,31697.0,6,1,190,7,2012
2012-07-09,40072.541666666664,48067.0,30938.0,0,0,191,7,2012
2012-07-10,38947.583333333336,48019.0,28276.0,1,0,192,7,2012
2012-07-11,39205.458333333336,48894.0,28017.0,2,0,193,7,2012
2012-07-12,39281.041666666664,49814.0,27739.0,3,0,194,7,2012
2012-07-13,38761.166666666664,47743.0,28193.0,4,0,195,7,2012
2012-07-14,34843.208333333336,39968.0,27890.0,5,1,196,7,2012
2012-07-15,37654.666666666664,47108.0,27562.0,6,1,197,7,2012
2012-07-16,42559.875,53653.0,29286.0,0,0,198,7,2012
2012-07-17,45194.75,57008.0,30868.0,1,0,199,7,2012
2012-07-18,46715.375,58999.0,35178.0,2,0,200,7,2012
2012-07-19,40411.083333333336,46432.0,31849.0,3,0,201,7,2012
2012-07-20,33980.25,38218.0,28800.0,4,0,202,7,2012
2012-07-21,29097.083333333332,33079.0,23523.0,5,1,203,7,2012
2012-07-22,31246.0,39098.0,23441.0,6,1,204,7,2012
2012-07-23,39643.75,50352.0,26406.0,0,0,205,7,2012
2012-07-24,43056.875,53602.0,30053.0,1,0,206,7,2012
2012-07-25,38238.583333333336,47311.0,28019.0,2,0,207,7,2012
2012-07-26,40594.833333333336,54586.0,27406.0,3,0,208,7,2012
2012-07-27,42022.083333333336,52060.0,30075.0,4,0,209,7,2012
2012-07-28,38278.25,45043.0,30029.0,5,1,210,7,2012
2012-07-29,34244.958333333336,41926.0,26103.0,6,1,211,7,2012
2012-07-30,38303.708333333336,47639.0,27347.0,0,0,212,7,2012
2012-07-31,38034.458333333336,46390.0,27804.0,1,0,213,7,2012
2012-08-01,37429.833333333336,44438.0,27975.0,2,0,214,8,2012
2012-08-02,40392.041666666664,51312.0,27322.0,3,0,215,8,2012
2012-08-03,42425.708333333336,53041.0,30089.0,4,0,216,8,2012
2012-08-04,40288.75,48579.0,30016.0,5,1,217,8,2012
2012-08-05,40362.541666666664,50178.0,30839.0,6,1,218,8,2012
2012-08-06,41290.083333333336,50429.0,30720.0,0,0,219,8,2012
2012-08-07,38602.333333333336,47345.0,28000.0,1,0,220,8,2012
2012-08-08,40525.708333333336,49940.0,28742.0,2,0,221,8,2012
2012-08-09,41932.75,52244.0,29881.0,3,0,222,8,2012
2012-08-10,38998.458333333336,45077.0,30951.0,4,0,223,8,2012
2012-08-11,36649.541666666664,44022.0,28236.0,5,1,224,8,2012
2012-08-12,34446.166666666664,42129.0,26114.0,6,1,225,8,2012
2012-08-13,37252.875,46805.0,26098.0,0,0,226,8,2012
2012-08-14,37043.5,43861.0,27640.0,1,0,227,8,2012
2012-08-15,37829.041666666664,46058.0,27864.0,2,0,228,8,2012
2012-08-16,37050.5,46433.0,26538.0,3,0,229,8,2012
2012-08-17,37719.916666666664,48126.0,26353.0,4,0,230,8,2012
2012-08-18,32333.208333333332,37578.0,26053.0,5,1,231,8,2012
2012-08-19,28026.458333333332,32702.0,22613.0,6,1,232,8,2012
2012-08-20,32580.541666666668,39639.0,23707.0,0,0,233,8,2012
2012-08-21,33846.083333333336,41633.0,24461.0,1,0,234,8,2012
2012-08-22,35049.291666666664,43683.0,24824.0,2,0,235,8,2012
2012-08-23,36180.75,45334.0,25427.0,3,0,236,8,2012
2012-08-24,36509.625,45583.0,26200.0,4,0,237,8,2012
2012-08-25,32746.291666666668,37769.0,26079.0,5,1,238,8,2012
2012-08-26,32248.666666666668,38699.0,24679.0,6,1,239,8,2012
2012-08-27,37761.041666666664,46805.0,26278.0,0,0,240,8,2012
2012-08-28,39436.041666666664,48275.0,29338.0,1,0,241,8,2012
2012-08-29,35287.833333333336,42864.0,26108.0,2,0,242,8,2012
2012-08-30,34810.208333333336,43977.0,24531.0,3,0,243,8,2012
2012-08-31,37614.291666666664,48431.0,25818.0,4,0,244,8,2012
2012-09-01,36351.625,44982.0,27085.0,5,1,245,9,2012
2012-09-02,32860.25,37048.0,26616.0,6,1,246,9,2012
2012-09-03,32922.291666666664,37557.0,26403.0,0,0,247,9,2012
2012-09-04,37514.916666666664,45072.0,26579.0,1,0,248,9,2012
2012-09-05,39725.166666666664,47104.0,29805.0,2,0,249,9,2012
2012-09-06,36221.958333333336,42895.0,27204.0,3,0,250,9,2012
2012-09-07,38571.916666666664,49643.0,26367.0,4,0,251,9,2012
2012-09-08,34792.708333333336,43050.0,27506.0,5,1,252,9,2012
2012-09-09,28566.208333333332,33567.0,22653.0,6,1,253,9,2012
2012-09-10,29559.666666666668,33991.0,22319.0,0,0,254,9,2012
2012-09-11,28887.5,33749.0,21441.0,1,0,255,9,2012
2012-09-12,29983.0,36150.0,21765.0,2,0,256,9,2012
2012-09-13,30978.791666666668,37704.0,22369.0,3,0,257,9,2012
2012-09-14,31184.416666666668,37475.0,22717.0,4,0,258,9,2012
2012-09-15,27113.833333333332,29933.0,22702.0,5,1,259,9,2012
2012-09-16,25377.708333333332,30051.0,20294.0,6,1,260,9,2012
2012-09-17,28976.458333333332,34365.0,21061.0,0,0,261,9,2012
2012-09-18,32198.041666666668,36898.0,23673.0,1,0,262,9,2012
2012-09-19,29280.791666666668,32644.0,22998.0,2,0,263,9,2012
2012-09-20,28335.833333333332,32647.0,21356.0,3,0,264,9,2012
2012-09-21,29019.75,33731.0,21706.0,4,0,265,9,2012
2012-09-22,27958.958333333332,33288.0,21529.0,5,1,266,9,2012
2012-09-23,25064.0,29168.0,20884.0,6,1,267,9,2012
2012-09-24,27200.083333333332,31509.0,20434.0,0,0,268,9,2012
2012-09-25,27826.333333333332,32461.0,20989.0,1,0,269,9,2012
2012-09-26,29680.708333333332,35351.0,21709.0,2,0,270,9,2012
2012-09-27,30834.25,35662.0,22983.0,3,0,271,9,2012
2012-09-28,30582.708333333332,35154.0,23091.0,4,0,272,9,2012
2012-09-29,25413.791666666668,28571.0,21288.0,5,1,273,9,2012
2012-09-30,24356.708333333332,29243.0,19868.0,6,1,274,9,2012
2012-10-01,27423.541666666668,32471.0,20386.0,0,0,275,10,2012
2012-10-02,29064.083333333332,34057.0,21502.0,1,0,276,10,2012
2012-10-03,31208.916666666668,37121.0,22665.0,2,0,277,10,2012
2012-10-04,31728.041666666668,36227.0,23795.0,3,0,278,10,2012
2012-10-05,29939.583333333332,35237.0,22311.0,4,0,279,10,2012
2012-10-06,26353.041666666668,29847.0,21675.0,5,1,280,10,2012
2012-10-07,24547.958333333332,29173.0,19944.0,6,1,281,10,2012
2012-10-08,27872.5,32871.0,21235.0,0,0,282,10,2012
2012-10-09,28338.833333333332,32597.0,22022.0,1,0,283,10,2012
2012-10-10,28004.083333333332,32231.0,21739.0,2,0,284,10,2012
2012-10-11,27715.458333333332,32115.0,21711.0,3,0,285,10,2012
2012-10-12,27938.416666666668,31041.0,22438.0,4,0,286,10,2012
2012-10-13,26126.583333333332,29082.0,22875.0,5,1,287,10,2012
2012-10-14,24917.416666666668,29470.0,21303.0,6,1,288,10,2012
2012-10-15,28092.875,32661.0,20852.0,0,0,289,10,2012
2012-10-16,27518.958333333332,32174.0,21153.0,1,0,290,10,2012
2012-10-17,28156.25,32152.0,22336.0,2,0,291,10,2012
2012-10-18,28087.666666666668,32267.0,21951.0,3,0,292,10,2012
2012-10-19,28370.041666666668,31933.0,21647.0,4,0,293,10,2012
2012-10-20,24784.916666666668,28107.0,20721.0,5,1,294,10,2012
2012-10-21,24238.708333333332,29098.0,20225.0,6,1,295,10,2012
2012-10-22,27576.125,32147.0,21027.0,0,0,296,10,2012
2012-10-23,28035.458333333332,32532.0,21391.0,1,0,297,10,2012
2012-10-24,28111.75,32722.0,21229.0,2,0,298,10,2012
2012-10-25,28055.916666666668,32163.0,21318.0,3,0,299,10,2012
2012-10-26,27735.166666666668,31397.0,21299.0,4,0,300,10,2012
2012-10-27,25049.541666666668,28765.0,20546.0,5,1,301,10,2012
2012-10-28,25089.916666666668,30146.0,19993.0,6,1,302,10,2012
2012-10-29,25123.416666666668,30284.0,17422.0,0,0,303,10,2012
2012-10-30,19769.041666666668,24824.0,14544.0,1,0,304,10,2012
2012-10-31,23602.166666666668,27104.0,18330.0,2,0,305,10,2012
2012-11-01,25452.125,29409.0,20130.0,3,0,306,11,2012
2012-11-02,26256.666666666668,29846.0,20847.0,4,0,307,11,2012
2012-11-03,25748.166666666668,29285.0,21581.0,5,1,308,11,2012
2012-11-04,26014.604166666668,30733.0,21957.0,6,1,309,11,2012
2012-11-05,29465.666666666668,34629.0,23009.0,0,0,310,11,2012
2012-11-06,30818.625,35168.0,25661.0,1,0,311,11,2012
2012-11-07,31971.958333333332,37246.0,25403.0,2,0,312,11,2012
2012-11-08,30964.666666666668,35233.0,25708.0,3,0,313,11,2012
2012-11-09,30010.125,33140.0,25469.0,4,0,314,11,2012
2012-11-10,27502.75,30382.0,24310.0,5,1,315,11,2012
2012-11-11,25729.166666666668,29805.0,22624.0,6,1,316,11,2012
2012-11-12,28068.75,33207.0,21761.0,0,0,317,11,2012
2012-11-13,29388.708333333332,35296.0,21861.0,1,0,318,11,2012
2012-11-14,31097.833333333332,35890.0,25483.0,2,0,319,11,2012
2012-11-15,31557.833333333332,36028.0,26177.0,3,0,320,11,2012
2012-11-16,30966.208333333332,34596.0,25676.0,4,0,321,11,2012
2012-11-17,28684.625,31744.0,25758.0,5,1,322,11,2012
2012-11-18,28031.708333333332,32597.0,24576.0,6,1,323,11,2012
2012-11-19,30589.875,35330.0,24365.0,0,0,324,11,2012
2012-11-20,30475.5,34956.0,24603.0,1,0,325,11,2012
2012-11-21,30228.541666666668,33977.0,25008.0,2,0,326,11,2012
2012-11-22,26890.916666666668,29154.0,24711.0,3,0,327,11,2012
2012-11-23,27408.75,31203.0,23680.0,4,0,328,11,2012
2012-11-24,28653.541666666668,33975.0,23050.0,5,1,329,11,2012
2012-11-25,29836.708333333332,35249.0,25427.0,6,1,330,11,2012
2012-11-26,31806.166666666668,36608.0,26781.0,0,0,331,11,2012
2012-11-27,33097.916666666664,38917.0,25616.0,1,0,332,11,2012
2012-11-28,32970.041666666664,38357.0,26733.0,2,0,333,11,2012
2012-11-29,33398.416666666664,37927.0,28123.0,3,0,334,11,2012
2012-11-30,32752.791666666668,36543.0,27769.0,4,0,335,11,2012
2012-12-01,29882.75,33687.0,25700.0,5,1,336,12,2012
2012-12-02,28578.333333333332,33490.0,24383.0,6,1,337,12,2012
2012-12-03,29349.0,34623.0,23007.0,0,0,338,12,2012
2012-12-04,29071.791666666668,34457.0,22540.0,1,0,339,12,2012
2012-12-05,29590.833333333332,36123.0,22110.0,2,0,340,12,2012
2012-12-06,32744.541666666668,38464.0,26225.0,3,0,341,12,2012
2012-12-07,32914.0,37147.0,27351.0,4,0,342,12,2012
2012-12-08,28414.375,32675.0,23922.0,5,1,343,12,2012
2012-12-09,28243.666666666668,34448.0,22385.0,6,1,344,12,2012
2012-12-10,30437.708333333332,35880.0,23524.0,0,0,345,12,2012
2012-12-11,30673.291666666668,37169.0,23063.0,1,0,346,12,2012
2012-12-12,32753.541666666668,38446.0,26194.0,2,0,347,12,2012
2012-12-13,33154.0,38369.0,27226.0,3,0,348,12,2012
2012-12-14,33122.291666666664,37572.0,28493.0,4,0,349,12,2012
2012-12-15,30279.875,34051.0,26741.0,5,1,350,12,2012
2012-12-16,28804.875,34250.0,23808.0,6,1,351,12,2012
2012-12-17,31282.125,37473.0,23462.0,0,0,352,12,2012
2012-12-18,30701.875,36867.0,23854.0,1,0,353,12,2012
2012-12-19,32046.416666666668,37642.0,25594.0,2,0,354,12,2012
2012-12-20,33045.5,38504.0,26608.0,3,0,355,12,2012
2012-12-21,32314.083333333332,38342.0,24816.0,4,0,356,12,2012
2012-12-22,31719.208333333332,36680.0,26593.0,5,1,357,12,2012
2012-12-23,30413.791666666668,34997.0,26782.0,6,1,358,12,2012
2012-12-24,31725.875,36426.0,26822.0,0,0,359,12,2012
2012-12-25,28869.791666666668,31747.0,25239.0,1,0,360,12,2012
2012-12-26,33943.5,40555.0,25861.0,2,0,361,12,2012
2012-12-27,33793.416666666664,39976.0,26752.0,3,0,362,12,2012
2012-12-28,33217.166666666664,37830.0,27905.0,4,0,363,12,2012
2012-12-29,32709.75,37556.0,27543.0,5,1,364,12,2012
2012-12-30,31781.916666666668,37464.0,27231.0,6,1,365,12,2012
2012-12-31,33258.75,38454.0,28431.0,0,0,366,12,2012
2013-01-01,30441.125,35902.0,25755.0,1,0,1,1,2013
2013-01-02,34623.708333333336,41194.0,27027.0,2,0,2,1,2013
2013-01-03,35849.333333333336,41168.0,29879.0,3,0,3,1,2013
2013-01-04,34857.875,39040.0,29470.0,4,0,4,1,2013
2013-01-05,31770.416666666668,35899.0,28314.0,5,1,5,1,2013
2013-01-06,29884.708333333332,34615.0,26391.0,6,1,6,1,2013
2013-01-07,32299.625,38050.0,25488.0,0,0,7,1,2013
2013-01-08,33408.916666666664,37848.0,28709.0,1,0,8,1,2013
2013-01-09,33256.5,37410.0,27505.0,2,0,9,1,2013
2013-01-10,31650.125,36469.0,25930.0,3,0,10,1,2013
2013-01-11,32201.666666666668,36556.0,26055.0,4,0,11,1,2013
2013-01-12,28357.416666666668,31997.0,24240.0,5,1,12,1,2013
2013-01-13,27707.0,32640.0,23115.0,6,1,13,1,2013
2013-01-14,29823.5,35207.0,22657.0,0,0,14,1,2013
2013-01-15,32360.166666666668,37875.0,25003.0,1,0,15,1,2013
2013-01-16,33895.666666666664,38808.0,27194.0,2,0,16,1,2013
2013-01-17,32905.875,37891.0,26327.0,3,0,17,1,2013
2013-01-18,33867.333333333336,38987.0,27281.0,4,0,18,1,2013
2013-01-19,31018.458333333332,33316.0,28917.0,5,1,19,1,2013
2013-01-20,28705.791666666668,33462.0,25152.0,6,1,20,1,2013
2013-01-21,34222.416666666664,39263.0,27564.0,0,0,21,1,2013
2013-01-22,38824.791666666664,45435.0,30906.0,1,0,22,1,2013
2013-01-23,40733.166666666664,45291.0,35503.0,2,0,23,1,2013
2013-01-24,40010.541666666664,44896.0,34615.0,3,0,24,1,2013
2013-01-25,40551.583333333336,44515.0,35172.0,4,0,25,1,2013
2013-01-26,36369.958333333336,39652.0,33423.0,5,1,26,1,2013
2013-01-27,34655.625,38547.0,32431.0,6,1,27,1,2013
2013-01-28,36435.125,40595.0,30213.0,0,0,28,1,2013
2013-01-29,32232.166666666668,35843.0,27628.0,1,0,29,1,2013
2013-01-30,30533.541666666668,34621.0,24749.0,2,0,30,1,2013
2013-01-31,31096.416666666668,38505.0,22888.0,3,0,31,1,2013
2013-02-01,36222.875,41799.0,29268.0,4,0,32,2,2013
2013-02-02,35885.833333333336,39344.0,32635.0,5,1,33,2,2013
2013-02-03,33731.375,37590.0,30051.0,6,1,34,2,2013
2013-02-04,36605.333333333336,41481.0,30583.0,0,0,35,2,2013
2013-02-05,35729.041666666664,40243.0,29679.0,1,0,36,2,2013
2013-02-06,34796.833333333336,39142.0,29476.0,2,0,37,2,2013
2013-02-07,35927.583333333336,39955.0,30459.0,3,0,38,2,2013
2013-02-08,34896.541666666664,38844.0,28683.0,4,0,39,2,2013
2013-02-09,33295.708333333336,37310.0,29327.0,5,1,40,2,2013
2013-02-10,32591.541666666668,36255.0,30223.0,6,1,41,2,2013
2013-02-11,33400.833333333336,37174.0,27416.0,0,0,42,2,2013
2013-02-12,31866.083333333332,36550.0,26128.0,1,0,43,2,2013
2013-02-13,33479.375,37730.0,27700.0,2,0,44,2,2013
2013-02-14,32561.833333333332,36616.0,27755.0,3,0,45,2,2013
2013-02-15,31427.041666666668,35493.0,27461.0,4,0,46,2,2013
2013-02-16,30778.791666666668,35386.0,25754.0,5,1,47,2,2013
2013-02-17,33109.333333333336,39169.0,28337.0,6,1,48,2,2013
2013-02-18,35950.125,39093.0,32666.0,0,0,49,2,2013
2013-02-19,34531.208333333336,38276.0,29002.0,1,0,50,2,2013
2013-02-20,35548.791666666664,41546.0,28410.0,2,0,51,2,2013
2013-02-21,36410.458333333336,40182.0,31889.0,3,0,52,2,2013
2013-02-22,35566.5,38859.0,30639.0,4,0,53,2,2013
2013-02-23,31301.291666666668,34102.0,27635.0,5,1,54,2,2013
2013-02-24,29293.791666666668,35219.0,25134.0,6,1,55,2,2013
2013-02-25,32946.541666666664,36951.0,27864.0,0,0,56,2,2013
2013-02-26,34137.541666666664,38781.0,28449.0,1,0,57,2,2013
2013-02-27,31953.083333333332,35688.0,26764.0,2,0,58,2,2013
2013-02-28,31601.25,36525.0,25345.0,3,0,59,2,2013
2013-03-01,32230.75,36278.0,26791.0,4,0,60,3,2013
2013-03-02,30950.0,34870.0,26881.0,5,1,61,3,2013
2013-03-03,31395.916666666668,36349.0,27627.0,6,1,62,3,2013
2013-03-04,34149.458333333336,38533.0,28796.0,0,0,63,3,2013
2013-03-05,32795.041666666664,36851.0,28849.0,1,0,64,3,2013
2013-03-06,34201.166666666664,39224.0,27141.0,2,0,65,3,2013
2013-03-07,32901.208333333336,36764.0,27818.0,3,0,66,3,2013
2013-03-08,33112.541666666664,36454.0,27431.0,4,0,67,3,2013
2013-03-09,28640.25,30822.0,26396.0,5,1,68,3,2013
2013-03-10,27281.416666666668,31220.0,25095.0,6,1,69,3,2013
2013-03-11,29700.583333333332,33191.0,24056.0,0,0,70,3,2013
2013-03-12,29658.5,33435.0,23168.0,1,0,71,3,2013
2013-03-13,30655.333333333332,35035.0,24910.0,2,0,72,3,2013
2013-03-14,32898.625,36884.0,27201.0,3,0,73,3,2013
2013-03-15,32108.291666666668,36992.0,28028.0,4,0,74,3,2013
2013-03-16,29440.958333333332,32945.0,24827.0,5,1,75,3,2013
2013-03-17,29804.75,34229.0,25870.0,6,1,76,3,2013
2013-03-18,34133.416666666664,38659.0,27101.0,0,0,77,3,2013
2013-03-19,32020.625,36075.0,27287.0,1,0,78,3,2013
2013-03-20,31701.833333333332,36074.0,26757.0,2,0,79,3,2013
2013-03-21,33101.333333333336,37806.0,26520.0,3,0,80,3,2013
2013-03-22,33361.0,37745.0,29223.0,4,0,81,3,2013
2013-03-23,29644.416666666668,32007.0,27512.0,5,1,82,3,2013
2013-03-24,29120.0,32944.0,26078.0,6,1,83,3,2013
2013-03-25,33049.583333333336,36965.0,25748.0,0,0,84,3,2013
2013-03-26,31623.416666666668,35633.0,27268.0,1,0,85,3,2013
2013-03-27,30895.375,34456.0,25972.0,2,0,86,3,2013
2013-03-28,31085.041666666668,33991.0,26034.0,3,0,87,3,2013
2013-03-29,28620.125,31054.0,24983.0,4,0,88,3,2013
2013-03-30,26586.083333333332,28948.0,24341.0,5,1,89,3,2013
2013-03-31,26232.666666666668,29132.0,22976.0,6,1,90,3,2013
2013-04-01,28488.75,32914.0,22807.0,0,0,91,4,2013
2013-04-02,30875.583333333332,34822.0,25416.0,1,0,92,4,2013
2013-04-03,31518.625,35359.0,26918.0,2,0,93,4,2013
2013-04-04,31383.083333333332,35961.0,27443.0,3,0,94,4,2013
2013-04-05,29004.041666666668,33070.0,25215.0,4,0,95,4,2013
2013-04-06,26549.666666666668,29334.0,23605.0,5,1,96,4,2013
2013-04-07,25597.208333333332,29085.0,23168.0,6,1,97,4,2013
2013-04-08,27486.375,31352.0,21474.0,0,0,98,4,2013
2013-04-09,28247.083333333332,33335.0,21159.0,1,0,99,4,2013
2013-04-10,29815.5,34806.0,21913.0,2,0,100,4,2013
2013-04-11,29052.916666666668,32696.0,22487.0,3,0,101,4,2013
2013-04-12,28245.166666666668,31596.0,21553.0,4,0,102,4,2013
2013-04-13,25044.958333333332,27838.0,21744.0,5,1,103,4,2013
2013-04-14,24203.833333333332,28905.0,20909.0,6,1,104,4,2013
2013-04-15,27307.75,31164.0,21164.0,0,0,105,4,2013
2013-04-16,27638.958333333332,31473.0,21651.0,1,0,106,4,2013
2013-04-17,27588.583333333332,31206.0,21302.0,2,0,107,4,2013
2013-04-18,27570.208333333332,31333.0,21066.0,3,0,108,4,2013
2013-04-19,27990.916666666668,31235.0,21531.0,4,0,109,4,2013
2013-04-20,24367.791666666668,27694.0,20419.0,5,1,110,4,2013
2013-04-21,24626.916666666668,29146.0,21436.0,6,1,111,4,2013
2013-04-22,28087.958333333332,31838.0,22472.0,0,0,112,4,2013
2013-04-23,28467.75,31573.0,23029.0,1,0,113,4,2013
2013-04-24,27989.416666666668,31220.0,22725.0,2,0,114,4,2013
2013-04-25,26947.375,30449.0,21280.0,3,0,115,4,2013
2013-04-26,26750.166666666668,29277.0,21749.0,4,0,116,4,2013
2013-04-27,24295.375,27116.0,21023.0,5,1,117,4,2013
2013-04-28,23565.666666666668,27986.0,19863.0,6,1,118,4,2013
2013-04-29,27400.583333333332,31151.0,20325.0,0,0,119,4,2013
2013-04-30,27185.041666666668,30515.0,21301.0,1,0,120,4,2013
2013-05-01,26973.958333333332,30183.0,21427.0,2,0,121,5,2013
2013-05-02,27048.291666666668,30445.0,21172.0,3,0,122,5,2013
2013-05-03,26315.625,28863.0,20883.0,4,0,123,5,2013
2013-05-04,23948.041666666668,26765.0,20537.0,5,1,124,5,2013
2013-05-05,23334.833333333332,27577.0,19843.0,6,1,125,5,2013
2013-05-06,26885.125,30643.0,20429.0,0,0,126,5,2013
2013-05-07,27415.541666666668,31100.0,20960.0,1,0,127,5,2013
2013-05-08,27642.333333333332,30775.0,21185.0,2,0,128,5,2013
2013-05-09,27552.5,31037.0,21085.0,3,0,129,5,2013
2013-05-10,28423.375,32793.0,21165.0,4,0,130,5,2013
2013-05-11,26146.458333333332,29173.0,21222.0,5,1,131,5,2013
2013-05-12,23608.916666666668,27009.0,20128.0,6,1,132,5,2013
2013-05-13,26719.833333333332,30401.0,20520.0,0,0,133,5,2013
2013-05-14,27446.791666666668,30271.0,22382.0,1,0,134,5,2013
2013-05-15,27769.458333333332,31664.0,21474.0,2,0,135,5,2013
2013-05-16,29435.5,34103.0,21819.0,3,0,136,5,2013
2013-05-17,28460.916666666668,32514.0,21788.0,4,0,137,5,2013
2013-05-18,24965.583333333332,27561.0,20767.0,5,1,138,5,2013
2013-05-19,24592.083333333332,28864.0,19911.0,6,1,139,5,2013
2013-05-20,29649.041666666668,35318.0,21022.0,0,0,140,5,2013
2013-05-21,33279.125,41337.0,23069.0,1,0,141,5,2013
2013-05-22,35336.375,43673.0,25328.0,2,0,142,5,2013
2013-05-23,33679.416666666664,38544.0,25649.0,3,0,143,5,2013
2013-05-24,28107.166666666668,31421.0,23316.0,4,0,144,5,2013
2013-05-25,24163.25,26553.0,20778.0,5,1,145,5,2013
2013-05-26,23074.083333333332,25841.0,20102.0,6,1,146,5,2013
2013-05-27,23873.875,27886.0,19622.0,0,0,147,5,2013
2013-05-28,27914.916666666668,32288.0,20119.0,1,0,148,5,2013
2013-05-29,32669.541666666668,41470.0,21986.0,2,0,149,5,2013
2013-05-30,38047.916666666664,48192.0,25449.0,3,0,150,5,2013
2013-05-31,39400.916666666664,49604.0,27200.0,4,0,151,5,2013
2013-06-01,37107.458333333336,46090.0,26261.0,5,1,152,6,2013
2013-06-02,35645.375,42467.0,26644.0,6,1,153,6,2013
2013-06-03,34752.541666666664,40424.0,26497.0,0,0,154,6,2013
2013-06-04,30247.5,35514.0,23104.0,1,0,155,6,2013
2013-06-05,29842.0,35770.0,21836.0,2,0,156,6,2013
2013-06-06,29562.0,33581.0,22235.0,3,0,157,6,2013
2013-06-07,29590.083333333332,33658.0,22754.0,4,0,158,6,2013
2013-06-08,27600.333333333332,32108.0,21555.0,5,1,159,6,2013
2013-06-09,28782.166666666668,35617.0,21324.0,6,1,160,6,2013
2013-06-10,32351.875,36926.0,24285.0,0,0,161,6,2013
2013-06-11,33915.833333333336,40865.0,24301.0,1,0,162,6,2013
2013-06-12,34408.958333333336,42070.0,24583.0,2,0,163,6,2013
2013-06-13,33075.583333333336,39132.0,25284.0,3,0,164,6,2013
2013-06-14,29316.166666666668,33917.0,22614.0,4,0,165,6,2013
2013-06-15,28295.875,34140.0,21435.0,5,1,166,6,2013
2013-06-16,28628.541666666668,34482.0,21480.0,6,1,167,6,2013
2013-06-17,35719.666666666664,45197.0,24195.0,0,0,168,6,2013
2013-06-18,33550.541666666664,39816.0,25791.0,1,0,169,6,2013
2013-06-19,31255.125,37309.0,23447.0,2,0,170,6,2013
2013-06-20,31844.166666666668,39028.0,22818.0,3,0,171,6,2013
2013-06-21,32295.291666666668,40356.0,22986.0,4,0,172,6,2013
2013-06-22,31768.833333333332,40246.0,22790.0,5,1,173,6,2013
2013-06-23,33523.541666666664,41857.0,23560.0,6,1,174,6,2013
2013-06-24,40401.291666666664,51741.0,27862.0,0,0,175,6,2013
2013-06-25,40693.0,51857.0,27553.0,1,0,176,6,2013
2013-06-26,40071.125,49987.0,28549.0,2,0,177,6,2013
2013-06-27,39548.625,48645.0,28542.0,3,0,178,6,2013
2013-06-28,38130.083333333336,47076.0,28404.0,4,0,179,6,2013
2013-06-29,34672.416666666664,42843.0,25493.0,5,1,180,6,2013
2013-06-30,34312.291666666664,40037.0,26294.0,6,1,181,6,2013
2013-07-01,36638.458333333336,42138.0,27928.0,0,0,182,7,2013
2013-07-02,37759.083333333336,45424.0,28185.0,1,0,183,7,2013
2013-07-03,38367.708333333336,47229.0,27617.0,2,0,184,7,2013
2013-07-04,37645.625,46310.0,28256.0,3,0,185,7,2013
2013-07-05,41213.416666666664,51612.0,28822.0,4,0,186,7,2013
2013-07-06,41345.666666666664,50733.0,29550.0,5,1,187,7,2013
2013-07-07,40949.458333333336,50900.0,29810.0,6,1,188,7,2013
2013-07-08,40603.166666666664,49670.0,29253.0,0,0,189,7,2013
2013-07-09,40206.125,48525.0,29042.0,1,0,190,7,2013
2013-07-10,41440.916666666664,50949.0,30376.0,2,0,191,7,2013
2013-07-11,39939.291666666664,47525.0,31263.0,3,0,192,7,2013
2013-07-12,34658.666666666664,38600.0,28179.0,4,0,193,7,2013
2013-07-13,34139.083333333336,41968.0,25364.0,5,1,194,7,2013
2013-07-14,38260.666666666664,48735.0,27394.0,6,1,195,7,2013
2013-07-15,44905.833333333336,56839.0,30395.0,0,0,196,7,2013
2013-07-16,46078.541666666664,56068.0,33576.0,1,0,197,7,2013
2013-07-17,46413.041666666664,57200.0,32725.0,2,0,198,7,2013
2013-07-18,48366.708333333336,58685.0,34403.0,3,0,199,7,2013
2013-07-19,49271.0,59122.0,36672.0,4,0,200,7,2013
2013-07-20,43570.125,52244.0,34003.0,5,1,201,7,2013
2013-07-21,38947.958333333336,46874.0,29844.0,6,1,202,7,2013
2013-07-22,41245.083333333336,50388.0,30079.0,0,0,203,7,2013
2013-07-23,41369.0,50478.0,30414.0,1,0,204,7,2013
2013-07-24,38235.625,45090.0,29485.0,2,0,205,7,2013
2013-07-25,31583.375,35843.0,25033.0,3,0,206,7,2013
2013-07-26,33303.458333333336,41470.0,23931.0,4,0,207,7,2013
2013-07-27,32634.208333333332,40146.0,24354.0,5,1,208,7,2013
2013-07-28,32160.125,38837.0,24989.0,6,1,209,7,2013
2013-07-29,35312.625,43637.0,25661.0,0,0,210,7,2013
2013-07-30,33889.958333333336,41603.0,24519.0,1,0,211,7,2013
2013-07-31,34294.083333333336,41507.0,24682.0,2,0,212,7,2013
2013-08-01,33754.25,38044.0,26260.0,3,0,213,8,2013
2013-08-02,35159.958333333336,43432.0,25225.0,4,0,214,8,2013
2013-08-03,30541.833333333332,33879.0,25153.0,5,1,215,8,2013
2013-08-04,29157.458333333332,35116.0,22679.0,6,1,216,8,2013
2013-08-05,31229.458333333332,37968.0,22866.0,0,0,217,8,2013
2013-08-06,31488.458333333332,36408.0,23652.0,1,0,218,8,2013
2013-08-07,33157.875,38845.0,24602.0,2,0,219,8,2013
2013-08-08,36895.333333333336,45416.0,26236.0,3,0,220,8,2013
2013-08-09,39208.458333333336,47296.0,28882.0,4,0,221,8,2013
2013-08-10,34241.25,40322.0,27554.0,5,1,222,8,2013
2013-08-11,31840.0,39749.0,23852.0,6,1,223,8,2013
2013-08-12,37042.5,46044.0,26402.0,0,0,224,8,2013
2013-08-13,36597.166666666664,44021.0,27869.0,1,0,225,8,2013
2013-08-14,31161.833333333332,35182.0,24922.0,2,0,226,8,2013
2013-08-15,30004.791666666668,35967.0,22313.0,3,0,227,8,2013
2013-08-16,30324.125,36223.0,22465.0,4,0,228,8,2013
2013-08-17,28471.416666666668,33845.0,22049.0,5,1,229,8,2013
2013-08-18,27411.625,31805.0,22440.0,6,1,230,8,2013
2013-08-19,31195.583333333332,36709.0,22663.0,0,0,231,8,2013
2013-08-20,35586.333333333336,45816.0,24178.0,1,0,232,8,2013
2013-08-21,38024.125,48464.0,26297.0,2,0,233,8,2013
2013-08-22,37971.916666666664,44666.0,28565.0,3,0,234,8,2013
2013-08-23,33988.791666666664,38738.0,27015.0,4,0,235,8,2013
2013-08-24,29308.291666666668,35152.0,22741.0,5,1,236,8,2013
2013-08-25,28561.541666666668,35711.0,21695.0,6,1,237,8,2013
2013-08-26,33959.083333333336,42958.0,23323.0,0,0,238,8,2013
2013-08-27,38810.208333333336,49059.0,26882.0,1,0,239,8,2013
2013-08-28,36737.875,41702.0,28342.0,2,0,240,8,2013
2013-08-29,36184.458333333336,43804.0,26819.0,3,0,241,8,2013
2013-08-30,36459.416666666664,45390.0,26118.0,4,0,242,8,2013
2013-08-31,35722.875,44102.0,26392.0,5,1,243,8,2013
2013-09-01,35861.125,44121.0,27005.0,6,1,244,9,2013
2013-09-02,35770.875,42974.0,27768.0,0,0,245,9,2013
2013-09-03,36574.0,44116.0,27300.0,1,0,246,9,2013
2013-09-04,33145.166666666664,40993.0,24001.0,2,0,247,9,2013
2013-09-05,32362.958333333332,38598.0,24013.0,3,0,248,9,2013
2013-09-06,28926.791666666668,33390.0,22433.0,4,0,249,9,2013
2013-09-07,26683.958333333332,31337.0,20944.0,5,1,250,9,2013
2013-09-08,29160.625,36067.0,22007.0,6,1,251,9,2013
2013-09-09,30079.833333333332,35189.0,21976.0,0,0,252,9,2013
2013-09-10,37143.166666666664,48931.0,24282.0,1,0,253,9,2013
2013-09-11,42394.708333333336,52612.0,29411.0,2,0,254,9,2013
2013-09-12,39567.375,47198.0,30231.0,3,0,255,9,2013
2013-09-13,32214.375,36216.0,26328.0,4,0,256,9,2013
2013-09-14,25118.958333333332,27965.0,21006.0,5,1,257,9,2013
2013-09-15,24502.708333333332,29795.0,19787.0,6,1,258,9,2013
2013-09-16,28362.583333333332,32237.0,21285.0,0,0,259,9,2013
2013-09-17,27231.375,30943.0,21129.0,1,0,260,9,2013
2013-09-18,27461.25,31394.0,20998.0,2,0,261,9,2013
2013-09-19,28212.041666666668,32801.0,21086.0,3,0,262,9,2013
2013-09-20,28841.333333333332,33986.0,21328.0,4,0,263,9,2013
2013-09-21,26666.0,31064.0,21241.0,5,1,264,9,2013
2013-09-22,25253.041666666668,29270.0,21042.0,6,1,265,9,2013
2013-09-23,26919.375,31316.0,20370.0,0,0,266,9,2013
2013-09-24,27336.666666666668,31756.0,20928.0,1,0,267,9,2013
2013-09-25,27559.5,31977.0,20879.0,2,0,268,9,2013
2013-09-26,27844.583333333332,32108.0,21032.0,3,0,269,9,2013
2013-09-27,27507.833333333332,30837.0,21277.0,4,0,270,9,2013
2013-09-28,24864.916666666668,28409.0,20514.0,5,1,271,9,2013
2013-09-29,24260.208333333332,29384.0,19650.0,6,1,272,9,2013
2013-09-30,27552.708333333332,32525.0,20287.0,0,0,273,9,2013
2013-10-01,28911.666666666668,34460.0,21109.0,1,0,274,10,2013
2013-10-02,30559.291666666668,37006.0,21789.0,2,0,275,10,2013
2013-10-03,30800.0,36434.0,22728.0,3,0,276,10,2013
2013-10-04,32100.125,39531.0,22811.0,4,0,277,10,2013
2013-10-05,30431.375,36257.0,23373.0,5,1,278,10,2013
2013-10-06,29554.5,36004.0,22727.0,6,1,279,10,2013
2013-10-07,30984.458333333332,35852.0,23947.0,0,0,280,10,2013
2013-10-08,27265.958333333332,31645.0,20949.0,1,0,281,10,2013
2013-10-09,27210.291666666668,31737.0,20878.0,2,0,282,10,2013
2013-10-10,27746.25,32216.0,20993.0,3,0,283,10,2013
2013-10-11,27755.041666666668,30951.0,21373.0,4,0,284,10,2013
2013-10-12,24868.041666666668,28488.0,20656.0,5,1,285,10,2013
2013-10-13,24020.25,28752.0,19819.0,6,1,286,10,2013
2013-10-14,26795.958333333332,31763.0,20374.0,0,0,287,10,2013
2013-10-15,27338.708333333332,31839.0,20847.0,1,0,288,10,2013
2013-10-16,27700.75,32405.0,20926.0,2,0,289,10,2013
2013-10-17,28519.083333333332,33174.0,21406.0,3,0,290,10,2013
2013-10-18,26976.875,29914.0,21261.0,4,0,291,10,2013
2013-10-19,24708.291666666668,28249.0,20450.0,5,1,292,10,2013
2013-10-20,23930.916666666668,28779.0,19972.0,6,1,293,10,2013
2013-10-21,27375.0,31800.0,21025.0,0,0,294,10,2013
2013-10-22,27460.041666666668,31772.0,21267.0,1,0,295,10,2013
2013-10-23,28211.333333333332,32791.0,21848.0,2,0,296,10,2013
2013-10-24,29038.5,33616.0,23130.0,3,0,297,10,2013
2013-10-25,29170.833333333332,32738.0,24185.0,4,0,298,10,2013
2013-10-26,26859.916666666668,29475.0,23913.0,5,1,299,10,2013
2013-10-27,25419.083333333332,30055.0,21650.0,6,1,300,10,2013
2013-10-28,28772.375,32610.0,22943.0,0,0,301,10,2013
2013-10-29,28558.458333333332,32612.0,22830.0,1,0,302,10,2013
2013-10-30,28708.541666666668,32480.0,22680.0,2,0,303,10,2013
2013-10-31,28184.625,31591.0,21983.0,3,0,304,10,2013
2013-11-01,27676.416666666668,30973.0,21460.0,4,0,305,11,2013
2013-11-02,24717.916666666668,28246.0,20474.0,5,1,306,11,2013
2013-11-03,25330.5625,30807.0,20465.0,6,1,307,11,2013
2013-11-04,30416.458333333332,35736.0,24011.0,0,0,308,11,2013
2013-11-05,29946.458333333332,33968.0,25116.0,1,0,309,11,2013
2013-11-06,28483.958333333332,32871.0,22979.0,2,0,310,11,2013
2013-11-07,28411.666666666668,33420.0,21738.0,3,0,311,11,2013
2013-11-08,29611.791666666668,34013.0,23779.0,4,0,312,11,2013
2013-11-09,27921.833333333332,30956.0,25079.0,5,1,313,11,2013
2013-11-10,26606.416666666668,31400.0,23042.0,6,1,314,11,2013
2013-11-11,29328.958333333332,34314.0,23335.0,0,0,315,11,2013
2013-11-12,31518.208333333332,38043.0,23196.0,1,0,316,11,2013
2013-11-13,33091.666666666664,37779.0,27735.0,2,0,317,11,2013
2013-11-14,31959.458333333332,35707.0,27844.0,3,0,318,11,2013
2013-11-15,30607.416666666668,34285.0,25972.0,4,0,319,11,2013
2013-11-16,26914.625,30369.0,23400.0,5,1,320,11,2013
2013-11-17,25658.458333333332,30387.0,21413.0,6,1,321,11,2013
2013-11-18,27753.583333333332,33053.0,21260.0,0,0,322,11,2013
2013-11-19,29960.333333333332,35982.0,22907.0,1,0,323,11,2013
2013-11-20,31840.958333333332,36694.0,26192.0,2,0,324,11,2013
2013-11-21,31990.125,35724.0,27229.0,3,0,325,11,2013
2013-11-22,29530.875,33591.0,23883.0,4,0,326,11,2013
2013-11-23,28206.625,33375.0,22802.0,5,1,327,11,2013
2013-11-24,32953.958333333336,38927.0,27915.0,6,1,328,11,2013
2013-11-25,35772.958333333336,40270.0,30560.0,0,0,329,11,2013
2013-11-26,34465.541666666664,39360.0,28311.0,1,0,330,11,2013
2013-11-27,32717.166666666668,38394.0,25268.0,2,0,331,11,2013
2013-11-28,30853.541666666668,33156.0,28169.0,3,0,332,11,2013
2013-11-29,31312.416666666668,35681.0,27069.0,4,0,333,11,2013
2013-11-30,31877.458333333332,35310.0,28653.0,5,1,334,11,2013
2013-12-01,30164.541666666668,34519.0,27087.0,6,1,335,12,2013
2013-12-02,31624.458333333332,36772.0,25269.0,0,0,336,12,2013
2013-12-03,31288.375,36107.0,25573.0,1,0,337,12,2013
2013-12-04,31475.0,36200.0,25801.0,2,0,338,12,2013
2013-12-05,30035.25,35089.0,23600.0,3,0,339,12,2013
2013-12-06,30049.0,35783.0,22632.0,4,0,340,12,2013
2013-12-07,30484.583333333332,35706.0,25436.0,5,1,341,12,2013
2013-12-08,33637.833333333336,40293.0,27863.0,6,1,342,12,2013
2013-12-09,35223.083333333336,40532.0,28503.0,0,0,343,12,2013
2013-12-10,35818.583333333336,42098.0,28347.0,1,0,344,12,2013
2013-12-11,36550.333333333336,41593.0,30782.0,2,0,345,12,2013
2013-12-12,37595.5,43388.0,31038.0,3,0,346,12,2013
2013-12-13,36793.75,40532.0,32665.0,4,0,347,12,2013
2013-12-14,34642.208333333336,40373.0,29157.0,5,1,348,12,2013
2013-12-15,32569.708333333332,38212.0,27993.0,6,1,349,12,2013
2013-12-16,36383.583333333336,42518.0,29060.0,0,0,350,12,2013
2013-12-17,37314.583333333336,42392.0,30629.0,1,0,351,12,2013
2013-12-18,36534.0,41512.0,30876.0,2,0,352,12,2013
2013-12-19,35301.291666666664,39832.0,31072.0,3,0,353,12,2013
2013-12-20,32100.666666666668,36206.0,26746.0,4,0,354,12,2013
2013-12-21,28051.541666666668,31890.0,24102.0,5,1,355,12,2013
2013-12-22,26731.791666666668,31843.0,21842.0,6,1,356,12,2013
2013-12-23,28953.375,34435.0,21437.0,0,0,357,12,2013
2013-12-24,31180.25,36619.0,24784.0,1,0,358,12,2013
2013-12-25,32273.875,34715.0,29400.0,2,0,359,12,2013
2013-12-26,34391.125,38936.0,29028.0,3,0,360,12,2013
2013-12-27,33680.458333333336,37231.0,29356.0,4,0,361,12,2013
2013-12-28,30354.791666666668,33164.0,28081.0,5,1,362,12,2013
2013-12-29,29513.25,34381.0,24441.0,6,1,363,12,2013
2013-12-30,32409.916666666668,38879.0,25204.0,0,0,364,12,2013
2013-12-31,34071.458333333336,39234.0,28762.0,1,0,365,12,2013
2014-01-01,32360.916666666668,36447.0,29716.0,2,0,1,1,2014
2014-01-02,35778.291666666664,42074.0,27785.0,3,0,2,1,2014
2014-01-03,39304.958333333336,45245.0,32389.0,4,0,3,1,2014
2014-01-04,37982.666666666664,40478.0,35248.0,5,1,4,1,2014
2014-01-05,34595.166666666664,38774.0,31455.0,6,1,5,1,2014
2014-01-06,34472.083333333336,42253.0,26012.0,0,0,6,1,2014
2014-01-07,44652.791666666664,49877.0,38358.0,1,0,7,1,2014
2014-01-08,42378.458333333336,46745.0,39081.0,2,0,8,1,2014
2014-01-09,37716.166666666664,41761.0,33295.0,3,0,9,1,2014
2014-01-10,36236.708333333336,39824.0,30863.0,4,0,10,1,2014
2014-01-11,30599.583333333332,33296.0,27218.0,5,1,11,1,2014
2014-01-12,29406.125,35127.0,24095.0,6,1,12,1,2014
2014-01-13,32765.625,37457.0,27946.0,0,0,13,1,2014
2014-01-14,31727.916666666668,36545.0,24867.0,1,0,14,1,2014
2014-01-15,32652.666666666668,36999.0,26735.0,2,0,15,1,2014
2014-01-16,33763.875,38844.0,27013.0,3,0,16,1,2014
2014-01-17,33797.041666666664,38257.0,29647.0,4,0,17,1,2014
2014-01-18,32711.291666666668,38192.0,27256.0,5,1,18,1,2014
2014-01-19,33029.541666666664,36393.0,30503.0,6,1,19,1,2014
2014-01-20,33340.833333333336,37744.0,28030.0,0,0,20,1,2014
2014-01-21,37657.5,44820.0,28597.0,1,0,21,1,2014
2014-01-22,42421.916666666664,47567.0,36404.0,2,0,22,1,2014
2014-01-23,41944.458333333336,46170.0,37280.0,3,0,23,1,2014
2014-01-24,41979.291666666664,46147.0,37577.0,4,0,24,1,2014
2014-01-25,38661.916666666664,41489.0,35401.0,5,1,25,1,2014
2014-01-26,36790.791666666664,41436.0,33120.0,6,1,26,1,2014
2014-01-27,37035.833333333336,43060.0,31278.0,0,0,27,1,2014
2014-01-28,41845.416666666664,47031.0,35042.0,1,0,28,1,2014
2014-01-29,41947.75,46233.0,37084.0,2,0,29,1,2014
2014-01-30,40929.708333333336,46724.0,37609.0,3,0,30,1,2014
2014-01-31,36857.875,41316.0,33887.0,4,0,31,1,2014
2014-02-01,31971.458333333332,34657.0,29573.0,5,1,32,2,2014
2014-02-02,30103.791666666668,33468.0,27186.0,6,1,33,2,2014
2014-02-03,34195.375,40367.0,25787.0,0,0,34,2,2014
2014-02-04,36224.041666666664,40659.0,30698.0,1,0,35,2,2014
2014-02-05,34940.125,38905.0,30342.0,2,0,36,2,2014
2014-02-06,35807.25,40477.0,30153.0,3,0,37,2,2014
2014-02-07,35555.375,40021.0,31057.0,4,0,38,2,2014
2014-02-08,34812.458333333336,38325.0,30908.0,5,1,39,2,2014
2014-02-09,34994.416666666664,39954.0,31480.0,6,1,40,2,2014
2014-02-10,37525.25,42789.0,31107.0,0,0,41,2,2014
2014-02-11,38984.333333333336,43598.0,34267.0,1,0,42,2,2014
2014-02-12,39993.083333333336,44777.0,35388.0,2,0,43,2,2014
2014-02-13,36864.875,40300.0,33381.0,3,0,44,2,2014
2014-02-14,34119.5,37347.0,30085.0,4,0,45,2,2014
2014-02-15,33535.791666666664,38245.0,28609.0,5,1,46,2,2014
2014-02-16,34122.208333333336,38500.0,31073.0,6,1,47,2,2014
2014-02-17,36506.333333333336,40792.0,31910.0,0,0,48,2,2014
2014-02-18,35292.166666666664,39096.0,31164.0,1,0,49,2,2014
2014-02-19,34043.75,37345.0,29590.0,2,0,50,2,2014
2014-02-20,32515.208333333332,36597.0,27523.0,3,0,51,2,2014
2014-02-21,31996.916666666668,35250.0,26478.0,4,0,52,2,2014
2014-02-22,29356.791666666668,31827.0,27171.0,5,1,53,2,2014
2014-02-23,28004.375,32169.0,25135.0,6,1,54,2,2014
2014-02-24,32595.833333333332,39036.0,25332.0,0,0,55,2,2014
2014-02-25,36032.333333333336,40634.0,30185.0,1,0,56,2,2014
2014-02-26,36730.166666666664,41556.0,31143.0,2,0,57,2,2014
2014-02-27,38141.75,42513.0,33830.0,3,0,58,2,2014
2014-02-28,39467.25,44327.0,36116.0,4,0,59,2,2014
2014-03-01,34926.5,37749.0,31834.0,5,1,60,3,2014
2014-03-02,31889.375,36467.0,28255.0,6,1,61,3,2014
2014-03-03,38191.833333333336,44439.0,29321.0,0,0,62,3,2014
2014-03-04,39281.25,43540.0,36322.0,1,0,63,3,2014
2014-03-05,36052.041666666664,40358.0,32493.0,2,0,64,3,2014
2014-03-06,36759.0,40860.0,31881.0,3,0,65,3,2014
2014-03-07,35117.875,38874.0,31233.0,4,0,66,3,2014
2014-03-08,29814.333333333332,31929.0,27600.0,5,1,67,3,2014
2014-03-09,28146.854166666668,33573.0,24564.0,6,1,68,3,2014
2014-03-10,31354.5,35255.0,26427.0,0,0,69,3,2014
2014-03-11,29755.875,33831.0,25193.0,1,0,70,3,2014
2014-03-12,29814.625,33786.0,23592.0,2,0,71,3,2014
2014-03-13,35951.041666666664,40494.0,28517.0,3,0,72,3,2014
2014-03-14,34474.708333333336,39669.0,31572.0,4,0,73,3,2014
2014-03-15,27760.25,30207.0,25399.0,5,1,74,3,2014
2014-03-16,29125.958333333332,35150.0,24464.0,6,1,75,3,2014
2014-03-17,35341.0,39133.0,29076.0,0,0,76,3,2014
2014-03-18,33667.0,38065.0,29331.0,1,0,77,3,2014
2014-03-19,33134.458333333336,36278.0,27674.0,2,0,78,3,2014
2014-03-20,30632.25,34232.0,25961.0,3,0,79,3,2014
2014-03-21,30312.666666666668,34781.0,26053.0,4,0,80,3,2014
2014-03-22,27474.0,30387.0,25290.0,5,1,81,3,2014
2014-03-23,28130.333333333332,33876.0,23288.0,6,1,82,3,2014
2014-03-24,33915.25,38922.0,28420.0,0,0,83,3,2014
2014-03-25,35147.375,38843.0,30003.0,1,0,84,3,2014
2014-03-26,34931.75,39139.0,29409.0,2,0,85,3,2014
2014-03-27,34167.791666666664,39793.0,30877.0,3,0,86,3,2014
2014-03-28,30905.791666666668,34422.0,27108.0,4,0,87,3,2014
2014-03-29,27543.0,30885.0,22709.0,5,1,88,3,2014
2014-03-30,28540.333333333332,34238.0,22779.0,6,1,89,3,2014
2014-03-31,30587.708333333332,35001.0,26181.0,0,0,90,3,2014
2014-04-01,29327.375,33699.0,24664.0,1,0,91,4,2014
2014-04-02,29227.125,32688.0,23846.0,2,0,92,4,2014
2014-04-03,28074.166666666668,31376.0,22952.0,3,0,93,4,2014
2014-04-04,29204.916666666668,32322.0,22683.0,4,0,94,4,2014
2014-04-05,26582.083333333332,29840.0,23316.0,5,1,95,4,2014
2014-04-06,26224.416666666668,29752.0,24132.0,6,1,96,4,2014
2014-04-07,30225.625,34138.0,23340.0,0,0,97,4,2014
2014-04-08,28471.125,31516.0,23401.0,1,0,98,4,2014
2014-04-09,28149.0,31632.0,23256.0,2,0,99,4,2014
2014-04-10,27977.0,31784.0,23264.0,3,0,100,4,2014
2014-04-11,27190.083333333332,29627.0,21663.0,4,0,101,4,2014
2014-04-12,24386.166666666668,27445.0,20887.0,5,1,102,4,2014
2014-04-13,24058.375,29278.0,19827.0,6,1,103,4,2014
2014-04-14,27603.166666666668,31568.0,20870.0,0,0,104,4,2014
2014-04-15,28217.5,31613.0,21455.0,1,0,105,4,2014
2014-04-16,29706.916666666668,33372.0,24429.0,2,0,106,4,2014
2014-04-17,29305.291666666668,32786.0,25601.0,3,0,107,4,2014
2014-04-18,27539.875,30403.0,24329.0,4,0,108,4,2014
2014-04-19,24853.375,27379.0,22433.0,5,1,109,4,2014
2014-04-20,23362.166666666668,26706.0,20793.0,6,1,110,4,2014
2014-04-21,26983.375,30330.0,21687.0,0,0,111,4,2014
2014-04-22,27076.041666666668,30560.0,21237.0,1,0,112,4,2014
2014-04-23,27303.083333333332,31372.0,21324.0,2,0,113,4,2014
2014-04-24,27733.666666666668,30658.0,23171.0,3,0,114,4,2014
2014-04-25,27190.666666666668,29885.0,22579.0,4,0,115,4,2014
2014-04-26,24381.75,27087.0,21261.0,5,1,116,4,2014
2014-04-27,23516.958333333332,27820.0,20072.0,6,1,117,4,2014
2014-04-28,26657.875,30331.0,20994.0,0,0,118,4,2014
2014-04-29,28480.083333333332,32886.0,21435.0,1,0,119,4,2014
2014-04-30,30001.416666666668,33120.0,23623.0,2,0,120,4,2014
2014-05-01,28159.041666666668,31335.0,22415.0,3,0,121,5,2014
2014-05-02,26712.708333333332,29479.0,21206.0,4,0,122,5,2014
2014-05-03,24384.875,27149.0,20802.0,5,1,123,5,2014
2014-05-04,23856.333333333332,27904.0,20096.0,6,1,124,5,2014
2014-05-05,26439.458333333332,29841.0,20687.0,0,0,125,5,2014
2014-05-06,26932.291666666668,30202.0,21314.0,1,0,126,5,2014
2014-05-07,26908.0,30278.0,21204.0,2,0,127,5,2014
2014-05-08,27615.916666666668,31345.0,21024.0,3,0,128,5,2014
2014-05-09,27508.041666666668,30484.0,21203.0,4,0,129,5,2014
2014-05-10,25829.708333333332,28916.0,20825.0,5,1,130,5,2014
2014-05-11,24949.958333333332,29555.0,20213.0,6,1,131,5,2014
2014-05-12,29988.166666666668,36417.0,20849.0,0,0,132,5,2014
2014-05-13,30704.208333333332,35908.0,23056.0,1,0,133,5,2014
2014-05-14,28007.291666666668,31670.0,21671.0,2,0,134,5,2014
2014-05-15,29673.416666666668,34483.0,21706.0,3,0,135,5,2014
2014-05-16,28796.125,32125.0,22994.0,4,0,136,5,2014
2014-05-17,24255.208333333332,26709.0,20537.0,5,1,137,5,2014
2014-05-18,23402.541666666668,27169.0,19796.0,6,1,138,5,2014
2014-05-19,26791.083333333332,30020.0,20382.0,0,0,139,5,2014
2014-05-20,27625.25,31649.0,20795.0,1,0,140,5,2014
2014-05-21,28290.666666666668,31813.0,21395.0,2,0,141,5,2014
2014-05-22,29465.875,34107.0,21842.0,3,0,142,5,2014
2014-05-23,27836.333333333332,31148.0,21721.0,4,0,143,5,2014
2014-05-24,24625.125,27407.0,20242.0,5,1,144,5,2014
2014-05-25,24538.083333333332,28582.0,19627.0,6,1,145,5,2014
2014-05-26,27265.791666666668,33387.0,20214.0,0,0,146,5,2014
2014-05-27,32920.083333333336,41386.0,22730.0,1,0,147,5,2014
2014-05-28,30797.958333333332,34693.0,23995.0,2,0,148,5,2014
2014-05-29,27250.125,29925.0,21361.0,3,0,149,5,2014
2014-05-30,27449.083333333332,30979.0,21028.0,4,0,150,5,2014
2014-05-31,25319.916666666668,28260.0,20580.0,5,1,151,5,2014
2014-06-01,24897.833333333332,29449.0,19695.0,6,1,152,6,2014
2014-06-02,29526.916666666668,36339.0,20804.0,0,0,153,6,2014
2014-06-03,33357.833333333336,41279.0,22830.0,1,0,154,6,2014
2014-06-04,33843.375,41123.0,24500.0,2,0,155,6,2014
2014-06-05,30982.625,35523.0,24168.0,3,0,156,6,2014
2014-06-06,29381.875,34473.0,21994.0,4,0,157,6,2014
2014-06-07,28099.625,34325.0,21106.0,5,1,158,6,2014
2014-06-08,28993.791666666668,35283.0,21272.0,6,1,159,6,2014
2014-06-09,32658.041666666668,38502.0,23874.0,0,0,160,6,2014
2014-06-10,34357.916666666664,41463.0,25031.0,1,0,161,6,2014
2014-06-11,32349.208333333332,36286.0,25623.0,2,0,162,6,2014
2014-06-12,30863.0,34812.0,23337.0,3,0,163,6,2014
2014-06-13,33139.458333333336,39885.0,24272.0,4,0,164,6,2014
2014-06-14,27932.125,30892.0,23168.0,5,1,165,6,2014
2014-06-15,26617.708333333332,33051.0,20201.0,6,1,166,6,2014
2014-06-16,33913.0,44008.0,22364.0,0,0,167,6,2014
2014-06-17,39759.416666666664,50989.0,26278.0,1,0,168,6,2014
2014-06-18,42794.375,52323.0,31033.0,2,0,169,6,2014
2014-06-19,36451.0,40803.0,29280.0,3,0,170,6,2014
2014-06-20,32348.791666666668,39119.0,24335.0,4,0,171,6,2014
2014-06-21,28557.541666666668,32336.0,23173.0,5,1,172,6,2014
2014-06-22,28601.625,34595.0,21827.0,6,1,173,6,2014
2014-06-23,33263.791666666664,41226.0,23149.0,0,0,174,6,2014
2014-06-24,35025.458333333336,44478.0,24402.0,1,0,175,6,2014
2014-06-25,38707.791666666664,48444.0,26795.0,2,0,176,6,2014
2014-06-26,38240.458333333336,46628.0,27987.0,3,0,177,6,2014
2014-06-27,36137.5,43698.0,26884.0,4,0,178,6,2014
2014-06-28,32432.416666666668,40328.0,23759.0,5,1,179,6,2014
2014-06-29,31918.625,39731.0,23222.0,6,1,180,6,2014
2014-06-30,36909.625,47291.0,25205.0,0,0,181,6,2014
2014-07-01,41229.25,52369.0,27981.0,1,0,182,7,2014
2014-07-02,43700.291666666664,54945.0,31049.0,2,0,183,7,2014
2014-07-03,40508.0,51370.0,29774.0,3,0,184,7,2014
2014-07-04,29685.375,33767.0,26598.0,4,0,185,7,2014
2014-07-05,27594.625,34374.0,20912.0,5,1,186,7,2014
2014-07-06,29750.5,38143.0,21256.0,6,1,187,7,2014
2014-07-07,39220.5,50907.0,25910.0,0,0,188,7,2014
2014-07-08,41969.583333333336,53534.0,29616.0,1,0,189,7,2014
2014-07-09,38754.333333333336,48373.0,27890.0,2,0,190,7,2014
2014-07-10,37117.208333333336,44994.0,27855.0,3,0,191,7,2014
2014-07-11,36512.125,45428.0,26345.0,4,0,192,7,2014
2014-07-12,35016.958333333336,43278.0,25588.0,5,1,193,7,2014
2014-07-13,35942.916666666664,44897.0,26339.0,6,1,194,7,2014
2014-07-14,39254.666666666664,49071.0,28504.0,0,0,195,7,2014
2014-07-15,38382.291666666664,46716.0,28525.0,1,0,196,7,2014
2014-07-16,35316.791666666664,42411.0,27279.0,2,0,197,7,2014
2014-07-17,33413.75,40789.0,24373.0,3,0,198,7,2014
2014-07-18,32625.833333333332,40104.0,23787.0,4,0,199,7,2014
2014-07-19,30080.583333333332,34703.0,23908.0,5,1,200,7,2014
2014-07-20,30234.125,36034.0,23615.0,6,1,201,7,2014
2014-07-21,35105.625,43902.0,24584.0,0,0,202,7,2014
2014-07-22,37985.625,48326.0,26079.0,1,0,203,7,2014
2014-07-23,41046.541666666664,53166.0,27906.0,2,0,204,7,2014
2014-07-24,35852.666666666664,41570.0,28702.0,3,0,205,7,2014
2014-07-25,33054.041666666664,41236.0,24154.0,4,0,206,7,2014
2014-07-26,31349.333333333332,38235.0,23879.0,5,1,207,7,2014
2014-07-27,34524.833333333336,44052.0,25464.0,6,1,208,7,2014
2014-07-28,36006.875,42747.0,27328.0,0,0,209,7,2014
2014-07-29,31024.375,35809.0,23895.0,1,0,210,7,2014
2014-07-30,30889.583333333332,37757.0,22533.0,2,0,211,7,2014
2014-07-31,33275.916666666664,41729.0,23278.0,3,0,212,7,2014
2014-08-01,33974.041666666664,40892.0,25848.0,4,0,213,8,2014
2014-08-02,29904.25,33782.0,24193.0,5,1,214,8,2014
2014-08-03,29383.333333333332,34397.0,23482.0,6,1,215,8,2014
2014-08-04,35015.875,44363.0,24420.0,0,0,216,8,2014
2014-08-05,37019.5,47371.0,25481.0,1,0,217,8,2014
2014-08-06,34979.541666666664,42400.0,26323.0,2,0,218,8,2014
2014-08-07,33759.125,41427.0,24825.0,3,0,219,8,2014
2014-08-08,32182.125,39568.0,23682.0,4,0,220,8,2014
2014-08-09,30871.666666666668,37856.0,23152.0,5,1,221,8,2014
2014-08-10,31563.375,39842.0,22920.0,6,1,222,8,2014
2014-08-11,34569.583333333336,42364.0,24811.0,0,0,223,8,2014
2014-08-12,33736.208333333336,38488.0,26177.0,1,0,224,8,2014
2014-08-13,34482.041666666664,42138.0,25552.0,2,0,225,8,2014
2014-08-14,31479.25,37602.0,23748.0,3,0,226,8,2014
2014-08-15,29483.958333333332,34103.0,22845.0,4,0,227,8,2014
2014-08-16,27764.458333333332,33177.0,21718.0,5,1,228,8,2014
2014-08-17,29033.041666666668,36250.0,22012.0,6,1,229,8,2014
2014-08-18,32701.083333333332,40443.0,23393.0,0,0,230,8,2014
2014-08-19,34421.25,42739.0,24652.0,1,0,231,8,2014
2014-08-20,35504.083333333336,43944.0,25627.0,2,0,232,8,2014
2014-08-21,35929.791666666664,44485.0,25828.0,3,0,233,8,2014
2014-08-22,33857.833333333336,38864.0,26269.0,4,0,234,8,2014
2014-08-23,28788.916666666668,31803.0,24032.0,5,1,235,8,2014
2014-08-24,28500.875,34428.0,22066.0,6,1,236,8,2014
2014-08-25,33059.125,42040.0,22870.0,0,0,237,8,2014
2014-08-26,35463.25,45352.0,24364.0,1,0,238,8,2014
2014-08-27,37498.0,49021.0,25265.0,2,0,239,8,2014
2014-08-28,35418.708333333336,41521.0,28133.0,3,0,240,8,2014
2014-08-29,30703.083333333332,37073.0,23031.0,4,0,241,8,2014
2014-08-30,28743.333333333332,34054.0,22246.0,5,1,242,8,2014
2014-08-31,33479.875,42636.0,24377.0,6,1,243,8,2014
2014-09-01,36346.666666666664,45575.0,26351.0,0,0,244,9,2014
2014-09-02,41471.25,52369.0,28513.0,1,0,245,9,2014
2014-09-03,37726.041666666664,45606.0,28707.0,2,0,246,9,2014
2014-09-04,37008.541666666664,47388.0,25413.0,3,0,247,9,2014
2014-09-05,39001.208333333336,48842.0,27479.0,4,0,248,9,2014
2014-09-06,37945.833333333336,48068.0,28648.0,5,1,249,9,2014
2014-09-07,30235.416666666668,35535.0,24308.0,6,1,250,9,2014
2014-09-08,30621.541666666668,34897.0,23153.0,0,0,251,9,2014
2014-09-09,30547.541666666668,34855.0,22990.0,1,0,252,9,2014
2014-09-10,31895.0,37855.0,23380.0,2,0,253,9,2014
2014-09-11,34667.041666666664,42750.0,24306.0,3,0,254,9,2014
2014-09-12,30892.875,35724.0,24426.0,4,0,255,9,2014
2014-09-13,26199.125,29079.0,21481.0,5,1,256,9,2014
2014-09-14,24124.833333333332,28734.0,19939.0,6,1,257,9,2014
2014-09-15,27372.458333333332,31907.0,20364.0,0,0,258,9,2014
2014-09-16,28358.041666666668,32096.0,21402.0,1,0,259,9,2014
2014-09-17,27937.166666666668,31965.0,21236.0,2,0,260,9,2014
2014-09-18,28140.833333333332,32174.0,21178.0,3,0,261,9,2014
2014-09-19,27344.583333333332,30495.0,21260.0,4,0,262,9,2014
2014-09-20,26029.25,30276.0,20661.0,5,1,263,9,2014
2014-09-21,27229.708333333332,33766.0,21035.0,6,1,264,9,2014
2014-09-22,28431.75,31704.0,22180.0,0,0,265,9,2014
2014-09-23,27146.791666666668,31533.0,20779.0,1,0,266,9,2014
2014-09-24,27369.958333333332,31513.0,20836.0,2,0,267,9,2014
2014-09-25,27652.458333333332,31335.0,21270.0,3,0,268,9,2014
2014-09-26,27428.416666666668,31296.0,20920.0,4,0,269,9,2014
2014-09-27,25915.375,30773.0,20281.0,5,1,270,9,2014
2014-09-28,26326.416666666668,32766.0,20187.0,6,1,271,9,2014
2014-09-29,29325.416666666668,34321.0,21733.0,0,0,272,9,2014
2014-09-30,29607.333333333332,34254.0,22313.0,1,0,273,9,2014
2014-10-01,28823.291666666668,33026.0,22061.0,2,0,274,10,2014
2014-10-02,28272.416666666668,32458.0,21540.0,3,0,275,10,2014
2014-10-03,27637.625,30997.0,21280.0,4,0,276,10,2014
2014-10-04,25163.25,27959.0,21142.0,5,1,277,10,2014
2014-10-05,23576.041666666668,28497.0,19623.0,6,1,278,10,2014
2014-10-06,27015.041666666668,31596.0,20634.0,0,0,279,10,2014
2014-10-07,27432.583333333332,32018.0,20901.0,1,0,280,10,2014
2014-10-08,27748.166666666668,31985.0,21354.0,2,0,281,10,2014
2014-10-09,27109.0,31519.0,20919.0,3,0,282,10,2014
2014-10-10,26902.958333333332,29962.0,21138.0,4,0,283,10,2014
2014-10-11,24976.125,28042.0,20586.0,5,1,284,10,2014
2014-10-12,23940.875,28245.0,20422.0,6,1,285,10,2014
2014-10-13,27244.583333333332,31909.0,20590.0,0,0,286,10,2014
2014-10-14,28909.375,34060.0,21454.0,1,0,287,10,2014
2014-10-15,30243.375,34574.0,22814.0,2,0,288,10,2014
2014-10-16,28638.0,32171.0,22612.0,3,0,289,10,2014
2014-10-17,27303.625,30532.0,21177.0,4,0,290,10,2014
2014-10-18,24504.75,27665.0,20412.0,5,1,291,10,2014
2014-10-19,23989.708333333332,29186.0,19822.0,6,1,292,10,2014
2014-10-20,27767.458333333332,31987.0,21614.0,0,0,293,10,2014
2014-10-21,27550.958333333332,31677.0,21524.0,1,0,294,10,2014
2014-10-22,27986.416666666668,32385.0,21228.0,2,0,295,10,2014
2014-10-23,28135.916666666668,32181.0,21958.0,3,0,296,10,2014
2014-10-24,27100.041666666668,29838.0,21811.0,4,0,297,10,2014
2014-10-25,24625.0,27717.0,20998.0,5,1,298,10,2014
2014-10-26,23929.583333333332,28613.0,19937.0,6,1,299,10,2014
2014-10-27,27223.5,31513.0,20887.0,0,0,300,10,2014
2014-10-28,27565.166666666668,31901.0,21325.0,1,0,301,10,2014
2014-10-29,27471.75,31407.0,21134.0,2,0,302,10,2014
2014-10-30,27536.708333333332,31650.0,21569.0,3,0,303,10,2014
2014-10-31,27987.583333333332,31197.0,22541.0,4,0,304,10,2014
2014-11-01,26665.208333333332,30284.0,21778.0,5,1,305,11,2014
2014-11-02,26942.541666666668,31954.0,22555.0,6,1,306,11,2014
2014-11-03,29201.25,33491.0,23920.0,0,0,307,11,2014
2014-11-04,27946.541666666668,32205.0,22645.0,1,0,308,11,2014
2014-11-05,27713.625,32499.0,21434.0,2,0,309,11,2014
2014-11-06,28439.791666666668,33162.0,21873.0,3,0,310,11,2014
2014-11-07,28462.166666666668,33265.0,22387.0,4,0,311,11,2014
2014-11-08,27469.291666666668,30686.0,24621.0,5,1,312,11,2014
2014-11-09,25938.291666666668,30533.0,22386.0,6,1,313,11,2014
2014-11-10,28815.541666666668,32907.0,23495.0,0,0,314,11,2014
2014-11-11,28377.833333333332,32641.0,23220.0,1,0,315,11,2014
2014-11-12,27828.875,32498.0,21577.0,2,0,316,11,2014
2014-11-13,30242.25,35613.0,23280.0,3,0,317,11,2014
2014-11-14,31277.0,35988.0,25452.0,4,0,318,11,2014
2014-11-15,29820.416666666668,33395.0,26720.0,5,1,319,11,2014
2014-11-16,29578.666666666668,33650.0,26059.0,6,1,320,11,2014
2014-11-17,31312.916666666668,36056.0,24437.0,0,0,321,11,2014
2014-11-18,34438.458333333336,41285.0,26252.0,1,0,322,11,2014
2014-11-19,36053.958333333336,40340.0,31486.0,2,0,323,11,2014
2014-11-20,33528.125,37390.0,28899.0,3,0,324,11,2014
2014-11-21,34480.083333333336,38784.0,29068.0,4,0,325,11,2014
2014-11-22,32190.625,34648.0,30115.0,5,1,326,11,2014
2014-11-23,28229.208333333332,32287.0,25197.0,6,1,327,11,2014
2014-11-24,28606.458333333332,33209.0,22790.0,0,0,328,11,2014
2014-11-25,28531.083333333332,33672.0,21656.0,1,0,329,11,2014
2014-11-26,32049.333333333332,38228.0,23839.0,2,0,330,11,2014
2014-11-27,29250.916666666668,32017.0,25777.0,3,0,331,11,2014
2014-11-28,31054.5,35965.0,26317.0,4,0,332,11,2014
2014-11-29,31499.625,34707.0,28236.0,5,1,333,11,2014
2014-11-30,28358.25,32654.0,24968.0,6,1,334,11,2014
2014-12-01,29160.375,34337.0,22876.0,0,0,335,12,2014
2014-12-02,32932.958333333336,39347.0,24709.0,1,0,336,12,2014
2014-12-03,32447.333333333332,37000.0,26209.0,2,0,337,12,2014
2014-12-04,32742.125,37775.0,26748.0,3,0,338,12,2014
2014-12-05,32998.916666666664,37394.0,27066.0,4,0,339,12,2014
2014-12-06,29814.25,33658.0,25213.0,5,1,340,12,2014
2014-12-07,29854.041666666668,35765.0,25241.0,6,1,341,12,2014
2014-12-08,35468.791666666664,41198.0,28120.0,0,0,342,12,2014
2014-12-09,34512.458333333336,39168.0,28495.0,1,0,343,12,2014
2014-12-10,33594.375,39567.0,26522.0,2,0,344,12,2014
2014-12-11,35067.791666666664,40586.0,28447.0,3,0,345,12,2014
2014-12-12,34101.791666666664,38741.0,28288.0,4,0,346,12,2014
2014-12-13,31618.916666666668,35541.0,27643.0,5,1,347,12,2014
2014-12-14,30429.708333333332,35167.0,26418.0,6,1,348,12,2014
2014-12-15,31764.625,37198.0,25310.0,0,0,349,12,2014
2014-12-16,32833.541666666664,37532.0,26855.0,1,0,350,12,2014
2014-12-17,31552.166666666668,37093.0,25128.0,2,0,351,12,2014
2014-12-18,33860.833333333336,39352.0,27192.0,3,0,352,12,2014
2014-12-19,33952.166666666664,38748.0,27651.0,4,0,353,12,2014
2014-12-20,33008.583333333336,36893.0,28412.0,5,1,354,12,2014
2014-12-21,31984.166666666668,37240.0,27746.0,6,1,355,12,2014
2014-12-22,34713.791666666664,39186.0,28923.0,0,0,356,12,2014
2014-12-23,31868.083333333332,36085.0,26091.0,1,0,357,12,2014
2014-12-24,29081.541666666668,32757.0,23823.0,2,0,358,12,2014
2014-12-25,25782.125,29224.0,21289.0,3,0,359,12,2014
2014-12-26,28913.666666666668,33487.0,24089.0,4,0,360,12,2014
2014-12-27,28213.375,31360.0,25572.0,5,1,361,12,2014
2014-12-28,27326.166666666668,31995.0,23285.0,6,1,362,12,2014
2014-12-29,30753.166666666668,36679.0,23960.0,0,0,363,12,2014
2014-12-30,33066.666666666664,38653.0,26889.0,1,0,364,12,2014
2014-12-31,34234.833333333336,39029.0,29688.0,2,0,365,12,2014
2015-01-01,31765.583333333332,35185.0,29890.0,3,0,1,1,2015
2015-01-02,32141.166666666668,36446.0,27117.0,4,0,2,1,2015
2015-01-03,32014.375,36227.0,27850.0,5,1,3,1,2015
2015-01-04,28542.291666666668,32726.0,24669.0,6,1,4,1,2015
2015-01-05,33176.125,40990.0,24556.0,0,0,5,1,2015
2015-01-06,38358.833333333336,43642.0,31366.0,1,0,6,1,2015
2015-01-07,40181.875,46757.0,33182.0,2,0,7,1,2015
2015-01-08,42445.375,46672.0,38156.0,3,0,8,1,2015
2015-01-09,38524.666666666664,41951.0,34803.0,4,0,9,1,2015
2015-01-10,37703.583333333336,41945.0,33622.0,5,1,10,1,2015
2015-01-11,35810.208333333336,38558.0,33123.0,6,1,11,1,2015
2015-01-12,35549.291666666664,40179.0,28818.0,0,0,12,1,2015
2015-01-13,36188.166666666664,42613.0,28681.0,1,0,13,1,2015
2015-01-14,38535.833333333336,42344.0,33065.0,2,0,14,1,2015
2015-01-15,36084.666666666664,40129.0,30838.0,3,0,15,1,2015
2015-01-16,35331.875,39007.0,30843.0,4,0,16,1,2015
2015-01-17,34377.041666666664,37630.0,31266.0,5,1,17,1,2015
2015-01-18,32714.166666666668,35736.0,29251.0,6,1,18,1,2015
2015-01-19,33426.916666666664,38095.0,28063.0,0,0,19,1,2015
2015-01-20,34150.583333333336,38402.0,28418.0,1,0,20,1,2015
2015-01-21,36075.375,41200.0,29454.0,2,0,21,1,2015
2015-01-22,34886.25,38689.0,29549.0,3,0,22,1,2015
2015-01-23,34342.916666666664,39155.0,29456.0,4,0,23,1,2015
2015-01-24,32457.916666666668,36162.0,28325.0,5,1,24,1,2015
2015-01-25,30596.125,34990.0,27214.0,6,1,25,1,2015
2015-01-26,36006.0,42000.0,27688.0,0,0,26,1,2015
2015-01-27,36343.791666666664,41420.0,30930.0,1,0,27,1,2015
2015-01-28,37714.708333333336,42314.0,32907.0,2,0,28,1,2015
2015-01-29,37852.833333333336,42498.0,32915.0,3,0,29,1,2015
2015-01-30,35482.458333333336,40692.0,29456.0,4,0,30,1,2015
2015-01-31,37003.166666666664,39556.0,34615.0,5,1,31,1,2015
2015-02-01,34087.916666666664,36892.0,32271.0,6,1,32,2,2015
2015-02-02,35688.375,42535.0,28568.0,0,0,33,2,2015
2015-02-03,38213.375,42160.0,33722.0,1,0,34,2,2015
2015-02-04,35681.25,40142.0,32491.0,2,0,35,2,2015
2015-02-05,36195.833333333336,43290.0,28080.0,3,0,36,2,2015
2015-02-06,38972.625,44107.0,35307.0,4,0,37,2,2015
2015-02-07,33573.5,36267.0,31493.0,5,1,38,2,2015
2015-02-08,30313.416666666668,34288.0,27143.0,6,1,39,2,2015
2015-02-09,34945.916666666664,41107.0,26649.0,0,0,40,2,2015
2015-02-10,35840.0,39759.0,30439.0,1,0,41,2,2015
2015-02-11,35104.916666666664,39677.0,30641.0,2,0,42,2,2015
2015-02-12,35544.25,40862.0,29345.0,3,0,43,2,2015
2015-02-13,39962.333333333336,44816.0,35701.0,4,0,44,2,2015
2015-02-14,36800.625,38824.0,34364.0,5,1,45,2,2015
2015-02-15,40795.875,45774.0,36135.0,6,1,46,2,2015
2015-02-16,43949.5,47272.0,40445.0,0,0,47,2,2015
2015-02-17,40224.375,43446.0,36940.0,1,0,48,2,2015
2015-02-18,39364.541666666664,44747.0,35834.0,2,0,49,2,2015
2015-02-19,42278.791666666664,48571.0,35590.0,3,0,50,2,2015
2015-02-20,44694.041666666664,49354.0,41760.0,4,0,51,2,2015
2015-02-21,40918.666666666664,42890.0,36645.0,5,1,52,2,2015
2015-02-22,33153.333333333336,36612.0,30944.0,6,1,53,2,2015
2015-02-23,37375.041666666664,44597.0,29334.0,0,0,54,2,2015
2015-02-24,41002.166666666664,46629.0,37689.0,1,0,55,2,2015
2015-02-25,37796.708333333336,42833.0,35237.0,2,0,56,2,2015
2015-02-26,36874.416666666664,41120.0,30871.0,3,0,57,2,2015
2015-02-27,36784.916666666664,40555.0,32283.0,4,0,58,2,2015
2015-02-28,36238.75,38878.0,33110.0,5,1,59,2,2015
2015-03-01,36444.5,40720.0,33154.0,6,1,60,3,2015
2015-03-02,35165.541666666664,39612.0,30439.0,0,0,61,3,2015
2015-03-03,37316.958333333336,42302.0,31722.0,1,0,62,3,2015
2015-03-04,34206.166666666664,37509.0,29559.0,2,0,63,3,2015
2015-03-05,36141.083333333336,42601.0,27984.0,3,0,64,3,2015
2015-03-06,38608.958333333336,42385.0,34632.0,4,0,65,3,2015
2015-03-07,35246.166666666664,38626.0,32169.0,5,1,66,3,2015
2015-03-08,29958.895833333332,33343.0,28095.0,6,1,67,3,2015
2015-03-09,31188.25,36052.0,27237.0,0,0,68,3,2015
2015-03-10,31604.125,35663.0,26255.0,1,0,69,3,2015
2015-03-11,29767.25,33334.0,25066.0,2,0,70,3,2015
2015-03-12,30097.708333333332,34210.0,24843.0,3,0,71,3,2015
2015-03-13,31252.458333333332,36321.0,26895.0,4,0,72,3,2015
2015-03-14,28921.75,31961.0,25187.0,5,1,73,3,2015
2015-03-15,28424.458333333332,33349.0,23740.0,6,1,74,3,2015
2015-03-16,30805.583333333332,35745.0,26245.0,0,0,75,3,2015
2015-03-17,29435.125,33573.0,24069.0,1,0,76,3,2015
2015-03-18,32122.208333333332,36586.0,27103.0,2,0,77,3,2015
2015-03-19,32121.833333333332,37156.0,28038.0,3,0,78,3,2015
2015-03-20,33673.458333333336,36861.0,27016.0,4,0,79,3,2015
2015-03-21,29639.208333333332,32776.0,27656.0,5,1,80,3,2015
2015-03-22,27731.916666666668,32474.0,24466.0,6,1,81,3,2015
2015-03-23,31978.666666666668,36876.0,26823.0,0,0,82,3,2015
2015-03-24,32624.0,36257.0,27291.0,1,0,83,3,2015
2015-03-25,33109.166666666664,37600.0,28596.0,2,0,84,3,2015
2015-03-26,30244.875,33598.0,25585.0,3,0,85,3,2015
2015-03-27,29880.708333333332,33271.0,23498.0,4,0,86,3,2015
2015-03-28,30234.125,34569.0,25934.0,5,1,87,3,2015
2015-03-29,30020.458333333332,32632.0,27492.0,6,1,88,3,2015
2015-03-30,30707.708333333332,34760.0,26031.0,0,0,89,3,2015
2015-03-31,30182.208333333332,33544.0,24890.0,1,0,90,3,2015
2015-04-01,29920.75,34574.0,25869.0,2,0,91,4,2015
2015-04-02,28826.958333333332,33274.0,25284.0,3,0,92,4,2015
2015-04-03,26256.5,28970.0,21336.0,4,0,93,4,2015
2015-04-04,24445.541666666668,28373.0,20553.0,5,1,94,4,2015
2015-04-05,24577.5,27020.0,22647.0,6,1,95,4,2015
2015-04-06,26996.666666666668,30124.0,21898.0,0,0,96,4,2015
2015-04-07,27177.833333333332,30681.0,21095.0,1,0,97,4,2015
2015-04-08,29136.041666666668,33476.0,22096.0,2,0,98,4,2015
2015-04-09,30535.291666666668,33843.0,24510.0,3,0,99,4,2015
2015-04-10,29190.166666666668,32455.0,24694.0,4,0,100,4,2015
2015-04-11,24774.291666666668,27485.0,22029.0,5,1,101,4,2015
2015-04-12,24407.625,28074.0,22076.0,6,1,102,4,2015
2015-04-13,26825.333333333332,30295.0,21164.0,0,0,103,4,2015
2015-04-14,26952.125,30465.0,20700.0,1,0,104,4,2015
2015-04-15,26784.333333333332,30116.0,21616.0,2,0,105,4,2015
2015-04-16,26734.75,29966.0,21589.0,3,0,106,4,2015
2015-04-17,26699.541666666668,29566.0,20915.0,4,0,107,4,2015
2015-04-18,24329.583333333332,27852.0,20212.0,5,1,108,4,2015
2015-04-19,23083.583333333332,27628.0,19450.0,6,1,109,4,2015
2015-04-20,27369.0,30990.0,20616.0,0,0,110,4,2015
2015-04-21,26360.708333333332,29937.0,20954.0,1,0,111,4,2015
2015-04-22,26818.625,30248.0,21118.0,2,0,112,4,2015
2015-04-23,28036.125,32298.0,22111.0,3,0,113,4,2015
2015-04-24,28086.166666666668,31772.0,23979.0,4,0,114,4,2015
2015-04-25,25641.5,27925.0,23255.0,5,1,115,4,2015
2015-04-26,24106.583333333332,27642.0,21633.0,6,1,116,4,2015
2015-04-27,27050.458333333332,30550.0,21369.0,0,0,117,4,2015
2015-04-28,26818.833333333332,29740.0,21925.0,1,0,118,4,2015
2015-04-29,26686.916666666668,30082.0,21006.0,2,0,119,4,2015
2015-04-30,26311.375,29480.0,20560.0,3,0,120,4,2015
2015-05-01,25908.5,28473.0,20620.0,4,0,121,5,2015
2015-05-02,23798.708333333332,26488.0,20560.0,5,1,122,5,2015
2015-05-03,23511.333333333332,28390.0,19479.0,6,1,123,5,2015
2015-05-04,27849.833333333332,32793.0,20065.0,0,0,124,5,2015
2015-05-05,29471.416666666668,34674.0,21572.0,1,0,125,5,2015
2015-05-06,28948.666666666668,32522.0,22368.0,2,0,126,5,2015
2015-05-07,28639.0,33793.0,21189.0,3,0,127,5,2015
2015-05-08,29654.458333333332,35887.0,21551.0,4,0,128,5,2015
2015-05-09,26592.416666666668,30334.0,21401.0,5,1,129,5,2015
2015-05-10,27798.833333333332,34061.0,21188.0,6,1,130,5,2015
2015-05-11,33162.916666666664,39574.0,23765.0,0,0,131,5,2015
2015-05-12,33645.125,40621.0,24339.0,1,0,132,5,2015
2015-05-13,27868.708333333332,30215.0,22392.0,2,0,133,5,2015
2015-05-14,26802.083333333332,30102.0,20846.0,3,0,134,5,2015
2015-05-15,26923.083333333332,30517.0,20697.0,4,0,135,5,2015
2015-05-16,27092.208333333332,32854.0,20546.0,5,1,136,5,2015
2015-05-17,29222.583333333332,35858.0,22028.0,6,1,137,5,2015
2015-05-18,32917.875,38838.0,24056.0,0,0,138,5,2015
2015-05-19,32169.083333333332,39992.0,23087.0,1,0,139,5,2015
2015-05-20,28303.791666666668,30649.0,22918.0,2,0,140,5,2015
2015-05-21,26886.708333333332,29624.0,21054.0,3,0,141,5,2015
2015-05-22,26477.916666666668,29140.0,21085.0,4,0,142,5,2015
2015-05-23,23496.583333333332,26114.0,20022.0,5,1,143,5,2015
2015-05-24,24053.416666666668,28257.0,19510.0,6,1,144,5,2015
2015-05-25,28012.916666666668,35367.0,20442.0,0,0,145,5,2015
2015-05-26,34207.875,43954.0,22583.0,1,0,146,5,2015
2015-05-27,35776.666666666664,43838.0,25793.0,2,0,147,5,2015
2015-05-28,36105.166666666664,45000.0,25361.0,3,0,148,5,2015
2015-05-29,34377.541666666664,43236.0,24874.0,4,0,149,5,2015
2015-05-30,33150.125,40975.0,24335.0,5,1,150,5,2015
2015-05-31,33146.375,41210.0,24152.0,6,1,151,5,2015
2015-06-01,32486.458333333332,37865.0,25010.0,0,0,152,6,2015
2015-06-02,28022.583333333332,30640.0,22615.0,1,0,153,6,2015
2015-06-03,27229.0,30078.0,21281.0,2,0,154,6,2015
2015-06-04,27265.333333333332,30147.0,21262.0,3,0,155,6,2015
2015-06-05,27642.291666666668,31224.0,21208.0,4,0,156,6,2015
2015-06-06,26893.333333333332,31028.0,21418.0,5,1,157,6,2015
2015-06-07,25840.583333333332,30235.0,20341.0,6,1,158,6,2015
2015-06-08,31654.541666666668,40872.0,21732.0,0,0,159,6,2015
2015-06-09,33907.083333333336,41300.0,24593.0,1,0,160,6,2015
2015-06-10,33790.291666666664,42271.0,23757.0,2,0,161,6,2015
2015-06-11,38304.25,49865.0,25232.0,3,0,162,6,2015
2015-06-12,41062.958333333336,51267.0,28985.0,4,0,163,6,2015
2015-06-13,36591.416666666664,42924.0,28408.0,5,1,164,6,2015
2015-06-14,35372.666666666664,44255.0,25618.0,6,1,165,6,2015
2015-06-15,38657.916666666664,48232.0,27644.0,0,0,166,6,2015
2015-06-16,39095.208333333336,48212.0,28088.0,1,0,167,6,2015
2015-06-17,35478.583333333336,42487.0,26711.0,2,0,168,6,2015
2015-06-18,32972.5,38071.0,25293.0,3,0,169,6,2015
2015-06-19,35631.416666666664,44342.0,25356.0,4,0,170,6,2015
2015-06-20,32405.958333333332,37647.0,25602.0,5,1,171,6,2015
2015-06-21,34779.166666666664,44327.0,25313.0,6,1,172,6,2015
2015-06-22,39498.583333333336,49397.0,28054.0,0,0,173,6,2015
2015-06-23,40710.708333333336,52144.0,29163.0,1,0,174,6,2015
2015-06-24,35276.041666666664,43267.0,26080.0,2,0,175,6,2015
2015-06-25,33747.666666666664,40624.0,24628.0,3,0,176,6,2015
2015-06-26,33009.916666666664,39638.0,24669.0,4,0,177,6,2015
2015-06-27,27903.75,30500.0,23963.0,5,1,178,6,2015
2015-06-28,26893.25,30996.0,21632.0,6,1,179,6,2015
2015-06-29,30754.875,37942.0,21983.0,0,0,180,6,2015
2015-06-30,33739.875,41683.0,23706.0,1,0,181,6,2015
2015-07-01,35255.458333333336,43512.0,25657.0,2,0,182,7,2015
2015-07-02,31838.666666666668,36172.0,24859.0,3,0,183,7,2015
2015-07-03,30024.875,36880.0,22588.0,4,0,184,7,2015
2015-07-04,28120.125,31315.0,23414.0,5,1,185,7,2015
2015-07-05,30047.0,38438.0,21860.0,6,1,186,7,2015
2015-07-06,36481.541666666664,45701.0,25515.0,0,0,187,7,2015
2015-07-07,40018.291666666664,50038.0,28145.0,1,0,188,7,2015
2015-07-08,39732.791666666664,47731.0,29675.0,2,0,189,7,2015
2015-07-09,38198.166666666664,46470.0,28587.0,3,0,190,7,2015
2015-07-10,36590.166666666664,44511.0,28059.0,4,0,191,7,2015
2015-07-11,33632.208333333336,41527.0,25389.0,5,1,192,7,2015
2015-07-12,33315.291666666664,41637.0,23894.0,6,1,193,7,2015
2015-07-13,37204.125,45881.0,26527.0,0,0,194,7,2015
2015-07-14,37932.583333333336,47036.0,27361.0,1,0,195,7,2015
2015-07-15,36097.125,41975.0,28471.0,2,0,196,7,2015
2015-07-16,32758.375,40604.0,24142.0,3,0,197,7,2015
2015-07-17,33305.583333333336,40459.0,24162.0,4,0,198,7,2015
2015-07-18,35298.875,45063.0,26061.0,5,1,199,7,2015
2015-07-19,40118.416666666664,51232.0,27673.0,6,1,200,7,2015
2015-07-20,45447.458333333336,55129.0,33774.0,0,0,201,7,2015
2015-07-21,41829.833333333336,49359.0,32684.0,1,0,202,7,2015
2015-07-22,36072.916666666664,43836.0,27044.0,2,0,203,7,2015
2015-07-23,34471.708333333336,42832.0,25026.0,3,0,204,7,2015
2015-07-24,34256.833333333336,42851.0,24679.0,4,0,205,7,2015
2015-07-25,33342.041666666664,41970.0,24095.0,5,1,206,7,2015
2015-07-26,35324.375,45174.0,25082.0,6,1,207,7,2015
2015-07-27,38775.833333333336,47496.0,28444.0,0,0,208,7,2015
2015-07-28,41357.541666666664,52280.0,28624.0,1,0,209,7,2015
2015-07-29,42450.166666666664,52242.0,29887.0,2,0,210,7,2015
2015-07-30,41629.458333333336,50083.0,31988.0,3,0,211,7,2015
2015-07-31,38643.166666666664,48335.0,27965.0,4,0,212,7,2015
2015-08-01,35476.25,43555.0,26536.0,5,1,213,8,2015
2015-08-02,34076.458333333336,43525.0,24387.0,6,1,214,8,2015
2015-08-03,39094.125,49864.0,26805.0,0,0,215,8,2015
2015-08-04,40299.958333333336,50324.0,29353.0,1,0,216,8,2015
2015-08-05,37527.875,46767.0,27373.0,2,0,217,8,2015
2015-08-06,34731.666666666664,41956.0,25846.0,3,0,218,8,2015
2015-08-07,34073.166666666664,41249.0,25643.0,4,0,219,8,2015
2015-08-08,31375.0,37400.0,24018.0,5,1,220,8,2015
2015-08-09,31477.666666666668,38945.0,23559.0,6,1,221,8,2015
2015-08-10,33548.75,38626.0,25605.0,0,0,222,8,2015
2015-08-11,35386.583333333336,42835.0,26098.0,1,0,223,8,2015
2015-08-12,35019.625,43029.0,25870.0,2,0,224,8,2015
2015-08-13,33739.458333333336,41653.0,24634.0,3,0,225,8,2015
2015-08-14,34350.875,44703.0,23805.0,4,0,226,8,2015
2015-08-15,34896.458333333336,44932.0,24770.0,5,1,227,8,2015
2015-08-16,36175.958333333336,47115.0,25215.0,6,1,228,8,2015
2015-08-17,41400.833333333336,52935.0,28341.0,0,0,229,8,2015
2015-08-18,41133.666666666664,50967.0,29798.0,1,0,230,8,2015
2015-08-19,40871.708333333336,49604.0,30095.0,2,0,231,8,2015
2015-08-20,40095.333333333336,47341.0,30460.0,3,0,232,8,2015
2015-08-21,37396.291666666664,45658.0,28849.0,4,0,233,8,2015
2015-08-22,31374.291666666668,38412.0,24230.0,5,1,234,8,2015
2015-08-23,30483.666666666668,38844.0,22465.0,6,1,235,8,2015
2015-08-24,36613.041666666664,47314.0,24932.0,0,0,236,8,2015
2015-08-25,37286.0,46102.0,27768.0,1,0,237,8,2015
2015-08-26,33130.75,40200.0,24585.0,2,0,238,8,2015
2015-08-27,31765.041666666668,37819.0,23600.0,3,0,239,8,2015
2015-08-28,31583.583333333332,38740.0,23080.0,4,0,240,8,2015
2015-08-29,31094.041666666668,39309.0,22755.0,5,1,241,8,2015
2015-08-30,33405.458333333336,43205.0,23778.0,6,1,242,8,2015
2015-08-31,39403.25,49510.0,27814.0,0,0,243,8,2015
2015-09-01,40213.375,50622.0,28449.0,1,0,244,9,2015
2015-09-02,39851.916666666664,50450.0,28011.0,2,0,245,9,2015
2015-09-03,40667.0,51601.0,28249.0,3,0,246,9,2015
2015-09-04,39386.333333333336,48203.0,29323.0,4,0,247,9,2015
2015-09-05,33217.833333333336,39660.0,26405.0,5,1,248,9,2015
2015-09-06,30455.416666666668,38475.0,22942.0,6,1,249,9,2015
2015-09-07,33907.0,45594.0,23350.0,0,0,250,9,2015
2015-09-08,40713.916666666664,53112.0,27011.0,1,0,251,9,2015
2015-09-09,42266.875,52484.0,29956.0,2,0,252,9,2015
2015-09-10,36586.541666666664,40514.0,30111.0,3,0,253,9,2015
2015-09-11,33249.833333333336,40078.0,25057.0,4,0,254,9,2015
2015-09-12,28978.541666666668,32488.0,23246.0,5,1,255,9,2015
2015-09-13,26640.125,29578.0,22308.0,6,1,256,9,2015
2015-09-14,27921.041666666668,32871.0,20884.0,0,0,257,9,2015
2015-09-15,29774.208333333332,36868.0,21435.0,1,0,258,9,2015
2015-09-16,31700.375,40265.0,22288.0,2,0,259,9,2015
2015-09-17,32732.75,41350.0,23203.0,3,0,260,9,2015
2015-09-18,32626.958333333332,40958.0,23499.0,4,0,261,9,2015
2015-09-19,30649.458333333332,37619.0,23091.0,5,1,262,9,2015
2015-09-20,28253.791666666668,32480.0,23747.0,6,1,263,9,2015
2015-09-21,27988.041666666668,32244.0,21389.0,0,0,264,9,2015
2015-09-22,28185.875,32257.0,21431.0,1,0,265,9,2015
2015-09-23,28634.708333333332,34040.0,21438.0,2,0,266,9,2015
2015-09-24,28852.791666666668,34230.0,21300.0,3,0,267,9,2015
2015-09-25,28264.875,32040.0,21878.0,4,0,268,9,2015
2015-09-26,25002.208333333332,28107.0,20830.0,5,1,269,9,2015
2015-09-27,24513.125,29802.0,19875.0,6,1,270,9,2015
2015-09-28,30159.291666666668,36887.0,21433.0,0,0,271,9,2015
2015-09-29,33026.375,39089.0,23871.0,1,0,272,9,2015
2015-09-30,32767.083333333332,37211.0,26112.0,2,0,273,9,2015
2015-10-01,27507.5,30734.0,21777.0,3,0,274,10,2015
2015-10-02,26854.833333333332,30189.0,20757.0,4,0,275,10,2015
2015-10-03,25534.875,28643.0,21183.0,5,1,276,10,2015
2015-10-04,24340.416666666668,28592.0,20519.0,6,1,277,10,2015
2015-10-05,26691.5,30892.0,20772.0,0,0,278,10,2015
2015-10-06,27123.541666666668,31596.0,21097.0,1,0,279,10,2015
2015-10-07,27375.041666666668,31764.0,20914.0,2,0,280,10,2015
2015-10-08,27414.541666666668,31732.0,20909.0,3,0,281,10,2015
2015-10-09,28031.333333333332,32134.0,21152.0,4,0,282,10,2015
2015-10-10,23908.083333333332,27063.0,20253.0,5,1,283,10,2015
2015-10-11,23511.958333333332,27987.0,19805.0,6,1,284,10,2015
2015-10-12,26635.25,31440.0,20161.0,0,0,285,10,2015
2015-10-13,27546.166666666668,32133.0,20852.0,1,0,286,10,2015
2015-10-14,26942.0,30968.0,20890.0,2,0,287,10,2015
2015-10-15,26683.208333333332,30602.0,20963.0,3,0,288,10,2015
2015-10-16,26394.791666666668,29350.0,21136.0,4,0,289,10,2015
2015-10-17,24724.958333333332,28382.0,20905.0,5,1,290,10,2015
2015-10-18,25579.958333333332,30395.0,21856.0,6,1,291,10,2015
2015-10-19,28941.166666666668,33029.0,23659.0,0,0,292,10,2015
2015-10-20,27957.458333333332,31248.0,23194.0,1,0,293,10,2015
2015-10-21,27259.083333333332,31212.0,21469.0,2,0,294,10,2015
2015-10-22,27156.916666666668,31317.0,20994.0,3,0,295,10,2015
2015-10-23,26192.875,29232.0,20664.0,4,0,296,10,2015
2015-10-24,24779.416666666668,27728.0,21107.0,5,1,297,10,2015
2015-10-25,24141.916666666668,28487.0,20133.0,6,1,298,10,2015
2015-10-26,27208.041666666668,31685.0,20925.0,0,0,299,10,2015
2015-10-27,28481.916666666668,32149.0,22982.0,1,0,300,10,2015
2015-10-28,28500.958333333332,32796.0,22000.0,2,0,301,10,2015
2015-10-29,27411.041666666668,30896.0,21526.0,3,0,302,10,2015
2015-10-30,26782.041666666668,29956.0,21320.0,4,0,303,10,2015
2015-10-31,25447.625,27598.0,22352.0,5,1,304,10,2015
2015-11-01,24622.833333333332,28905.0,20624.0,6,1,305,11,2015
2015-11-02,27255.333333333332,32084.0,20827.0,0,0,306,11,2015
2015-11-03,27663.083333333332,31906.0,22216.0,1,0,307,11,2015
2015-11-04,27502.5,32034.0,21627.0,2,0,308,11,2015
2015-11-05,27754.541666666668,32679.0,21232.0,3,0,309,11,2015
2015-11-06,28024.25,32817.0,21538.0,4,0,310,11,2015
2015-11-07,24847.833333333332,28297.0,20721.0,5,1,311,11,2015
2015-11-08,24359.25,29429.0,20428.0,6,1,312,11,2015
2015-11-09,28512.541666666668,33099.0,22738.0,0,0,313,11,2015
2015-11-10,28173.416666666668,32877.0,21892.0,1,0,314,11,2015
2015-11-11,27640.0,32275.0,21826.0,2,0,315,11,2015
2015-11-12,28174.791666666668,32738.0,21995.0,3,0,316,11,2015
2015-11-13,27506.333333333332,31813.0,22095.0,4,0,317,11,2015
2015-11-14,26515.291666666668,30257.0,22817.0,5,1,318,11,2015
2015-11-15,26054.208333333332,29763.0,23657.0,6,1,319,11,2015
2015-11-16,27716.333333333332,32148.0,22041.0,0,0,320,11,2015
2015-11-17,28188.75,33047.0,22482.0,1,0,321,11,2015
2015-11-18,28662.708333333332,33133.0,23241.0,2,0,322,11,2015
2015-11-19,28153.333333333332,32968.0,21665.0,3,0,323,11,2015
2015-11-20,27379.125,31824.0,21504.0,4,0,324,11,2015
2015-11-21,26897.166666666668,30133.0,23957.0,5,1,325,11,2015
2015-11-22,26657.416666666668,32132.0,21711.0,6,1,326,11,2015
2015-11-23,31326.0,36740.0,24876.0,0,0,327,11,2015
2015-11-24,31440.5,34913.0,27010.0,1,0,328,11,2015
2015-11-25,30486.5,34154.0,26302.0,2,0,329,11,2015
2015-11-26,26001.833333333332,28100.0,24120.0,3,0,330,11,2015
2015-11-27,25509.75,29365.0,21594.0,4,0,331,11,2015
2015-11-28,25070.791666666668,29134.0,20712.0,5,1,332,11,2015
2015-11-29,26093.416666666668,31849.0,20942.0,6,1,333,11,2015
2015-11-30,30512.791666666668,35804.0,24017.0,0,0,334,11,2015
2015-12-01,30103.458333333332,34767.0,23857.0,1,0,335,12,2015
2015-12-02,29343.875,34273.0,22826.0,2,0,336,12,2015
2015-12-03,29787.333333333332,35477.0,22923.0,3,0,337,12,2015
2015-12-04,30005.666666666668,33870.0,25027.0,4,0,338,12,2015
2015-12-05,28591.291666666668,31947.0,25699.0,5,1,339,12,2015
2015-12-06,28591.958333333332,33006.0,25687.0,6,1,340,12,2015
2015-12-07,30787.5,35417.0,25175.0,0,0,341,12,2015
2015-12-08,30990.541666666668,36118.0,25119.0,1,0,342,12,2015
2015-12-09,31382.5,35684.0,26134.0,2,0,343,12,2015
2015-12-10,29267.416666666668,33845.0,23700.0,3,0,344,12,2015
2015-12-11,28972.708333333332,33180.0,23567.0,4,0,345,12,2015
2015-12-12,26175.083333333332,30114.0,22259.0,5,1,346,12,2015
2015-12-13,25133.625,30637.0,20632.0,6,1,347,12,2015
2015-12-14,28122.458333333332,34014.0,20988.0,0,0,348,12,2015
2015-12-15,28007.125,33672.0,21325.0,1,0,349,12,2015
2015-12-16,29149.958333333332,34586.0,22705.0,2,0,350,12,2015
2015-12-17,29668.333333333332,34535.0,23101.0,3,0,351,12,2015
2015-12-18,30020.5,35665.0,22870.0,4,0,352,12,2015
2015-12-19,30499.833333333332,35020.0,26222.0,5,1,353,12,2015
2015-12-20,30047.75,34772.0,26826.0,6,1,354,12,2015
2015-12-21,31432.625,35604.0,25999.0,0,0,355,12,2015
2015-12-22,29408.583333333332,34055.0,23083.0,1,0,356,12,2015
2015-12-23,28608.083333333332,33521.0,22038.0,2,0,357,12,2015
2015-12-24,26503.125,31007.0,20912.0,3,0,358,12,2015
2015-12-25,24466.083333333332,27949.0,20147.0,4,0,359,12,2015
2015-12-26,24806.208333333332,29695.0,19583.0,5,1,360,12,2015
2015-12-27,25099.291666666668,29831.0,20788.0,6,1,361,12,2015
2015-12-28,29250.458333333332,35712.0,21748.0,0,0,362,12,2015
2015-12-29,29839.916666666668,34242.0,24532.0,1,0,363,12,2015
2015-12-30,29013.0,33851.0,23077.0,2,0,364,12,2015
2015-12-31,27803.875,33130.0,22330.0,3,0,365,12,2015
2016-01-01,27947.958333333332,32868.0,23567.0,4,0,1,1,2016
2016-01-02,29018.0,33041.0,25476.0,5,1,2,1,2016
2016-01-03,29116.791666666668,33781.0,26312.0,6,1,3,1,2016
2016-01-04,34208.833333333336,41830.0,26292.0,0,0,4,1,2016
2016-01-05,38281.291666666664,42872.0,34182.0,1,0,5,1,2016
2016-01-06,36636.791666666664,42229.0,33283.0,2,0,6,1,2016
2016-01-07,34061.416666666664,38022.0,30008.0,3,0,7,1,2016
2016-01-08,32150.083333333332,35874.0,26939.0,4,0,8,1,2016
2016-01-09,28611.291666666668,31863.0,24797.0,5,1,9,1,2016
2016-01-10,26807.958333333332,31679.0,22710.0,6,1,10,1,2016
2016-01-11,33504.083333333336,39565.0,25975.0,0,0,11,1,2016
2016-01-12,35334.041666666664,38761.0,30538.0,1,0,12,1,2016
2016-01-13,37100.5,42024.0,31437.0,2,0,13,1,2016
2016-01-14,34739.666666666664,39229.0,31338.0,3,0,14,1,2016
2016-01-15,31844.458333333332,35989.0,27507.0,4,0,15,1,2016
2016-01-16,28382.333333333332,32174.0,24438.0,5,1,16,1,2016
2016-01-17,30350.958333333332,35679.0,25040.0,6,1,17,1,2016
2016-01-18,36997.083333333336,44097.0,28875.0,0,0,18,1,2016
2016-01-19,40077.0,44187.0,35501.0,1,0,19,1,2016
2016-01-20,37612.041666666664,41633.0,33684.0,2,0,20,1,2016
2016-01-21,36147.791666666664,40450.0,30966.0,3,0,21,1,2016
2016-01-22,37789.291666666664,41865.0,31965.0,4,0,22,1,2016
2016-01-23,35885.541666666664,40098.0,32116.0,5,1,23,1,2016
2016-01-24,33434.916666666664,37924.0,30479.0,6,1,24,1,2016
2016-01-25,35216.333333333336,38945.0,31065.0,0,0,25,1,2016
2016-01-26,33533.791666666664,36676.0,29772.0,1,0,26,1,2016
2016-01-27,32358.083333333332,37343.0,26167.0,2,0,27,1,2016
2016-01-28,34185.166666666664,39495.0,29944.0,3,0,28,1,2016
2016-01-29,33782.875,37999.0,28113.0,4,0,29,1,2016
2016-01-30,31561.833333333332,34169.0,29373.0,5,1,30,1,2016
2016-01-31,28667.541666666668,31845.0,26747.0,6,1,31,1,2016
2016-02-01,29970.791666666668,34474.0,24282.0,0,0,32,2,2016
2016-02-02,30754.166666666668,35028.0,25697.0,1,0,33,2,2016
2016-02-03,30954.5,34580.0,25454.0,2,0,34,2,2016
2016-02-04,29758.5,34690.0,23301.0,3,0,35,2,2016
2016-02-05,32056.416666666668,36282.0,25628.0,4,0,36,2,2016
2016-02-06,30955.5,33607.0,28445.0,5,1,37,2,2016
2016-02-07,30288.0,33418.0,27677.0,6,1,38,2,2016
2016-02-08,32187.75,36756.0,26354.0,0,0,39,2,2016
2016-02-09,33936.125,38714.0,27516.0,1,0,40,2,2016
2016-02-10,34636.208333333336,39638.0,28734.0,2,0,41,2,2016
2016-02-11,37838.958333333336,43277.0,31594.0,3,0,42,2,2016
2016-02-12,38238.291666666664,42477.0,34472.0,4,0,43,2,2016
2016-02-13,37766.5,43773.0,32610.0,5,1,44,2,2016
2016-02-14,38804.833333333336,41996.0,35984.0,6,1,45,2,2016
2016-02-15,39439.416666666664,42993.0,34781.0,0,0,46,2,2016
2016-02-16,33842.791666666664,36681.0,30201.0,1,0,47,2,2016
2016-02-17,33311.791666666664,37674.0,27452.0,2,0,48,2,2016
2016-02-18,34247.125,38905.0,29039.0,3,0,49,2,2016
2016-02-19,35379.041666666664,39720.0,31413.0,4,0,50,2,2016
2016-02-20,28388.916666666668,30507.0,26440.0,5,1,51,2,2016
2016-02-21,26872.958333333332,31161.0,23141.0,6,1,52,2,2016
2016-02-22,29552.5,33967.0,24017.0,0,0,53,2,2016
2016-02-23,32348.208333333332,37196.0,25733.0,1,0,54,2,2016
2016-02-24,31320.416666666668,34281.0,26246.0,2,0,55,2,2016
2016-02-25,30300.291666666668,36230.0,22953.0,3,0,56,2,2016
2016-02-26,32586.375,36550.0,27326.0,4,0,57,2,2016
2016-02-27,30447.916666666668,32685.0,28157.0,5,1,58,2,2016
2016-02-28,27352.5,30141.0,25106.0,6,1,59,2,2016
2016-02-29,28718.25,32851.0,23057.0,0,0,60,2,2016
2016-03-01,28898.833333333332,32578.0,24398.0,1,0,61,3,2016
2016-03-02,30052.125,36676.0,22838.0,2,0,62,3,2016
2016-03-03,33061.625,36828.0,28642.0,3,0,63,3,2016
2016-03-04,33230.166666666664,36505.0,28132.0,4,0,64,3,2016
2016-03-05,30135.208333333332,32722.0,27767.0,5,1,65,3,2016
2016-03-06,28811.708333333332,32764.0,26192.0,6,1,66,3,2016
2016-03-07,29868.125,34436.0,26731.0,0,0,67,3,2016
2016-03-08,27577.625,31029.0,22931.0,1,0,68,3,2016
2016-03-09,27096.875,31138.0,21552.0,2,0,69,3,2016
2016-03-10,27167.416666666668,31790.0,20847.0,3,0,70,3,2016
2016-03-11,26328.333333333332,29404.0,21078.0,4,0,71,3,2016
2016-03-12,24628.375,27752.0,20999.0,5,1,72,3,2016
2016-03-13,24488.875,28860.0,20704.0,6,1,73,3,2016
2016-03-14,28599.833333333332,33092.0,21627.0,0,0,74,3,2016
2016-03-15,28590.5,31352.0,23374.0,1,0,75,3,2016
2016-03-16,27529.958333333332,30668.0,22930.0,2,0,76,3,2016
2016-03-17,27048.041666666668,30189.0,21649.0,3,0,77,3,2016
2016-03-18,27050.416666666668,30458.0,22376.0,4,0,78,3,2016
2016-03-19,27016.916666666668,30513.0,22658.0,5,1,79,3,2016
2016-03-20,27989.416666666668,32162.0,24063.0,6,1,80,3,2016
2016-03-21,30018.75,34123.0,25273.0,0,0,81,3,2016
2016-03-22,29367.833333333332,34564.0,25798.0,1,0,82,3,2016
2016-03-23,27359.166666666668,30604.0,22942.0,2,0,83,3,2016
2016-03-24,26390.0,29234.0,21369.0,3,0,84,3,2016
2016-03-25,25174.416666666668,27888.0,20600.0,4,0,85,3,2016
2016-03-26,23951.125,27097.0,20782.0,5,1,86,3,2016
2016-03-27,23761.708333333332,26720.0,20782.0,6,1,87,3,2016
2016-03-28,26888.0,30323.0,21213.0,0,0,88,3,2016
2016-03-29,27238.25,30849.0,22411.0,1,0,89,3,2016
2016-03-30,27890.708333333332,32109.0,23832.0,2,0,90,3,2016
2016-03-31,26965.958333333332,29661.0,22230.0,3,0,91,3,2016
2016-04-01,26828.625,29783.0,20905.0,4,0,92,4,2016
2016-04-02,23988.75,26981.0,20084.0,5,1,93,4,2016
2016-04-03,25566.291666666668,30108.0,21531.0,6,1,94,4,2016
2016-04-04,28944.125,32107.0,23454.0,0,0,95,4,2016
2016-04-05,30508.833333333332,34736.0,25449.0,1,0,96,4,2016
2016-04-06,30290.041666666668,35242.0,27025.0,2,0,97,4,2016
2016-04-07,28235.083333333332,30920.0,23365.0,3,0,98,4,2016
2016-04-08,28222.875,31053.0,23164.0,4,0,99,4,2016
2016-04-09,28517.75,31824.0,24383.0,5,1,100,4,2016
2016-04-10,27403.875,30279.0,25395.0,6,1,101,4,2016
2016-04-11,28254.5,31746.0,23463.0,0,0,102,4,2016
2016-04-12,27175.875,30582.0,21531.0,1,0,103,4,2016
2016-04-13,27470.041666666668,31200.0,23126.0,2,0,104,4,2016
2016-04-14,27310.541666666668,31253.0,23226.0,3,0,105,4,2016
2016-04-15,26473.791666666668,30155.0,22355.0,4,0,106,4,2016
2016-04-16,23923.708333333332,26427.0,21462.0,5,1,107,4,2016
2016-04-17,23362.708333333332,27617.0,20459.0,6,1,108,4,2016
2016-04-18,26561.958333333332,30887.0,20125.0,0,0,109,4,2016
2016-04-19,26610.875,30128.0,20555.0,1,0,110,4,2016
2016-04-20,26191.541666666668,30051.0,20694.0,2,0,111,4,2016
2016-04-21,26366.791666666668,30077.0,20793.0,3,0,112,4,2016
2016-04-22,26954.208333333332,30245.0,20660.0,4,0,113,4,2016
2016-04-23,24050.583333333332,26406.0,20487.0,5,1,114,4,2016
2016-04-24,22737.333333333332,27092.0,19614.0,6,1,115,4,2016
2016-04-25,26139.375,30281.0,19996.0,0,0,116,4,2016
2016-04-26,27354.166666666668,31484.0,20527.0,1,0,117,4,2016
2016-04-27,26369.458333333332,29451.0,20821.0,2,0,118,4,2016
2016-04-28,26785.458333333332,30414.0,20940.0,3,0,119,4,2016
2016-04-29,27014.291666666668,29549.0,21675.0,4,0,120,4,2016
2016-04-30,24183.208333333332,26712.0,21217.0,5,1,121,4,2016
2016-05-01,24503.625,28327.0,20164.0,6,1,122,5,2016
2016-05-02,26955.125,30445.0,20971.0,0,0,123,5,2016
2016-05-03,26982.041666666668,29985.0,21045.0,1,0,124,5,2016
2016-05-04,27088.125,30468.0,21049.0,2,0,125,5,2016
2016-05-05,27239.875,30251.0,21684.0,3,0,126,5,2016
2016-05-06,27211.833333333332,30286.0,21485.0,4,0,127,5,2016
2016-05-07,24349.666666666668,26449.0,21245.0,5,1,128,5,2016
2016-05-08,22873.875,26350.0,20041.0,6,1,129,5,2016
2016-05-09,26210.041666666668,29653.0,20384.0,0,0,130,5,2016
2016-05-10,26442.75,29563.0,20735.0,1,0,131,5,2016
2016-05-11,26756.208333333332,29858.0,21041.0,2,0,132,5,2016
2016-05-12,26955.833333333332,30480.0,20793.0,3,0,133,5,2016
2016-05-13,26924.333333333332,30245.0,20937.0,4,0,134,5,2016
2016-05-14,23957.708333333332,26395.0,19994.0,5,1,135,5,2016
2016-05-15,23152.458333333332,27244.0,19524.0,6,1,136,5,2016
2016-05-16,26372.625,29036.0,21411.0,0,0,137,5,2016
2016-05-17,26759.333333333332,29519.0,20988.0,1,0,138,5,2016
2016-05-18,26578.625,29479.0,21219.0,2,0,139,5,2016
2016-05-19,26437.708333333332,29127.0,20820.0,3,0,140,5,2016
2016-05-20,26187.291666666668,29210.0,20478.0,4,0,141,5,2016
2016-05-21,23928.916666666668,26566.0,19876.0,5,1,142,5,2016
2016-05-22,23595.416666666668,27293.0,19693.0,6,1,143,5,2016
2016-05-23,26760.708333333332,30224.0,20290.0,0,0,144,5,2016
2016-05-24,27713.375,31923.0,20805.0,1,0,145,5,2016
2016-05-25,29904.458333333332,36639.0,21211.0,2,0,146,5,2016
2016-05-26,32948.708333333336,41446.0,22660.0,3,0,147,5,2016
2016-05-27,35850.708333333336,44715.0,25057.0,4,0,148,5,2016
2016-05-28,34285.0,42855.0,24680.0,5,1,149,5,2016
2016-05-29,31976.458333333332,39184.0,23292.0,6,1,150,5,2016
2016-05-30,31173.375,36981.0,24165.0,0,0,151,5,2016
2016-05-31,35339.125,44726.0,24413.0,1,0,152,5,2016
2016-06-01,35475.083333333336,44472.0,24989.0,2,0,153,6,2016
2016-06-02,33121.333333333336,40318.0,24502.0,3,0,154,6,2016
2016-06-03,31502.625,35423.0,24524.0,4,0,155,6,2016
2016-06-04,31052.083333333332,37965.0,23289.0,5,1,156,6,2016
2016-06-05,30039.375,35986.0,23835.0,6,1,157,6,2016
2016-06-06,33930.25,42699.0,23383.0,0,0,158,6,2016
2016-06-07,34243.5,41440.0,25660.0,1,0,159,6,2016
2016-06-08,27993.5,31255.0,22466.0,2,0,160,6,2016
2016-06-09,27318.083333333332,31742.0,20825.0,3,0,161,6,2016
2016-06-10,27941.583333333332,33124.0,21206.0,4,0,162,6,2016
2016-06-11,30613.875,41298.0,20988.0,5,1,163,6,2016
2016-06-12,33438.416666666664,38682.0,26177.0,6,1,164,6,2016
2016-06-13,29946.458333333332,35865.0,22419.0,0,0,165,6,2016
2016-06-14,30599.25,37433.0,22825.0,1,0,166,6,2016
2016-06-15,31529.875,38955.0,22509.0,2,0,167,6,2016
2016-06-16,31628.583333333332,35658.0,24741.0,3,0,168,6,2016
2016-06-17,31264.416666666668,38193.0,23111.0,4,0,169,6,2016
2016-06-18,29423.75,37306.0,21467.0,5,1,170,6,2016
2016-06-19,31281.916666666668,40778.0,21732.0,6,1,171,6,2016
2016-06-20,36732.458333333336,47415.0,24463.0,0,0,172,6,2016
2016-06-21,37478.625,45135.0,27978.0,1,0,173,6,2016
2016-06-22,35289.833333333336,42752.0,25634.0,2,0,174,6,2016
2016-06-23,34321.458333333336,41890.0,25294.0,3,0,175,6,2016
2016-06-24,34308.208333333336,41338.0,25714.0,4,0,176,6,2016
2016-06-25,31865.5,39465.0,23855.0,5,1,177,6,2016
2016-06-26,31503.25,40402.0,22458.0,6,1,178,6,2016
2016-06-27,34929.833333333336,44233.0,24177.0,0,0,179,6,2016
2016-06-28,35661.291666666664,43122.0,26804.0,1,0,180,6,2016
2016-06-29,34870.958333333336,42762.0,25487.0,2,0,181,6,2016
2016-06-30,34316.625,43108.0,24151.0,3,0,182,6,2016
2016-07-01,35133.875,43269.0,25451.0,4,0,183,7,2016
2016-07-02,29289.041666666668,33334.0,23637.0,5,1,184,7,2016
2016-07-03,26926.125,31280.0,21457.0,6,1,185,7,2016
2016-07-04,28399.958333333332,33548.0,21933.0,0,0,186,7,2016
2016-07-05,36800.333333333336,47895.0,24795.0,1,0,187,7,2016
2016-07-06,41422.541666666664,52421.0,28133.0,2,0,188,7,2016
2016-07-07,42673.958333333336,51543.0,30571.0,3,0,189,7,2016
2016-07-08,41051.833333333336,50198.0,30549.0,4,0,190,7,2016
2016-07-09,34239.75,38784.0,27925.0,5,1,191,7,2016
2016-07-10,32216.708333333332,39498.0,24379.0,6,1,192,7,2016
2016-07-11,34888.375,44166.0,24482.0,0,0,193,7,2016
2016-07-12,37255.041666666664,47233.0,25668.0,1,0,194,7,2016
2016-07-13,37956.833333333336,45329.0,28095.0,2,0,195,7,2016
2016-07-14,42191.125,52743.0,29460.0,3,0,196,7,2016
2016-07-15,42698.166666666664,51129.0,31841.0,4,0,197,7,2016
2016-07-16,38095.458333333336,46901.0,28743.0,5,1,198,7,2016
2016-07-17,36805.375,47460.0,26019.0,6,1,199,7,2016
2016-07-18,41239.166666666664,52974.0,29534.0,0,0,200,7,2016
2016-07-19,38728.041666666664,46971.0,28720.0,1,0,201,7,2016
2016-07-20,36887.958333333336,46040.0,26759.0,2,0,202,7,2016
2016-07-21,38545.333333333336,49356.0,26419.0,3,0,203,7,2016
2016-07-22,41919.666666666664,53349.0,28954.0,4,0,204,7,2016
2016-07-23,42088.458333333336,52031.0,30791.0,5,1,205,7,2016
2016-07-24,39690.333333333336,50206.0,27967.0,6,1,206,7,2016
2016-07-25,44440.75,56391.0,32677.0,0,0,207,7,2016
2016-07-26,42835.791666666664,52742.0,30819.0,1,0,208,7,2016
2016-07-27,42874.375,53086.0,31273.0,2,0,209,7,2016
2016-07-28,41599.916666666664,51604.0,31289.0,3,0,210,7,2016
2016-07-29,39506.708333333336,48948.0,29883.0,4,0,211,7,2016
2016-07-30,36251.791666666664,43732.0,28384.0,5,1,212,7,2016
2016-07-31,36094.25,44741.0,27253.0,6,1,213,7,2016
2016-08-01,37778.625,43916.0,29215.0,0,0,214,8,2016
2016-08-02,36783.125,44170.0,27608.0,1,0,215,8,2016
2016-08-03,35173.708333333336,43129.0,25912.0,2,0,216,8,2016
2016-08-04,35431.541666666664,44460.0,25300.0,3,0,217,8,2016
2016-08-05,35492.5,43121.0,25870.0,4,0,218,8,2016
2016-08-06,37284.0,46683.0,27510.0,5,1,219,8,2016
2016-08-07,34696.0,43863.0,25192.0,6,1,220,8,2016
2016-08-08,36256.041666666664,43808.0,26422.0,0,0,221,8,2016
2016-08-09,36814.666666666664,45616.0,25909.0,1,0,222,8,2016
2016-08-10,42058.25,52358.0,30137.0,2,0,223,8,2016
2016-08-11,45225.458333333336,55900.0,33107.0,3,0,224,8,2016
2016-08-12,45724.708333333336,56382.0,33690.0,4,0,225,8,2016
2016-08-13,45185.833333333336,55116.0,33438.0,5,1,226,8,2016
2016-08-14,44427.333333333336,53933.0,33932.0,6,1,227,8,2016
2016-08-15,43938.875,54777.0,32280.0,0,0,228,8,2016
2016-08-16,43918.458333333336,54878.0,31832.0,1,0,229,8,2016
2016-08-17,43134.958333333336,51653.0,33188.0,2,0,230,8,2016
2016-08-18,40495.833333333336,49925.0,30497.0,3,0,231,8,2016
2016-08-19,40132.458333333336,49835.0,29390.0,4,0,232,8,2016
2016-08-20,37409.458333333336,46501.0,27375.0,5,1,233,8,2016
2016-08-21,35991.333333333336,42897.0,28415.0,6,1,234,8,2016
2016-08-22,34490.333333333336,41252.0,26331.0,0,0,235,8,2016
2016-08-23,32693.0,41247.0,23616.0,1,0,236,8,2016
2016-08-24,35214.0,45478.0,24411.0,2,0,237,8,2016
2016-08-25,37714.208333333336,47346.0,26143.0,3,0,238,8,2016
2016-08-26,42086.083333333336,53069.0,29740.0,4,0,239,8,2016
2016-08-27,37334.916666666664,46352.0,27930.0,5,1,240,8,2016
2016-08-28,36093.0,46325.0,26222.0,6,1,241,8,2016
2016-08-29,40349.166666666664,52038.0,27930.0,0,0,242,8,2016
2016-08-30,38466.791666666664,48427.0,27663.0,1,0,243,8,2016
2016-08-31,39309.291666666664,49386.0,27639.0,2,0,244,8,2016
2016-09-01,36281.041666666664,41255.0,29022.0,3,0,245,9,2016
2016-09-02,32145.708333333332,38466.0,24304.0,4,0,246,9,2016
2016-09-03,28130.041666666668,31954.0,23042.0,5,1,247,9,2016
2016-09-04,27135.666666666668,32984.0,21532.0,6,1,248,9,2016
2016-09-05,28854.25,36938.0,21544.0,0,0,249,9,2016
2016-09-06,34976.5,43782.0,24186.0,1,0,250,9,2016
2016-09-07,37728.291666666664,48292.0,26421.0,2,0,251,9,2016
2016-09-08,41585.083333333336,53545.0,28231.0,3,0,252,9,2016
2016-09-09,43836.958333333336,53467.0,33055.0,4,0,253,9,2016
2016-09-10,40996.166666666664,50253.0,30664.0,5,1,254,9,2016
2016-09-11,35582.5,39939.0,30815.0,6,1,255,9,2016
2016-09-12,31831.125,39305.0,23316.0,0,0,256,9,2016
2016-09-13,33490.541666666664,42773.0,23446.0,1,0,257,9,2016
2016-09-14,36397.708333333336,47715.0,25075.0,2,0,258,9,2016
2016-09-15,31626.583333333332,36206.0,25379.0,3,0,259,9,2016
2016-09-16,29258.5,34121.0,22411.0,4,0,260,9,2016
2016-09-17,27911.083333333332,33252.0,21671.0,5,1,261,9,2016
2016-09-18,31741.916666666668,40153.0,23246.0,6,1,262,9,2016
2016-09-19,33818.416666666664,37129.0,27329.0,0,0,263,9,2016
2016-09-20,33457.291666666664,40219.0,24417.0,1,0,264,9,2016
2016-09-21,33276.75,40619.0,24589.0,2,0,265,9,2016
2016-09-22,32708.166666666668,41331.0,23452.0,3,0,266,9,2016
2016-09-23,32975.916666666664,42682.0,23151.0,4,0,267,9,2016
2016-09-24,27467.0,30414.0,23923.0,5,1,268,9,2016
2016-09-25,24167.25,28976.0,19878.0,6,1,269,9,2016
2016-09-26,27095.041666666668,31893.0,20289.0,0,0,270,9,2016
2016-09-27,28633.25,32960.0,21887.0,1,0,271,9,2016
2016-09-28,27910.833333333332,32065.0,21284.0,2,0,272,9,2016
2016-09-29,27841.375,31258.0,21498.0,3,0,273,9,2016
2016-09-30,26981.708333333332,29867.0,21182.0,4,0,274,9,2016
2016-10-01,24848.416666666668,28062.0,20599.0,5,1,275,10,2016
2016-10-02,24659.083333333332,29327.0,20165.0,6,1,276,10,2016
2016-10-03,27705.583333333332,32308.0,20921.0,0,0,277,10,2016
2016-10-04,27400.208333333332,31504.0,21144.0,1,0,278,10,2016
2016-10-05,26939.041666666668,31224.0,20910.0,2,0,279,10,2016
2016-10-06,27202.708333333332,31722.0,20888.0,3,0,280,10,2016
2016-10-07,27065.958333333332,30609.0,21053.0,4,0,281,10,2016
2016-10-08,25183.333333333332,28509.0,20906.0,5,1,282,10,2016
2016-10-09,23919.0,27903.0,20185.0,6,1,283,10,2016
2016-10-10,25845.625,30423.0,20224.0,0,0,284,10,2016
2016-10-11,26699.833333333332,30493.0,21265.0,1,0,285,10,2016
2016-10-12,26795.708333333332,30771.0,21308.0,2,0,286,10,2016
2016-10-13,26975.125,30941.0,21057.0,3,0,287,10,2016
2016-10-14,26311.666666666668,29258.0,21207.0,4,0,288,10,2016
2016-10-15,24227.416666666668,27145.0,20994.0,5,1,289,10,2016
2016-10-16,23876.583333333332,28715.0,20037.0,6,1,290,10,2016
2016-10-17,27904.708333333332,33658.0,20345.0,0,0,291,10,2016
2016-10-18,29440.041666666668,35245.0,21557.0,1,0,292,10,2016
2016-10-19,30982.958333333332,37245.0,22673.0,2,0,293,10,2016
2016-10-20,29569.833333333332,34516.0,22280.0,3,0,294,10,2016
2016-10-21,28970.916666666668,32975.0,22647.0,4,0,295,10,2016
2016-10-22,24307.458333333332,27662.0,20214.0,5,1,296,10,2016
2016-10-23,23852.125,28063.0,20519.0,6,1,297,10,2016
2016-10-24,26255.0,30648.0,20380.0,0,0,298,10,2016
2016-10-25,27081.25,31423.0,21343.0,1,0,299,10,2016
2016-10-26,28089.625,31907.0,23007.0,2,0,300,10,2016
2016-10-27,28611.166666666668,32356.0,22545.0,3,0,301,10,2016
2016-10-28,27164.791666666668,30252.0,21969.0,4,0,302,10,2016
2016-10-29,25342.208333333332,27586.0,22738.0,5,1,303,10,2016
2016-10-30,24173.458333333332,29182.0,19872.0,6,1,304,10,2016
2016-10-31,26167.125,29780.0,20176.0,0,0,305,10,2016
2016-11-01,27873.416666666668,31574.0,22583.0,1,0,306,11,2016
2016-11-02,27192.75,31221.0,21631.0,2,0,307,11,2016
2016-11-03,27196.541666666668,31408.0,20908.0,3,0,308,11,2016
2016-11-04,26183.708333333332,29386.0,20891.0,4,0,309,11,2016
2016-11-05,24932.833333333332,27473.0,21919.0,5,1,310,11,2016
2016-11-06,24228.958333333332,28846.0,20609.0,6,1,311,11,2016
2016-11-07,27774.875,32346.0,22090.0,0,0,312,11,2016
2016-11-08,28105.583333333332,31570.0,23745.0,1,0,313,11,2016
2016-11-09,27876.666666666668,32424.0,21895.0,2,0,314,11,2016
2016-11-10,27761.875,31793.0,22725.0,3,0,315,11,2016
2016-11-11,27163.708333333332,30827.0,22681.0,4,0,316,11,2016
2016-11-12,26472.791666666668,30027.0,23197.0,5,1,317,11,2016
2016-11-13,26236.25,29890.0,23960.0,6,1,318,11,2016
2016-11-14,28933.0,33057.0,23585.0,0,0,319,11,2016
2016-11-15,28185.708333333332,32308.0,22744.0,1,0,320,11,2016
2016-11-16,28509.166666666668,32574.0,23370.0,2,0,321,11,2016
2016-11-17,27929.166666666668,31998.0,22784.0,3,0,322,11,2016
2016-11-18,27781.333333333332,31068.0,23329.0,4,0,323,11,2016
2016-11-19,25480.25,28974.0,21927.0,5,1,324,11,2016
2016-11-20,28154.666666666668,33855.0,23233.0,6,1,325,11,2016
2016-11-21,31992.416666666668,37090.0,25828.0,0,0,326,11,2016
2016-11-22,31604.583333333332,35692.0,26742.0,1,0,327,11,2016
2016-11-23,30891.875,34617.0,26916.0,2,0,328,11,2016
2016-11-24,26599.041666666668,29740.0,23706.0,3,0,329,11,2016
2016-11-25,26459.791666666668,30420.0,22098.0,4,0,330,11,2016
2016-11-26,26487.25,30778.0,22032.0,5,1,331,11,2016
2016-11-27,27223.875,31977.0,23853.0,6,1,332,11,2016
2016-11-28,30191.416666666668,34461.0,25189.0,0,0,333,11,2016
2016-11-29,29259.333333333332,33666.0,23228.0,1,0,334,11,2016
2016-11-30,28470.791666666668,33357.0,21961.0,2,0,335,11,2016
2016-12-01,28385.5,33862.0,21880.0,3,0,336,12,2016
2016-12-02,29662.291666666668,34206.0,24427.0,4,0,337,12,2016
2016-12-03,28051.208333333332,32131.0,24263.0,5,1,338,12,2016
2016-12-04,27779.5,33069.0,23817.0,6,1,339,12,2016
2016-12-05,30447.458333333332,35345.0,24546.0,0,0,340,12,2016
2016-12-06,32034.375,37359.0,25586.0,1,0,341,12,2016
2016-12-07,31130.0,35930.0,25228.0,2,0,342,12,2016
2016-12-08,32704.666666666668,37742.0,26629.0,3,0,343,12,2016
2016-12-09,34183.666666666664,38969.0,28740.0,4,0,344,12,2016
2016-12-10,32665.416666666668,36818.0,28998.0,5,1,345,12,2016
2016-12-11,32863.833333333336,37563.0,29031.0,6,1,346,12,2016
2016-12-12,32757.208333333332,37139.0,27090.0,0,0,347,12,2016
2016-12-13,32893.083333333336,37804.0,27085.0,1,0,348,12,2016
2016-12-14,32942.041666666664,38582.0,26691.0,2,0,349,12,2016
2016-12-15,37927.25,45885.0,28584.0,3,0,350,12,2016
2016-12-16,39777.75,43542.0,35525.0,4,0,351,12,2016
2016-12-17,34736.583333333336,37760.0,30887.0,5,1,352,12,2016
2016-12-18,30037.791666666668,35329.0,25660.0,6,1,353,12,2016
2016-12-19,35259.083333333336,41386.0,28200.0,0,0,354,12,2016
2016-12-20,36608.833333333336,41300.0,31690.0,1,0,355,12,2016
2016-12-21,35430.208333333336,39177.0,31031.0,2,0,356,12,2016
2016-12-22,32876.583333333336,36875.0,28490.0,3,0,357,12,2016
2016-12-23,31632.416666666668,35619.0,27173.0,4,0,358,12,2016
2016-12-24,29464.208333333332,32512.0,25259.0,5,1,359,12,2016
2016-12-25,27204.25,30188.0,24499.0,6,1,360,12,2016
2016-12-26,30126.541666666668,34487.0,25831.0,0,0,361,12,2016
2016-12-27,28637.125,32973.0,23559.0,1,0,362,12,2016
2016-12-28,30764.458333333332,36239.0,24459.0,2,0,363,12,2016
2016-12-29,32506.833333333332,36507.0,27520.0,3,0,364,12,2016
2016-12-30,32213.458333333332,37173.0,27128.0,4,0,365,12,2016
2016-12-31,30890.375,34898.0,28162.0,5,1,366,12,2016
2017-01-01,27292.875,31448.0,24615.0,6,1,1,1,2017
2017-01-02,30260.0,35538.0,24873.0,0,0,2,1,2017
2017-01-03,31555.041666666668,36356.0,25022.0,1,0,3,1,2017
2017-01-04,30889.333333333332,36411.0,24893.0,2,0,4,1,2017
2017-01-05,34968.625,39754.0,28529.0,3,0,5,1,2017
2017-01-06,35197.958333333336,39804.0,29492.0,4,0,6,1,2017
2017-01-07,36613.125,41442.0,30842.0,5,1,7,1,2017
2017-01-08,37869.916666666664,43100.0,33870.0,6,1,8,1,2017
2017-01-09,40526.0,44416.0,35455.0,0,0,9,1,2017
2017-01-10,38706.5,42856.0,34273.0,1,0,10,1,2017
2017-01-11,32369.875,35788.0,28411.0,2,0,11,1,2017
2017-01-12,29483.916666666668,32933.0,24702.0,3,0,12,1,2017
2017-01-13,29001.25,34082.0,22694.0,4,0,13,1,2017
2017-01-14,31463.083333333332,36152.0,26330.0,5,1,14,1,2017
2017-01-15,30168.625,34350.0,27023.0,6,1,15,1,2017
2017-01-16,32963.291666666664,36808.0,28295.0,0,0,16,1,2017
2017-01-17,32217.291666666668,36388.0,26230.0,1,0,17,1,2017
2017-01-18,30950.0,35081.0,25252.0,2,0,18,1,2017
2017-01-19,30612.125,34934.0,25051.0,3,0,19,1,2017
2017-01-20,31888.708333333332,35040.0,26793.0,4,0,20,1,2017
2017-01-21,28135.125,31206.0,24224.0,5,1,21,1,2017
2017-01-22,27275.25,31763.0,22972.0,6,1,22,1,2017
2017-01-23,31936.708333333332,37916.0,23593.0,0,0,23,1,2017
2017-01-24,32593.375,36843.0,26846.0,1,0,24,1,2017
2017-01-25,30449.333333333332,34176.0,26335.0,2,0,25,1,2017
2017-01-26,30215.916666666668,35218.0,24464.0,3,0,26,1,2017
2017-01-27,31704.875,36088.0,25754.0,4,0,27,1,2017
2017-01-28,30722.916666666668,33715.0,27085.0,5,1,28,1,2017
2017-01-29,29762.791666666668,34161.0,26613.0,6,1,29,1,2017
2017-01-30,33454.041666666664,38901.0,26929.0,0,0,30,1,2017
2017-01-31,34446.25,37971.0,30093.0,1,0,31,1,2017
2017-02-01,32553.958333333332,36117.0,27762.0,2,0,32,2,2017
2017-02-02,32201.333333333332,36777.0,26729.0,3,0,33,2,2017
2017-02-03,34424.375,38239.0,28903.0,4,0,34,2,2017
2017-02-04,32885.375,35698.0,30659.0,5,1,35,2,2017
2017-02-05,30970.625,33749.0,28462.0,6,1,36,2,2017
2017-02-06,30829.333333333332,35215.0,26407.0,0,0,37,2,2017
2017-02-07,30551.583333333332,34414.0,25281.0,1,0,38,2,2017
2017-02-08,28523.833333333332,32340.0,23625.0,2,0,39,2,2017
2017-02-09,33108.75,40835.0,24089.0,3,0,40,2,2017
2017-02-10,35621.791666666664,39669.0,32075.0,4,0,41,2,2017
2017-02-11,30021.333333333332,32108.0,27895.0,5,1,42,2,2017
2017-02-12,29273.291666666668,33958.0,24303.0,6,1,43,2,2017
2017-02-13,32957.875,37888.0,26649.0,0,0,44,2,2017
2017-02-14,33169.708333333336,37262.0,29096.0,1,0,45,2,2017
2017-02-15,32440.833333333332,36868.0,27383.0,2,0,46,2,2017
2017-02-16,33854.958333333336,38642.0,28303.0,3,0,47,2,2017
2017-02-17,32904.625,37703.0,30034.0,4,0,48,2,2017
2017-02-18,27969.791666666668,30688.0,25549.0,5,1,49,2,2017
2017-02-19,24555.5,28185.0,21755.0,6,1,50,2,2017
2017-02-20,27070.583333333332,31755.0,22008.0,0,0,51,2,2017
2017-02-21,29624.125,33739.0,24584.0,1,0,52,2,2017
2017-02-22,28771.25,31923.0,24292.0,2,0,53,2,2017
2017-02-23,27663.416666666668,31096.0,23071.0,3,0,54,2,2017
2017-02-24,26445.083333333332,29915.0,21319.0,4,0,55,2,2017
2017-02-25,24344.458333333332,27782.0,20380.0,5,1,56,2,2017
2017-02-26,26719.0,32294.0,22215.0,6,1,57,2,2017
2017-02-27,30502.208333333332,34445.0,26318.0,0,0,58,2,2017
2017-02-28,28297.875,31779.0,24091.0,1,0,59,2,2017
2017-03-01,27574.125,31556.0,21851.0,2,0,60,3,2017
2017-03-02,28309.083333333332,33841.0,21904.0,3,0,61,3,2017
2017-03-03,31632.666666666668,35974.0,26346.0,4,0,62,3,2017
2017-03-04,31842.0,35300.0,29321.0,5,1,63,3,2017
2017-03-05,31918.708333333332,35072.0,28933.0,6,1,64,3,2017
2017-03-06,31851.833333333332,36408.0,29212.0,0,0,65,3,2017
2017-03-07,29339.541666666668,32561.0,24684.0,1,0,66,3,2017
2017-03-08,27578.166666666668,31565.0,22559.0,2,0,67,3,2017
2017-03-09,27496.791666666668,31094.0,23121.0,3,0,68,3,2017
2017-03-10,30620.416666666668,35700.0,23158.0,4,0,69,3,2017
2017-03-11,32603.083333333332,35953.0,29869.0,5,1,70,3,2017
2017-03-12,32049.479166666668,36012.0,29985.0,6,1,71,3,2017
2017-03-13,34010.0,39606.0,30216.0,0,0,72,3,2017
2017-03-14,33481.333333333336,37465.0,28891.0,1,0,73,3,2017
2017-03-15,36999.583333333336,40516.0,31344.0,2,0,74,3,2017
2017-03-16,35001.666666666664,39507.0,31822.0,3,0,75,3,2017
2017-03-17,32402.041666666668,37910.0,29529.0,4,0,76,3,2017
2017-03-18,29677.083333333332,32261.0,26312.0,5,1,77,3,2017
2017-03-19,28138.916666666668,31607.0,25803.0,6,1,78,3,2017
2017-03-20,30121.041666666668,35099.0,25761.0,0,0,79,3,2017
2017-03-21,28805.958333333332,32639.0,24463.0,1,0,80,3,2017
2017-03-22,29997.708333333332,35717.0,23554.0,2,0,81,3,2017
2017-03-23,32248.208333333332,38210.0,29134.0,3,0,82,3,2017
2017-03-24,30556.708333333332,35282.0,27442.0,4,0,83,3,2017
2017-03-25,25639.875,27721.0,22746.0,5,1,84,3,2017
2017-03-26,26500.666666666668,31162.0,21467.0,6,1,85,3,2017
2017-03-27,28633.833333333332,32110.0,23870.0,0,0,86,3,2017
2017-03-28,28118.666666666668,31478.0,22150.0,1,0,87,3,2017
2017-03-29,27230.5,30557.0,22593.0,2,0,88,3,2017
2017-03-30,28777.375,32283.0,23358.0,3,0,89,3,2017
2017-03-31,30181.041666666668,33503.0,24151.0,4,0,90,3,2017
2017-04-01,27047.041666666668,29403.0,23963.0,5,1,91,4,2017
2017-04-02,25030.958333333332,28358.0,23251.0,6,1,92,4,2017
2017-04-03,27127.833333333332,30541.0,22115.0,0,0,93,4,2017
2017-04-04,27223.083333333332,30503.0,21789.0,1,0,94,4,2017
2017-04-05,26382.083333333332,29884.0,21266.0,2,0,95,4,2017
2017-04-06,27916.375,31283.0,21293.0,3,0,96,4,2017
2017-04-07,28840.25,32096.0,23098.0,4,0,97,4,2017
2017-04-08,26007.625,28083.0,24175.0,5,1,98,4,2017
2017-04-09,24313.208333333332,27541.0,22637.0,6,1,99,4,2017
2017-04-10,26390.916666666668,30240.0,20914.0,0,0,100,4,2017
2017-04-11,27239.75,32078.0,20713.0,1,0,101,4,2017
2017-04-12,27224.583333333332,30649.0,21359.0,2,0,102,4,2017
2017-04-13,25771.125,28814.0,20852.0,3,0,103,4,2017
2017-04-14,24680.0,27041.0,20747.0,4,0,104,4,2017
2017-04-15,23478.708333333332,26841.0,19820.0,5,1,105,4,2017
2017-04-16,24052.333333333332,29053.0,19255.0,6,1,106,4,2017
2017-04-17,26608.333333333332,29858.0,20759.0,0,0,107,4,2017
2017-04-18,25761.458333333332,29345.0,20582.0,1,0,108,4,2017
2017-04-19,26191.791666666668,29794.0,20724.0,2,0,109,4,2017
2017-04-20,26839.416666666668,30622.0,20994.0,3,0,110,4,2017
2017-04-21,26598.375,29201.0,20894.0,4,0,111,4,2017
2017-04-22,24219.083333333332,26895.0,20314.0,5,1,112,4,2017
2017-04-23,23208.541666666668,27245.0,20452.0,6,1,113,4,2017
2017-04-24,26415.041666666668,29974.0,20292.0,0,0,114,4,2017
2017-04-25,27245.666666666668,30337.0,21242.0,1,0,115,4,2017
2017-04-26,26909.041666666668,29937.0,21319.0,2,0,116,4,2017
2017-04-27,27539.708333333332,31812.0,20998.0,3,0,117,4,2017
2017-04-28,28813.0,34095.0,21420.0,4,0,118,4,2017
2017-04-29,28435.125,33943.0,21885.0,5,1,119,4,2017
2017-04-30,25923.291666666668,29736.0,21680.0,6,1,120,4,2017
2017-05-01,28422.208333333332,33634.0,20812.0,0,0,121,5,2017
2017-05-02,28546.916666666668,31415.0,22901.0,1,0,122,5,2017
2017-05-03,26222.0,29237.0,21071.0,2,0,123,5,2017
2017-05-04,25993.375,29331.0,20938.0,3,0,124,5,2017
2017-05-05,27039.125,30490.0,21059.0,4,0,125,5,2017
2017-05-06,24058.083333333332,26446.0,20635.0,5,1,126,5,2017
2017-05-07,23493.041666666668,27481.0,20120.0,6,1,127,5,2017
2017-05-08,26270.875,29388.0,21325.0,0,0,128,5,2017
2017-05-09,26355.333333333332,29119.0,21958.0,1,0,129,5,2017
2017-05-10,26309.125,29303.0,21313.0,2,0,130,5,2017
2017-05-11,26501.666666666668,29445.0,21048.0,3,0,131,5,2017
2017-05-12,26095.458333333332,28305.0,21395.0,4,0,132,5,2017
2017-05-13,24752.333333333332,27315.0,20858.0,5,1,133,5,2017
2017-05-14,23284.916666666668,26610.0,20675.0,6,1,134,5,2017
2017-05-15,25825.833333333332,29413.0,20187.0,0,0,135,5,2017
2017-05-16,27120.25,31529.0,20540.0,1,0,136,5,2017
2017-05-17,31820.375,41949.0,21127.0,2,0,137,5,2017
2017-05-18,37262.458333333336,47029.0,26020.0,3,0,138,5,2017
2017-05-19,38032.583333333336,47199.0,27465.0,4,0,139,5,2017
2017-05-20,26228.583333333332,32175.0,23598.0,5,1,140,5,2017
2017-05-21,23189.291666666668,27404.0,19485.0,6,1,141,5,2017
2017-05-22,26889.125,30145.0,20361.0,0,0,142,5,2017
2017-05-23,26905.166666666668,29836.0,21136.0,1,0,143,5,2017
2017-05-24,26870.375,29888.0,20965.0,2,0,144,5,2017
2017-05-25,27083.791666666668,30178.0,21071.0,3,0,145,5,2017
2017-05-26,26921.125,30026.0,21027.0,4,0,146,5,2017
2017-05-27,24595.583333333332,27297.0,20388.0,5,1,147,5,2017
2017-05-28,24107.708333333332,26900.0,19851.0,6,1,148,5,2017
2017-05-29,24528.416666666668,28277.0,19925.0,0,0,149,5,2017
2017-05-30,26965.208333333332,30099.0,20477.0,1,0,150,5,2017
2017-05-31,28798.958333333332,34435.0,21331.0,2,0,151,5,2017
2017-06-01,29537.125,35108.0,22062.0,3,0,152,6,2017
2017-06-02,28326.625,32855.0,21639.0,4,0,153,6,2017
2017-06-03,25119.666666666668,28904.0,20554.0,5,1,154,6,2017
2017-06-04,25548.291666666668,30786.0,19789.0,6,1,155,6,2017
2017-06-05,29205.416666666668,32926.0,22284.0,0,0,156,6,2017
2017-06-06,28363.791666666668,31631.0,22193.0,1,0,157,6,2017
2017-06-07,26850.458333333332,29419.0,21294.0,2,0,158,6,2017
2017-06-08,26943.791666666668,30209.0,20891.0,3,0,159,6,2017
2017-06-09,28262.958333333332,34194.0,20917.0,4,0,160,6,2017
2017-06-10,29481.666666666668,37349.0,21482.0,5,1,161,6,2017
2017-06-11,33812.083333333336,44439.0,22773.0,6,1,162,6,2017
2017-06-12,40049.708333333336,51282.0,27038.0,0,0,163,6,2017
2017-06-13,42404.416666666664,53698.0,29126.0,1,0,164,6,2017
2017-06-14,39294.833333333336,46583.0,30928.0,2,0,165,6,2017
2017-06-15,33888.333333333336,40975.0,25569.0,3,0,166,6,2017
2017-06-16,32150.416666666668,37627.0,24513.0,4,0,167,6,2017
2017-06-17,31432.416666666668,37268.0,24516.0,5,1,168,6,2017
2017-06-18,35344.75,44507.0,25667.0,6,1,169,6,2017
2017-06-19,39285.125,48182.0,30412.0,0,0,170,6,2017
2017-06-20,35713.625,43481.0,26662.0,1,0,171,6,2017
2017-06-21,35576.208333333336,44002.0,25917.0,2,0,172,6,2017
2017-06-22,36821.416666666664,46779.0,25476.0,3,0,173,6,2017
2017-06-23,38230.958333333336,45561.0,29390.0,4,0,174,6,2017
2017-06-24,35389.583333333336,41228.0,28660.0,5,1,175,6,2017
2017-06-25,31818.375,38948.0,23724.0,6,1,176,6,2017
2017-06-26,32130.833333333332,39137.0,23631.0,0,0,177,6,2017
2017-06-27,31188.875,37317.0,23634.0,1,0,178,6,2017
2017-06-28,30531.208333333332,37754.0,22479.0,2,0,179,6,2017
2017-06-29,34316.541666666664,44522.0,23524.0,3,0,180,6,2017
2017-06-30,38739.958333333336,49531.0,27098.0,4,0,181,6,2017
2017-07-01,36068.375,42930.0,28534.0,5,1,182,7,2017
2017-07-02,35323.208333333336,44753.0,25390.0,6,1,183,7,2017
2017-07-03,37779.083333333336,47028.0,27204.0,0,0,184,7,2017
2017-07-04,34663.791666666664,42558.0,26540.0,1,0,185,7,2017
2017-07-05,35755.0,43563.0,26216.0,2,0,186,7,2017
2017-07-06,33765.958333333336,37933.0,26624.0,3,0,187,7,2017
2017-07-07,35483.208333333336,44579.0,26237.0,4,0,188,7,2017
2017-07-08,33908.791666666664,41854.0,25352.0,5,1,189,7,2017
2017-07-09,31155.458333333332,38913.0,23283.0,6,1,190,7,2017
2017-07-10,35815.333333333336,46588.0,24117.0,0,0,191,7,2017
2017-07-11,39636.041666666664,48936.0,28690.0,1,0,192,7,2017
2017-07-12,41709.541666666664,50853.0,30206.0,2,0,193,7,2017
2017-07-13,42869.041666666664,52210.0,31669.0,3,0,194,7,2017
2017-07-14,37407.166666666664,42907.0,30370.0,4,0,195,7,2017
2017-07-15,34758.875,42029.0,26792.0,5,1,196,7,2017
2017-07-16,33690.875,43194.0,24007.0,6,1,197,7,2017
2017-07-17,38636.208333333336,48078.0,27238.0,0,0,198,7,2017
2017-07-18,40254.583333333336,50717.0,28074.0,1,0,199,7,2017
2017-07-19,42930.0,53887.0,30064.0,2,0,200,7,2017
2017-07-20,44770.5,55218.0,32131.0,3,0,201,7,2017
2017-07-21,43781.958333333336,53170.0,32336.0,4,0,202,7,2017
2017-07-22,39972.166666666664,47819.0,31639.0,5,1,203,7,2017
2017-07-23,35623.333333333336,42318.0,28331.0,6,1,204,7,2017
2017-07-24,37202.75,45592.0,28007.0,0,0,205,7,2017
2017-07-25,33226.625,37999.0,26306.0,1,0,206,7,2017
2017-07-26,33061.291666666664,40331.0,24554.0,2,0,207,7,2017
2017-07-27,34432.5,41549.0,25113.0,3,0,208,7,2017
2017-07-28,35819.166666666664,42877.0,27117.0,4,0,209,7,2017
2017-07-29,29184.416666666668,32078.0,25525.0,5,1,210,7,2017
2017-07-30,28025.666666666668,36017.0,21205.0,6,1,211,7,2017
2017-07-31,34613.083333333336,46229.0,23152.0,0,0,212,7,2017
2017-08-01,38099.375,48967.0,26409.0,1,0,213,8,2017
2017-08-02,37309.5,45786.0,28243.0,2,0,214,8,2017
2017-08-03,36863.958333333336,47490.0,26012.0,3,0,215,8,2017
2017-08-04,38160.75,48100.0,27223.0,4,0,216,8,2017
2017-08-05,31649.291666666668,35414.0,27281.0,5,1,217,8,2017
2017-08-06,27709.875,33016.0,21914.0,6,1,218,8,2017
2017-08-07,30521.166666666668,34287.0,23812.0,0,0,219,8,2017
2017-08-08,31562.25,38004.0,23845.0,1,0,220,8,2017
2017-08-09,32847.583333333336,42057.0,23417.0,2,0,221,8,2017
2017-08-10,33719.0,41971.0,24231.0,3,0,222,8,2017
2017-08-11,33675.416666666664,40595.0,25011.0,4,0,223,8,2017
2017-08-12,31822.666666666668,37803.0,25044.0,5,1,224,8,2017
2017-08-13,31777.541666666668,39438.0,24445.0,6,1,225,8,2017
2017-08-14,33076.166666666664,39043.0,24333.0,0,0,226,8,2017
2017-08-15,33755.833333333336,38625.0,25936.0,1,0,227,8,2017
2017-08-16,36819.791666666664,46849.0,25841.0,2,0,228,8,2017
2017-08-17,37475.791666666664,47126.0,26713.0,3,0,229,8,2017
2017-08-18,38931.75,48437.0,29401.0,4,0,230,8,2017
2017-08-19,36170.291666666664,44316.0,27911.0,5,1,231,8,2017
2017-08-20,32394.708333333332,41063.0,24334.0,6,1,232,8,2017
2017-08-21,36980.0,46709.0,25394.0,0,0,233,8,2017
2017-08-22,41278.5,52931.0,28584.0,1,0,234,8,2017
2017-08-23,37422.083333333336,43328.0,30253.0,2,0,235,8,2017
2017-08-24,32557.583333333332,39548.0,24458.0,3,0,236,8,2017
2017-08-25,31121.583333333332,36879.0,23787.0,4,0,237,8,2017
2017-08-26,28169.625,33213.0,22570.0,5,1,238,8,2017
2017-08-27,26612.333333333332,31749.0,21264.0,6,1,239,8,2017
2017-08-28,29118.041666666668,33962.0,21980.0,0,0,240,8,2017
2017-08-29,28715.75,32179.0,22476.0,1,0,241,8,2017
2017-08-30,29246.166666666668,35181.0,21836.0,2,0,242,8,2017
2017-08-31,31708.375,38694.0,22954.0,3,0,243,8,2017
2017-09-01,27280.5,29622.0,22611.0,4,0,244,9,2017
2017-09-02,24201.458333333332,26976.0,20337.0,5,1,245,9,2017
2017-09-03,24385.625,27996.0,20149.0,6,1,246,9,2017
2017-09-04,26552.416666666668,33112.0,20170.0,0,0,247,9,2017
2017-09-05,33275.541666666664,43260.0,22798.0,1,0,248,9,2017
2017-09-06,29903.0,32837.0,24560.0,2,0,249,9,2017
2017-09-07,27888.541666666668,31708.0,21762.0,3,0,250,9,2017
2017-09-08,27053.208333333332,30456.0,21122.0,4,0,251,9,2017
2017-09-09,24248.208333333332,27090.0,20403.0,5,1,252,9,2017
2017-09-10,23775.916666666668,28529.0,19558.0,6,1,253,9,2017
2017-09-11,26980.125,31593.0,20200.0,0,0,254,9,2017
2017-09-12,28223.416666666668,33209.0,21051.0,1,0,255,9,2017
2017-09-13,29799.041666666668,35244.0,21922.0,2,0,256,9,2017
2017-09-14,32033.875,37859.0,23658.0,3,0,257,9,2017
2017-09-15,32497.375,39765.0,23739.0,4,0,258,9,2017
2017-09-16,31042.375,37903.0,23440.0,5,1,259,9,2017
2017-09-17,30158.916666666668,37055.0,23330.0,6,1,260,9,2017
2017-09-18,31864.958333333332,36767.0,24070.0,0,0,261,9,2017
2017-09-19,32474.458333333332,38053.0,24209.0,1,0,262,9,2017
2017-09-20,33789.916666666664,41965.0,24415.0,2,0,263,9,2017
2017-09-21,34080.958333333336,42392.0,24461.0,3,0,264,9,2017
2017-09-22,32378.833333333332,38921.0,24728.0,4,0,265,9,2017
2017-09-23,30600.666666666668,39195.0,22568.0,5,1,266,9,2017
2017-09-24,32246.708333333332,43072.0,22568.0,6,1,267,9,2017
2017-09-25,36759.666666666664,47697.0,25284.0,0,0,268,9,2017
2017-09-26,35370.916666666664,43810.0,25808.0,1,0,269,9,2017
2017-09-27,36978.583333333336,47088.0,25830.0,2,0,270,9,2017
2017-09-28,32518.208333333332,36441.0,27254.0,3,0,271,9,2017
2017-09-29,27007.708333333332,30264.0,21431.0,4,0,272,9,2017
2017-09-30,23852.791666666668,26647.0,20446.0,5,1,273,9,2017
2017-10-01,23138.458333333332,27977.0,19367.0,6,1,274,10,2017
2017-10-02,26331.791666666668,31052.0,20056.0,0,0,275,10,2017
2017-10-03,26807.291666666668,31231.0,20651.0,1,0,276,10,2017
2017-10-04,27412.041666666668,32440.0,20694.0,2,0,277,10,2017
2017-10-05,29201.625,35052.0,21445.0,3,0,278,10,2017
2017-10-06,30566.208333333332,36135.0,22830.0,4,0,279,10,2017
2017-10-07,29155.208333333332,34488.0,22485.0,5,1,280,10,2017
2017-10-08,30690.5,36580.0,24617.0,6,1,281,10,2017
2017-10-09,34175.541666666664,40518.0,25909.0,0,0,282,10,2017
2017-10-10,33866.083333333336,40879.0,25350.0,1,0,283,10,2017
2017-10-11,30504.5,34401.0,23962.0,2,0,284,10,2017
2017-10-12,27698.916666666668,30699.0,22420.0,3,0,285,10,2017
2017-10-13,26465.458333333332,29532.0,20799.0,4,0,286,10,2017
2017-10-14,24949.583333333332,28572.0,20570.0,5,1,287,10,2017
2017-10-15,25363.25,30755.0,20484.0,6,1,288,10,2017
2017-10-16,26602.291666666668,30249.0,21341.0,0,0,289,10,2017
2017-10-17,26344.375,30500.0,20975.0,1,0,290,10,2017
2017-10-18,26778.541666666668,30538.0,21500.0,2,0,291,10,2017
2017-10-19,26560.5,30438.0,21046.0,3,0,292,10,2017
2017-10-20,26200.291666666668,29220.0,20813.0,4,0,293,10,2017
2017-10-21,24037.75,27356.0,20183.0,5,1,294,10,2017
2017-10-22,23570.958333333332,28471.0,19530.0,6,1,295,10,2017
2017-10-23,27456.583333333332,32473.0,20259.0,0,0,296,10,2017
2017-10-24,28657.416666666668,32384.0,22397.0,1,0,297,10,2017
2017-10-25,26542.25,30267.0,21106.0,2,0,298,10,2017
2017-10-26,26713.458333333332,30607.0,21048.0,3,0,299,10,2017
2017-10-27,26743.25,30169.0,22161.0,4,0,300,10,2017
2017-10-28,24224.625,27197.0,20953.0,5,1,301,10,2017
2017-10-29,24605.666666666668,29131.0,19953.0,6,1,302,10,2017
2017-10-30,26786.291666666668,31193.0,20906.0,0,0,303,10,2017
2017-10-31,27162.541666666668,30196.0,22096.0,1,0,304,10,2017
2017-11-01,28511.458333333332,32153.0,23164.0,2,0,305,11,2017
2017-11-02,27578.625,31485.0,21972.0,3,0,306,11,2017
2017-11-03,26931.0,30605.0,21228.0,4,0,307,11,2017
2017-11-04,24362.208333333332,27675.0,20606.0,5,1,308,11,2017
2017-11-05,24637.666666666668,29081.0,20240.0,6,1,309,11,2017
2017-11-06,27089.416666666668,31998.0,20685.0,0,0,310,11,2017
2017-11-07,28801.333333333332,34490.0,21717.0,1,0,311,11,2017
2017-11-08,29431.916666666668,33521.0,24146.0,2,0,312,11,2017
2017-11-09,29137.583333333332,32823.0,24419.0,3,0,313,11,2017
2017-11-10,29836.583333333332,35558.0,23358.0,4,0,314,11,2017
2017-11-11,30820.791666666668,33524.0,28715.0,5,1,315,11,2017
2017-11-12,29326.791666666668,32716.0,27324.0,6,1,316,11,2017
2017-11-13,30830.833333333332,34958.0,24932.0,0,0,317,11,2017
2017-11-14,30816.083333333332,34957.0,25788.0,1,0,318,11,2017
2017-11-15,30189.666666666668,33942.0,25763.0,2,0,319,11,2017
2017-11-16,28905.916666666668,33344.0,23612.0,3,0,320,11,2017
2017-11-17,29501.333333333332,33218.0,24589.0,4,0,321,11,2017
2017-11-18,28752.875,31277.0,25983.0,5,1,322,11,2017
2017-11-19,26256.25,31774.0,21714.0,6,1,323,11,2017
2017-11-20,30371.75,34883.0,24869.0,0,0,324,11,2017
2017-11-21,29919.791666666668,33437.0,25842.0,1,0,325,11,2017
2017-11-22,29217.375,33785.0,23387.0,2,0,326,11,2017
2017-11-23,28164.916666666668,30119.0,25632.0,3,0,327,11,2017
2017-11-24,28444.5,31070.0,26076.0,4,0,328,11,2017
2017-11-25,26937.083333333332,29447.0,24734.0,5,1,329,11,2017
2017-11-26,26427.25,31865.0,22313.0,6,1,330,11,2017
2017-11-27,29473.666666666668,33818.0,24746.0,0,0,331,11,2017
2017-11-28,29832.333333333332,33710.0,25330.0,1,0,332,11,2017
2017-11-29,28853.625,33062.0,23992.0,2,0,333,11,2017
2017-11-30,29845.375,33875.0,24727.0,3,0,334,11,2017
2017-12-01,28931.041666666668,33082.0,23780.0,4,0,335,12,2017
2017-12-02,28772.541666666668,31750.0,25927.0,5,1,336,12,2017
2017-12-03,28139.958333333332,32636.0,24769.0,6,1,337,12,2017
2017-12-04,31196.833333333332,35430.0,26033.0,0,0,338,12,2017
2017-12-05,29750.666666666668,34140.0,24356.0,1,0,339,12,2017
2017-12-06,30350.166666666668,36332.0,22998.0,2,0,340,12,2017
2017-12-07,31645.291666666668,36469.0,26284.0,3,0,341,12,2017
2017-12-08,32779.291666666664,37533.0,26708.0,4,0,342,12,2017
2017-12-09,32562.625,37739.0,26849.0,5,1,343,12,2017
2017-12-10,31846.25,36581.0,28220.0,6,1,344,12,2017
2017-12-11,32959.041666666664,37918.0,27382.0,0,0,345,12,2017
2017-12-12,33249.791666666664,38705.0,26906.0,1,0,346,12,2017
2017-12-13,37373.875,42018.0,32189.0,2,0,347,12,2017
2017-12-14,35657.458333333336,40715.0,30416.0,3,0,348,12,2017
2017-12-15,37612.25,42177.0,31500.0,4,0,349,12,2017
2017-12-16,34011.958333333336,36368.0,31676.0,5,1,350,12,2017
2017-12-17,31386.75,35400.0,28116.0,6,1,351,12,2017
2017-12-18,31808.583333333332,36189.0,26439.0,0,0,352,12,2017
2017-12-19,30451.333333333332,34736.0,25364.0,1,0,353,12,2017
2017-12-20,31291.833333333332,36713.0,24591.0,2,0,354,12,2017
2017-12-21,33088.208333333336,37394.0,28281.0,3,0,355,12,2017
2017-12-22,32009.333333333332,35052.0,27878.0,4,0,356,12,2017
2017-12-23,28380.25,31663.0,23992.0,5,1,357,12,2017
2017-12-24,28308.791666666668,32489.0,23884.0,6,1,358,12,2017
2017-12-25,29923.208333333332,34422.0,24923.0,0,0,359,12,2017
2017-12-26,34361.916666666664,39664.0,28881.0,1,0,360,12,2017
2017-12-27,37027.875,42852.0,30780.0,2,0,361,12,2017
2017-12-28,39963.208333333336,44715.0,35109.0,3,0,362,12,2017
2017-12-29,39392.458333333336,42982.0,36128.0,4,0,363,12,2017
2017-12-30,37419.041666666664,40782.0,33635.0,5,1,364,12,2017
2017-12-31,39016.0,44650.0,34150.0,6,1,365,12,2017
2018-01-01,40191.041666666664,44343.0,37742.0,0,0,1,1,2018
2018-01-02,41627.333333333336,46050.0,37063.0,1,0,2,1,2018
2018-01-03,40852.75,46432.0,37485.0,2,0,3,1,2018
2018-01-04,41065.0,46484.0,33689.0,3,0,4,1,2018
2018-01-05,44197.791666666664,49021.0,39249.0,4,0,5,1,2018
2018-01-06,43565.75,47714.0,40534.0,5,1,6,1,2018
2018-01-07,42159.708333333336,45461.0,39432.0,6,1,7,1,2018
2018-01-08,40300.666666666664,44098.0,36287.0,0,0,8,1,2018
2018-01-09,35337.375,39453.0,31519.0,1,0,9,1,2018
2018-01-10,35223.875,39887.0,31229.0,2,0,10,1,2018
2018-01-11,31735.208333333332,35235.0,27793.0,3,0,11,1,2018
2018-01-12,29211.041666666668,32599.0,24094.0,4,0,12,1,2018
2018-01-13,30532.666666666668,37814.0,22909.0,5,1,13,1,2018
2018-01-14,36703.25,41045.0,33514.0,6,1,14,1,2018
2018-01-15,39257.75,42249.0,35242.0,0,0,15,1,2018
2018-01-16,36168.333333333336,39711.0,31779.0,1,0,16,1,2018
2018-01-17,37451.208333333336,43373.0,29809.0,2,0,17,1,2018
2018-01-18,38379.75,43679.0,35352.0,3,0,18,1,2018
2018-01-19,35442.75,40942.0,32731.0,4,0,19,1,2018
2018-01-20,30604.416666666668,32843.0,28357.0,5,1,20,1,2018
2018-01-21,29108.125,32569.0,26606.0,6,1,21,1,2018
2018-01-22,29872.041666666668,33969.0,24447.0,0,0,22,1,2018
2018-01-23,29773.833333333332,33849.0,24496.0,1,0,23,1,2018
2018-01-24,32071.458333333332,37569.0,25453.0,2,0,24,1,2018
2018-01-25,34302.666666666664,38762.0,29214.0,3,0,25,1,2018
2018-01-26,34354.958333333336,39985.0,31374.0,4,0,26,1,2018
2018-01-27,29843.791666666668,32625.0,27414.0,5,1,27,1,2018
2018-01-28,27356.541666666668,32029.0,22901.0,6,1,28,1,2018
2018-01-29,31443.833333333332,36344.0,24736.0,0,0,29,1,2018
2018-01-30,34895.541666666664,41335.0,27256.0,1,0,30,1,2018
2018-01-31,37180.125,42096.0,33657.0,2,0,31,1,2018
2018-02-01,33615.458333333336,36966.0,29591.0,3,0,32,2,2018
2018-02-02,35327.125,42138.0,27233.0,4,0,33,2,2018
2018-02-03,35505.5,38198.0,32613.0,5,1,34,2,2018
2018-02-04,32805.666666666664,36952.0,29255.0,6,1,35,2,2018
2018-02-05,34204.791666666664,39794.0,28086.0,0,0,36,2,2018
2018-02-06,35783.833333333336,39080.0,31530.0,1,0,37,2,2018
2018-02-07,35824.75,38944.0,30557.0,2,0,38,2,2018
2018-02-08,35158.125,39608.0,29989.0,3,0,39,2,2018
2018-02-09,35460.125,40261.0,32247.0,4,0,40,2,2018
2018-02-10,30496.708333333332,32732.0,27798.0,5,1,41,2,2018
2018-02-11,27919.916666666668,31620.0,24083.0,6,1,42,2,2018
2018-02-12,30144.791666666668,35517.0,22871.0,0,0,43,2,2018
2018-02-13,33038.458333333336,37417.0,28574.0,1,0,44,2,2018
2018-02-14,31439.916666666668,35419.0,27789.0,2,0,45,2,2018
2018-02-15,29138.375,32135.0,24686.0,3,0,46,2,2018
2018-02-16,28378.958333333332,32420.0,22556.0,4,0,47,2,2018
2018-02-17,30211.708333333332,34848.0,26252.0,5,1,48,2,2018
2018-02-18,28892.041666666668,32228.0,26701.0,6,1,49,2,2018
2018-02-19,31447.75,34852.0,27222.0,0,0,50,2,2018
2018-02-20,28487.791666666668,31753.0,24304.0,1,0,51,2,2018
2018-02-21,27572.5,32214.0,21981.0,2,0,52,2,2018
2018-02-22,28859.208333333332,34250.0,21639.0,3,0,53,2,2018
2018-02-23,30894.333333333332,34011.0,25298.0,4,0,54,2,2018
2018-02-24,27537.0,30427.0,24036.0,5,1,55,2,2018
2018-02-25,27246.041666666668,31237.0,23190.0,6,1,56,2,2018
2018-02-26,29406.833333333332,33579.0,23555.0,0,0,57,2,2018
2018-02-27,29694.041666666668,34325.0,26419.0,1,0,58,2,2018
2018-02-28,28915.166666666668,32821.0,25289.0,2,0,59,2,2018
2018-03-01,28720.208333333332,32630.0,23274.0,3,0,60,3,2018
2018-03-02,30858.083333333332,34516.0,24123.0,4,0,61,3,2018
2018-03-03,28436.791666666668,31446.0,26067.0,5,1,62,3,2018
2018-03-04,27950.583333333332,32652.0,25082.0,6,1,63,3,2018
2018-03-05,31451.458333333332,35208.0,27389.0,0,0,64,3,2018
2018-03-06,31596.291666666668,35598.0,27916.0,1,0,65,3,2018
2018-03-07,32257.333333333332,35255.0,27123.0,2,0,66,3,2018
2018-03-08,31934.208333333332,36238.0,27086.0,3,0,67,3,2018
2018-03-09,32586.833333333332,35595.0,28636.0,4,0,68,3,2018
2018-03-10,30027.458333333332,32300.0,28240.0,5,1,69,3,2018
2018-03-11,28279.458333333332,31576.0,26072.0,6,1,70,3,2018
2018-03-12,32489.166666666668,36187.0,26992.0,0,0,71,3,2018
2018-03-13,32829.916666666664,36558.0,28009.0,1,0,72,3,2018
2018-03-14,33399.083333333336,37245.0,28672.0,2,0,73,3,2018
2018-03-15,32337.208333333332,36819.0,28872.0,3,0,74,3,2018
2018-03-16,31942.166666666668,35873.0,27634.0,4,0,75,3,2018
2018-03-17,30140.833333333332,32663.0,28478.0,5,1,76,3,2018
2018-03-18,28018.416666666668,31020.0,25719.0,6,1,77,3,2018
2018-03-19,30023.958333333332,35086.0,25922.0,0,0,78,3,2018
2018-03-20,33334.666666666664,37699.0,26141.0,1,0,79,3,2018
2018-03-21,33738.166666666664,37134.0,28525.0,2,0,80,3,2018
2018-03-22,31931.416666666668,35916.0,28053.0,3,0,81,3,2018
2018-03-23,30775.958333333332,35501.0,27279.0,4,0,82,3,2018
2018-03-24,28216.291666666668,31095.0,25673.0,5,1,83,3,2018
2018-03-25,28642.375,32066.0,25920.0,6,1,84,3,2018
2018-03-26,30686.708333333332,36156.0,26987.0,0,0,85,3,2018
2018-03-27,31483.0,35661.0,27014.0,1,0,86,3,2018
2018-03-28,30032.833333333332,33299.0,25749.0,2,0,87,3,2018
2018-03-29,27923.291666666668,31041.0,23680.0,3,0,88,3,2018
2018-03-30,26191.0,28818.0,21547.0,4,0,89,3,2018
2018-03-31,25214.041666666668,27834.0,23222.0,5,1,90,3,2018
2018-04-01,24265.0,26788.0,22058.0,6,1,91,4,2018
2018-04-02,29014.208333333332,32800.0,22184.0,0,0,92,4,2018
2018-04-03,30574.458333333332,33238.0,25259.0,1,0,93,4,2018
2018-04-04,28911.083333333332,32732.0,24207.0,2,0,94,4,2018
2018-04-05,30203.833333333332,34014.0,26391.0,3,0,95,4,2018
2018-04-06,29153.833333333332,33234.0,25951.0,4,0,96,4,2018
2018-04-07,26862.5,30278.0,22422.0,5,1,97,4,2018
2018-04-08,27447.0,31615.0,25321.0,6,1,98,4,2018
2018-04-09,30637.5,34294.0,26060.0,0,0,99,4,2018
2018-04-10,29610.291666666668,33535.0,25593.0,1,0,100,4,2018
2018-04-11,29411.5,33822.0,26271.0,2,0,101,4,2018
2018-04-12,27810.958333333332,31401.0,24106.0,3,0,102,4,2018
2018-04-13,26463.541666666668,29539.0,21320.0,4,0,103,4,2018
2018-04-14,24966.958333333332,28703.0,20503.0,5,1,104,4,2018
2018-04-15,25127.0,30317.0,19974.0,6,1,105,4,2018
2018-04-16,28658.625,31781.0,23417.0,0,0,106,4,2018
2018-04-17,29924.833333333332,33697.0,24300.0,1,0,107,4,2018
2018-04-18,28888.958333333332,33169.0,25902.0,2,0,108,4,2018
2018-04-19,28949.958333333332,33039.0,23123.0,3,0,109,4,2018
2018-04-20,28522.791666666668,32739.0,25819.0,4,0,110,4,2018
2018-04-21,25499.166666666668,27708.0,23635.0,5,1,111,4,2018
2018-04-22,23878.875,27460.0,22004.0,6,1,112,4,2018
2018-04-23,26121.125,29360.0,21394.0,0,0,113,4,2018
2018-04-24,26505.166666666668,29798.0,21500.0,1,0,114,4,2018
2018-04-25,26959.958333333332,29754.0,21532.0,2,0,115,4,2018
2018-04-26,25847.041666666668,29063.0,21296.0,3,0,116,4,2018
2018-04-27,26166.875,29187.0,20867.0,4,0,117,4,2018
2018-04-28,23777.708333333332,26323.0,20853.0,5,1,118,4,2018
2018-04-29,23541.916666666668,28051.0,19953.0,6,1,119,4,2018
2018-04-30,26895.333333333332,29958.0,22264.0,0,0,120,4,2018
2018-05-01,26626.916666666668,30195.0,21854.0,1,0,121,5,2018
2018-05-02,28349.666666666668,34347.0,20767.0,2,0,122,5,2018
2018-05-03,32229.541666666668,40953.0,22599.0,3,0,123,5,2018
2018-05-04,32975.291666666664,39502.0,25190.0,4,0,124,5,2018
2018-05-05,26163.125,30118.0,22776.0,5,1,125,5,2018
2018-05-06,23796.083333333332,27534.0,19937.0,6,1,126,5,2018
2018-05-07,26640.541666666668,30673.0,20327.0,0,0,127,5,2018
2018-05-08,27005.75,31277.0,20869.0,1,0,128,5,2018
2018-05-09,27441.708333333332,32270.0,20936.0,2,0,129,5,2018
2018-05-10,27695.833333333332,32272.0,21126.0,3,0,130,5,2018
2018-05-11,27865.333333333332,32055.0,21680.0,4,0,131,5,2018
2018-05-12,25662.083333333332,29997.0,20774.0,5,1,132,5,2018
2018-05-13,24001.5,27045.0,20219.0,6,1,133,5,2018
2018-05-14,27317.833333333332,32117.0,20516.0,0,0,134,5,2018
2018-05-15,31481.666666666668,40929.0,21965.0,1,0,135,5,2018
2018-05-16,29049.833333333332,31779.0,23283.0,2,0,136,5,2018
2018-05-17,28035.208333333332,31361.0,21799.0,3,0,137,5,2018
2018-05-18,27227.833333333332,30505.0,22040.0,4,0,138,5,2018
2018-05-19,24720.291666666668,27308.0,20501.0,5,1,139,5,2018
2018-05-20,27146.333333333332,33560.0,20926.0,6,1,140,5,2018
2018-05-21,29615.458333333332,35778.0,22128.0,0,0,141,5,2018
2018-05-22,28450.0,31537.0,22328.0,1,0,142,5,2018
2018-05-23,29923.125,35885.0,22184.0,2,0,143,5,2018
2018-05-24,30461.5,38013.0,22309.0,3,0,144,5,2018
2018-05-25,31925.541666666668,40831.0,22379.0,4,0,145,5,2018
2018-05-26,33316.916666666664,41301.0,24337.0,5,1,146,5,2018
2018-05-27,28984.208333333332,32095.0,25328.0,6,1,147,5,2018
2018-05-28,25457.458333333332,29998.0,20741.0,0,0,148,5,2018
2018-05-29,32802.083333333336,42689.0,22048.0,1,0,149,5,2018
2018-05-30,32784.833333333336,37888.0,25391.0,2,0,150,5,2018
2018-05-31,31445.0,36971.0,23668.0,3,0,151,5,2018
2018-06-01,34767.416666666664,43948.0,24791.0,4,0,152,6,2018
2018-06-02,33292.125,39868.0,25691.0,5,1,153,6,2018
2018-06-03,26070.291666666668,30417.0,23382.0,6,1,154,6,2018
2018-06-04,27152.75,31812.0,20498.0,0,0,155,6,2018
2018-06-05,28280.958333333332,33270.0,21325.0,1,0,156,6,2018
2018-06-06,27839.0,31566.0,21687.0,2,0,157,6,2018
2018-06-07,28615.708333333332,33933.0,21485.0,3,0,158,6,2018
2018-06-08,30924.625,38407.0,22036.0,4,0,159,6,2018
2018-06-09,30465.583333333332,36326.0,23332.0,5,1,160,6,2018
2018-06-10,27027.458333333332,29395.0,22853.0,6,1,161,6,2018
2018-06-11,27287.958333333332,30843.0,21185.0,0,0,162,6,2018
2018-06-12,27915.083333333332,33450.0,21025.0,1,0,163,6,2018
2018-06-13,31366.75,38072.0,22488.0,2,0,164,6,2018
2018-06-14,33066.708333333336,40321.0,25320.0,3,0,165,6,2018
2018-06-15,30615.041666666668,36893.0,23090.0,4,0,166,6,2018
2018-06-16,29337.041666666668,37329.0,21637.0,5,1,167,6,2018
2018-06-17,32630.0,42875.0,22387.0,6,1,168,6,2018
2018-06-18,40541.291666666664,52558.0,26762.0,0,0,169,6,2018
2018-06-19,40480.583333333336,47159.0,31866.0,1,0,170,6,2018
2018-06-20,35744.583333333336,43429.0,26337.0,2,0,171,6,2018
2018-06-21,35393.166666666664,43006.0,26867.0,3,0,172,6,2018
2018-06-22,31334.333333333332,34629.0,26194.0,4,0,173,6,2018
2018-06-23,27684.875,31295.0,22669.0,5,1,174,6,2018
2018-06-24,31802.708333333332,40790.0,22901.0,6,1,175,6,2018
2018-06-25,33504.125,40808.0,25080.0,0,0,176,6,2018
2018-06-26,31780.416666666668,39441.0,23140.0,1,0,177,6,2018
2018-06-27,31319.75,35508.0,23944.0,2,0,178,6,2018
2018-06-28,36902.333333333336,46350.0,25940.0,3,0,179,6,2018
2018-06-29,38875.875,49105.0,27318.0,4,0,180,6,2018
2018-06-30,38415.541666666664,49341.0,26411.0,5,1,181,6,2018
2018-07-01,40584.833333333336,51803.0,27992.0,6,1,182,7,2018
2018-07-02,45218.125,56609.0,31246.0,0,0,183,7,2018
2018-07-03,45258.041666666664,54908.0,33912.0,1,0,184,7,2018
2018-07-04,39652.791666666664,47897.0,30668.0,2,0,185,7,2018
2018-07-05,42402.375,52503.0,30749.0,3,0,186,7,2018
2018-07-06,39145.25,43890.0,33129.0,4,0,187,7,2018
2018-07-07,28926.5,34233.0,23358.0,5,1,188,7,2018
2018-07-08,28616.791666666668,37450.0,21211.0,6,1,189,7,2018
2018-07-09,34410.166666666664,45771.0,23223.0,0,0,190,7,2018
2018-07-10,38866.125,51429.0,25735.0,1,0,191,7,2018
2018-07-11,39699.583333333336,48546.0,29571.0,2,0,192,7,2018
2018-07-12,36770.458333333336,45202.0,27150.0,3,0,193,7,2018
2018-07-13,36047.166666666664,45368.0,26072.0,4,0,194,7,2018
2018-07-14,34942.666666666664,44984.0,25066.0,5,1,195,7,2018
2018-07-15,34204.083333333336,42348.0,26712.0,6,1,196,7,2018
2018-07-16,41897.083333333336,53764.0,28250.0,0,0,197,7,2018
2018-07-17,41080.875,50490.0,32257.0,1,0,198,7,2018
2018-07-18,36402.458333333336,45057.0,27307.0,2,0,199,7,2018
2018-07-19,34624.541666666664,44317.0,25063.0,3,0,200,7,2018
2018-07-20,34887.708333333336,43320.0,25451.0,4,0,201,7,2018
2018-07-21,29329.75,32417.0,24745.0,5,1,202,7,2018
2018-07-22,31062.25,38878.0,23872.0,6,1,203,7,2018
2018-07-23,37556.375,45096.0,28259.0,0,0,204,7,2018
2018-07-24,38382.875,44989.0,29625.0,1,0,205,7,2018
2018-07-25,37062.166666666664,43279.0,29434.0,2,0,206,7,2018
2018-07-26,38221.166666666664,49029.0,27402.0,3,0,207,7,2018
2018-07-27,38191.5,47401.0,28422.0,4,0,208,7,2018
2018-07-28,34495.75,42835.0,25964.0,5,1,209,7,2018
2018-07-29,32162.916666666668,40709.0,24161.0,6,1,210,7,2018
2018-07-30,32957.416666666664,37671.0,25200.0,0,0,211,7,2018
2018-07-31,34539.083333333336,42011.0,25050.0,1,0,212,7,2018
2018-08-01,39230.791666666664,49308.0,28249.0,2,0,213,8,2018
2018-08-02,39593.041666666664,47154.0,29791.0,3,0,214,8,2018
2018-08-03,35486.0,35486.0,35486.0,4,0,215,8,2018
