date,store_id,cat_id,units,avg_price,snap,is_event,wday,month,year,units_lag1,units_lag7,units_lag14,units_lag28,units_lag365
2011-01-29,CA_1,FOODS,3239,3.1492198,0,0,1,1,2011,,,,,
2011-01-30,CA_1,FOODS,3137,3.1492198,0,0,2,1,2011,3239.0,,,,
2011-01-31,CA_1,FOODS,2008,3.1492198,0,0,3,1,2011,3137.0,,,,
2011-02-01,CA_1,FOODS,2258,3.1492198,1,0,4,2,2011,2008.0,,,,
2011-02-02,CA_1,FOODS,2032,3.1492198,1,0,5,2,2011,2258.0,,,,
2011-02-03,CA_1,FOODS,2407,3.1492198,1,0,6,2,2011,2032.0,,,,
2011-02-04,CA_1,FOODS,2693,3.1492198,1,0,7,2,2011,2407.0,,,,
2011-02-05,CA_1,FOODS,3962,3.1533935,1,0,1,2,2011,2693.0,3239.0,,,
2011-02-06,CA_1,FOODS,3418,3.1533935,1,1,2,2,2011,3962.0,3137.0,,,
2011-02-07,CA_1,FOODS,2446,3.1533935,1,0,3,2,2011,3418.0,2008.0,,,
2011-02-08,CA_1,FOODS,2138,3.1533935,1,0,4,2,2011,2446.0,2258.0,,,
2011-02-09,CA_1,FOODS,2001,3.1533935,1,0,5,2,2011,2138.0,2032.0,,,
2011-02-10,CA_1,FOODS,2137,3.1533935,1,0,6,2,2011,2001.0,2407.0,,,
2011-02-11,CA_1,FOODS,2217,3.1533935,0,0,7,2,2011,2137.0,2693.0,,,
2011-02-12,CA_1,FOODS,3067,3.1296296,0,0,1,2,2011,2217.0,3962.0,3239.0,,
2011-02-13,CA_1,FOODS,3313,3.1296296,0,0,2,2,2011,3067.0,3418.0,3137.0,,
2011-02-14,CA_1,FOODS,2003,3.1296296,0,1,3,2,2011,3313.0,2446.0,2008.0,,
2011-02-15,CA_1,FOODS,1779,3.1296296,0,0,4,2,2011,2003.0,2138.0,2258.0,,
2011-02-16,CA_1,FOODS,1670,3.1296296,0,0,5,2,2011,1779.0,2001.0,2032.0,,
2011-02-17,CA_1,FOODS,1433,3.1296296,0,0,6,2,2011,1670.0,2137.0,2407.0,,
2011-02-18,CA_1,FOODS,2250,3.1296296,0,0,7,2,2011,1433.0,2217.0,2693.0,,
2011-02-19,CA_1,FOODS,3148,3.1232116,0,0,1,2,2011,2250.0,3067.0,3962.0,,
2011-02-20,CA_1,FOODS,2864,3.1232116,0,0,2,2,2011,3148.0,3313.0,3418.0,,
2011-02-21,CA_1,FOODS,2105,3.1232116,0,1,3,2,2011,2864.0,2003.0,2446.0,,
2011-02-22,CA_1,FOODS,1621,3.1232116,0,0,4,2,2011,2105.0,1779.0,2138.0,,
2011-02-23,CA_1,FOODS,1608,3.1232116,0,0,5,2,2011,1621.0,1670.0,2001.0,,
2011-02-24,CA_1,FOODS,1639,3.1232116,0,0,6,2,2011,1608.0,1433.0,2137.0,,
2011-02-25,CA_1,FOODS,1875,3.1232116,0,0,7,2,2011,1639.0,2250.0,2217.0,,
2011-02-26,CA_1,FOODS,2574,3.125868,0,0,1,2,2011,1875.0,3148.0,3067.0,3239.0,
2011-02-27,CA_1,FOODS,2733,3.125868,0,0,2,2,2011,2574.0,2864.0,3313.0,3137.0,
2011-02-28,CA_1,FOODS,1732,3.125868,0,0,3,2,2011,2733.0,2105.0,2003.0,2008.0,
2011-03-01,CA_1,FOODS,1896,3.125868,1,0,4,3,2011,1732.0,1621.0,1779.0,2258.0,
2011-03-02,CA_1,FOODS,1965,3.125868,1,0,5,3,2011,1896.0,1608.0,1670.0,2032.0,
2011-03-03,CA_1,FOODS,1984,3.125868,1,0,6,3,2011,1965.0,1639.0,1433.0,2407.0,
2011-03-04,CA_1,FOODS,2369,3.125868,1,0,7,3,2011,1984.0,1875.0,2250.0,2693.0,
2011-03-05,CA_1,FOODS,3223,3.1110225,1,0,1,3,2011,2369.0,2574.0,3148.0,3962.0,
2011-03-06,CA_1,FOODS,3464,3.1110225,1,0,2,3,2011,3223.0,2733.0,2864.0,3418.0,
2011-03-07,CA_1,FOODS,2262,3.1110225,1,0,3,3,2011,3464.0,1732.0,2105.0,2446.0,
2011-03-08,CA_1,FOODS,2165,3.1110225,1,0,4,3,2011,2262.0,1896.0,1621.0,2138.0,
2011-03-09,CA_1,FOODS,2100,3.1110225,1,1,5,3,2011,2165.0,1965.0,1608.0,2001.0,
2011-03-10,CA_1,FOODS,2003,3.1110225,1,0,6,3,2011,2100.0,1984.0,1639.0,2137.0,
2011-03-11,CA_1,FOODS,2480,3.1110225,0,0,7,3,2011,2003.0,2369.0,1875.0,2217.0,
2011-03-12,CA_1,FOODS,2895,3.117528,0,0,1,3,2011,2480.0,3223.0,2574.0,3067.0,
2011-03-13,CA_1,FOODS,3081,3.117528,0,0,2,3,2011,2895.0,3464.0,2733.0,3313.0,
2011-03-14,CA_1,FOODS,2079,3.117528,0,0,3,3,2011,3081.0,2262.0,1732.0,2003.0,
2011-03-15,CA_1,FOODS,1656,3.117528,0,0,4,3,2011,2079.0,2165.0,1896.0,1779.0,
2011-03-16,CA_1,FOODS,1805,3.117528,0,1,5,3,2011,1656.0,2100.0,1965.0,1670.0,
2011-03-17,CA_1,FOODS,1657,3.117528,0,1,6,3,2011,1805.0,2003.0,1984.0,1433.0,
2011-03-18,CA_1,FOODS,2005,3.117528,0,0,7,3,2011,1657.0,2480.0,2369.0,2250.0,
2011-03-19,CA_1,FOODS,2826,3.1268907,0,0,1,3,2011,2005.0,2895.0,3223.0,3148.0,
2011-03-20,CA_1,FOODS,2795,3.1268907,0,1,2,3,2011,2826.0,3081.0,3464.0,2864.0,
2011-03-21,CA_1,FOODS,1935,3.1268907,0,0,3,3,2011,2795.0,2079.0,2262.0,2105.0,
2011-03-22,CA_1,FOODS,1595,3.1268907,0,0,4,3,2011,1935.0,1656.0,2165.0,1621.0,
2011-03-23,CA_1,FOODS,1473,3.1268907,0,0,5,3,2011,1595.0,1805.0,2100.0,1608.0,
2011-03-24,CA_1,FOODS,1431,3.1268907,0,0,6,3,2011,1473.0,1657.0,2003.0,1639.0,
2011-03-25,CA_1,FOODS,1869,3.1268907,0,0,7,3,2011,1431.0,2005.0,2480.0,1875.0,
2011-03-26,CA_1,FOODS,2648,3.1227386,0,0,1,3,2011,1869.0,2826.0,2895.0,2574.0,
2011-03-27,CA_1,FOODS,2801,3.1227386,0,0,2,3,2011,2648.0,2795.0,3081.0,2733.0,
2011-03-28,CA_1,FOODS,1903,3.1227386,0,0,3,3,2011,2801.0,1935.0,2079.0,1732.0,
2011-03-29,CA_1,FOODS,1471,3.1227386,0,0,4,3,2011,1903.0,1595.0,1656.0,1896.0,
2011-03-30,CA_1,FOODS,1612,3.1227386,0,0,5,3,2011,1471.0,1473.0,1805.0,1965.0,
2011-03-31,CA_1,FOODS,1849,3.1227386,0,0,6,3,2011,1612.0,1431.0,1657.0,1984.0,
2011-04-01,CA_1,FOODS,2528,3.1227386,1,0,7,4,2011,1849.0,1869.0,2005.0,2369.0,
2011-04-02,CA_1,FOODS,3013,3.1356416,1,0,1,4,2011,2528.0,2648.0,2826.0,3223.0,
2011-04-03,CA_1,FOODS,3136,3.1356416,1,0,2,4,2011,3013.0,2801.0,2795.0,3464.0,
2011-04-04,CA_1,FOODS,2615,3.1356416,1,0,3,4,2011,3136.0,1903.0,1935.0,2262.0,
2011-04-05,CA_1,FOODS,2047,3.1356416,1,0,4,4,2011,2615.0,1471.0,1595.0,2165.0,
2011-04-06,CA_1,FOODS,1897,3.1356416,1,0,5,4,2011,2047.0,1612.0,1473.0,2100.0,
2011-04-07,CA_1,FOODS,2150,3.1356416,1,0,6,4,2011,1897.0,1849.0,1431.0,2003.0,
2011-04-08,CA_1,FOODS,2342,3.1356416,1,0,7,4,2011,2150.0,2528.0,1869.0,2480.0,
2011-04-09,CA_1,FOODS,2825,3.1388683,1,0,1,4,2011,2342.0,3013.0,2648.0,2895.0,
2011-04-10,CA_1,FOODS,2978,3.1388683,1,0,2,4,2011,2825.0,3136.0,2801.0,3081.0,
2011-04-11,CA_1,FOODS,2007,3.1388683,0,0,3,4,2011,2978.0,2615.0,1903.0,2079.0,
2011-04-12,CA_1,FOODS,1653,3.1388683,0,0,4,4,2011,2007.0,2047.0,1471.0,1656.0,
2011-04-13,CA_1,FOODS,1550,3.1388683,0,0,5,4,2011,1653.0,1897.0,1612.0,1805.0,
2011-04-14,CA_1,FOODS,1631,3.1388683,0,0,6,4,2011,1550.0,2150.0,1849.0,1657.0,
2011-04-15,CA_1,FOODS,2141,3.1388683,0,0,7,4,2011,1631.0,2342.0,2528.0,2005.0,
2011-04-16,CA_1,FOODS,2465,3.1346762,0,0,1,4,2011,2141.0,2825.0,3013.0,2826.0,
2011-04-17,CA_1,FOODS,2980,3.1346762,0,0,2,4,2011,2465.0,2978.0,3136.0,2795.0,
2011-04-18,CA_1,FOODS,1833,3.1346762,0,0,3,4,2011,2980.0,2007.0,2615.0,1935.0,
2011-04-19,CA_1,FOODS,1628,3.1346762,0,0,4,4,2011,1833.0,1653.0,2047.0,1595.0,
2011-04-20,CA_1,FOODS,1520,3.1346762,0,0,5,4,2011,1628.0,1550.0,1897.0,1473.0,
2011-04-21,CA_1,FOODS,1759,3.1346762,0,0,6,4,2011,1520.0,1631.0,2150.0,1431.0,
2011-04-22,CA_1,FOODS,2274,3.1346762,0,0,7,4,2011,1759.0,2141.0,2342.0,1869.0,
2011-04-23,CA_1,FOODS,2909,3.133712,0,0,1,4,2011,2274.0,2465.0,2825.0,2648.0,
2011-04-24,CA_1,FOODS,2051,3.133712,0,1,2,4,2011,2909.0,2980.0,2978.0,2801.0,
2011-04-25,CA_1,FOODS,1518,3.133712,0,0,3,4,2011,2051.0,1833.0,2007.0,1903.0,
2011-04-26,CA_1,FOODS,1411,3.133712,0,1,4,4,2011,1518.0,1628.0,1653.0,1471.0,
2011-04-27,CA_1,FOODS,1294,3.133712,0,0,5,4,2011,1411.0,1520.0,1550.0,1612.0,
2011-04-28,CA_1,FOODS,1374,3.133712,0,0,6,4,2011,1294.0,1759.0,1631.0,1849.0,
2011-04-29,CA_1,FOODS,1808,3.133712,0,0,7,4,2011,1374.0,2274.0,2141.0,2528.0,
2011-04-30,CA_1,FOODS,2278,3.1343977,0,0,1,4,2011,1808.0,2909.0,2465.0,3013.0,
2011-05-01,CA_1,FOODS,2550,3.1343977,1,0,2,5,2011,2278.0,2051.0,2980.0,3136.0,
2011-05-02,CA_1,FOODS,1962,3.1343977,1,0,3,5,2011,2550.0,1518.0,1833.0,2615.0,
2011-05-03,CA_1,FOODS,2044,3.1343977,1,0,4,5,2011,1962.0,1411.0,1628.0,2047.0,
2011-05-04,CA_1,FOODS,1924,3.1343977,1,0,5,5,2011,2044.0,1294.0,1520.0,1897.0,
2011-05-05,CA_1,FOODS,1648,3.1343977,1,1,6,5,2011,1924.0,1374.0,1759.0,2150.0,
2011-05-06,CA_1,FOODS,2322,3.1343977,1,0,7,5,2011,1648.0,1808.0,2274.0,2342.0,
2011-05-07,CA_1,FOODS,2605,3.1219141,1,0,1,5,2011,2322.0,2278.0,2909.0,2825.0,
2011-05-08,CA_1,FOODS,2096,3.1219141,1,1,2,5,2011,2605.0,2550.0,2051.0,2978.0,
2011-05-09,CA_1,FOODS,2199,3.1219141,1,0,3,5,2011,2096.0,1962.0,1518.0,2007.0,
2011-05-10,CA_1,FOODS,2044,3.1219141,1,0,4,5,2011,2199.0,2044.0,1411.0,1653.0,
2011-05-11,CA_1,FOODS,1797,3.1219141,0,0,5,5,2011,2044.0,1924.0,1294.0,1550.0,
2011-05-12,CA_1,FOODS,1630,3.1219141,0,0,6,5,2011,1797.0,1648.0,1374.0,1631.0,
2011-05-13,CA_1,FOODS,2078,3.1219141,0,0,7,5,2011,1630.0,2322.0,1808.0,2141.0,
2011-05-14,CA_1,FOODS,2608,3.1086884,0,0,1,5,2011,2078.0,2605.0,2278.0,2465.0,
2011-05-15,CA_1,FOODS,2704,3.1086884,0,0,2,5,2011,2608.0,2096.0,2550.0,2980.0,
2011-05-16,CA_1,FOODS,1651,3.1086884,0,0,3,5,2011,2704.0,2199.0,1962.0,1833.0,
2011-05-17,CA_1,FOODS,1550,3.1086884,0,0,4,5,2011,1651.0,2044.0,2044.0,1628.0,
2011-05-18,CA_1,FOODS,1535,3.1086884,0,0,5,5,2011,1550.0,1797.0,1924.0,1520.0,
2011-05-19,CA_1,FOODS,1516,3.1086884,0,0,6,5,2011,1535.0,1630.0,1648.0,1759.0,
2011-05-20,CA_1,FOODS,1847,3.1086884,0,0,7,5,2011,1516.0,2078.0,2322.0,2274.0,
2011-05-21,CA_1,FOODS,2332,3.1168911,0,0,1,5,2011,1847.0,2608.0,2605.0,2909.0,
2011-05-22,CA_1,FOODS,2525,3.1168911,0,0,2,5,2011,2332.0,2704.0,2096.0,2051.0,
2011-05-23,CA_1,FOODS,1648,3.1168911,0,0,3,5,2011,2525.0,1651.0,2199.0,1518.0,
2011-05-24,CA_1,FOODS,1556,3.1168911,0,0,4,5,2011,1648.0,1550.0,2044.0,1411.0,
2011-05-25,CA_1,FOODS,1512,3.1168911,0,0,5,5,2011,1556.0,1535.0,1797.0,1294.0,
2011-05-26,CA_1,FOODS,1487,3.1168911,0,0,6,5,2011,1512.0,1516.0,1630.0,1374.0,
2011-05-27,CA_1,FOODS,1786,3.1168911,0,0,7,5,2011,1487.0,1847.0,2078.0,1808.0,
2011-05-28,CA_1,FOODS,2140,3.14742,0,0,1,5,2011,1786.0,2332.0,2608.0,2278.0,
2011-05-29,CA_1,FOODS,2270,3.14742,0,0,2,5,2011,2140.0,2525.0,2704.0,2550.0,
2011-05-30,CA_1,FOODS,2013,3.14742,0,1,3,5,2011,2270.0,1648.0,1651.0,1962.0,
2011-05-31,CA_1,FOODS,1505,3.14742,0,1,4,5,2011,2013.0,1556.0,1550.0,2044.0,
2011-06-01,CA_1,FOODS,1701,3.14742,1,0,5,6,2011,1505.0,1512.0,1535.0,1924.0,
2011-06-02,CA_1,FOODS,1748,3.14742,1,0,6,6,2011,1701.0,1487.0,1516.0,1648.0,
2011-06-03,CA_1,FOODS,2265,3.14742,1,0,7,6,2011,1748.0,1786.0,1847.0,2322.0,
2011-06-04,CA_1,FOODS,2842,3.1541996,1,0,1,6,2011,2265.0,2140.0,2332.0,2605.0,
2011-06-05,CA_1,FOODS,2832,3.1541996,1,0,2,6,2011,2842.0,2270.0,2525.0,2096.0,
2011-06-06,CA_1,FOODS,2187,3.1541996,1,0,3,6,2011,2832.0,2013.0,1648.0,2199.0,
2011-06-07,CA_1,FOODS,1963,3.1541996,1,0,4,6,2011,2187.0,1505.0,1556.0,2044.0,
2011-06-08,CA_1,FOODS,1809,3.1541996,1,0,5,6,2011,1963.0,1701.0,1512.0,1797.0,
2011-06-09,CA_1,FOODS,2039,3.1541996,1,0,6,6,2011,1809.0,1748.0,1487.0,1630.0,
2011-06-10,CA_1,FOODS,2447,3.1541996,1,0,7,6,2011,2039.0,2265.0,1786.0,2078.0,
2011-06-11,CA_1,FOODS,2435,3.1651154,0,0,1,6,2011,2447.0,2842.0,2140.0,2608.0,
2011-06-12,CA_1,FOODS,2586,3.1651154,0,1,2,6,2011,2435.0,2832.0,2270.0,2704.0,
2011-06-13,CA_1,FOODS,2215,3.1651154,0,0,3,6,2011,2586.0,2187.0,2013.0,1651.0,
2011-06-14,CA_1,FOODS,2035,3.1651154,0,0,4,6,2011,2215.0,1963.0,1505.0,1550.0,
2011-06-15,CA_1,FOODS,1973,3.1651154,0,0,5,6,2011,2035.0,1809.0,1701.0,1535.0,
2011-06-16,CA_1,FOODS,1743,3.1651154,0,0,6,6,2011,1973.0,2039.0,1748.0,1516.0,
2011-06-17,CA_1,FOODS,1996,3.1651154,0,0,7,6,2011,1743.0,2447.0,2265.0,1847.0,
2011-06-18,CA_1,FOODS,2539,3.1657546,0,0,1,6,2011,1996.0,2435.0,2842.0,2332.0,
2011-06-19,CA_1,FOODS,2200,3.1657546,0,1,2,6,2011,2539.0,2586.0,2832.0,2525.0,
2011-06-20,CA_1,FOODS,2062,3.1657546,0,0,3,6,2011,2200.0,2215.0,2187.0,1648.0,
2011-06-21,CA_1,FOODS,2144,3.1657546,0,0,4,6,2011,2062.0,2035.0,1963.0,1556.0,
2011-06-22,CA_1,FOODS,1735,3.1657546,0,0,5,6,2011,2144.0,1973.0,1809.0,1512.0,
2011-06-23,CA_1,FOODS,1806,3.1657546,0,0,6,6,2011,1735.0,1743.0,2039.0,1487.0,
2011-06-24,CA_1,FOODS,2092,3.1657546,0,0,7,6,2011,1806.0,1996.0,2447.0,1786.0,
2011-06-25,CA_1,FOODS,2299,3.1662068,0,0,1,6,2011,2092.0,2539.0,2435.0,2140.0,
2011-06-26,CA_1,FOODS,2491,3.1662068,0,0,2,6,2011,2299.0,2200.0,2586.0,2270.0,
2011-06-27,CA_1,FOODS,1927,3.1662068,0,0,3,6,2011,2491.0,2062.0,2215.0,2013.0,
2011-06-28,CA_1,FOODS,1473,3.1662068,0,0,4,6,2011,1927.0,2144.0,2035.0,1505.0,
2011-06-29,CA_1,FOODS,1497,3.1662068,0,0,5,6,2011,1473.0,1735.0,1973.0,1701.0,
2011-06-30,CA_1,FOODS,1752,3.1662068,0,0,6,6,2011,1497.0,1806.0,1743.0,1748.0,
2011-07-01,CA_1,FOODS,2663,3.1662068,1,0,7,7,2011,1752.0,2092.0,1996.0,2265.0,
2011-07-02,CA_1,FOODS,3108,3.1656997,1,0,1,7,2011,2663.0,2299.0,2539.0,2842.0,
2011-07-03,CA_1,FOODS,2942,3.1656997,1,0,2,7,2011,3108.0,2491.0,2200.0,2832.0,
2011-07-04,CA_1,FOODS,2038,3.1656997,1,1,3,7,2011,2942.0,1927.0,2062.0,2187.0,
2011-07-05,CA_1,FOODS,2364,3.1656997,1,0,4,7,2011,2038.0,1473.0,2144.0,1963.0,
2011-07-06,CA_1,FOODS,2441,3.1656997,1,0,5,7,2011,2364.0,1497.0,1735.0,1809.0,
2011-07-07,CA_1,FOODS,2403,3.1656997,1,0,6,7,2011,2441.0,1752.0,1806.0,2039.0,
2011-07-08,CA_1,FOODS,2385,3.1656997,1,0,7,7,2011,2403.0,2663.0,2092.0,2447.0,
2011-07-09,CA_1,FOODS,2762,3.165954,1,0,1,7,2011,2385.0,3108.0,2299.0,2435.0,
2011-07-10,CA_1,FOODS,3066,3.165954,1,0,2,7,2011,2762.0,2942.0,2491.0,2586.0,
2011-07-11,CA_1,FOODS,2026,3.165954,0,0,3,7,2011,3066.0,2038.0,1927.0,2215.0,
2011-07-12,CA_1,FOODS,1602,3.165954,0,0,4,7,2011,2026.0,2364.0,1473.0,2035.0,
2011-07-13,CA_1,FOODS,1768,3.165954,0,0,5,7,2011,1602.0,2441.0,1497.0,1973.0,
2011-07-14,CA_1,FOODS,1639,3.165954,0,0,6,7,2011,1768.0,2403.0,1752.0,1743.0,
2011-07-15,CA_1,FOODS,1973,3.165954,0,0,7,7,2011,1639.0,2385.0,2663.0,1996.0,
2011-07-16,CA_1,FOODS,2541,3.1825666,0,0,1,7,2011,1973.0,2762.0,3108.0,2539.0,
2011-07-17,CA_1,FOODS,2445,3.1825666,0,0,2,7,2011,2541.0,3066.0,2942.0,2200.0,
2011-07-18,CA_1,FOODS,2015,3.1825666,0,0,3,7,2011,2445.0,2026.0,2038.0,2062.0,
2011-07-19,CA_1,FOODS,1665,3.1825666,0,0,4,7,2011,2015.0,1602.0,2364.0,2144.0,
2011-07-20,CA_1,FOODS,1727,3.1825666,0,0,5,7,2011,1665.0,1768.0,2441.0,1735.0,
2011-07-21,CA_1,FOODS,1818,3.1825666,0,0,6,7,2011,1727.0,1639.0,2403.0,1806.0,
2011-07-22,CA_1,FOODS,2199,3.1825666,0,0,7,7,2011,1818.0,1973.0,2385.0,2092.0,
2011-07-23,CA_1,FOODS,2526,3.1952345,0,0,1,7,2011,2199.0,2541.0,2762.0,2299.0,
2011-07-24,CA_1,FOODS,2526,3.1952345,0,0,2,7,2011,2526.0,2445.0,3066.0,2491.0,
2011-07-25,CA_1,FOODS,1867,3.1952345,0,0,3,7,2011,2526.0,2015.0,2026.0,1927.0,
2011-07-26,CA_1,FOODS,1641,3.1952345,0,0,4,7,2011,1867.0,1665.0,1602.0,1473.0,
2011-07-27,CA_1,FOODS,1543,3.1952345,0,0,5,7,2011,1641.0,1727.0,1768.0,1497.0,
2011-07-28,CA_1,FOODS,1665,3.1952345,0,0,6,7,2011,1543.0,1818.0,1639.0,1752.0,
2011-07-29,CA_1,FOODS,2156,3.1952345,0,0,7,7,2011,1665.0,2199.0,1973.0,2663.0,
2011-07-30,CA_1,FOODS,2002,3.2292252,0,0,1,7,2011,2156.0,2526.0,2541.0,3108.0,
2011-07-31,CA_1,FOODS,2353,3.2292252,0,0,2,7,2011,2002.0,2526.0,2445.0,2942.0,
2011-08-01,CA_1,FOODS,1963,3.2292252,1,1,3,8,2011,2353.0,1867.0,2015.0,2038.0,
2011-08-02,CA_1,FOODS,2070,3.2292252,1,0,4,8,2011,1963.0,1641.0,1665.0,2364.0,
2011-08-03,CA_1,FOODS,1991,3.2292252,1,0,5,8,2011,2070.0,1543.0,1727.0,2441.0,
2011-08-04,CA_1,FOODS,2162,3.2292252,1,0,6,8,2011,1991.0,1665.0,1818.0,2403.0,
2011-08-05,CA_1,FOODS,2370,3.2292252,1,0,7,8,2011,2162.0,2156.0,2199.0,2385.0,
2011-08-06,CA_1,FOODS,2580,3.218915,1,0,1,8,2011,2370.0,2002.0,2526.0,2762.0,
2011-08-07,CA_1,FOODS,2800,3.218915,1,0,2,8,2011,2580.0,2353.0,2526.0,3066.0,
2011-08-08,CA_1,FOODS,2394,3.218915,1,0,3,8,2011,2800.0,1963.0,1867.0,2026.0,
2011-08-09,CA_1,FOODS,2006,3.218915,1,0,4,8,2011,2394.0,2070.0,1641.0,1602.0,
2011-08-10,CA_1,FOODS,1994,3.218915,1,0,5,8,2011,2006.0,1991.0,1543.0,1768.0,
2011-08-11,CA_1,FOODS,1861,3.218915,0,0,6,8,2011,1994.0,2162.0,1665.0,1639.0,
2011-08-12,CA_1,FOODS,2288,3.218915,0,0,7,8,2011,1861.0,2370.0,2156.0,1973.0,
2011-08-13,CA_1,FOODS,2742,3.204749,0,0,1,8,2011,2288.0,2580.0,2002.0,2541.0,
2011-08-14,CA_1,FOODS,2957,3.204749,0,0,2,8,2011,2742.0,2800.0,2353.0,2445.0,
2011-08-15,CA_1,FOODS,1938,3.204749,0,0,3,8,2011,2957.0,2394.0,1963.0,2015.0,
2011-08-16,CA_1,FOODS,1884,3.204749,0,0,4,8,2011,1938.0,2006.0,2070.0,1665.0,
2011-08-17,CA_1,FOODS,1833,3.204749,0,0,5,8,2011,1884.0,1994.0,1991.0,1727.0,
2011-08-18,CA_1,FOODS,1851,3.204749,0,0,6,8,2011,1833.0,1861.0,2162.0,1818.0,
2011-08-19,CA_1,FOODS,2079,3.204749,0,0,7,8,2011,1851.0,2288.0,2370.0,2199.0,
2011-08-20,CA_1,FOODS,2440,3.2088428,0,0,1,8,2011,2079.0,2742.0,2580.0,2526.0,
2011-08-21,CA_1,FOODS,3177,3.2088428,0,0,2,8,2011,2440.0,2957.0,2800.0,2526.0,
2011-08-22,CA_1,FOODS,1867,3.2088428,0,0,3,8,2011,3177.0,1938.0,2394.0,1867.0,
2011-08-23,CA_1,FOODS,1537,3.2088428,0,0,4,8,2011,1867.0,1884.0,2006.0,1641.0,
2011-08-24,CA_1,FOODS,1662,3.2088428,0,0,5,8,2011,1537.0,1833.0,1994.0,1543.0,
2011-08-25,CA_1,FOODS,1700,3.2088428,0,0,6,8,2011,1662.0,1851.0,1861.0,1665.0,
2011-08-26,CA_1,FOODS,1921,3.2088428,0,0,7,8,2011,1700.0,2079.0,2288.0,2156.0,
2011-08-27,CA_1,FOODS,2582,3.2104263,0,0,1,8,2011,1921.0,2440.0,2742.0,2002.0,
2011-08-28,CA_1,FOODS,2670,3.2104263,0,0,2,8,2011,2582.0,3177.0,2957.0,2353.0,
2011-08-29,CA_1,FOODS,1708,3.2104263,0,0,3,8,2011,2670.0,1867.0,1938.0,1963.0,
2011-08-30,CA_1,FOODS,1375,3.2104263,0,0,4,8,2011,1708.0,1537.0,1884.0,2070.0,
2011-08-31,CA_1,FOODS,1470,3.2104263,0,1,5,8,2011,1375.0,1662.0,1833.0,1991.0,
2011-09-01,CA_1,FOODS,1846,3.2104263,1,0,6,9,2011,1470.0,1700.0,1851.0,2162.0,
2011-09-02,CA_1,FOODS,2362,3.2104263,1,0,7,9,2011,1846.0,1921.0,2079.0,2370.0,
2011-09-03,CA_1,FOODS,2717,3.2185662,1,0,1,9,2011,2362.0,2582.0,2440.0,2580.0,
2011-09-04,CA_1,FOODS,2568,3.2185662,1,0,2,9,2011,2717.0,2670.0,3177.0,2800.0,
2011-09-05,CA_1,FOODS,2469,3.2185662,1,1,3,9,2011,2568.0,1708.0,1867.0,2394.0,
2011-09-06,CA_1,FOODS,2115,3.2185662,1,0,4,9,2011,2469.0,1375.0,1537.0,2006.0,
2011-09-07,CA_1,FOODS,1900,3.2185662,1,0,5,9,2011,2115.0,1470.0,1662.0,1994.0,
2011-09-08,CA_1,FOODS,1979,3.2185662,1,0,6,9,2011,1900.0,1846.0,1700.0,1861.0,
2011-09-09,CA_1,FOODS,2297,3.2185662,1,0,7,9,2011,1979.0,2362.0,1921.0,2288.0,
2011-09-10,CA_1,FOODS,2718,3.2229264,1,0,1,9,2011,2297.0,2717.0,2582.0,2742.0,
2011-09-11,CA_1,FOODS,2876,3.2229264,0,0,2,9,2011,2718.0,2568.0,2670.0,2957.0,
2011-09-12,CA_1,FOODS,1933,3.2229264,0,0,3,9,2011,2876.0,2469.0,1708.0,1938.0,
2011-09-13,CA_1,FOODS,1575,3.2229264,0,0,4,9,2011,1933.0,2115.0,1375.0,1884.0,
2011-09-14,CA_1,FOODS,1482,3.2229264,0,0,5,9,2011,1575.0,1900.0,1470.0,1833.0,
2011-09-15,CA_1,FOODS,1628,3.2229264,0,0,6,9,2011,1482.0,1979.0,1846.0,1851.0,
2011-09-16,CA_1,FOODS,1975,3.2229264,0,0,7,9,2011,1628.0,2297.0,2362.0,2079.0,
2011-09-17,CA_1,FOODS,2454,3.2290723,0,0,1,9,2011,1975.0,2718.0,2717.0,2440.0,
2011-09-18,CA_1,FOODS,2670,3.2290723,0,0,2,9,2011,2454.0,2876.0,2568.0,3177.0,
2011-09-19,CA_1,FOODS,1789,3.2290723,0,0,3,9,2011,2670.0,1933.0,2469.0,1867.0,
2011-09-20,CA_1,FOODS,1740,3.2290723,0,0,4,9,2011,1789.0,1575.0,2115.0,1537.0,
2011-09-21,CA_1,FOODS,1646,3.2290723,0,0,5,9,2011,1740.0,1482.0,1900.0,1662.0,
2011-09-22,CA_1,FOODS,1606,3.2290723,0,0,6,9,2011,1646.0,1628.0,1979.0,1700.0,
2011-09-23,CA_1,FOODS,2451,3.2290723,0,0,7,9,2011,1606.0,1975.0,2297.0,1921.0,
2011-09-24,CA_1,FOODS,2872,3.2335012,0,0,1,9,2011,2451.0,2454.0,2718.0,2582.0,
2011-09-25,CA_1,FOODS,2872,3.2335012,0,0,2,9,2011,2872.0,2670.0,2876.0,2670.0,
2011-09-26,CA_1,FOODS,2028,3.2335012,0,0,3,9,2011,2872.0,1789.0,1933.0,1708.0,
2011-09-27,CA_1,FOODS,1722,3.2335012,0,0,4,9,2011,2028.0,1740.0,1575.0,1375.0,
2011-09-28,CA_1,FOODS,1696,3.2335012,0,0,5,9,2011,1722.0,1646.0,1482.0,1470.0,
2011-09-29,CA_1,FOODS,1587,3.2335012,0,0,6,9,2011,1696.0,1606.0,1628.0,1846.0,
2011-09-30,CA_1,FOODS,2512,3.2335012,0,0,7,9,2011,1587.0,2451.0,1975.0,2362.0,
2011-10-01,CA_1,FOODS,3450,3.233054,1,0,1,10,2011,2512.0,2872.0,2454.0,2717.0,
2011-10-02,CA_1,FOODS,3361,3.233054,1,0,2,10,2011,3450.0,2872.0,2670.0,2568.0,
2011-10-03,CA_1,FOODS,2361,3.233054,1,0,3,10,2011,3361.0,2028.0,1789.0,2469.0,
2011-10-04,CA_1,FOODS,2214,3.233054,1,0,4,10,2011,2361.0,1722.0,1740.0,2115.0,
2011-10-05,CA_1,FOODS,2086,3.233054,1,0,5,10,2011,2214.0,1696.0,1646.0,1900.0,
2011-10-06,CA_1,FOODS,2011,3.233054,1,0,6,10,2011,2086.0,1587.0,1606.0,1979.0,
2011-10-07,CA_1,FOODS,2631,3.233054,1,0,7,10,2011,2011.0,2512.0,2451.0,2297.0,
2011-10-08,CA_1,FOODS,3279,3.2371018,1,0,1,10,2011,2631.0,3450.0,2872.0,2718.0,
2011-10-09,CA_1,FOODS,3296,3.2371018,1,0,2,10,2011,3279.0,3361.0,2872.0,2876.0,
2011-10-10,CA_1,FOODS,2726,3.2371018,1,1,3,10,2011,3296.0,2361.0,2028.0,1933.0,
2011-10-11,CA_1,FOODS,2059,3.2371018,0,0,4,10,2011,2726.0,2214.0,1722.0,1575.0,
2011-10-12,CA_1,FOODS,1901,3.2371018,0,0,5,10,2011,2059.0,2086.0,1696.0,1482.0,
2011-10-13,CA_1,FOODS,1979,3.2371018,0,0,6,10,2011,1901.0,2011.0,1587.0,1628.0,
2011-10-14,CA_1,FOODS,2371,3.2371018,0,0,7,10,2011,1979.0,2631.0,2512.0,1975.0,
2011-10-15,CA_1,FOODS,2930,3.2403104,0,0,1,10,2011,2371.0,3279.0,3450.0,2454.0,
2011-10-16,CA_1,FOODS,2963,3.2403104,0,0,2,10,2011,2930.0,3296.0,3361.0,2670.0,
2011-10-17,CA_1,FOODS,1944,3.2403104,0,0,3,10,2011,2963.0,2726.0,2361.0,1789.0,
2011-10-18,CA_1,FOODS,1742,3.2403104,0,0,4,10,2011,1944.0,2059.0,2214.0,1740.0,
2011-10-19,CA_1,FOODS,1772,3.2403104,0,0,5,10,2011,1742.0,1901.0,2086.0,1646.0,
2011-10-20,CA_1,FOODS,1851,3.2403104,0,0,6,10,2011,1772.0,1979.0,2011.0,1606.0,
2011-10-21,CA_1,FOODS,2374,3.2403104,0,0,7,10,2011,1851.0,2371.0,2631.0,2451.0,
2011-10-22,CA_1,FOODS,3011,3.259583,0,0,1,10,2011,2374.0,2930.0,3279.0,2872.0,
2011-10-23,CA_1,FOODS,3200,3.259583,0,0,2,10,2011,3011.0,2963.0,3296.0,2872.0,
2011-10-24,CA_1,FOODS,2036,3.259583,0,0,3,10,2011,3200.0,1944.0,2726.0,2028.0,
2011-10-25,CA_1,FOODS,1890,3.259583,0,0,4,10,2011,2036.0,1742.0,2059.0,1722.0,
2011-10-26,CA_1,FOODS,1660,3.259583,0,0,5,10,2011,1890.0,1772.0,1901.0,1696.0,
2011-10-27,CA_1,FOODS,1909,3.259583,0,0,6,10,2011,1660.0,1851.0,1979.0,1587.0,
2011-10-28,CA_1,FOODS,2184,3.259583,0,0,7,10,2011,1909.0,2374.0,2371.0,2512.0,
2011-10-29,CA_1,FOODS,3022,3.2651608,0,0,1,10,2011,2184.0,3011.0,2930.0,3450.0,
2011-10-30,CA_1,FOODS,3063,3.2651608,0,0,2,10,2011,3022.0,3200.0,2963.0,3361.0,
2011-10-31,CA_1,FOODS,1622,3.2651608,0,1,3,10,2011,3063.0,2036.0,1944.0,2361.0,
2011-11-01,CA_1,FOODS,1924,3.2651608,1,0,4,11,2011,1622.0,1890.0,1742.0,2214.0,
2011-11-02,CA_1,FOODS,2129,3.2651608,1,0,5,11,2011,1924.0,1660.0,1772.0,2086.0,
2011-11-03,CA_1,FOODS,2210,3.2651608,1,0,6,11,2011,2129.0,1909.0,1851.0,2011.0,
2011-11-04,CA_1,FOODS,2644,3.2651608,1,0,7,11,2011,2210.0,2184.0,2374.0,2631.0,
2011-11-05,CA_1,FOODS,3325,3.2724612,1,0,1,11,2011,2644.0,3022.0,3011.0,3279.0,
2011-11-06,CA_1,FOODS,3641,3.2724612,1,0,2,11,2011,3325.0,3063.0,3200.0,3296.0,
2011-11-07,CA_1,FOODS,2406,3.2724612,1,1,3,11,2011,3641.0,1622.0,2036.0,2726.0,
2011-11-08,CA_1,FOODS,2416,3.2724612,1,0,4,11,2011,2406.0,1924.0,1890.0,2059.0,
2011-11-09,CA_1,FOODS,2140,3.2724612,1,0,5,11,2011,2416.0,2129.0,1660.0,1901.0,
2011-11-10,CA_1,FOODS,2495,3.2724612,1,0,6,11,2011,2140.0,2210.0,1909.0,1979.0,
2011-11-11,CA_1,FOODS,2879,3.2724612,0,1,7,11,2011,2495.0,2644.0,2184.0,2371.0,
2011-11-12,CA_1,FOODS,3042,3.2726994,0,0,1,11,2011,2879.0,3325.0,3022.0,2930.0,
2011-11-13,CA_1,FOODS,3164,3.2726994,0,0,2,11,2011,3042.0,3641.0,3063.0,2963.0,
2011-11-14,CA_1,FOODS,2299,3.2726994,0,0,3,11,2011,3164.0,2406.0,1622.0,1944.0,
2011-11-15,CA_1,FOODS,1932,3.2726994,0,0,4,11,2011,2299.0,2416.0,1924.0,1742.0,
2011-11-16,CA_1,FOODS,1776,3.2726994,0,0,5,11,2011,1932.0,2140.0,2129.0,1772.0,
2011-11-17,CA_1,FOODS,1771,3.2726994,0,0,6,11,2011,1776.0,2495.0,2210.0,1851.0,
2011-11-18,CA_1,FOODS,2214,3.2726994,0,0,7,11,2011,1771.0,2879.0,2644.0,2374.0,
2011-11-19,CA_1,FOODS,3333,3.273931,0,0,1,11,2011,2214.0,3042.0,3325.0,3011.0,
2011-11-20,CA_1,FOODS,3232,3.273931,0,0,2,11,2011,3333.0,3164.0,3641.0,3200.0,
2011-11-21,CA_1,FOODS,2333,3.273931,0,0,3,11,2011,3232.0,2299.0,2406.0,2036.0,
2011-11-22,CA_1,FOODS,2744,3.273931,0,0,4,11,2011,2333.0,1932.0,2416.0,1890.0,
2011-11-23,CA_1,FOODS,2926,3.273931,0,0,5,11,2011,2744.0,1776.0,2140.0,1660.0,
2011-11-24,CA_1,FOODS,1631,3.273931,0,1,6,11,2011,2926.0,1771.0,2495.0,1909.0,
2011-11-25,CA_1,FOODS,2262,3.273931,0,0,7,11,2011,1631.0,2214.0,2879.0,2184.0,
2011-11-26,CA_1,FOODS,2194,3.2741656,0,0,1,11,2011,2262.0,3333.0,3042.0,3022.0,
2011-11-27,CA_1,FOODS,2494,3.2741656,0,0,2,11,2011,2194.0,3232.0,3164.0,3063.0,
2011-11-28,CA_1,FOODS,1808,3.2741656,0,0,3,11,2011,2494.0,2333.0,2299.0,1622.0,
2011-11-29,CA_1,FOODS,1838,3.2741656,0,0,4,11,2011,1808.0,2744.0,1932.0,1924.0,
2011-11-30,CA_1,FOODS,1783,3.2741656,0,0,5,11,2011,1838.0,2926.0,1776.0,2129.0,
2011-12-01,CA_1,FOODS,1925,3.2741656,1,0,6,12,2011,1783.0,1631.0,1771.0,2210.0,
2011-12-02,CA_1,FOODS,2487,3.2741656,1,0,7,12,2011,1925.0,2262.0,2214.0,2644.0,
2011-12-03,CA_1,FOODS,3364,3.2693396,1,0,1,12,2011,2487.0,2194.0,3333.0,3325.0,
2011-12-04,CA_1,FOODS,3390,3.2693396,1,0,2,12,2011,3364.0,2494.0,3232.0,3641.0,
2011-12-05,CA_1,FOODS,2517,3.2693396,1,0,3,12,2011,3390.0,1808.0,2333.0,2406.0,
2011-12-06,CA_1,FOODS,2256,3.2693396,1,0,4,12,2011,2517.0,1838.0,2744.0,2416.0,
2011-12-07,CA_1,FOODS,2080,3.2693396,1,0,5,12,2011,2256.0,1783.0,2926.0,2140.0,
2011-12-08,CA_1,FOODS,2460,3.2693396,1,0,6,12,2011,2080.0,1925.0,1631.0,2495.0,
2011-12-09,CA_1,FOODS,2528,3.2693396,1,0,7,12,2011,2460.0,2487.0,2262.0,2879.0,
2011-12-10,CA_1,FOODS,3482,3.2661483,1,0,1,12,2011,2528.0,3364.0,2194.0,3042.0,
2011-12-11,CA_1,FOODS,3262,3.2661483,0,0,2,12,2011,3482.0,3390.0,2494.0,3164.0,
2011-12-12,CA_1,FOODS,2468,3.2661483,0,0,3,12,2011,3262.0,2517.0,1808.0,2299.0,
2011-12-13,CA_1,FOODS,2230,3.2661483,0,0,4,12,2011,2468.0,2256.0,1838.0,1932.0,
2011-12-14,CA_1,FOODS,2143,3.2661483,0,0,5,12,2011,2230.0,2080.0,1783.0,1776.0,
2011-12-15,CA_1,FOODS,2431,3.2661483,0,0,6,12,2011,2143.0,2460.0,1925.0,1771.0,
2011-12-16,CA_1,FOODS,2505,3.2661483,0,0,7,12,2011,2431.0,2528.0,2487.0,2214.0,
2011-12-17,CA_1,FOODS,3349,3.270752,0,0,1,12,2011,2505.0,3482.0,3364.0,3333.0,
2011-12-18,CA_1,FOODS,3218,3.270752,0,0,2,12,2011,3349.0,3262.0,3390.0,3232.0,
2011-12-19,CA_1,FOODS,2467,3.270752,0,0,3,12,2011,3218.0,2468.0,2517.0,2333.0,
2011-12-20,CA_1,FOODS,2459,3.270752,0,0,4,12,2011,2467.0,2230.0,2256.0,2744.0,
2011-12-21,CA_1,FOODS,2567,3.270752,0,0,5,12,2011,2459.0,2143.0,2080.0,2926.0,
2011-12-22,CA_1,FOODS,2740,3.270752,0,0,6,12,2011,2567.0,2431.0,2460.0,1631.0,
2011-12-23,CA_1,FOODS,3677,3.270752,0,0,7,12,2011,2740.0,2505.0,2528.0,2262.0,
2011-12-24,CA_1,FOODS,2758,3.2682533,0,0,1,12,2011,3677.0,3349.0,3482.0,2194.0,
2011-12-25,CA_1,FOODS,0,3.2682533,0,1,2,12,2011,2758.0,3218.0,3262.0,2494.0,
2011-12-26,CA_1,FOODS,2360,3.2682533,0,0,3,12,2011,0.0,2467.0,2468.0,1808.0,
2011-12-27,CA_1,FOODS,2230,3.2682533,0,0,4,12,2011,2360.0,2459.0,2230.0,1838.0,
2011-12-28,CA_1,FOODS,2228,3.2682533,0,1,5,12,2011,2230.0,2567.0,2143.0,1783.0,
2011-12-29,CA_1,FOODS,2415,3.2682533,0,0,6,12,2011,2228.0,2740.0,2431.0,1925.0,
2011-12-30,CA_1,FOODS,3248,3.2682533,0,0,7,12,2011,2415.0,3677.0,2505.0,2487.0,
2011-12-31,CA_1,FOODS,3324,3.2657723,0,0,1,12,2011,3248.0,2758.0,3349.0,3364.0,
2012-01-01,CA_1,FOODS,2054,3.2657723,1,1,2,1,2012,3324.0,0.0,3218.0,3390.0,
2012-01-02,CA_1,FOODS,2926,3.2657723,1,0,3,1,2012,2054.0,2360.0,2467.0,2517.0,
2012-01-03,CA_1,FOODS,2504,3.2657723,1,0,4,1,2012,2926.0,2230.0,2459.0,2256.0,
2012-01-04,CA_1,FOODS,2332,3.2657723,1,0,5,1,2012,2504.0,2228.0,2567.0,2080.0,
2012-01-05,CA_1,FOODS,2613,3.2657723,1,0,6,1,2012,2332.0,2415.0,2740.0,2460.0,
2012-01-06,CA_1,FOODS,2692,3.2657723,1,0,7,1,2012,2613.0,3248.0,3677.0,2528.0,
2012-01-07,CA_1,FOODS,3523,3.2561953,1,1,1,1,2012,2692.0,3324.0,2758.0,3482.0,
2012-01-08,CA_1,FOODS,3510,3.2561953,1,0,2,1,2012,3523.0,2054.0,0.0,3262.0,
2012-01-09,CA_1,FOODS,2875,3.2561953,1,0,3,1,2012,3510.0,2926.0,2360.0,2468.0,
2012-01-10,CA_1,FOODS,2354,3.2561953,1,0,4,1,2012,2875.0,2504.0,2230.0,2230.0,
2012-01-11,CA_1,FOODS,2164,3.2561953,0,0,5,1,2012,2354.0,2332.0,2228.0,2143.0,
2012-01-12,CA_1,FOODS,1901,3.2561953,0,0,6,1,2012,2164.0,2613.0,2415.0,2431.0,
2012-01-13,CA_1,FOODS,2657,3.2561953,0,0,7,1,2012,1901.0,2692.0,3248.0,2505.0,
2012-01-14,CA_1,FOODS,3145,3.2611468,0,0,1,1,2012,2657.0,3523.0,3324.0,3349.0,
2012-01-15,CA_1,FOODS,3070,3.2611468,0,0,2,1,2012,3145.0,3510.0,2054.0,3218.0,
2012-01-16,CA_1,FOODS,2765,3.2611468,0,1,3,1,2012,3070.0,2875.0,2926.0,2467.0,
2012-01-17,CA_1,FOODS,2111,3.2611468,0,0,4,1,2012,2765.0,2354.0,2504.0,2459.0,
2012-01-18,CA_1,FOODS,2017,3.2611468,0,0,5,1,2012,2111.0,2164.0,2332.0,2567.0,
2012-01-19,CA_1,FOODS,2033,3.2611468,0,0,6,1,2012,2017.0,1901.0,2613.0,2740.0,
2012-01-20,CA_1,FOODS,2447,3.2611468,0,0,7,1,2012,2033.0,2657.0,2692.0,3677.0,
2012-01-21,CA_1,FOODS,3766,3.2590525,0,0,1,1,2012,2447.0,3145.0,3523.0,2758.0,
2012-01-22,CA_1,FOODS,3054,3.2590525,0,0,2,1,2012,3766.0,3070.0,3510.0,0.0,
2012-01-23,CA_1,FOODS,1969,3.2590525,0,0,3,1,2012,3054.0,2765.0,2875.0,2360.0,
2012-01-24,CA_1,FOODS,1947,3.2590525,0,0,4,1,2012,1969.0,2111.0,2354.0,2230.0,
2012-01-25,CA_1,FOODS,1788,3.2590525,0,0,5,1,2012,1947.0,2017.0,2164.0,2228.0,
2012-01-26,CA_1,FOODS,1805,3.2590525,0,0,6,1,2012,1788.0,2033.0,1901.0,2415.0,
2012-01-27,CA_1,FOODS,2506,3.2590525,0,0,7,1,2012,1805.0,2447.0,2657.0,3248.0,
2012-01-28,CA_1,FOODS,3082,3.2661545,0,0,1,1,2012,2506.0,3766.0,3145.0,3324.0,
2012-01-29,CA_1,FOODS,3135,3.2661545,0,0,2,1,2012,3082.0,3054.0,3070.0,2054.0,3239.0
2012-01-30,CA_1,FOODS,2167,3.2661545,0,0,3,1,2012,3135.0,1969.0,2765.0,2926.0,3137.0
2012-01-31,CA_1,FOODS,2163,3.2661545,0,0,4,1,2012,2167.0,1947.0,2111.0,2504.0,2008.0
2012-02-01,CA_1,FOODS,2394,3.2661545,1,0,5,2,2012,2163.0,1788.0,2017.0,2332.0,2258.0
2012-02-02,CA_1,FOODS,2502,3.2661545,1,0,6,2,2012,2394.0,1805.0,2033.0,2613.0,2032.0
2012-02-03,CA_1,FOODS,3134,3.2661545,1,0,7,2,2012,2502.0,2506.0,2447.0,2692.0,2407.0
2012-02-04,CA_1,FOODS,4370,3.261028,1,0,1,2,2012,3134.0,3082.0,3766.0,3523.0,2693.0
2012-02-05,CA_1,FOODS,3743,3.261028,1,1,2,2,2012,4370.0,3135.0,3054.0,3510.0,3962.0
2012-02-06,CA_1,FOODS,2665,3.261028,1,0,3,2,2012,3743.0,2167.0,1969.0,2875.0,3418.0
2012-02-07,CA_1,FOODS,2392,3.261028,1,0,4,2,2012,2665.0,2163.0,1947.0,2354.0,2446.0
2012-02-08,CA_1,FOODS,2362,3.261028,1,0,5,2,2012,2392.0,2394.0,1788.0,2164.0,2138.0
2012-02-09,CA_1,FOODS,2303,3.261028,1,0,6,2,2012,2362.0,2502.0,1805.0,1901.0,2001.0
2012-02-10,CA_1,FOODS,2773,3.261028,1,0,7,2,2012,2303.0,3134.0,2506.0,2657.0,2137.0
2012-02-11,CA_1,FOODS,4082,3.2545822,0,0,1,2,2012,2773.0,4370.0,3082.0,3145.0,2217.0
2012-02-12,CA_1,FOODS,4031,3.2545822,0,0,2,2,2012,4082.0,3743.0,3135.0,3070.0,3067.0
2012-02-13,CA_1,FOODS,2966,3.2545822,0,0,3,2,2012,4031.0,2665.0,2167.0,2765.0,3313.0
2012-02-14,CA_1,FOODS,1997,3.2545822,0,1,4,2,2012,2966.0,2392.0,2163.0,2111.0,2003.0
2012-02-15,CA_1,FOODS,1938,3.2545822,0,0,5,2,2012,1997.0,2362.0,2394.0,2017.0,1779.0
2012-02-16,CA_1,FOODS,2045,3.2545822,0,0,6,2,2012,1938.0,2303.0,2502.0,2033.0,1670.0
2012-02-17,CA_1,FOODS,2420,3.2545822,0,0,7,2,2012,2045.0,2773.0,3134.0,2447.0,1433.0
2012-02-18,CA_1,FOODS,3314,3.264489,0,0,1,2,2012,2420.0,4082.0,4370.0,3766.0,2250.0
2012-02-19,CA_1,FOODS,3376,3.264489,0,0,2,2,2012,3314.0,4031.0,3743.0,3054.0,3148.0
2012-02-20,CA_1,FOODS,2770,3.264489,0,1,3,2,2012,3376.0,2966.0,2665.0,1969.0,2864.0
2012-02-21,CA_1,FOODS,2045,3.264489,0,0,4,2,2012,2770.0,1997.0,2392.0,1947.0,2105.0
2012-02-22,CA_1,FOODS,2006,3.264489,0,1,5,2,2012,2045.0,1938.0,2362.0,1788.0,1621.0
2012-02-23,CA_1,FOODS,2035,3.264489,0,0,6,2,2012,2006.0,2045.0,2303.0,1805.0,1608.0
2012-02-24,CA_1,FOODS,2503,3.264489,0,0,7,2,2012,2035.0,2420.0,2773.0,2506.0,1639.0
2012-02-25,CA_1,FOODS,3481,3.2675278,0,0,1,2,2012,2503.0,3314.0,4082.0,3082.0,1875.0
2012-02-26,CA_1,FOODS,3415,3.2675278,0,0,2,2,2012,3481.0,3376.0,4031.0,3135.0,2574.0
2012-02-27,CA_1,FOODS,2197,3.2675278,0,0,3,2,2012,3415.0,2770.0,2966.0,2167.0,2733.0
2012-02-28,CA_1,FOODS,2011,3.2675278,0,0,4,2,2012,2197.0,2045.0,1997.0,2163.0,1732.0
2012-02-29,CA_1,FOODS,2025,3.2675278,0,1,5,2,2012,2011.0,2006.0,1938.0,2394.0,1896.0
2012-03-01,CA_1,FOODS,2538,3.2675278,1,0,6,3,2012,2025.0,2035.0,2045.0,2502.0,1965.0
2012-03-02,CA_1,FOODS,2915,3.2675278,1,0,7,3,2012,2538.0,2503.0,2420.0,3134.0,1984.0
2012-03-03,CA_1,FOODS,3843,3.2737076,1,0,1,3,2012,2915.0,3481.0,3314.0,4370.0,2369.0
2012-03-04,CA_1,FOODS,3965,3.2737076,1,0,2,3,2012,3843.0,3415.0,3376.0,3743.0,3223.0
2012-03-05,CA_1,FOODS,3036,3.2737076,1,0,3,3,2012,3965.0,2197.0,2770.0,2665.0,3464.0
2012-03-06,CA_1,FOODS,2561,3.2737076,1,0,4,3,2012,3036.0,2011.0,2045.0,2392.0,2262.0
2012-03-07,CA_1,FOODS,2658,3.2737076,1,0,5,3,2012,2561.0,2025.0,2006.0,2362.0,2165.0
2012-03-08,CA_1,FOODS,2663,3.2737076,1,1,6,3,2012,2658.0,2538.0,2035.0,2303.0,2100.0
2012-03-09,CA_1,FOODS,2860,3.2737076,1,0,7,3,2012,2663.0,2915.0,2503.0,2773.0,2003.0
2012-03-10,CA_1,FOODS,4045,3.2814732,1,0,1,3,2012,2860.0,3843.0,3481.0,4082.0,2480.0
2012-03-11,CA_1,FOODS,4013,3.2814732,0,0,2,3,2012,4045.0,3965.0,3415.0,4031.0,2895.0
2012-03-12,CA_1,FOODS,2729,3.2814732,0,0,3,3,2012,4013.0,3036.0,2197.0,2966.0,3081.0
2012-03-13,CA_1,FOODS,2043,3.2814732,0,0,4,3,2012,2729.0,2561.0,2011.0,1997.0,2079.0
2012-03-14,CA_1,FOODS,2157,3.2814732,0,0,5,3,2012,2043.0,2658.0,2025.0,1938.0,1656.0
2012-03-15,CA_1,FOODS,2323,3.2814732,0,0,6,3,2012,2157.0,2663.0,2538.0,2045.0,1805.0
2012-03-16,CA_1,FOODS,2708,3.2814732,0,0,7,3,2012,2323.0,2860.0,2915.0,2420.0,1657.0
2012-03-17,CA_1,FOODS,3442,3.2814896,0,1,1,3,2012,2708.0,4045.0,3843.0,3314.0,2005.0
2012-03-18,CA_1,FOODS,3657,3.2814896,0,0,2,3,2012,3442.0,4013.0,3965.0,3376.0,2826.0
2012-03-19,CA_1,FOODS,2647,3.2814896,0,0,3,3,2012,3657.0,2729.0,3036.0,2770.0,2795.0
2012-03-20,CA_1,FOODS,2155,3.2814896,0,0,4,3,2012,2647.0,2043.0,2561.0,2045.0,1935.0
2012-03-21,CA_1,FOODS,2051,3.2814896,0,0,5,3,2012,2155.0,2157.0,2658.0,2006.0,1595.0
2012-03-22,CA_1,FOODS,2439,3.2814896,0,0,6,3,2012,2051.0,2323.0,2663.0,2035.0,1473.0
2012-03-23,CA_1,FOODS,2515,3.2814896,0,0,7,3,2012,2439.0,2708.0,2860.0,2503.0,1431.0
2012-03-24,CA_1,FOODS,3809,3.2879167,0,0,1,3,2012,2515.0,3442.0,4045.0,3481.0,1869.0
2012-03-25,CA_1,FOODS,3925,3.2879167,0,0,2,3,2012,3809.0,3657.0,4013.0,3415.0,2648.0
2012-03-26,CA_1,FOODS,2366,3.2879167,0,0,3,3,2012,3925.0,2647.0,2729.0,2197.0,2801.0
2012-03-27,CA_1,FOODS,2061,3.2879167,0,0,4,3,2012,2366.0,2155.0,2043.0,2011.0,1903.0
2012-03-28,CA_1,FOODS,1997,3.2879167,0,0,5,3,2012,2061.0,2051.0,2157.0,2025.0,1471.0
2012-03-29,CA_1,FOODS,1975,3.2879167,0,0,6,3,2012,1997.0,2439.0,2323.0,2538.0,1612.0
2012-03-30,CA_1,FOODS,3104,3.2879167,0,0,7,3,2012,1975.0,2515.0,2708.0,2915.0,1849.0
2012-03-31,CA_1,FOODS,3508,3.2852602,0,0,1,3,2012,3104.0,3809.0,3442.0,3843.0,2528.0
2012-04-01,CA_1,FOODS,3993,3.2852602,1,0,2,4,2012,3508.0,3925.0,3657.0,3965.0,3013.0
2012-04-02,CA_1,FOODS,2886,3.2852602,1,0,3,4,2012,3993.0,2366.0,2647.0,3036.0,3136.0
2012-04-03,CA_1,FOODS,3114,3.2852602,1,0,4,4,2012,2886.0,2061.0,2155.0,2561.0,2615.0
2012-04-04,CA_1,FOODS,2784,3.2852602,1,0,5,4,2012,3114.0,1997.0,2051.0,2658.0,2047.0
2012-04-05,CA_1,FOODS,3033,3.2852602,1,0,6,4,2012,2784.0,1975.0,2439.0,2663.0,1897.0
2012-04-06,CA_1,FOODS,4053,3.2852602,1,0,7,4,2012,3033.0,3104.0,2515.0,2860.0,2150.0
2012-04-07,CA_1,FOODS,4812,3.2875896,1,0,1,4,2012,4053.0,3508.0,3809.0,4045.0,2342.0
2012-04-08,CA_1,FOODS,3169,3.2875896,1,1,2,4,2012,4812.0,3993.0,3925.0,4013.0,2825.0
2012-04-09,CA_1,FOODS,3007,3.2875896,1,0,3,4,2012,3169.0,2886.0,2366.0,2729.0,2978.0
2012-04-10,CA_1,FOODS,2903,3.2875896,1,0,4,4,2012,3007.0,3114.0,2061.0,2043.0,2007.0
2012-04-11,CA_1,FOODS,2450,3.2875896,0,0,5,4,2012,2903.0,2784.0,1997.0,2157.0,1653.0
2012-04-12,CA_1,FOODS,2377,3.2875896,0,0,6,4,2012,2450.0,3033.0,1975.0,2323.0,1550.0
2012-04-13,CA_1,FOODS,2881,3.2875896,0,0,7,4,2012,2377.0,4053.0,3104.0,2708.0,1631.0
2012-04-14,CA_1,FOODS,3868,3.2912447,0,1,1,4,2012,2881.0,4812.0,3508.0,3442.0,2141.0
2012-04-15,CA_1,FOODS,3772,3.2912447,0,1,2,4,2012,3868.0,3169.0,3993.0,3657.0,2465.0
2012-04-16,CA_1,FOODS,2351,3.2912447,0,0,3,4,2012,3772.0,3007.0,2886.0,2647.0,2980.0
2012-04-17,CA_1,FOODS,2148,3.2912447,0,0,4,4,2012,2351.0,2903.0,3114.0,2155.0,1833.0
2012-04-18,CA_1,FOODS,2012,3.2912447,0,0,5,4,2012,2148.0,2450.0,2784.0,2051.0,1628.0
2012-04-19,CA_1,FOODS,2380,3.2912447,0,0,6,4,2012,2012.0,2377.0,3033.0,2439.0,1520.0
2012-04-20,CA_1,FOODS,3129,3.2912447,0,0,7,4,2012,2380.0,2881.0,4053.0,2515.0,1759.0
2012-04-21,CA_1,FOODS,3869,3.2992597,0,0,1,4,2012,3129.0,3868.0,4812.0,3809.0,2274.0
2012-04-22,CA_1,FOODS,3845,3.2992597,0,0,2,4,2012,3869.0,3772.0,3169.0,3925.0,2909.0
2012-04-23,CA_1,FOODS,2254,3.2992597,0,0,3,4,2012,3845.0,2351.0,3007.0,2366.0,2051.0
2012-04-24,CA_1,FOODS,2265,3.2992597,0,0,4,4,2012,2254.0,2148.0,2903.0,2061.0,1518.0
2012-04-25,CA_1,FOODS,2167,3.2992597,0,0,5,4,2012,2265.0,2012.0,2450.0,1997.0,1411.0
2012-04-26,CA_1,FOODS,2228,3.2992597,0,0,6,4,2012,2167.0,2380.0,2377.0,1975.0,1294.0
2012-04-27,CA_1,FOODS,2798,3.2992597,0,0,7,4,2012,2228.0,3129.0,2881.0,3104.0,1374.0
2012-04-28,CA_1,FOODS,3551,3.304693,0,0,1,4,2012,2798.0,3869.0,3868.0,3508.0,1808.0
2012-04-29,CA_1,FOODS,3721,3.304693,0,0,2,4,2012,3551.0,3845.0,3772.0,3993.0,2278.0
2012-04-30,CA_1,FOODS,2547,3.304693,0,0,3,4,2012,3721.0,2254.0,2351.0,2886.0,2550.0
2012-05-01,CA_1,FOODS,2714,3.304693,1,0,4,5,2012,2547.0,2265.0,2148.0,3114.0,1962.0
2012-05-02,CA_1,FOODS,2588,3.304693,1,0,5,5,2012,2714.0,2167.0,2012.0,2784.0,2044.0
2012-05-03,CA_1,FOODS,2864,3.304693,1,0,6,5,2012,2588.0,2228.0,2380.0,3033.0,1924.0
2012-05-04,CA_1,FOODS,3153,3.304693,1,0,7,5,2012,2864.0,2798.0,3129.0,4053.0,1648.0
2012-05-05,CA_1,FOODS,3399,3.305673,1,1,1,5,2012,3153.0,3551.0,3869.0,4812.0,2322.0
2012-05-06,CA_1,FOODS,4314,3.305673,1,0,2,5,2012,3399.0,3721.0,3845.0,3169.0,2605.0
2012-05-07,CA_1,FOODS,3578,3.305673,1,0,3,5,2012,4314.0,2547.0,2254.0,3007.0,2096.0
2012-05-08,CA_1,FOODS,2841,3.305673,1,0,4,5,2012,3578.0,2714.0,2265.0,2903.0,2199.0
2012-05-09,CA_1,FOODS,2946,3.305673,1,0,5,5,2012,2841.0,2588.0,2167.0,2450.0,2044.0
2012-05-10,CA_1,FOODS,2947,3.305673,1,0,6,5,2012,2946.0,2864.0,2228.0,2377.0,1797.0
2012-05-11,CA_1,FOODS,3515,3.305673,0,0,7,5,2012,2947.0,3153.0,2798.0,2881.0,1630.0
2012-05-12,CA_1,FOODS,4519,3.3033676,0,0,1,5,2012,3515.0,3399.0,3551.0,3868.0,2078.0
2012-05-13,CA_1,FOODS,3435,3.3033676,0,1,2,5,2012,4519.0,4314.0,3721.0,3772.0,2608.0
2012-05-14,CA_1,FOODS,2739,3.3033676,0,0,3,5,2012,3435.0,3578.0,2547.0,2351.0,2704.0
2012-05-15,CA_1,FOODS,2710,3.3033676,0,0,4,5,2012,2739.0,2841.0,2714.0,2148.0,1651.0
2012-05-16,CA_1,FOODS,2799,3.3033676,0,0,5,5,2012,2710.0,2946.0,2588.0,2012.0,1550.0
2012-05-17,CA_1,FOODS,2630,3.3033676,0,0,6,5,2012,2799.0,2947.0,2864.0,2380.0,1535.0
2012-05-18,CA_1,FOODS,3261,3.3033676,0,0,7,5,2012,2630.0,3515.0,3153.0,3129.0,1516.0
2012-05-19,CA_1,FOODS,3941,3.3012114,0,0,1,5,2012,3261.0,4519.0,3399.0,3869.0,1847.0
2012-05-20,CA_1,FOODS,4367,3.3012114,0,0,2,5,2012,3941.0,3435.0,4314.0,3845.0,2332.0
2012-05-21,CA_1,FOODS,2725,3.3012114,0,0,3,5,2012,4367.0,2739.0,3578.0,2254.0,2525.0
2012-05-22,CA_1,FOODS,2144,3.3012114,0,0,4,5,2012,2725.0,2710.0,2841.0,2265.0,1648.0
2012-05-23,CA_1,FOODS,2205,3.3012114,0,0,5,5,2012,2144.0,2799.0,2946.0,2167.0,1556.0
2012-05-24,CA_1,FOODS,2560,3.3012114,0,0,6,5,2012,2205.0,2630.0,2947.0,2228.0,1512.0
2012-05-25,CA_1,FOODS,3248,3.3012114,0,0,7,5,2012,2560.0,3261.0,3515.0,2798.0,1487.0
2012-05-26,CA_1,FOODS,3645,3.2963805,0,0,1,5,2012,3248.0,3941.0,4519.0,3551.0,1786.0
2012-05-27,CA_1,FOODS,3437,3.2963805,0,0,2,5,2012,3645.0,4367.0,3435.0,3721.0,2140.0
2012-05-28,CA_1,FOODS,2975,3.2963805,0,1,3,5,2012,3437.0,2725.0,2739.0,2547.0,2270.0
2012-05-29,CA_1,FOODS,2312,3.2963805,0,0,4,5,2012,2975.0,2144.0,2710.0,2714.0,2013.0
2012-05-30,CA_1,FOODS,2122,3.2963805,0,0,5,5,2012,2312.0,2205.0,2799.0,2588.0,1505.0
2012-05-31,CA_1,FOODS,2545,3.2963805,0,0,6,5,2012,2122.0,2560.0,2630.0,2864.0,1701.0
2012-06-01,CA_1,FOODS,3423,3.2963805,1,0,7,6,2012,2545.0,3248.0,3261.0,3153.0,1748.0
2012-06-02,CA_1,FOODS,4243,3.299663,1,0,1,6,2012,3423.0,3645.0,3941.0,3399.0,2265.0
2012-06-03,CA_1,FOODS,3943,3.299663,1,0,2,6,2012,4243.0,3437.0,4367.0,4314.0,2842.0
2012-06-04,CA_1,FOODS,2942,3.299663,1,0,3,6,2012,3943.0,2975.0,2725.0,3578.0,2832.0
2012-06-05,CA_1,FOODS,2888,3.299663,1,0,4,6,2012,2942.0,2312.0,2144.0,2841.0,2187.0
2012-06-06,CA_1,FOODS,2619,3.299663,1,0,5,6,2012,2888.0,2122.0,2205.0,2946.0,1963.0
2012-06-07,CA_1,FOODS,2873,3.299663,1,0,6,6,2012,2619.0,2545.0,2560.0,2947.0,1809.0
2012-06-08,CA_1,FOODS,3455,3.299663,1,0,7,6,2012,2873.0,3423.0,3248.0,3515.0,2039.0
2012-06-09,CA_1,FOODS,3720,3.2969756,1,0,1,6,2012,3455.0,4243.0,3645.0,4519.0,2447.0
2012-06-10,CA_1,FOODS,4110,3.2969756,1,0,2,6,2012,3720.0,3943.0,3437.0,3435.0,2435.0
2012-06-11,CA_1,FOODS,3200,3.2969756,0,0,3,6,2012,4110.0,2942.0,2975.0,2739.0,2586.0
2012-06-12,CA_1,FOODS,2907,3.2969756,0,1,4,6,2012,3200.0,2888.0,2312.0,2710.0,2215.0
2012-06-13,CA_1,FOODS,2772,3.2969756,0,0,5,6,2012,2907.0,2619.0,2122.0,2799.0,2035.0
2012-06-14,CA_1,FOODS,2806,3.2969756,0,0,6,6,2012,2772.0,2873.0,2545.0,2630.0,1973.0
2012-06-15,CA_1,FOODS,3485,3.2969756,0,0,7,6,2012,2806.0,3455.0,3423.0,3261.0,1743.0
2012-06-16,CA_1,FOODS,4185,3.3017259,0,0,1,6,2012,3485.0,3720.0,4243.0,3941.0,1996.0
2012-06-17,CA_1,FOODS,3518,3.3017259,0,1,2,6,2012,4185.0,4110.0,3943.0,4367.0,2539.0
2012-06-18,CA_1,FOODS,2719,3.3017259,0,0,3,6,2012,3518.0,3200.0,2942.0,2725.0,2200.0
2012-06-19,CA_1,FOODS,2610,3.3017259,0,0,4,6,2012,2719.0,2907.0,2888.0,2144.0,2062.0
2012-06-20,CA_1,FOODS,2439,3.3017259,0,0,5,6,2012,2610.0,2772.0,2619.0,2205.0,2144.0
2012-06-21,CA_1,FOODS,2498,3.3017259,0,1,6,6,2012,2439.0,2806.0,2873.0,2560.0,1735.0
2012-06-22,CA_1,FOODS,3494,3.3017259,0,0,7,6,2012,2498.0,3485.0,3455.0,3248.0,1806.0
2012-06-23,CA_1,FOODS,3436,3.30067,0,0,1,6,2012,3494.0,4185.0,3720.0,3645.0,2092.0
2012-06-24,CA_1,FOODS,3962,3.30067,0,0,2,6,2012,3436.0,3518.0,4110.0,3437.0,2299.0
2012-06-25,CA_1,FOODS,2670,3.30067,0,0,3,6,2012,3962.0,2719.0,3200.0,2975.0,2491.0
2012-06-26,CA_1,FOODS,2311,3.30067,0,0,4,6,2012,2670.0,2610.0,2907.0,2312.0,1927.0
2012-06-27,CA_1,FOODS,2195,3.30067,0,0,5,6,2012,2311.0,2439.0,2772.0,2122.0,1473.0
2012-06-28,CA_1,FOODS,2660,3.30067,0,0,6,6,2012,2195.0,2498.0,2806.0,2545.0,1497.0
2012-06-29,CA_1,FOODS,3090,3.30067,0,0,7,6,2012,2660.0,3494.0,3485.0,3423.0,1752.0
2012-06-30,CA_1,FOODS,3783,3.3043306,0,0,1,6,2012,3090.0,3436.0,4185.0,4243.0,2663.0
2012-07-01,CA_1,FOODS,4125,3.3043306,1,0,2,7,2012,3783.0,3962.0,3518.0,3943.0,3108.0
2012-07-02,CA_1,FOODS,3093,3.3043306,1,0,3,7,2012,4125.0,2670.0,2719.0,2942.0,2942.0
2012-07-03,CA_1,FOODS,3401,3.3043306,1,0,4,7,2012,3093.0,2311.0,2610.0,2888.0,2038.0
2012-07-04,CA_1,FOODS,2744,3.3043306,1,1,5,7,2012,3401.0,2195.0,2439.0,2619.0,2364.0
2012-07-05,CA_1,FOODS,2539,3.3043306,1,0,6,7,2012,2744.0,2660.0,2498.0,2873.0,2441.0
2012-07-06,CA_1,FOODS,3280,3.3043306,1,0,7,7,2012,2539.0,3090.0,3494.0,3455.0,2403.0
2012-07-07,CA_1,FOODS,3604,3.3069434,1,0,1,7,2012,3280.0,3783.0,3436.0,3720.0,2385.0
2012-07-08,CA_1,FOODS,4070,3.3069434,1,0,2,7,2012,3604.0,4125.0,3962.0,4110.0,2762.0
2012-07-09,CA_1,FOODS,3311,3.3069434,1,0,3,7,2012,4070.0,3093.0,2670.0,3200.0,3066.0
2012-07-10,CA_1,FOODS,2902,3.3069434,1,0,4,7,2012,3311.0,3401.0,2311.0,2907.0,2026.0
2012-07-11,CA_1,FOODS,2599,3.3069434,0,0,5,7,2012,2902.0,2744.0,2195.0,2772.0,1602.0
2012-07-12,CA_1,FOODS,2710,3.3069434,0,0,6,7,2012,2599.0,2539.0,2660.0,2806.0,1768.0
2012-07-13,CA_1,FOODS,3133,3.3069434,0,0,7,7,2012,2710.0,3280.0,3090.0,3485.0,1639.0
2012-07-14,CA_1,FOODS,3543,3.293367,0,0,1,7,2012,3133.0,3604.0,3783.0,4185.0,1973.0
2012-07-15,CA_1,FOODS,3651,3.293367,0,0,2,7,2012,3543.0,4070.0,4125.0,3518.0,2541.0
2012-07-16,CA_1,FOODS,2539,3.293367,0,0,3,7,2012,3651.0,3311.0,3093.0,2719.0,2445.0
2012-07-17,CA_1,FOODS,2499,3.293367,0,0,4,7,2012,2539.0,2902.0,3401.0,2610.0,2015.0
2012-07-18,CA_1,FOODS,2468,3.293367,0,0,5,7,2012,2499.0,2599.0,2744.0,2439.0,1665.0
2012-07-19,CA_1,FOODS,2511,3.293367,0,0,6,7,2012,2468.0,2710.0,2539.0,2498.0,1727.0
2012-07-20,CA_1,FOODS,3337,3.293367,0,1,7,7,2012,2511.0,3133.0,3280.0,3494.0,1818.0
2012-07-21,CA_1,FOODS,3713,3.2974193,0,0,1,7,2012,3337.0,3543.0,3604.0,3436.0,2199.0
2012-07-22,CA_1,FOODS,3753,3.2974193,0,0,2,7,2012,3713.0,3651.0,4070.0,3962.0,2526.0
2012-07-23,CA_1,FOODS,2522,3.2974193,0,0,3,7,2012,3753.0,2539.0,3311.0,2670.0,2526.0
2012-07-24,CA_1,FOODS,2411,3.2974193,0,0,4,7,2012,2522.0,2499.0,2902.0,2311.0,1867.0
2012-07-25,CA_1,FOODS,2329,3.2974193,0,0,5,7,2012,2411.0,2468.0,2599.0,2195.0,1641.0
2012-07-26,CA_1,FOODS,2680,3.2974193,0,0,6,7,2012,2329.0,2511.0,2710.0,2660.0,1543.0
2012-07-27,CA_1,FOODS,2823,3.2974193,0,0,7,7,2012,2680.0,3337.0,3133.0,3090.0,1665.0
2012-07-28,CA_1,FOODS,2849,3.2956927,0,0,1,7,2012,2823.0,3713.0,3543.0,3783.0,2156.0
2012-07-29,CA_1,FOODS,3148,3.2956927,0,0,2,7,2012,2849.0,3753.0,3651.0,4125.0,2002.0
2012-07-30,CA_1,FOODS,2450,3.2956927,0,0,3,7,2012,3148.0,2522.0,2539.0,3093.0,2353.0
2012-07-31,CA_1,FOODS,2452,3.2956927,0,0,4,7,2012,2450.0,2411.0,2499.0,3401.0,1963.0
2012-08-01,CA_1,FOODS,2762,3.2956927,1,0,5,8,2012,2452.0,2329.0,2468.0,2744.0,2070.0
2012-08-02,CA_1,FOODS,3156,3.2956927,1,0,6,8,2012,2762.0,2680.0,2511.0,2539.0,1991.0
2012-08-03,CA_1,FOODS,3327,3.2956927,1,0,7,8,2012,3156.0,2823.0,3337.0,3280.0,2162.0
2012-08-04,CA_1,FOODS,3870,3.291972,1,0,1,8,2012,3327.0,2849.0,3713.0,3604.0,2370.0
2012-08-05,CA_1,FOODS,4253,3.291972,1,0,2,8,2012,3870.0,3148.0,3753.0,4070.0,2580.0
2012-08-06,CA_1,FOODS,3440,3.291972,1,0,3,8,2012,4253.0,2450.0,2522.0,3311.0,2800.0
2012-08-07,CA_1,FOODS,2904,3.291972,1,0,4,8,2012,3440.0,2452.0,2411.0,2902.0,2394.0
2012-08-08,CA_1,FOODS,3037,3.291972,1,0,5,8,2012,2904.0,2762.0,2329.0,2599.0,2006.0
2012-08-09,CA_1,FOODS,2986,3.291972,1,0,6,8,2012,3037.0,3156.0,2680.0,2710.0,1994.0
2012-08-10,CA_1,FOODS,3596,3.291972,1,0,7,8,2012,2986.0,3327.0,2823.0,3133.0,1861.0
2012-08-11,CA_1,FOODS,4265,3.2851644,0,0,1,8,2012,3596.0,3870.0,2849.0,3543.0,2288.0
2012-08-12,CA_1,FOODS,3958,3.2851644,0,0,2,8,2012,4265.0,4253.0,3148.0,3651.0,2742.0
2012-08-13,CA_1,FOODS,3005,3.2851644,0,0,3,8,2012,3958.0,3440.0,2450.0,2539.0,2957.0
2012-08-14,CA_1,FOODS,2865,3.2851644,0,0,4,8,2012,3005.0,2904.0,2452.0,2499.0,1938.0
2012-08-15,CA_1,FOODS,2624,3.2851644,0,0,5,8,2012,2865.0,3037.0,2762.0,2468.0,1884.0
2012-08-16,CA_1,FOODS,2968,3.2851644,0,0,6,8,2012,2624.0,2986.0,3156.0,2511.0,1833.0
2012-08-17,CA_1,FOODS,3352,3.2851644,0,0,7,8,2012,2968.0,3596.0,3327.0,3337.0,1851.0
2012-08-18,CA_1,FOODS,4507,3.2906554,0,0,1,8,2012,3352.0,4265.0,3870.0,3713.0,2079.0
2012-08-19,CA_1,FOODS,4470,3.2906554,0,1,2,8,2012,4507.0,3958.0,4253.0,3753.0,2440.0
2012-08-20,CA_1,FOODS,2853,3.2906554,0,0,3,8,2012,4470.0,3005.0,3440.0,2522.0,3177.0
2012-08-21,CA_1,FOODS,2663,3.2906554,0,0,4,8,2012,2853.0,2865.0,2904.0,2411.0,1867.0
2012-08-22,CA_1,FOODS,2403,3.2906554,0,0,5,8,2012,2663.0,2624.0,3037.0,2329.0,1537.0
2012-08-23,CA_1,FOODS,2357,3.2906554,0,0,6,8,2012,2403.0,2968.0,2986.0,2680.0,1662.0
2012-08-24,CA_1,FOODS,2710,3.2906554,0,0,7,8,2012,2357.0,3352.0,3596.0,2823.0,1700.0
2012-08-25,CA_1,FOODS,3790,3.29141,0,0,1,8,2012,2710.0,4507.0,4265.0,2849.0,1921.0
2012-08-26,CA_1,FOODS,3823,3.29141,0,0,2,8,2012,3790.0,4470.0,3958.0,3148.0,2582.0
2012-08-27,CA_1,FOODS,2503,3.29141,0,0,3,8,2012,3823.0,2853.0,3005.0,2450.0,2670.0
2012-08-28,CA_1,FOODS,2351,3.29141,0,0,4,8,2012,2503.0,2663.0,2865.0,2452.0,1708.0
2012-08-29,CA_1,FOODS,2155,3.29141,0,0,5,8,2012,2351.0,2403.0,2624.0,2762.0,1375.0
2012-08-30,CA_1,FOODS,2403,3.29141,0,0,6,8,2012,2155.0,2357.0,2968.0,3156.0,1470.0
2012-08-31,CA_1,FOODS,3007,3.29141,0,0,7,8,2012,2403.0,2710.0,3352.0,3327.0,1846.0
2012-09-01,CA_1,FOODS,4527,3.2973738,1,0,1,9,2012,3007.0,3790.0,4507.0,3870.0,2362.0
2012-09-02,CA_1,FOODS,4128,3.2973738,1,0,2,9,2012,4527.0,3823.0,4470.0,4253.0,2717.0
2012-09-03,CA_1,FOODS,3933,3.2973738,1,1,3,9,2012,4128.0,2503.0,2853.0,3440.0,2568.0
2012-09-04,CA_1,FOODS,2900,3.2973738,1,0,4,9,2012,3933.0,2351.0,2663.0,2904.0,2469.0
2012-09-05,CA_1,FOODS,2602,3.2973738,1,0,5,9,2012,2900.0,2155.0,2403.0,3037.0,2115.0
2012-09-06,CA_1,FOODS,2423,3.2973738,1,0,6,9,2012,2602.0,2403.0,2357.0,2986.0,1900.0
2012-09-07,CA_1,FOODS,3143,3.2973738,1,0,7,9,2012,2423.0,3007.0,2710.0,3596.0,1979.0
2012-09-08,CA_1,FOODS,3693,3.2982197,1,0,1,9,2012,3143.0,4527.0,3790.0,4265.0,2297.0
2012-09-09,CA_1,FOODS,4247,3.2982197,1,0,2,9,2012,3693.0,4128.0,3823.0,3958.0,2718.0
2012-09-10,CA_1,FOODS,2803,3.2982197,1,0,3,9,2012,4247.0,3933.0,2503.0,3005.0,2876.0
2012-09-11,CA_1,FOODS,2461,3.2982197,0,0,4,9,2012,2803.0,2900.0,2351.0,2865.0,1933.0
2012-09-12,CA_1,FOODS,2271,3.2982197,0,0,5,9,2012,2461.0,2602.0,2155.0,2624.0,1575.0
2012-09-13,CA_1,FOODS,2447,3.2982197,0,0,6,9,2012,2271.0,2423.0,2403.0,2968.0,1482.0
2012-09-14,CA_1,FOODS,3049,3.2982197,0,0,7,9,2012,2447.0,3143.0,3007.0,3352.0,1628.0
2012-09-15,CA_1,FOODS,3689,3.3022804,0,0,1,9,2012,3049.0,3693.0,4527.0,4507.0,1975.0
2012-09-16,CA_1,FOODS,3951,3.3022804,0,0,2,9,2012,3689.0,4247.0,4128.0,4470.0,2454.0
2012-09-17,CA_1,FOODS,2487,3.3022804,0,0,3,9,2012,3951.0,2803.0,3933.0,2853.0,2670.0
2012-09-18,CA_1,FOODS,2358,3.3022804,0,0,4,9,2012,2487.0,2461.0,2900.0,2663.0,1789.0
2012-09-19,CA_1,FOODS,2089,3.3022804,0,0,5,9,2012,2358.0,2271.0,2602.0,2403.0,1740.0
2012-09-20,CA_1,FOODS,2321,3.3022804,0,0,6,9,2012,2089.0,2447.0,2423.0,2357.0,1646.0
2012-09-21,CA_1,FOODS,2847,3.3022804,0,0,7,9,2012,2321.0,3049.0,3143.0,2710.0,1606.0
2012-09-22,CA_1,FOODS,3646,3.3086686,0,0,1,9,2012,2847.0,3689.0,3693.0,3790.0,2451.0
2012-09-23,CA_1,FOODS,3914,3.3086686,0,0,2,9,2012,3646.0,3951.0,4247.0,3823.0,2872.0
2012-09-24,CA_1,FOODS,2230,3.3086686,0,0,3,9,2012,3914.0,2487.0,2803.0,2503.0,2872.0
2012-09-25,CA_1,FOODS,2167,3.3086686,0,0,4,9,2012,2230.0,2358.0,2461.0,2351.0,2028.0
2012-09-26,CA_1,FOODS,2099,3.3086686,0,0,5,9,2012,2167.0,2089.0,2271.0,2155.0,1722.0
2012-09-27,CA_1,FOODS,1989,3.3086686,0,0,6,9,2012,2099.0,2321.0,2447.0,2403.0,1696.0
2012-09-28,CA_1,FOODS,2749,3.3086686,0,0,7,9,2012,1989.0,2847.0,3049.0,3007.0,1587.0
2012-09-29,CA_1,FOODS,3543,3.3097339,0,0,1,9,2012,2749.0,3646.0,3689.0,4527.0,2512.0
2012-09-30,CA_1,FOODS,3819,3.3097339,0,0,2,9,2012,3543.0,3914.0,3951.0,4128.0,3450.0
2012-10-01,CA_1,FOODS,2884,3.3097339,1,0,3,10,2012,3819.0,2230.0,2487.0,3933.0,3361.0
2012-10-02,CA_1,FOODS,2951,3.3097339,1,0,4,10,2012,2884.0,2167.0,2358.0,2900.0,2361.0
2012-10-03,CA_1,FOODS,2751,3.3097339,1,0,5,10,2012,2951.0,2099.0,2089.0,2602.0,2214.0
2012-10-04,CA_1,FOODS,2513,3.3097339,1,0,6,10,2012,2751.0,1989.0,2321.0,2423.0,2086.0
2012-10-05,CA_1,FOODS,2654,3.3097339,1,0,7,10,2012,2513.0,2749.0,2847.0,3143.0,2011.0
2012-10-06,CA_1,FOODS,3817,3.318453,1,0,1,10,2012,2654.0,3543.0,3646.0,3693.0,2631.0
2012-10-07,CA_1,FOODS,4251,3.318453,1,0,2,10,2012,3817.0,3819.0,3914.0,4247.0,3279.0
2012-10-08,CA_1,FOODS,3046,3.318453,1,1,3,10,2012,4251.0,2884.0,2230.0,2803.0,3296.0
2012-10-09,CA_1,FOODS,2643,3.318453,1,0,4,10,2012,3046.0,2951.0,2167.0,2461.0,2726.0
2012-10-10,CA_1,FOODS,2349,3.318453,1,0,5,10,2012,2643.0,2751.0,2099.0,2271.0,2059.0
2012-10-11,CA_1,FOODS,2205,3.318453,0,0,6,10,2012,2349.0,2513.0,1989.0,2447.0,1901.0
2012-10-12,CA_1,FOODS,2743,3.318453,0,0,7,10,2012,2205.0,2654.0,2749.0,3049.0,1979.0
2012-10-13,CA_1,FOODS,3063,3.318453,0,0,1,10,2012,2743.0,3817.0,3543.0,3689.0,2371.0
2012-10-14,CA_1,FOODS,3344,3.318453,0,0,2,10,2012,3063.0,4251.0,3819.0,3951.0,2930.0
2012-10-15,CA_1,FOODS,2392,3.318453,0,0,3,10,2012,3344.0,3046.0,2884.0,2487.0,2963.0
2012-10-16,CA_1,FOODS,2043,3.318453,0,0,4,10,2012,2392.0,2643.0,2951.0,2358.0,1944.0
2012-10-17,CA_1,FOODS,2105,3.318453,0,0,5,10,2012,2043.0,2349.0,2751.0,2089.0,1742.0
2012-10-18,CA_1,FOODS,1939,3.318453,0,0,6,10,2012,2105.0,2205.0,2513.0,2321.0,1772.0
2012-10-19,CA_1,FOODS,2419,3.318453,0,0,7,10,2012,1939.0,2743.0,2654.0,2847.0,1851.0
2012-10-20,CA_1,FOODS,2946,3.309228,0,0,1,10,2012,2419.0,3063.0,3817.0,3646.0,2374.0
2012-10-21,CA_1,FOODS,3216,3.309228,0,0,2,10,2012,2946.0,3344.0,4251.0,3914.0,3011.0
2012-10-22,CA_1,FOODS,2182,3.309228,0,0,3,10,2012,3216.0,2392.0,3046.0,2230.0,3200.0
2012-10-23,CA_1,FOODS,1965,3.309228,0,0,4,10,2012,2182.0,2043.0,2643.0,2167.0,2036.0
2012-10-24,CA_1,FOODS,1823,3.309228,0,0,5,10,2012,1965.0,2105.0,2349.0,2099.0,1890.0
2012-10-25,CA_1,FOODS,1988,3.309228,0,0,6,10,2012,1823.0,1939.0,2205.0,1989.0,1660.0
2012-10-26,CA_1,FOODS,2521,3.309228,0,1,7,10,2012,1988.0,2419.0,2743.0,2749.0,1909.0
2012-10-27,CA_1,FOODS,3195,3.3100975,0,0,1,10,2012,2521.0,2946.0,3063.0,3543.0,2184.0
2012-10-28,CA_1,FOODS,3284,3.3100975,0,0,2,10,2012,3195.0,3216.0,3344.0,3819.0,3022.0
2012-10-29,CA_1,FOODS,2391,3.3100975,0,0,3,10,2012,3284.0,2182.0,2392.0,2884.0,3063.0
2012-10-30,CA_1,FOODS,2201,3.3100975,0,0,4,10,2012,2391.0,1965.0,2043.0,2951.0,1622.0
2012-10-31,CA_1,FOODS,1682,3.3100975,0,1,5,10,2012,2201.0,1823.0,2105.0,2751.0,1924.0
2012-11-01,CA_1,FOODS,2275,3.3100975,1,0,6,11,2012,1682.0,1988.0,1939.0,2513.0,2129.0
2012-11-02,CA_1,FOODS,2734,3.3100975,1,0,7,11,2012,2275.0,2521.0,2419.0,2654.0,2210.0
2012-11-03,CA_1,FOODS,3488,3.3068993,1,0,1,11,2012,2734.0,3195.0,2946.0,3817.0,2644.0
2012-11-04,CA_1,FOODS,3679,3.3068993,1,0,2,11,2012,3488.0,3284.0,3216.0,4251.0,3325.0
2012-11-05,CA_1,FOODS,2807,3.3068993,1,0,3,11,2012,3679.0,2391.0,2182.0,3046.0,3641.0
2012-11-06,CA_1,FOODS,2227,3.3068993,1,0,4,11,2012,2807.0,2201.0,1965.0,2643.0,2406.0
2012-11-07,CA_1,FOODS,2485,3.3068993,1,0,5,11,2012,2227.0,1682.0,1823.0,2349.0,2416.0
2012-11-08,CA_1,FOODS,2396,3.3068993,1,0,6,11,2012,2485.0,2275.0,1988.0,2205.0,2140.0
2012-11-09,CA_1,FOODS,3011,3.3068993,1,0,7,11,2012,2396.0,2734.0,2521.0,2743.0,2495.0
2012-11-10,CA_1,FOODS,3722,3.3091867,1,0,1,11,2012,3011.0,3488.0,3195.0,3063.0,2879.0
2012-11-11,CA_1,FOODS,3549,3.3091867,0,1,2,11,2012,3722.0,3679.0,3284.0,3344.0,3042.0
2012-11-12,CA_1,FOODS,2646,3.3091867,0,0,3,11,2012,3549.0,2807.0,2391.0,2392.0,3164.0
2012-11-13,CA_1,FOODS,2167,3.3091867,0,0,4,11,2012,2646.0,2227.0,2201.0,2043.0,2299.0
2012-11-14,CA_1,FOODS,1870,3.3091867,0,0,5,11,2012,2167.0,2485.0,1682.0,2105.0,1932.0
2012-11-15,CA_1,FOODS,2032,3.3091867,0,0,6,11,2012,1870.0,2396.0,2275.0,1939.0,1776.0
2012-11-16,CA_1,FOODS,2662,3.3091867,0,0,7,11,2012,2032.0,3011.0,2734.0,2419.0,1771.0
2012-11-17,CA_1,FOODS,3476,3.3101163,0,0,1,11,2012,2662.0,3722.0,3488.0,2946.0,2214.0
2012-11-18,CA_1,FOODS,3228,3.3101163,0,0,2,11,2012,3476.0,3549.0,3679.0,3216.0,3333.0
2012-11-19,CA_1,FOODS,2523,3.3101163,0,0,3,11,2012,3228.0,2646.0,2807.0,2182.0,3232.0
2012-11-20,CA_1,FOODS,2720,3.3101163,0,0,4,11,2012,2523.0,2167.0,2227.0,1965.0,2333.0
2012-11-21,CA_1,FOODS,3057,3.3101163,0,0,5,11,2012,2720.0,1870.0,2485.0,1823.0,2744.0
2012-11-22,CA_1,FOODS,1673,3.3101163,0,1,6,11,2012,3057.0,2032.0,2396.0,1988.0,2926.0
2012-11-23,CA_1,FOODS,1725,3.3101163,0,0,7,11,2012,1673.0,2662.0,3011.0,2521.0,1631.0
2012-11-24,CA_1,FOODS,2171,3.309305,0,0,1,11,2012,1725.0,3476.0,3722.0,3195.0,2262.0
2012-11-25,CA_1,FOODS,2579,3.309305,0,0,2,11,2012,2171.0,3228.0,3549.0,3284.0,2194.0
2012-11-26,CA_1,FOODS,2136,3.309305,0,0,3,11,2012,2579.0,2523.0,2646.0,2391.0,2494.0
2012-11-27,CA_1,FOODS,1938,3.309305,0,0,4,11,2012,2136.0,2720.0,2167.0,2201.0,1808.0
2012-11-28,CA_1,FOODS,1815,3.309305,0,0,5,11,2012,1938.0,3057.0,1870.0,1682.0,1838.0
2012-11-29,CA_1,FOODS,1658,3.309305,0,0,6,11,2012,1815.0,1673.0,2032.0,2275.0,1783.0
2012-11-30,CA_1,FOODS,2242,3.309305,0,0,7,11,2012,1658.0,1725.0,2662.0,2734.0,1925.0
2012-12-01,CA_1,FOODS,3720,3.311474,1,0,1,12,2012,2242.0,2171.0,3476.0,3488.0,2487.0
2012-12-02,CA_1,FOODS,3097,3.311474,1,0,2,12,2012,3720.0,2579.0,3228.0,3679.0,3364.0
2012-12-03,CA_1,FOODS,2847,3.311474,1,0,3,12,2012,3097.0,2136.0,2523.0,2807.0,3390.0
2012-12-04,CA_1,FOODS,2189,3.311474,1,0,4,12,2012,2847.0,1938.0,2720.0,2227.0,2517.0
2012-12-05,CA_1,FOODS,2188,3.311474,1,0,5,12,2012,2189.0,1815.0,3057.0,2485.0,2256.0
2012-12-06,CA_1,FOODS,2372,3.311474,1,0,6,12,2012,2188.0,1658.0,1673.0,2396.0,2080.0
2012-12-07,CA_1,FOODS,2879,3.311474,1,0,7,12,2012,2372.0,2242.0,1725.0,3011.0,2460.0
2012-12-08,CA_1,FOODS,3678,3.309664,1,0,1,12,2012,2879.0,3720.0,2171.0,3722.0,2528.0
2012-12-09,CA_1,FOODS,3622,3.309664,1,0,2,12,2012,3678.0,3097.0,2579.0,3549.0,3482.0
2012-12-10,CA_1,FOODS,2869,3.309664,1,0,3,12,2012,3622.0,2847.0,2136.0,2646.0,3262.0
2012-12-11,CA_1,FOODS,2275,3.309664,0,0,4,12,2012,2869.0,2189.0,1938.0,2167.0,2468.0
2012-12-12,CA_1,FOODS,2169,3.309664,0,0,5,12,2012,2275.0,2188.0,1815.0,1870.0,2230.0
2012-12-13,CA_1,FOODS,2100,3.309664,0,0,6,12,2012,2169.0,2372.0,1658.0,2032.0,2143.0
2012-12-14,CA_1,FOODS,2614,3.309664,0,0,7,12,2012,2100.0,2879.0,2242.0,2662.0,2431.0
2012-12-15,CA_1,FOODS,3305,3.3082967,0,0,1,12,2012,2614.0,3678.0,3720.0,3476.0,2505.0
2012-12-16,CA_1,FOODS,3269,3.3082967,0,1,2,12,2012,3305.0,3622.0,3097.0,3228.0,3349.0
2012-12-17,CA_1,FOODS,2378,3.3082967,0,0,3,12,2012,3269.0,2869.0,2847.0,2523.0,3218.0
2012-12-18,CA_1,FOODS,2397,3.3082967,0,0,4,12,2012,2378.0,2275.0,2189.0,2720.0,2467.0
2012-12-19,CA_1,FOODS,2212,3.3082967,0,0,5,12,2012,2397.0,2169.0,2188.0,3057.0,2459.0
2012-12-20,CA_1,FOODS,2529,3.3082967,0,0,6,12,2012,2212.0,2100.0,2372.0,1673.0,2567.0
2012-12-21,CA_1,FOODS,2824,3.3082967,0,0,7,12,2012,2529.0,2614.0,2879.0,1725.0,2740.0
2012-12-22,CA_1,FOODS,3524,3.3001337,0,0,1,12,2012,2824.0,3305.0,3678.0,2171.0,3677.0
2012-12-23,CA_1,FOODS,3309,3.3001337,0,0,2,12,2012,3524.0,3269.0,3622.0,2579.0,2758.0
2012-12-24,CA_1,FOODS,2731,3.3001337,0,0,3,12,2012,3309.0,2378.0,2869.0,2136.0,0.0
2012-12-25,CA_1,FOODS,0,3.3001337,0,1,4,12,2012,2731.0,2397.0,2275.0,1938.0,2360.0
2012-12-26,CA_1,FOODS,2045,3.3001337,0,0,5,12,2012,0.0,2212.0,2169.0,1815.0,2230.0
2012-12-27,CA_1,FOODS,2079,3.3001337,0,0,6,12,2012,2045.0,2529.0,2100.0,1658.0,2228.0
2012-12-28,CA_1,FOODS,2415,3.3001337,0,0,7,12,2012,2079.0,2824.0,2614.0,2242.0,2415.0
2012-12-29,CA_1,FOODS,2781,3.284059,0,0,1,12,2012,2415.0,3524.0,3305.0,3720.0,3248.0
2012-12-30,CA_1,FOODS,3111,3.284059,0,0,2,12,2012,2781.0,3309.0,3269.0,3097.0,3324.0
2012-12-31,CA_1,FOODS,2974,3.284059,0,0,3,12,2012,3111.0,2731.0,2378.0,2847.0,2054.0
2013-01-01,CA_1,FOODS,1888,3.284059,1,1,4,1,2013,2974.0,0.0,2397.0,2189.0,2926.0
2013-01-02,CA_1,FOODS,2508,3.284059,1,0,5,1,2013,1888.0,2045.0,2212.0,2188.0,2504.0
2013-01-03,CA_1,FOODS,2813,3.284059,1,0,6,1,2013,2508.0,2079.0,2529.0,2372.0,2332.0
2013-01-04,CA_1,FOODS,2962,3.284059,1,0,7,1,2013,2813.0,2415.0,2824.0,2879.0,2613.0
2013-01-05,CA_1,FOODS,3320,3.2802765,1,0,1,1,2013,2962.0,2781.0,3524.0,3678.0,2692.0
2013-01-06,CA_1,FOODS,3557,3.2802765,1,0,2,1,2013,3320.0,3111.0,3309.0,3622.0,3523.0
2013-01-07,CA_1,FOODS,2847,3.2802765,1,1,3,1,2013,3557.0,2974.0,2731.0,2869.0,3510.0
2013-01-08,CA_1,FOODS,2449,3.2802765,1,0,4,1,2013,2847.0,1888.0,0.0,2275.0,2875.0
2013-01-09,CA_1,FOODS,2118,3.2802765,1,0,5,1,2013,2449.0,2508.0,2045.0,2169.0,2354.0
2013-01-10,CA_1,FOODS,2543,3.2802765,1,0,6,1,2013,2118.0,2813.0,2079.0,2100.0,2164.0
2013-01-11,CA_1,FOODS,2837,3.2802765,0,0,7,1,2013,2543.0,2962.0,2415.0,2614.0,1901.0
2013-01-12,CA_1,FOODS,3694,3.2770982,0,0,1,1,2013,2837.0,3320.0,2781.0,3305.0,2657.0
2013-01-13,CA_1,FOODS,3351,3.2770982,0,0,2,1,2013,3694.0,3557.0,3111.0,3269.0,3145.0
2013-01-14,CA_1,FOODS,2295,3.2770982,0,0,3,1,2013,3351.0,2847.0,2974.0,2378.0,3070.0
2013-01-15,CA_1,FOODS,2194,3.2770982,0,0,4,1,2013,2295.0,2449.0,1888.0,2397.0,2765.0
2013-01-16,CA_1,FOODS,1992,3.2770982,0,0,5,1,2013,2194.0,2118.0,2508.0,2212.0,2111.0
2013-01-17,CA_1,FOODS,2150,3.2770982,0,0,6,1,2013,1992.0,2543.0,2813.0,2529.0,2017.0
2013-01-18,CA_1,FOODS,2619,3.2770982,0,0,7,1,2013,2150.0,2837.0,2962.0,2824.0,2033.0
2013-01-19,CA_1,FOODS,3533,3.2760568,0,0,1,1,2013,2619.0,3694.0,3320.0,3524.0,2447.0
2013-01-20,CA_1,FOODS,2966,3.2760568,0,0,2,1,2013,3533.0,3351.0,3557.0,3309.0,3766.0
2013-01-21,CA_1,FOODS,2537,3.2760568,0,1,3,1,2013,2966.0,2295.0,2847.0,2731.0,3054.0
2013-01-22,CA_1,FOODS,1922,3.2760568,0,0,4,1,2013,2537.0,2194.0,2449.0,0.0,1969.0
2013-01-23,CA_1,FOODS,1807,3.2760568,0,0,5,1,2013,1922.0,1992.0,2118.0,2045.0,1947.0
2013-01-24,CA_1,FOODS,1857,3.2760568,0,0,6,1,2013,1807.0,2150.0,2543.0,2079.0,1788.0
2013-01-25,CA_1,FOODS,2264,3.2760568,0,0,7,1,2013,1857.0,2619.0,2837.0,2415.0,1805.0
2013-01-26,CA_1,FOODS,3307,3.2966259,0,0,1,1,2013,2264.0,3533.0,3694.0,2781.0,2506.0
2013-01-27,CA_1,FOODS,3102,3.2966259,0,0,2,1,2013,3307.0,2966.0,3351.0,3111.0,3082.0
2013-01-28,CA_1,FOODS,2088,3.2966259,0,0,3,1,2013,3102.0,2537.0,2295.0,2974.0,3135.0
2013-01-29,CA_1,FOODS,2012,3.2966259,0,0,4,1,2013,2088.0,1922.0,2194.0,1888.0,2167.0
2013-01-30,CA_1,FOODS,1717,3.2966259,0,0,5,1,2013,2012.0,1807.0,1992.0,2508.0,2163.0
2013-01-31,CA_1,FOODS,2116,3.2966259,0,0,6,1,2013,1717.0,1857.0,2150.0,2813.0,2394.0
2013-02-01,CA_1,FOODS,3039,3.2966259,1,0,7,2,2013,2116.0,2264.0,2619.0,2962.0,2502.0
2013-02-02,CA_1,FOODS,4472,3.3042872,1,0,1,2,2013,3039.0,3307.0,3533.0,3320.0,3134.0
2013-02-03,CA_1,FOODS,3046,3.3042872,1,1,2,2,2013,4472.0,3102.0,2966.0,3557.0,4370.0
2013-02-04,CA_1,FOODS,2214,3.3042872,1,0,3,2,2013,3046.0,2088.0,2537.0,2847.0,3743.0
2013-02-05,CA_1,FOODS,2252,3.3042872,1,0,4,2,2013,2214.0,2012.0,1922.0,2449.0,2665.0
2013-02-06,CA_1,FOODS,2283,3.3042872,1,0,5,2,2013,2252.0,1717.0,1807.0,2118.0,2392.0
2013-02-07,CA_1,FOODS,2442,3.3042872,1,0,6,2,2013,2283.0,2116.0,1857.0,2543.0,2362.0
2013-02-08,CA_1,FOODS,2849,3.3042872,1,0,7,2,2013,2442.0,3039.0,2264.0,2837.0,2303.0
2013-02-09,CA_1,FOODS,3843,3.292961,1,0,1,2,2013,2849.0,4472.0,3307.0,3694.0,2773.0
2013-02-10,CA_1,FOODS,3969,3.292961,1,0,2,2,2013,3843.0,3046.0,3102.0,3351.0,4082.0
2013-02-11,CA_1,FOODS,2885,3.292961,0,0,3,2,2013,3969.0,2214.0,2088.0,2295.0,4031.0
2013-02-12,CA_1,FOODS,2165,3.292961,0,0,4,2,2013,2885.0,2252.0,2012.0,2194.0,2966.0
2013-02-13,CA_1,FOODS,2541,3.292961,0,1,5,2,2013,2165.0,2283.0,1717.0,1992.0,1997.0
2013-02-14,CA_1,FOODS,2045,3.292961,0,1,6,2,2013,2541.0,2442.0,2116.0,2150.0,1938.0
2013-02-15,CA_1,FOODS,2765,3.292961,0,0,7,2,2013,2045.0,2849.0,3039.0,2619.0,2045.0
2013-02-16,CA_1,FOODS,3350,3.280655,0,0,1,2,2013,2765.0,3843.0,4472.0,3533.0,2420.0
2013-02-17,CA_1,FOODS,3282,3.280655,0,0,2,2,2013,3350.0,3969.0,3046.0,2966.0,3314.0
2013-02-18,CA_1,FOODS,2591,3.280655,0,1,3,2,2013,3282.0,2885.0,2214.0,2537.0,3376.0
2013-02-19,CA_1,FOODS,1989,3.280655,0,0,4,2,2013,2591.0,2165.0,2252.0,1922.0,2770.0
2013-02-20,CA_1,FOODS,2286,3.280655,0,1,5,2,2013,1989.0,2541.0,2283.0,1807.0,2045.0
2013-02-21,CA_1,FOODS,2309,3.280655,0,0,6,2,2013,2286.0,2045.0,2442.0,1857.0,2006.0
2013-02-22,CA_1,FOODS,2790,3.280655,0,0,7,2,2013,2309.0,2765.0,2849.0,2264.0,2035.0
2013-02-23,CA_1,FOODS,3208,3.2721028,0,0,1,2,2013,2790.0,3350.0,3843.0,3307.0,2503.0
2013-02-24,CA_1,FOODS,3229,3.2721028,0,1,2,2,2013,3208.0,3282.0,3969.0,3102.0,3481.0
2013-02-25,CA_1,FOODS,2261,3.2721028,0,0,3,2,2013,3229.0,2591.0,2885.0,2088.0,3415.0
2013-02-26,CA_1,FOODS,2026,3.2721028,0,0,4,2,2013,2261.0,1989.0,2165.0,2012.0,2197.0
2013-02-27,CA_1,FOODS,2036,3.2721028,0,0,5,2,2013,2026.0,2286.0,2541.0,1717.0,2011.0
2013-02-28,CA_1,FOODS,2105,3.2721028,0,0,6,2,2013,2036.0,2309.0,2045.0,2116.0,2025.0
2013-03-01,CA_1,FOODS,2699,3.2721028,1,0,7,3,2013,2105.0,2790.0,2765.0,3039.0,2538.0
2013-03-02,CA_1,FOODS,3680,3.2741537,1,0,1,3,2013,2699.0,3208.0,3350.0,4472.0,2915.0
2013-03-03,CA_1,FOODS,4006,3.2741537,1,0,2,3,2013,3680.0,3229.0,3282.0,3046.0,3843.0
2013-03-04,CA_1,FOODS,2656,3.2741537,1,0,3,3,2013,4006.0,2261.0,2591.0,2214.0,3965.0
2013-03-05,CA_1,FOODS,2328,3.2741537,1,0,4,3,2013,2656.0,2026.0,1989.0,2252.0,3036.0
2013-03-06,CA_1,FOODS,2456,3.2741537,1,0,5,3,2013,2328.0,2036.0,2286.0,2283.0,2561.0
2013-03-07,CA_1,FOODS,2324,3.2741537,1,0,6,3,2013,2456.0,2105.0,2309.0,2442.0,2658.0
2013-03-08,CA_1,FOODS,2978,3.2741537,1,0,7,3,2013,2324.0,2699.0,2790.0,2849.0,2663.0
2013-03-09,CA_1,FOODS,3621,3.2844968,1,0,1,3,2013,2978.0,3680.0,3208.0,3843.0,2860.0
2013-03-10,CA_1,FOODS,3479,3.2844968,1,0,2,3,2013,3621.0,4006.0,3229.0,3969.0,4045.0
2013-03-11,CA_1,FOODS,2529,3.2844968,0,0,3,3,2013,3479.0,2656.0,2261.0,2885.0,4013.0
2013-03-12,CA_1,FOODS,2149,3.2844968,0,0,4,3,2013,2529.0,2328.0,2026.0,2165.0,2729.0
2013-03-13,CA_1,FOODS,1985,3.2844968,0,0,5,3,2013,2149.0,2456.0,2036.0,2541.0,2043.0
2013-03-14,CA_1,FOODS,2163,3.2844968,0,0,6,3,2013,1985.0,2324.0,2105.0,2045.0,2157.0
2013-03-15,CA_1,FOODS,2758,3.2844968,0,0,7,3,2013,2163.0,2978.0,2699.0,2765.0,2323.0
2013-03-16,CA_1,FOODS,3378,3.2789502,0,0,1,3,2013,2758.0,3621.0,3680.0,3350.0,2708.0
2013-03-17,CA_1,FOODS,3282,3.2789502,0,1,2,3,2013,3378.0,3479.0,4006.0,3282.0,3442.0
2013-03-18,CA_1,FOODS,2025,3.2789502,0,0,3,3,2013,3282.0,2529.0,2656.0,2591.0,3657.0
2013-03-19,CA_1,FOODS,1984,3.2789502,0,0,4,3,2013,2025.0,2149.0,2328.0,1989.0,2647.0
2013-03-20,CA_1,FOODS,2234,3.2789502,0,0,5,3,2013,1984.0,1985.0,2456.0,2286.0,2155.0
2013-03-21,CA_1,FOODS,2146,3.2789502,0,0,6,3,2013,2234.0,2163.0,2324.0,2309.0,2051.0
2013-03-22,CA_1,FOODS,2789,3.2789502,0,0,7,3,2013,2146.0,2758.0,2978.0,2790.0,2439.0
2013-03-23,CA_1,FOODS,3228,3.2744405,0,0,1,3,2013,2789.0,3378.0,3621.0,3208.0,2515.0
2013-03-24,CA_1,FOODS,3280,3.2744405,0,0,2,3,2013,3228.0,3282.0,3479.0,3229.0,3809.0
2013-03-25,CA_1,FOODS,2346,3.2744405,0,0,3,3,2013,3280.0,2025.0,2529.0,2261.0,3925.0
2013-03-26,CA_1,FOODS,2192,3.2744405,0,0,4,3,2013,2346.0,1984.0,2149.0,2026.0,2366.0
2013-03-27,CA_1,FOODS,2083,3.2744405,0,0,5,3,2013,2192.0,2234.0,1985.0,2036.0,2061.0
2013-03-28,CA_1,FOODS,2661,3.2744405,0,0,6,3,2013,2083.0,2146.0,2163.0,2105.0,1997.0
2013-03-29,CA_1,FOODS,3274,3.2744405,0,0,7,3,2013,2661.0,2789.0,2758.0,2699.0,1975.0
2013-03-30,CA_1,FOODS,4414,3.2639103,0,0,1,3,2013,3274.0,3228.0,3378.0,3680.0,3104.0
2013-03-31,CA_1,FOODS,3191,3.2639103,0,1,2,3,2013,4414.0,3280.0,3282.0,4006.0,3508.0
2013-04-01,CA_1,FOODS,2301,3.2639103,1,0,3,4,2013,3191.0,2346.0,2025.0,2656.0,3993.0
2013-04-02,CA_1,FOODS,2495,3.2639103,1,1,4,4,2013,2301.0,2192.0,1984.0,2328.0,2886.0
2013-04-03,CA_1,FOODS,2596,3.2639103,1,0,5,4,2013,2495.0,2083.0,2234.0,2456.0,3114.0
2013-04-04,CA_1,FOODS,2602,3.2639103,1,0,6,4,2013,2596.0,2661.0,2146.0,2324.0,2784.0
2013-04-05,CA_1,FOODS,2992,3.2639103,1,0,7,4,2013,2602.0,3274.0,2789.0,2978.0,3033.0
2013-04-06,CA_1,FOODS,3672,3.264314,1,0,1,4,2013,2992.0,4414.0,3228.0,3621.0,4053.0
2013-04-07,CA_1,FOODS,3852,3.264314,1,0,2,4,2013,3672.0,3191.0,3280.0,3479.0,4812.0
2013-04-08,CA_1,FOODS,2620,3.264314,1,0,3,4,2013,3852.0,2301.0,2346.0,2529.0,3169.0
2013-04-09,CA_1,FOODS,2550,3.264314,1,0,4,4,2013,2620.0,2495.0,2192.0,2149.0,3007.0
2013-04-10,CA_1,FOODS,2611,3.264314,1,0,5,4,2013,2550.0,2596.0,2083.0,1985.0,2903.0
2013-04-11,CA_1,FOODS,2513,3.264314,0,0,6,4,2013,2611.0,2602.0,2661.0,2163.0,2450.0
2013-04-12,CA_1,FOODS,2576,3.264314,0,0,7,4,2013,2513.0,2992.0,3274.0,2758.0,2377.0
2013-04-13,CA_1,FOODS,3255,3.259875,0,0,1,4,2013,2576.0,3672.0,4414.0,3378.0,2881.0
2013-04-14,CA_1,FOODS,3214,3.259875,0,0,2,4,2013,3255.0,3852.0,3191.0,3282.0,3868.0
2013-04-15,CA_1,FOODS,2310,3.259875,0,0,3,4,2013,3214.0,2620.0,2301.0,2025.0,3772.0
2013-04-16,CA_1,FOODS,1946,3.259875,0,0,4,4,2013,2310.0,2550.0,2495.0,1984.0,2351.0
2013-04-17,CA_1,FOODS,2128,3.259875,0,0,5,4,2013,1946.0,2611.0,2596.0,2234.0,2148.0
2013-04-18,CA_1,FOODS,2013,3.259875,0,0,6,4,2013,2128.0,2513.0,2602.0,2146.0,2012.0
2013-04-19,CA_1,FOODS,2680,3.259875,0,0,7,4,2013,2013.0,2576.0,2992.0,2789.0,2380.0
2013-04-20,CA_1,FOODS,3333,3.2617257,0,0,1,4,2013,2680.0,3255.0,3672.0,3228.0,3129.0
2013-04-21,CA_1,FOODS,3406,3.2617257,0,0,2,4,2013,3333.0,3214.0,3852.0,3280.0,3869.0
2013-04-22,CA_1,FOODS,2417,3.2617257,0,0,3,4,2013,3406.0,2310.0,2620.0,2346.0,3845.0
2013-04-23,CA_1,FOODS,1956,3.2617257,0,0,4,4,2013,2417.0,1946.0,2550.0,2192.0,2254.0
2013-04-24,CA_1,FOODS,2115,3.2617257,0,0,5,4,2013,1956.0,2128.0,2611.0,2083.0,2265.0
2013-04-25,CA_1,FOODS,2126,3.2617257,0,0,6,4,2013,2115.0,2013.0,2513.0,2661.0,2167.0
2013-04-26,CA_1,FOODS,2506,3.2617257,0,0,7,4,2013,2126.0,2680.0,2576.0,3274.0,2228.0
2013-04-27,CA_1,FOODS,3073,3.2634037,0,0,1,4,2013,2506.0,3333.0,3255.0,4414.0,2798.0
2013-04-28,CA_1,FOODS,3319,3.2634037,0,0,2,4,2013,3073.0,3406.0,3214.0,3191.0,3551.0
2013-04-29,CA_1,FOODS,2472,3.2634037,0,0,3,4,2013,3319.0,2417.0,2310.0,2301.0,3721.0
2013-04-30,CA_1,FOODS,2284,3.2634037,0,0,4,4,2013,2472.0,1956.0,1946.0,2495.0,2547.0
2013-05-01,CA_1,FOODS,2351,3.2634037,1,0,5,5,2013,2284.0,2115.0,2128.0,2596.0,2714.0
2013-05-02,CA_1,FOODS,2618,3.2634037,1,0,6,5,2013,2351.0,2126.0,2013.0,2602.0,2588.0
2013-05-03,CA_1,FOODS,3287,3.2634037,1,0,7,5,2013,2618.0,2506.0,2680.0,2992.0,2864.0
2013-05-04,CA_1,FOODS,3831,3.261772,1,0,1,5,2013,3287.0,3073.0,3333.0,3672.0,3153.0
2013-05-05,CA_1,FOODS,3792,3.261772,1,1,2,5,2013,3831.0,3319.0,3406.0,3852.0,3399.0
2013-05-06,CA_1,FOODS,3075,3.261772,1,0,3,5,2013,3792.0,2472.0,2417.0,2620.0,4314.0
2013-05-07,CA_1,FOODS,2636,3.261772,1,0,4,5,2013,3075.0,2284.0,1956.0,2550.0,3578.0
2013-05-08,CA_1,FOODS,2426,3.261772,1,0,5,5,2013,2636.0,2351.0,2115.0,2611.0,2841.0
2013-05-09,CA_1,FOODS,2629,3.261772,1,0,6,5,2013,2426.0,2618.0,2126.0,2513.0,2946.0
2013-05-10,CA_1,FOODS,3017,3.261772,1,0,7,5,2013,2629.0,3287.0,2506.0,2576.0,2947.0
2013-05-11,CA_1,FOODS,4200,3.2609282,0,0,1,5,2013,3017.0,3831.0,3073.0,3255.0,3515.0
2013-05-12,CA_1,FOODS,3265,3.2609282,0,1,2,5,2013,4200.0,3792.0,3319.0,3214.0,4519.0
2013-05-13,CA_1,FOODS,2591,3.2609282,0,0,3,5,2013,3265.0,3075.0,2472.0,2310.0,3435.0
2013-05-14,CA_1,FOODS,2359,3.2609282,0,0,4,5,2013,2591.0,2636.0,2284.0,1946.0,2739.0
2013-05-15,CA_1,FOODS,2360,3.2609282,0,0,5,5,2013,2359.0,2426.0,2351.0,2128.0,2710.0
2013-05-16,CA_1,FOODS,2549,3.2609282,0,0,6,5,2013,2360.0,2629.0,2618.0,2013.0,2799.0
2013-05-17,CA_1,FOODS,2835,3.2609282,0,0,7,5,2013,2549.0,3017.0,3287.0,2680.0,2630.0
2013-05-18,CA_1,FOODS,3162,3.2521932,0,0,1,5,2013,2835.0,4200.0,3831.0,3333.0,3261.0
2013-05-19,CA_1,FOODS,3774,3.2521932,0,0,2,5,2013,3162.0,3265.0,3792.0,3406.0,3941.0
2013-05-20,CA_1,FOODS,2657,3.2521932,0,0,3,5,2013,3774.0,2591.0,3075.0,2417.0,4367.0
2013-05-21,CA_1,FOODS,2451,3.2521932,0,0,4,5,2013,2657.0,2359.0,2636.0,1956.0,2725.0
2013-05-22,CA_1,FOODS,2269,3.2521932,0,0,5,5,2013,2451.0,2360.0,2426.0,2115.0,2144.0
2013-05-23,CA_1,FOODS,2466,3.2521932,0,0,6,5,2013,2269.0,2549.0,2629.0,2126.0,2205.0
2013-05-24,CA_1,FOODS,3010,3.2521932,0,0,7,5,2013,2466.0,2835.0,3017.0,2506.0,2560.0
2013-05-25,CA_1,FOODS,3182,3.2518404,0,0,1,5,2013,3010.0,3162.0,4200.0,3073.0,3248.0
2013-05-26,CA_1,FOODS,2976,3.2518404,0,0,2,5,2013,3182.0,3774.0,3265.0,3319.0,3645.0
2013-05-27,CA_1,FOODS,2985,3.2518404,0,1,3,5,2013,2976.0,2657.0,2591.0,2472.0,3437.0
2013-05-28,CA_1,FOODS,2300,3.2518404,0,0,4,5,2013,2985.0,2451.0,2359.0,2284.0,2975.0
2013-05-29,CA_1,FOODS,2110,3.2518404,0,0,5,5,2013,2300.0,2269.0,2360.0,2351.0,2312.0
2013-05-30,CA_1,FOODS,2321,3.2518404,0,0,6,5,2013,2110.0,2466.0,2549.0,2618.0,2122.0
2013-05-31,CA_1,FOODS,3095,3.2518404,0,0,7,5,2013,2321.0,3010.0,2835.0,3287.0,2545.0
2013-06-01,CA_1,FOODS,3856,3.2546449,1,0,1,6,2013,3095.0,3182.0,3162.0,3831.0,3423.0
2013-06-02,CA_1,FOODS,3982,3.2546449,1,0,2,6,2013,3856.0,2976.0,3774.0,3792.0,4243.0
2013-06-03,CA_1,FOODS,2966,3.2546449,1,0,3,6,2013,3982.0,2985.0,2657.0,3075.0,3943.0
2013-06-04,CA_1,FOODS,2694,3.2546449,1,0,4,6,2013,2966.0,2300.0,2451.0,2636.0,2942.0
2013-06-05,CA_1,FOODS,2842,3.2546449,1,0,5,6,2013,2694.0,2110.0,2269.0,2426.0,2888.0
2013-06-06,CA_1,FOODS,2120,3.2546449,1,1,6,6,2013,2842.0,2321.0,2466.0,2629.0,2619.0
2013-06-07,CA_1,FOODS,3358,3.2546449,1,0,7,6,2013,2120.0,3095.0,3010.0,3017.0,2873.0
2013-06-08,CA_1,FOODS,4011,3.2558463,1,0,1,6,2013,3358.0,3856.0,3182.0,4200.0,3455.0
2013-06-09,CA_1,FOODS,4186,3.2558463,1,0,2,6,2013,4011.0,3982.0,2976.0,3265.0,3720.0
2013-06-10,CA_1,FOODS,3336,3.2558463,1,0,3,6,2013,4186.0,2966.0,2985.0,2591.0,4110.0
2013-06-11,CA_1,FOODS,2612,3.2558463,0,0,4,6,2013,3336.0,2694.0,2300.0,2359.0,3200.0
2013-06-12,CA_1,FOODS,2649,3.2558463,0,0,5,6,2013,2612.0,2842.0,2110.0,2360.0,2907.0
2013-06-13,CA_1,FOODS,2738,3.2558463,0,0,6,6,2013,2649.0,2120.0,2321.0,2549.0,2772.0
2013-06-14,CA_1,FOODS,3523,3.2558463,0,0,7,6,2013,2738.0,3358.0,3095.0,2835.0,2806.0
2013-06-15,CA_1,FOODS,3936,3.2559655,0,0,1,6,2013,3523.0,4011.0,3856.0,3162.0,3485.0
2013-06-16,CA_1,FOODS,3373,3.2559655,0,1,2,6,2013,3936.0,4186.0,3982.0,3774.0,4185.0
2013-06-17,CA_1,FOODS,2624,3.2559655,0,0,3,6,2013,3373.0,3336.0,2966.0,2657.0,3518.0
2013-06-18,CA_1,FOODS,2530,3.2559655,0,0,4,6,2013,2624.0,2612.0,2694.0,2451.0,2719.0
2013-06-19,CA_1,FOODS,2246,3.2559655,0,0,5,6,2013,2530.0,2649.0,2842.0,2269.0,2610.0
2013-06-20,CA_1,FOODS,2567,3.2559655,0,1,6,6,2013,2246.0,2738.0,2120.0,2466.0,2439.0
2013-06-21,CA_1,FOODS,3308,3.2559655,0,0,7,6,2013,2567.0,3523.0,3358.0,3010.0,2498.0
2013-06-22,CA_1,FOODS,3766,3.2570198,0,0,1,6,2013,3308.0,3936.0,4011.0,3182.0,3494.0
2013-06-23,CA_1,FOODS,3790,3.2570198,0,0,2,6,2013,3766.0,3373.0,4186.0,2976.0,3436.0
2013-06-24,CA_1,FOODS,2659,3.2570198,0,0,3,6,2013,3790.0,2624.0,3336.0,2985.0,3962.0
2013-06-25,CA_1,FOODS,2298,3.2570198,0,0,4,6,2013,2659.0,2530.0,2612.0,2300.0,2670.0
2013-06-26,CA_1,FOODS,2637,3.2570198,0,0,5,6,2013,2298.0,2246.0,2649.0,2110.0,2311.0
2013-06-27,CA_1,FOODS,2610,3.2570198,0,0,6,6,2013,2637.0,2567.0,2738.0,2321.0,2195.0
2013-06-28,CA_1,FOODS,3651,3.2570198,0,0,7,6,2013,2610.0,3308.0,3523.0,3095.0,2660.0
2013-06-29,CA_1,FOODS,4075,3.256104,0,0,1,6,2013,3651.0,3766.0,3936.0,3856.0,3090.0
2013-06-30,CA_1,FOODS,4077,3.256104,0,0,2,6,2013,4075.0,3790.0,3373.0,3982.0,3783.0
2013-07-01,CA_1,FOODS,3672,3.256104,1,0,3,7,2013,4077.0,2659.0,2624.0,2966.0,4125.0
2013-07-02,CA_1,FOODS,3559,3.256104,1,0,4,7,2013,3672.0,2298.0,2530.0,2694.0,3093.0
2013-07-03,CA_1,FOODS,3874,3.256104,1,0,5,7,2013,3559.0,2637.0,2246.0,2842.0,3401.0
2013-07-04,CA_1,FOODS,3504,3.256104,1,1,6,7,2013,3874.0,2610.0,2567.0,2120.0,2744.0
2013-07-05,CA_1,FOODS,3799,3.256104,1,0,7,7,2013,3504.0,3651.0,3308.0,3358.0,2539.0
2013-07-06,CA_1,FOODS,3445,3.256999,1,0,1,7,2013,3799.0,4075.0,3766.0,4011.0,3280.0
2013-07-07,CA_1,FOODS,4336,3.256999,1,0,2,7,2013,3445.0,4077.0,3790.0,4186.0,3604.0
2013-07-08,CA_1,FOODS,3254,3.256999,1,0,3,7,2013,4336.0,3672.0,2659.0,3336.0,4070.0
2013-07-09,CA_1,FOODS,3081,3.256999,1,1,4,7,2013,3254.0,3559.0,2298.0,2612.0,3311.0
2013-07-10,CA_1,FOODS,3125,3.256999,1,0,5,7,2013,3081.0,3874.0,2637.0,2649.0,2902.0
2013-07-11,CA_1,FOODS,2888,3.256999,0,0,6,7,2013,3125.0,3504.0,2610.0,2738.0,2599.0
2013-07-12,CA_1,FOODS,3376,3.256999,0,0,7,7,2013,2888.0,3799.0,3651.0,3523.0,2710.0
2013-07-13,CA_1,FOODS,3725,3.2590714,0,0,1,7,2013,3376.0,3445.0,4075.0,3936.0,3133.0
2013-07-14,CA_1,FOODS,4179,3.2590714,0,0,2,7,2013,3725.0,4336.0,4077.0,3373.0,3543.0
2013-07-15,CA_1,FOODS,2888,3.2590714,0,0,3,7,2013,4179.0,3254.0,3672.0,2624.0,3651.0
2013-07-16,CA_1,FOODS,2719,3.2590714,0,0,4,7,2013,2888.0,3081.0,3559.0,2530.0,2539.0
2013-07-17,CA_1,FOODS,2728,3.2590714,0,0,5,7,2013,2719.0,3125.0,3874.0,2246.0,2499.0
2013-07-18,CA_1,FOODS,2828,3.2590714,0,0,6,7,2013,2728.0,2888.0,3504.0,2567.0,2468.0
2013-07-19,CA_1,FOODS,3203,3.2590714,0,0,7,7,2013,2828.0,3376.0,3799.0,3308.0,2511.0
2013-07-20,CA_1,FOODS,3799,3.2583234,0,0,1,7,2013,3203.0,3725.0,3445.0,3766.0,3337.0
2013-07-21,CA_1,FOODS,3908,3.2583234,0,0,2,7,2013,3799.0,4179.0,4336.0,3790.0,3713.0
2013-07-22,CA_1,FOODS,2777,3.2583234,0,0,3,7,2013,3908.0,2888.0,3254.0,2659.0,3753.0
2013-07-23,CA_1,FOODS,2714,3.2583234,0,0,4,7,2013,2777.0,2719.0,3081.0,2298.0,2522.0
2013-07-24,CA_1,FOODS,2661,3.2583234,0,0,5,7,2013,2714.0,2728.0,3125.0,2637.0,2411.0
2013-07-25,CA_1,FOODS,2598,3.2583234,0,0,6,7,2013,2661.0,2828.0,2888.0,2610.0,2329.0
2013-07-26,CA_1,FOODS,2925,3.2583234,0,0,7,7,2013,2598.0,3203.0,3376.0,3651.0,2680.0
2013-07-27,CA_1,FOODS,3239,3.2608476,0,0,1,7,2013,2925.0,3799.0,3725.0,4075.0,2823.0
2013-07-28,CA_1,FOODS,3786,3.2608476,0,0,2,7,2013,3239.0,3908.0,4179.0,4077.0,2849.0
2013-07-29,CA_1,FOODS,2743,3.2608476,0,0,3,7,2013,3786.0,2777.0,2888.0,3672.0,3148.0
2013-07-30,CA_1,FOODS,2660,3.2608476,0,0,4,7,2013,2743.0,2714.0,2719.0,3559.0,2450.0
2013-07-31,CA_1,FOODS,2504,3.2608476,0,0,5,7,2013,2660.0,2661.0,2728.0,3874.0,2452.0
2013-08-01,CA_1,FOODS,3135,3.2608476,1,0,6,8,2013,2504.0,2598.0,2828.0,3504.0,2762.0
2013-08-02,CA_1,FOODS,3769,3.2608476,1,0,7,8,2013,3135.0,2925.0,3203.0,3799.0,3156.0
2013-08-03,CA_1,FOODS,4222,3.2559595,1,0,1,8,2013,3769.0,3239.0,3799.0,3445.0,3327.0
2013-08-04,CA_1,FOODS,3836,3.2559595,1,0,2,8,2013,4222.0,3786.0,3908.0,4336.0,3870.0
2013-08-05,CA_1,FOODS,3378,3.2559595,1,0,3,8,2013,3836.0,2743.0,2777.0,3254.0,4253.0
2013-08-06,CA_1,FOODS,2980,3.2559595,1,0,4,8,2013,3378.0,2660.0,2714.0,3081.0,3440.0
2013-08-07,CA_1,FOODS,3263,3.2559595,1,0,5,8,2013,2980.0,2504.0,2661.0,3125.0,2904.0
2013-08-08,CA_1,FOODS,3124,3.2559595,1,1,6,8,2013,3263.0,3135.0,2598.0,2888.0,3037.0
2013-08-09,CA_1,FOODS,3514,3.2559595,1,0,7,8,2013,3124.0,3769.0,2925.0,3376.0,2986.0
2013-08-10,CA_1,FOODS,4744,3.254831,1,0,1,8,2013,3514.0,4222.0,3239.0,3725.0,3596.0
2013-08-11,CA_1,FOODS,4688,3.254831,0,0,2,8,2013,4744.0,3836.0,3786.0,4179.0,4265.0
2013-08-12,CA_1,FOODS,3392,3.254831,0,0,3,8,2013,4688.0,3378.0,2743.0,2888.0,3958.0
2013-08-13,CA_1,FOODS,2785,3.254831,0,0,4,8,2013,3392.0,2980.0,2660.0,2719.0,3005.0
2013-08-14,CA_1,FOODS,2721,3.254831,0,0,5,8,2013,2785.0,3263.0,2504.0,2728.0,2865.0
2013-08-15,CA_1,FOODS,3115,3.254831,0,0,6,8,2013,2721.0,3124.0,3135.0,2828.0,2624.0
2013-08-16,CA_1,FOODS,3552,3.254831,0,0,7,8,2013,3115.0,3514.0,3769.0,3203.0,2968.0
2013-08-17,CA_1,FOODS,4105,3.2522464,0,0,1,8,2013,3552.0,4744.0,4222.0,3799.0,3352.0
2013-08-18,CA_1,FOODS,4212,3.2522464,0,0,2,8,2013,4105.0,4688.0,3836.0,3908.0,4507.0
2013-08-19,CA_1,FOODS,3063,3.2522464,0,0,3,8,2013,4212.0,3392.0,3378.0,2777.0,4470.0
2013-08-20,CA_1,FOODS,2554,3.2522464,0,0,4,8,2013,3063.0,2785.0,2980.0,2714.0,2853.0
2013-08-21,CA_1,FOODS,3010,3.2522464,0,0,5,8,2013,2554.0,2721.0,3263.0,2661.0,2663.0
2013-08-22,CA_1,FOODS,2652,3.2522464,0,0,6,8,2013,3010.0,3115.0,3124.0,2598.0,2403.0
2013-08-23,CA_1,FOODS,3058,3.2522464,0,0,7,8,2013,2652.0,3552.0,3514.0,2925.0,2357.0
2013-08-24,CA_1,FOODS,4016,3.2499497,0,0,1,8,2013,3058.0,4105.0,4744.0,3239.0,2710.0
2013-08-25,CA_1,FOODS,5016,3.2499497,0,0,2,8,2013,4016.0,4212.0,4688.0,3786.0,3790.0
2013-08-26,CA_1,FOODS,2784,3.2499497,0,0,3,8,2013,5016.0,3063.0,3392.0,2743.0,3823.0
2013-08-27,CA_1,FOODS,2497,3.2499497,0,0,4,8,2013,2784.0,2554.0,2785.0,2660.0,2503.0
2013-08-28,CA_1,FOODS,2437,3.2499497,0,0,5,8,2013,2497.0,3010.0,2721.0,2504.0,2351.0
2013-08-29,CA_1,FOODS,2547,3.2499497,0,0,6,8,2013,2437.0,2652.0,3115.0,3135.0,2155.0
2013-08-30,CA_1,FOODS,3701,3.2499497,0,0,7,8,2013,2547.0,3058.0,3552.0,3769.0,2403.0
2013-08-31,CA_1,FOODS,4767,3.2518387,0,0,1,8,2013,3701.0,4016.0,4105.0,4222.0,3007.0
2013-09-01,CA_1,FOODS,4585,3.2518387,1,0,2,9,2013,4767.0,5016.0,4212.0,3836.0,4527.0
2013-09-02,CA_1,FOODS,4427,3.2518387,1,1,3,9,2013,4585.0,2784.0,3063.0,3378.0,4128.0
2013-09-03,CA_1,FOODS,3216,3.2518387,1,0,4,9,2013,4427.0,2497.0,2554.0,2980.0,3933.0
2013-09-04,CA_1,FOODS,2923,3.2518387,1,0,5,9,2013,3216.0,2437.0,3010.0,3263.0,2900.0
2013-09-05,CA_1,FOODS,2958,3.2518387,1,0,6,9,2013,2923.0,2547.0,2652.0,3124.0,2602.0
2013-09-06,CA_1,FOODS,3559,3.2518387,1,0,7,9,2013,2958.0,3701.0,3058.0,3514.0,2423.0
2013-09-07,CA_1,FOODS,4486,3.2536018,1,0,1,9,2013,3559.0,4767.0,4016.0,4744.0,3143.0
2013-09-08,CA_1,FOODS,5015,3.2536018,1,0,2,9,2013,4486.0,4585.0,5016.0,4688.0,3693.0
2013-09-09,CA_1,FOODS,3458,3.2536018,1,0,3,9,2013,5015.0,4427.0,2784.0,3392.0,4247.0
2013-09-10,CA_1,FOODS,3013,3.2536018,1,0,4,9,2013,3458.0,3216.0,2497.0,2785.0,2803.0
2013-09-11,CA_1,FOODS,2710,3.2536018,0,0,5,9,2013,3013.0,2923.0,2437.0,2721.0,2461.0
2013-09-12,CA_1,FOODS,2656,3.2536018,0,0,6,9,2013,2710.0,2958.0,2547.0,3115.0,2271.0
2013-09-13,CA_1,FOODS,3295,3.2536018,0,0,7,9,2013,2656.0,3559.0,3701.0,3552.0,2447.0
2013-09-14,CA_1,FOODS,4044,3.2464721,0,0,1,9,2013,3295.0,4486.0,4767.0,4105.0,3049.0
2013-09-15,CA_1,FOODS,4040,3.2464721,0,0,2,9,2013,4044.0,5015.0,4585.0,4212.0,3689.0
2013-09-16,CA_1,FOODS,2974,3.2464721,0,0,3,9,2013,4040.0,3458.0,4427.0,3063.0,3951.0
2013-09-17,CA_1,FOODS,2776,3.2464721,0,0,4,9,2013,2974.0,3013.0,3216.0,2554.0,2487.0
2013-09-18,CA_1,FOODS,2565,3.2464721,0,0,5,9,2013,2776.0,2710.0,2923.0,3010.0,2358.0
2013-09-19,CA_1,FOODS,2555,3.2464721,0,0,6,9,2013,2565.0,2656.0,2958.0,2652.0,2089.0
2013-09-20,CA_1,FOODS,3253,3.2464721,0,0,7,9,2013,2555.0,3295.0,3559.0,3058.0,2321.0
2013-09-21,CA_1,FOODS,4172,3.2477915,0,0,1,9,2013,3253.0,4044.0,4486.0,4016.0,2847.0
2013-09-22,CA_1,FOODS,4532,3.2477915,0,0,2,9,2013,4172.0,4040.0,5015.0,5016.0,3646.0
2013-09-23,CA_1,FOODS,2861,3.2477915,0,0,3,9,2013,4532.0,2974.0,3458.0,2784.0,3914.0
2013-09-24,CA_1,FOODS,2662,3.2477915,0,0,4,9,2013,2861.0,2776.0,3013.0,2497.0,2230.0
2013-09-25,CA_1,FOODS,2178,3.2477915,0,0,5,9,2013,2662.0,2565.0,2710.0,2437.0,2167.0
2013-09-26,CA_1,FOODS,2449,3.2477915,0,0,6,9,2013,2178.0,2555.0,2656.0,2547.0,2099.0
2013-09-27,CA_1,FOODS,2865,3.2477915,0,0,7,9,2013,2449.0,3253.0,3295.0,3701.0,1989.0
2013-09-28,CA_1,FOODS,4007,3.247923,0,0,1,9,2013,2865.0,4172.0,4044.0,4767.0,2749.0
2013-09-29,CA_1,FOODS,4518,3.247923,0,0,2,9,2013,4007.0,4532.0,4040.0,4585.0,3543.0
2013-09-30,CA_1,FOODS,2952,3.247923,0,0,3,9,2013,4518.0,2861.0,2974.0,4427.0,3819.0
2013-10-01,CA_1,FOODS,3020,3.247923,1,0,4,10,2013,2952.0,2662.0,2776.0,3216.0,2884.0
2013-10-02,CA_1,FOODS,2370,3.247923,1,0,5,10,2013,3020.0,2178.0,2565.0,2923.0,2951.0
2013-10-03,CA_1,FOODS,2693,3.247923,1,0,6,10,2013,2370.0,2449.0,2555.0,2958.0,2751.0
2013-10-04,CA_1,FOODS,3288,3.247923,1,0,7,10,2013,2693.0,2865.0,3253.0,3559.0,2513.0
2013-10-05,CA_1,FOODS,4061,3.2522743,1,0,1,10,2013,3288.0,4007.0,4172.0,4486.0,2654.0
2013-10-06,CA_1,FOODS,4256,3.2522743,1,0,2,10,2013,4061.0,4518.0,4532.0,5015.0,3817.0
2013-10-07,CA_1,FOODS,3317,3.2522743,1,0,3,10,2013,4256.0,2952.0,2861.0,3458.0,4251.0
2013-10-08,CA_1,FOODS,3072,3.2522743,1,0,4,10,2013,3317.0,3020.0,2662.0,3013.0,3046.0
2013-10-09,CA_1,FOODS,2859,3.2522743,1,0,5,10,2013,3072.0,2370.0,2178.0,2710.0,2643.0
2013-10-10,CA_1,FOODS,3002,3.2522743,1,0,6,10,2013,2859.0,2693.0,2449.0,2656.0,2349.0
2013-10-11,CA_1,FOODS,3184,3.2522743,0,0,7,10,2013,3002.0,3288.0,2865.0,3295.0,2205.0
2013-10-12,CA_1,FOODS,3665,3.2559392,0,0,1,10,2013,3184.0,4061.0,4007.0,4044.0,2743.0
2013-10-13,CA_1,FOODS,4053,3.2559392,0,0,2,10,2013,3665.0,4256.0,4518.0,4040.0,3063.0
2013-10-14,CA_1,FOODS,2899,3.2559392,0,1,3,10,2013,4053.0,3317.0,2952.0,2974.0,3344.0
2013-10-15,CA_1,FOODS,2311,3.2559392,0,1,4,10,2013,2899.0,3072.0,3020.0,2776.0,2392.0
2013-10-16,CA_1,FOODS,2357,3.2559392,0,0,5,10,2013,2311.0,2859.0,2370.0,2565.0,2043.0
2013-10-17,CA_1,FOODS,2425,3.2559392,0,0,6,10,2013,2357.0,3002.0,2693.0,2555.0,2105.0
2013-10-18,CA_1,FOODS,2899,3.2559392,0,0,7,10,2013,2425.0,3184.0,3288.0,3253.0,1939.0
2013-10-19,CA_1,FOODS,3676,3.254275,0,0,1,10,2013,2899.0,3665.0,4061.0,4172.0,2419.0
2013-10-20,CA_1,FOODS,4015,3.254275,0,0,2,10,2013,3676.0,4053.0,4256.0,4532.0,2946.0
2013-10-21,CA_1,FOODS,2620,3.254275,0,0,3,10,2013,4015.0,2899.0,3317.0,2861.0,3216.0
2013-10-22,CA_1,FOODS,2359,3.254275,0,0,4,10,2013,2620.0,2311.0,3072.0,2662.0,2182.0
2013-10-23,CA_1,FOODS,2274,3.254275,0,0,5,10,2013,2359.0,2357.0,2859.0,2178.0,1965.0
2013-10-24,CA_1,FOODS,2126,3.254275,0,0,6,10,2013,2274.0,2425.0,3002.0,2449.0,1823.0
2013-10-25,CA_1,FOODS,2827,3.254275,0,0,7,10,2013,2126.0,2899.0,3184.0,2865.0,1988.0
2013-10-26,CA_1,FOODS,3716,3.2534645,0,0,1,10,2013,2827.0,3676.0,3665.0,4007.0,2521.0
2013-10-27,CA_1,FOODS,3855,3.2534645,0,0,2,10,2013,3716.0,4015.0,4053.0,4518.0,3195.0
2013-10-28,CA_1,FOODS,2730,3.2534645,0,0,3,10,2013,3855.0,2620.0,2899.0,2952.0,3284.0
2013-10-29,CA_1,FOODS,2386,3.2534645,0,0,4,10,2013,2730.0,2359.0,2311.0,3020.0,2391.0
2013-10-30,CA_1,FOODS,2493,3.2534645,0,0,5,10,2013,2386.0,2274.0,2357.0,2370.0,2201.0
2013-10-31,CA_1,FOODS,2134,3.2534645,0,1,6,10,2013,2493.0,2126.0,2425.0,2693.0,1682.0
2013-11-01,CA_1,FOODS,3120,3.2534645,1,0,7,11,2013,2134.0,2827.0,2899.0,3288.0,2275.0
2013-11-02,CA_1,FOODS,3665,3.2531672,1,0,1,11,2013,3120.0,3716.0,3676.0,4061.0,2734.0
2013-11-03,CA_1,FOODS,4408,3.2531672,1,0,2,11,2013,3665.0,3855.0,4015.0,4256.0,3488.0
2013-11-04,CA_1,FOODS,2863,3.2531672,1,0,3,11,2013,4408.0,2730.0,2620.0,3317.0,3679.0
2013-11-05,CA_1,FOODS,2665,3.2531672,1,0,4,11,2013,2863.0,2386.0,2359.0,3072.0,2807.0
2013-11-06,CA_1,FOODS,2543,3.2531672,1,0,5,11,2013,2665.0,2493.0,2274.0,2859.0,2227.0
2013-11-07,CA_1,FOODS,2497,3.2531672,1,0,6,11,2013,2543.0,2134.0,2126.0,3002.0,2485.0
2013-11-08,CA_1,FOODS,2955,3.2531672,1,0,7,11,2013,2497.0,3120.0,2827.0,3184.0,2396.0
2013-11-09,CA_1,FOODS,3648,3.2490351,1,0,1,11,2013,2955.0,3665.0,3716.0,3665.0,3011.0
2013-11-10,CA_1,FOODS,4145,3.2490351,1,0,2,11,2013,3648.0,4408.0,3855.0,4053.0,3722.0
2013-11-11,CA_1,FOODS,3067,3.2490351,0,1,3,11,2013,4145.0,2863.0,2730.0,2899.0,3549.0
2013-11-12,CA_1,FOODS,2215,3.2490351,0,0,4,11,2013,3067.0,2665.0,2386.0,2311.0,2646.0
2013-11-13,CA_1,FOODS,2124,3.2490351,0,0,5,11,2013,2215.0,2543.0,2493.0,2357.0,2167.0
2013-11-14,CA_1,FOODS,2309,3.2490351,0,0,6,11,2013,2124.0,2497.0,2134.0,2425.0,1870.0
2013-11-15,CA_1,FOODS,2589,3.2490351,0,0,7,11,2013,2309.0,2955.0,3120.0,2899.0,2032.0
2013-11-16,CA_1,FOODS,3701,3.2454128,0,0,1,11,2013,2589.0,3648.0,3665.0,3676.0,2662.0
2013-11-17,CA_1,FOODS,3781,3.2454128,0,0,2,11,2013,3701.0,4145.0,4408.0,4015.0,3476.0
2013-11-18,CA_1,FOODS,2550,3.2454128,0,0,3,11,2013,3781.0,3067.0,2863.0,2620.0,3228.0
2013-11-19,CA_1,FOODS,2242,3.2454128,0,0,4,11,2013,2550.0,2215.0,2665.0,2359.0,2523.0
2013-11-20,CA_1,FOODS,2130,3.2454128,0,0,5,11,2013,2242.0,2124.0,2543.0,2274.0,2720.0
2013-11-21,CA_1,FOODS,2260,3.2454128,0,0,6,11,2013,2130.0,2309.0,2497.0,2126.0,3057.0
2013-11-22,CA_1,FOODS,2597,3.2454128,0,0,7,11,2013,2260.0,2589.0,2955.0,2827.0,1673.0
2013-11-23,CA_1,FOODS,3645,3.2485633,0,0,1,11,2013,2597.0,3701.0,3648.0,3716.0,1725.0
2013-11-24,CA_1,FOODS,3680,3.2485633,0,0,2,11,2013,3645.0,3781.0,4145.0,3855.0,2171.0
2013-11-25,CA_1,FOODS,2800,3.2485633,0,0,3,11,2013,3680.0,2550.0,3067.0,2730.0,2579.0
2013-11-26,CA_1,FOODS,2931,3.2485633,0,0,4,11,2013,2800.0,2242.0,2215.0,2386.0,2136.0
2013-11-27,CA_1,FOODS,3309,3.2485633,0,0,5,11,2013,2931.0,2130.0,2124.0,2493.0,1938.0
2013-11-28,CA_1,FOODS,1838,3.2485633,0,1,6,11,2013,3309.0,2260.0,2309.0,2134.0,1815.0
2013-11-29,CA_1,FOODS,1839,3.2485633,0,0,7,11,2013,1838.0,2597.0,2589.0,3120.0,1658.0
2013-11-30,CA_1,FOODS,2281,3.247445,0,0,1,11,2013,1839.0,3645.0,3701.0,3665.0,2242.0
2013-12-01,CA_1,FOODS,3208,3.247445,1,0,2,12,2013,2281.0,3680.0,3781.0,4408.0,3720.0
2013-12-02,CA_1,FOODS,3185,3.247445,1,0,3,12,2013,3208.0,2800.0,2550.0,2863.0,3097.0
2013-12-03,CA_1,FOODS,2884,3.247445,1,0,4,12,2013,3185.0,2931.0,2242.0,2665.0,2847.0
2013-12-04,CA_1,FOODS,2738,3.247445,1,0,5,12,2013,2884.0,3309.0,2130.0,2543.0,2189.0
2013-12-05,CA_1,FOODS,2637,3.247445,1,1,6,12,2013,2738.0,1838.0,2260.0,2497.0,2188.0
2013-12-06,CA_1,FOODS,3118,3.247445,1,0,7,12,2013,2637.0,1839.0,2597.0,2955.0,2372.0
2013-12-07,CA_1,FOODS,4281,3.2479935,1,0,1,12,2013,3118.0,2281.0,3645.0,3648.0,2879.0
2013-12-08,CA_1,FOODS,3962,3.2479935,1,0,2,12,2013,4281.0,3208.0,3680.0,4145.0,3678.0
2013-12-09,CA_1,FOODS,2913,3.2479935,1,0,3,12,2013,3962.0,3185.0,2800.0,3067.0,3622.0
2013-12-10,CA_1,FOODS,3160,3.2479935,1,0,4,12,2013,2913.0,2884.0,2931.0,2215.0,2869.0
2013-12-11,CA_1,FOODS,2443,3.2479935,0,0,5,12,2013,3160.0,2738.0,3309.0,2124.0,2275.0
2013-12-12,CA_1,FOODS,2389,3.2479935,0,0,6,12,2013,2443.0,2637.0,1838.0,2309.0,2169.0
2013-12-13,CA_1,FOODS,2738,3.2479935,0,0,7,12,2013,2389.0,3118.0,1839.0,2589.0,2100.0
2013-12-14,CA_1,FOODS,3660,3.2460213,0,0,1,12,2013,2738.0,4281.0,2281.0,3701.0,2614.0
2013-12-15,CA_1,FOODS,3651,3.2460213,0,0,2,12,2013,3660.0,3962.0,3208.0,3781.0,3305.0
2013-12-16,CA_1,FOODS,2848,3.2460213,0,0,3,12,2013,3651.0,2913.0,3185.0,2550.0,3269.0
2013-12-17,CA_1,FOODS,2403,3.2460213,0,0,4,12,2013,2848.0,3160.0,2884.0,2242.0,2378.0
2013-12-18,CA_1,FOODS,2517,3.2460213,0,0,5,12,2013,2403.0,2443.0,2738.0,2130.0,2397.0
2013-12-19,CA_1,FOODS,2626,3.2460213,0,0,6,12,2013,2517.0,2389.0,2637.0,2260.0,2212.0
2013-12-20,CA_1,FOODS,2674,3.2460213,0,0,7,12,2013,2626.0,2738.0,3118.0,2597.0,2529.0
2013-12-21,CA_1,FOODS,3715,3.247701,0,0,1,12,2013,2674.0,3660.0,4281.0,3645.0,2824.0
2013-12-22,CA_1,FOODS,3729,3.247701,0,0,2,12,2013,3715.0,3651.0,3962.0,3680.0,3524.0
2013-12-23,CA_1,FOODS,3537,3.247701,0,0,3,12,2013,3729.0,2848.0,2913.0,2800.0,3309.0
2013-12-24,CA_1,FOODS,2620,3.247701,0,0,4,12,2013,3537.0,2403.0,3160.0,2931.0,2731.0
2013-12-25,CA_1,FOODS,0,3.247701,0,1,5,12,2013,2620.0,2517.0,2443.0,3309.0,0.0
2013-12-26,CA_1,FOODS,2485,3.247701,0,0,6,12,2013,0.0,2626.0,2389.0,1838.0,2045.0
2013-12-27,CA_1,FOODS,2767,3.247701,0,0,7,12,2013,2485.0,2674.0,2738.0,1839.0,2079.0
2013-12-28,CA_1,FOODS,3209,3.2458415,0,0,1,12,2013,2767.0,3715.0,3660.0,2281.0,2415.0
2013-12-29,CA_1,FOODS,3092,3.2458415,0,0,2,12,2013,3209.0,3729.0,3651.0,3208.0,2781.0
2013-12-30,CA_1,FOODS,3085,3.2458415,0,0,3,12,2013,3092.0,3537.0,2848.0,3185.0,3111.0
2013-12-31,CA_1,FOODS,3271,3.2458415,0,0,4,12,2013,3085.0,2620.0,2403.0,2884.0,2974.0
2014-01-01,CA_1,FOODS,2140,3.2458415,1,1,5,1,2014,3271.0,0.0,2517.0,2738.0,1888.0
2014-01-02,CA_1,FOODS,2947,3.2458415,1,0,6,1,2014,2140.0,2485.0,2626.0,2637.0,2508.0
2014-01-03,CA_1,FOODS,3343,3.2458415,1,0,7,1,2014,2947.0,2767.0,2674.0,3118.0,2813.0
2014-01-04,CA_1,FOODS,3701,3.243776,1,0,1,1,2014,3343.0,3209.0,3715.0,4281.0,2962.0
2014-01-05,CA_1,FOODS,4029,3.243776,1,0,2,1,2014,3701.0,3092.0,3729.0,3962.0,3320.0
2014-01-06,CA_1,FOODS,3124,3.243776,1,0,3,1,2014,4029.0,3085.0,3537.0,2913.0,3557.0
2014-01-07,CA_1,FOODS,2928,3.243776,1,1,4,1,2014,3124.0,3271.0,2620.0,3160.0,2847.0
2014-01-08,CA_1,FOODS,2668,3.243776,1,0,5,1,2014,2928.0,2140.0,0.0,2443.0,2449.0
2014-01-09,CA_1,FOODS,2363,3.243776,1,0,6,1,2014,2668.0,2947.0,2485.0,2389.0,2118.0
2014-01-10,CA_1,FOODS,2949,3.243776,1,0,7,1,2014,2363.0,3343.0,2767.0,2738.0,2543.0
2014-01-11,CA_1,FOODS,4024,3.2436488,0,0,1,1,2014,2949.0,3701.0,3209.0,3660.0,2837.0
2014-01-12,CA_1,FOODS,3852,3.2436488,0,0,2,1,2014,4024.0,4029.0,3092.0,3651.0,3694.0
2014-01-13,CA_1,FOODS,2701,3.2436488,0,0,3,1,2014,3852.0,3124.0,3085.0,2848.0,3351.0
2014-01-14,CA_1,FOODS,2226,3.2436488,0,0,4,1,2014,2701.0,2928.0,3271.0,2403.0,2295.0
2014-01-15,CA_1,FOODS,2242,3.2436488,0,0,5,1,2014,2226.0,2668.0,2140.0,2517.0,2194.0
2014-01-16,CA_1,FOODS,2308,3.2436488,0,0,6,1,2014,2242.0,2363.0,2947.0,2626.0,1992.0
2014-01-17,CA_1,FOODS,2980,3.2436488,0,0,7,1,2014,2308.0,2949.0,3343.0,2674.0,2150.0
2014-01-18,CA_1,FOODS,3867,3.239816,0,0,1,1,2014,2980.0,4024.0,3701.0,3715.0,2619.0
2014-01-19,CA_1,FOODS,3596,3.239816,0,0,2,1,2014,3867.0,3852.0,4029.0,3729.0,3533.0
2014-01-20,CA_1,FOODS,2787,3.239816,0,1,3,1,2014,3596.0,2701.0,3124.0,3537.0,2966.0
2014-01-21,CA_1,FOODS,2005,3.239816,0,0,4,1,2014,2787.0,2226.0,2928.0,2620.0,2537.0
2014-01-22,CA_1,FOODS,2105,3.239816,0,0,5,1,2014,2005.0,2242.0,2668.0,0.0,1922.0
2014-01-23,CA_1,FOODS,2033,3.239816,0,0,6,1,2014,2105.0,2308.0,2363.0,2485.0,1807.0
2014-01-24,CA_1,FOODS,2786,3.239816,0,0,7,1,2014,2033.0,2980.0,2949.0,2767.0,1857.0
2014-01-25,CA_1,FOODS,3345,3.233405,0,0,1,1,2014,2786.0,3867.0,4024.0,3209.0,2264.0
2014-01-26,CA_1,FOODS,3848,3.233405,0,0,2,1,2014,3345.0,3596.0,3852.0,3092.0,3307.0
2014-01-27,CA_1,FOODS,2382,3.233405,0,0,3,1,2014,3848.0,2787.0,2701.0,3085.0,3102.0
2014-01-28,CA_1,FOODS,2009,3.233405,0,0,4,1,2014,2382.0,2005.0,2226.0,3271.0,2088.0
2014-01-29,CA_1,FOODS,1871,3.233405,0,0,5,1,2014,2009.0,2105.0,2242.0,2140.0,2012.0
2014-01-30,CA_1,FOODS,1866,3.233405,0,0,6,1,2014,1871.0,2033.0,2308.0,2947.0,1717.0
2014-01-31,CA_1,FOODS,2963,3.233405,0,0,7,1,2014,1866.0,2786.0,2980.0,3343.0,2116.0
2014-02-01,CA_1,FOODS,4542,3.2300715,1,0,1,2,2014,2963.0,3345.0,3867.0,3701.0,3039.0
2014-02-02,CA_1,FOODS,3817,3.2300715,1,1,2,2,2014,4542.0,3848.0,3596.0,4029.0,4472.0
2014-02-03,CA_1,FOODS,2856,3.2300715,1,0,3,2,2014,3817.0,2382.0,2787.0,3124.0,3046.0
2014-02-04,CA_1,FOODS,2408,3.2300715,1,0,4,2,2014,2856.0,2009.0,2005.0,2928.0,2214.0
2014-02-05,CA_1,FOODS,2413,3.2300715,1,0,5,2,2014,2408.0,1871.0,2105.0,2668.0,2252.0
2014-02-06,CA_1,FOODS,2591,3.2300715,1,0,6,2,2014,2413.0,1866.0,2033.0,2363.0,2283.0
2014-02-07,CA_1,FOODS,2988,3.2300715,1,0,7,2,2014,2591.0,2963.0,2786.0,2949.0,2442.0
2014-02-08,CA_1,FOODS,4083,3.2344744,1,0,1,2,2014,2988.0,4542.0,3345.0,4024.0,2849.0
2014-02-09,CA_1,FOODS,4166,3.2344744,1,0,2,2,2014,4083.0,3817.0,3848.0,3852.0,3843.0
2014-02-10,CA_1,FOODS,3005,3.2344744,1,0,3,2,2014,4166.0,2856.0,2382.0,2701.0,3969.0
2014-02-11,CA_1,FOODS,2497,3.2344744,0,0,4,2,2014,3005.0,2408.0,2009.0,2226.0,2885.0
2014-02-12,CA_1,FOODS,2406,3.2344744,0,0,5,2,2014,2497.0,2413.0,1871.0,2242.0,2165.0
2014-02-13,CA_1,FOODS,2798,3.2344744,0,0,6,2,2014,2406.0,2591.0,1866.0,2308.0,2541.0
2014-02-14,CA_1,FOODS,2604,3.2344744,0,1,7,2,2014,2798.0,2988.0,2963.0,2980.0,2045.0
2014-02-15,CA_1,FOODS,3313,3.2356186,0,0,1,2,2014,2604.0,4083.0,4542.0,3867.0,2765.0
2014-02-16,CA_1,FOODS,3376,3.2356186,0,0,2,2,2014,3313.0,4166.0,3817.0,3596.0,3350.0
2014-02-17,CA_1,FOODS,2749,3.2356186,0,1,3,2,2014,3376.0,3005.0,2856.0,2787.0,3282.0
2014-02-18,CA_1,FOODS,2072,3.2356186,0,0,4,2,2014,2749.0,2497.0,2408.0,2005.0,2591.0
2014-02-19,CA_1,FOODS,2037,3.2356186,0,0,5,2,2014,2072.0,2406.0,2413.0,2105.0,1989.0
2014-02-20,CA_1,FOODS,2064,3.2356186,0,0,6,2,2014,2037.0,2798.0,2591.0,2033.0,2286.0
2014-02-21,CA_1,FOODS,2615,3.2356186,0,0,7,2,2014,2064.0,2604.0,2988.0,2786.0,2309.0
2014-02-22,CA_1,FOODS,3334,3.243383,0,0,1,2,2014,2615.0,3313.0,4083.0,3345.0,2790.0
2014-02-23,CA_1,FOODS,3515,3.243383,0,0,2,2,2014,3334.0,3376.0,4166.0,3848.0,3208.0
2014-02-24,CA_1,FOODS,2513,3.243383,0,0,3,2,2014,3515.0,2749.0,3005.0,2382.0,3229.0
2014-02-25,CA_1,FOODS,2020,3.243383,0,0,4,2,2014,2513.0,2072.0,2497.0,2009.0,2261.0
2014-02-26,CA_1,FOODS,1892,3.243383,0,0,5,2,2014,2020.0,2037.0,2406.0,1871.0,2026.0
2014-02-27,CA_1,FOODS,2104,3.243383,0,0,6,2,2014,1892.0,2064.0,2798.0,1866.0,2036.0
2014-02-28,CA_1,FOODS,2388,3.243383,0,0,7,2,2014,2104.0,2615.0,2604.0,2963.0,2105.0
2014-03-01,CA_1,FOODS,3831,3.2456207,1,0,1,3,2014,2388.0,3334.0,3313.0,4542.0,2699.0
2014-03-02,CA_1,FOODS,3892,3.2456207,1,0,2,3,2014,3831.0,3515.0,3376.0,3817.0,3680.0
2014-03-03,CA_1,FOODS,2592,3.2456207,1,0,3,3,2014,3892.0,2513.0,2749.0,2856.0,4006.0
2014-03-04,CA_1,FOODS,2300,3.2456207,1,0,4,3,2014,2592.0,2020.0,2072.0,2408.0,2656.0
2014-03-05,CA_1,FOODS,2107,3.2456207,1,1,5,3,2014,2300.0,1892.0,2037.0,2413.0,2328.0
2014-03-06,CA_1,FOODS,2176,3.2456207,1,0,6,3,2014,2107.0,2104.0,2064.0,2591.0,2456.0
2014-03-07,CA_1,FOODS,2910,3.2456207,1,0,7,3,2014,2176.0,2388.0,2615.0,2988.0,2324.0
2014-03-08,CA_1,FOODS,3497,3.2427118,1,0,1,3,2014,2910.0,3831.0,3334.0,4083.0,2978.0
2014-03-09,CA_1,FOODS,4174,3.2427118,1,0,2,3,2014,3497.0,3892.0,3515.0,4166.0,3621.0
2014-03-10,CA_1,FOODS,3204,3.2427118,1,0,3,3,2014,4174.0,2592.0,2513.0,3005.0,3479.0
2014-03-11,CA_1,FOODS,2398,3.2427118,0,0,4,3,2014,3204.0,2300.0,2020.0,2497.0,2529.0
2014-03-12,CA_1,FOODS,2433,3.2427118,0,1,5,3,2014,2398.0,2107.0,1892.0,2406.0,2149.0
2014-03-13,CA_1,FOODS,2392,3.2427118,0,0,6,3,2014,2433.0,2176.0,2104.0,2798.0,1985.0
2014-03-14,CA_1,FOODS,2732,3.2427118,0,0,7,3,2014,2392.0,2910.0,2388.0,2604.0,2163.0
2014-03-15,CA_1,FOODS,3869,3.2444875,0,0,1,3,2014,2732.0,3497.0,3831.0,3313.0,2758.0
2014-03-16,CA_1,FOODS,3882,3.2444875,0,1,2,3,2014,3869.0,4174.0,3892.0,3376.0,3378.0
2014-03-17,CA_1,FOODS,2452,3.2444875,0,1,3,3,2014,3882.0,3204.0,2592.0,2749.0,3282.0
2014-03-18,CA_1,FOODS,2183,3.2444875,0,0,4,3,2014,2452.0,2398.0,2300.0,2072.0,2025.0
2014-03-19,CA_1,FOODS,2247,3.2444875,0,0,5,3,2014,2183.0,2433.0,2107.0,2037.0,1984.0
2014-03-20,CA_1,FOODS,2387,3.2444875,0,0,6,3,2014,2247.0,2392.0,2176.0,2064.0,2234.0
2014-03-21,CA_1,FOODS,2795,3.2444875,0,0,7,3,2014,2387.0,2732.0,2910.0,2615.0,2146.0
2014-03-22,CA_1,FOODS,3453,3.2414107,0,0,1,3,2014,2795.0,3869.0,3497.0,3334.0,2789.0
2014-03-23,CA_1,FOODS,4029,3.2414107,0,0,2,3,2014,3453.0,3882.0,4174.0,3515.0,3228.0
2014-03-24,CA_1,FOODS,2851,3.2414107,0,0,3,3,2014,4029.0,2452.0,3204.0,2513.0,3280.0
2014-03-25,CA_1,FOODS,2377,3.2414107,0,0,4,3,2014,2851.0,2183.0,2398.0,2020.0,2346.0
2014-03-26,CA_1,FOODS,2088,3.2414107,0,0,5,3,2014,2377.0,2247.0,2433.0,1892.0,2192.0
2014-03-27,CA_1,FOODS,2267,3.2414107,0,0,6,3,2014,2088.0,2387.0,2392.0,2104.0,2083.0
2014-03-28,CA_1,FOODS,2813,3.2414107,0,0,7,3,2014,2267.0,2795.0,2732.0,2388.0,2661.0
2014-03-29,CA_1,FOODS,3381,3.2412548,0,0,1,3,2014,2813.0,3453.0,3869.0,3831.0,3274.0
2014-03-30,CA_1,FOODS,4085,3.2412548,0,0,2,3,2014,3381.0,4029.0,3882.0,3892.0,4414.0
2014-03-31,CA_1,FOODS,2483,3.2412548,0,0,3,3,2014,4085.0,2851.0,2452.0,2592.0,3191.0
2014-04-01,CA_1,FOODS,2636,3.2412548,1,0,4,4,2014,2483.0,2377.0,2183.0,2300.0,2301.0
2014-04-02,CA_1,FOODS,2826,3.2412548,1,0,5,4,2014,2636.0,2088.0,2247.0,2107.0,2495.0
2014-04-03,CA_1,FOODS,2859,3.2412548,1,0,6,4,2014,2826.0,2267.0,2387.0,2176.0,2596.0
2014-04-04,CA_1,FOODS,3085,3.2412548,1,0,7,4,2014,2859.0,2813.0,2795.0,2910.0,2602.0
2014-04-05,CA_1,FOODS,3958,3.2418602,1,0,1,4,2014,3085.0,3381.0,3453.0,3497.0,2992.0
2014-04-06,CA_1,FOODS,4639,3.2418602,1,0,2,4,2014,3958.0,4085.0,4029.0,4174.0,3672.0
2014-04-07,CA_1,FOODS,3304,3.2418602,1,0,3,4,2014,4639.0,2483.0,2851.0,3204.0,3852.0
2014-04-08,CA_1,FOODS,3020,3.2418602,1,0,4,4,2014,3304.0,2636.0,2377.0,2398.0,2620.0
2014-04-09,CA_1,FOODS,2843,3.2418602,1,0,5,4,2014,3020.0,2826.0,2088.0,2433.0,2550.0
2014-04-10,CA_1,FOODS,2875,3.2418602,1,0,6,4,2014,2843.0,2859.0,2267.0,2392.0,2611.0
2014-04-11,CA_1,FOODS,2996,3.2418602,0,0,7,4,2014,2875.0,3085.0,2813.0,2732.0,2513.0
2014-04-12,CA_1,FOODS,3664,3.240775,0,0,1,4,2014,2996.0,3958.0,3381.0,3869.0,2576.0
2014-04-13,CA_1,FOODS,3978,3.240775,0,0,2,4,2014,3664.0,4639.0,4085.0,3882.0,3255.0
2014-04-14,CA_1,FOODS,2828,3.240775,0,0,3,4,2014,3978.0,3304.0,2483.0,2452.0,3214.0
2014-04-15,CA_1,FOODS,2525,3.240775,0,0,4,4,2014,2828.0,3020.0,2636.0,2183.0,2310.0
2014-04-16,CA_1,FOODS,2996,3.240775,0,0,5,4,2014,2525.0,2843.0,2826.0,2247.0,1946.0
2014-04-17,CA_1,FOODS,2857,3.240775,0,0,6,4,2014,2996.0,2875.0,2859.0,2387.0,2128.0
2014-04-18,CA_1,FOODS,3738,3.240775,0,0,7,4,2014,2857.0,2996.0,3085.0,2795.0,2013.0
2014-04-19,CA_1,FOODS,4762,3.2321875,0,0,1,4,2014,3738.0,3664.0,3958.0,3453.0,2680.0
2014-04-20,CA_1,FOODS,3532,3.2321875,0,1,2,4,2014,4762.0,3978.0,4639.0,4029.0,3333.0
2014-04-21,CA_1,FOODS,2657,3.2321875,0,0,3,4,2014,3532.0,2828.0,3304.0,2851.0,3406.0
2014-04-22,CA_1,FOODS,2630,3.2321875,0,1,4,4,2014,2657.0,2525.0,3020.0,2377.0,2417.0
2014-04-23,CA_1,FOODS,2159,3.2321875,0,0,5,4,2014,2630.0,2996.0,2843.0,2088.0,1956.0
2014-04-24,CA_1,FOODS,2356,3.2321875,0,0,6,4,2014,2159.0,2857.0,2875.0,2267.0,2115.0
2014-04-25,CA_1,FOODS,3042,3.2321875,0,0,7,4,2014,2356.0,3738.0,2996.0,2813.0,2126.0
2014-04-26,CA_1,FOODS,3741,3.232114,0,0,1,4,2014,3042.0,4762.0,3664.0,3381.0,2506.0
2014-04-27,CA_1,FOODS,3941,3.232114,0,0,2,4,2014,3741.0,3532.0,3978.0,4085.0,3073.0
2014-04-28,CA_1,FOODS,2754,3.232114,0,0,3,4,2014,3941.0,2657.0,2828.0,2483.0,3319.0
2014-04-29,CA_1,FOODS,2223,3.232114,0,0,4,4,2014,2754.0,2630.0,2525.0,2636.0,2472.0
2014-04-30,CA_1,FOODS,2414,3.232114,0,0,5,4,2014,2223.0,2159.0,2996.0,2826.0,2284.0
2014-05-01,CA_1,FOODS,2950,3.232114,1,0,6,5,2014,2414.0,2356.0,2857.0,2859.0,2351.0
2014-05-02,CA_1,FOODS,3379,3.232114,1,0,7,5,2014,2950.0,3042.0,3738.0,3085.0,2618.0
2014-05-03,CA_1,FOODS,4157,3.232407,1,0,1,5,2014,3379.0,3741.0,4762.0,3958.0,3287.0
2014-05-04,CA_1,FOODS,4613,3.232407,1,0,2,5,2014,4157.0,3941.0,3532.0,4639.0,3831.0
2014-05-05,CA_1,FOODS,3100,3.232407,1,1,3,5,2014,4613.0,2754.0,2657.0,3304.0,3792.0
2014-05-06,CA_1,FOODS,2612,3.232407,1,0,4,5,2014,3100.0,2223.0,2630.0,3020.0,3075.0
2014-05-07,CA_1,FOODS,2662,3.232407,1,0,5,5,2014,2612.0,2414.0,2159.0,2843.0,2636.0
2014-05-08,CA_1,FOODS,2542,3.232407,1,0,6,5,2014,2662.0,2950.0,2356.0,2875.0,2426.0
2014-05-09,CA_1,FOODS,3128,3.232407,1,0,7,5,2014,2542.0,3379.0,3042.0,2996.0,2629.0
2014-05-10,CA_1,FOODS,3699,3.2378805,1,0,1,5,2014,3128.0,4157.0,3741.0,3664.0,3017.0
2014-05-11,CA_1,FOODS,2971,3.2378805,0,1,2,5,2014,3699.0,4613.0,3941.0,3978.0,4200.0
2014-05-12,CA_1,FOODS,3144,3.2378805,0,0,3,5,2014,2971.0,3100.0,2754.0,2828.0,3265.0
2014-05-13,CA_1,FOODS,2958,3.2378805,0,0,4,5,2014,3144.0,2612.0,2223.0,2525.0,2591.0
2014-05-14,CA_1,FOODS,2626,3.2378805,0,0,5,5,2014,2958.0,2662.0,2414.0,2996.0,2359.0
2014-05-15,CA_1,FOODS,2443,3.2378805,0,0,6,5,2014,2626.0,2542.0,2950.0,2857.0,2360.0
2014-05-16,CA_1,FOODS,3076,3.2378805,0,0,7,5,2014,2443.0,3128.0,3379.0,3738.0,2549.0
2014-05-17,CA_1,FOODS,3403,3.2362328,0,0,1,5,2014,3076.0,3699.0,4157.0,4762.0,2835.0
2014-05-18,CA_1,FOODS,4049,3.2362328,0,0,2,5,2014,3403.0,2971.0,4613.0,3532.0,3162.0
2014-05-19,CA_1,FOODS,2827,3.2362328,0,0,3,5,2014,4049.0,3144.0,3100.0,2657.0,3774.0
2014-05-20,CA_1,FOODS,2256,3.2362328,0,0,4,5,2014,2827.0,2958.0,2612.0,2630.0,2657.0
2014-05-21,CA_1,FOODS,2211,3.2362328,0,0,5,5,2014,2256.0,2626.0,2662.0,2159.0,2451.0
2014-05-22,CA_1,FOODS,2400,3.2362328,0,0,6,5,2014,2211.0,2443.0,2542.0,2356.0,2269.0
2014-05-23,CA_1,FOODS,2630,3.2362328,0,0,7,5,2014,2400.0,3076.0,3128.0,3042.0,2466.0
2014-05-24,CA_1,FOODS,3158,3.2316906,0,0,1,5,2014,2630.0,3403.0,3699.0,3741.0,3010.0
2014-05-25,CA_1,FOODS,3226,3.2316906,0,0,2,5,2014,3158.0,4049.0,2971.0,3941.0,3182.0
2014-05-26,CA_1,FOODS,3141,3.2316906,0,1,3,5,2014,3226.0,2827.0,3144.0,2754.0,2976.0
2014-05-27,CA_1,FOODS,2402,3.2316906,0,0,4,5,2014,3141.0,2256.0,2958.0,2223.0,2985.0
2014-05-28,CA_1,FOODS,2089,3.2316906,0,0,5,5,2014,2402.0,2211.0,2626.0,2414.0,2300.0
2014-05-29,CA_1,FOODS,2230,3.2316906,0,0,6,5,2014,2089.0,2400.0,2443.0,2950.0,2110.0
2014-05-30,CA_1,FOODS,2659,3.2316906,0,0,7,5,2014,2230.0,2630.0,3076.0,3379.0,2321.0
2014-05-31,CA_1,FOODS,3407,3.236877,0,0,1,5,2014,2659.0,3158.0,3403.0,4157.0,3095.0
2014-06-01,CA_1,FOODS,4216,3.236877,1,0,2,6,2014,3407.0,3226.0,4049.0,4613.0,3856.0
2014-06-02,CA_1,FOODS,3002,3.236877,1,0,3,6,2014,4216.0,3141.0,2827.0,3100.0,3982.0
2014-06-03,CA_1,FOODS,2637,3.236877,1,0,4,6,2014,3002.0,2402.0,2256.0,2612.0,2966.0
2014-06-04,CA_1,FOODS,2605,3.236877,1,0,5,6,2014,2637.0,2089.0,2211.0,2662.0,2694.0
2014-06-05,CA_1,FOODS,2597,3.236877,1,1,6,6,2014,2605.0,2230.0,2400.0,2542.0,2842.0
2014-06-06,CA_1,FOODS,2956,3.236877,1,0,7,6,2014,2597.0,2659.0,2630.0,3128.0,2120.0
2014-06-07,CA_1,FOODS,3882,3.2430522,1,0,1,6,2014,2956.0,3407.0,3158.0,3699.0,3358.0
2014-06-08,CA_1,FOODS,4339,3.2430522,1,0,2,6,2014,3882.0,4216.0,3226.0,2971.0,4011.0
2014-06-09,CA_1,FOODS,3415,3.2430522,1,0,3,6,2014,4339.0,3002.0,3141.0,3144.0,4186.0
2014-06-10,CA_1,FOODS,2821,3.2430522,1,0,4,6,2014,3415.0,2637.0,2402.0,2958.0,3336.0
2014-06-11,CA_1,FOODS,2765,3.2430522,0,0,5,6,2014,2821.0,2605.0,2089.0,2626.0,2612.0
2014-06-12,CA_1,FOODS,2639,3.2430522,0,0,6,6,2014,2765.0,2597.0,2230.0,2443.0,2649.0
2014-06-13,CA_1,FOODS,3250,3.2430522,0,0,7,6,2014,2639.0,2956.0,2659.0,3076.0,2738.0
2014-06-14,CA_1,FOODS,3956,3.245775,0,0,1,6,2014,3250.0,3882.0,3407.0,3403.0,3523.0
2014-06-15,CA_1,FOODS,3439,3.245775,0,1,2,6,2014,3956.0,4339.0,4216.0,4049.0,3936.0
2014-06-16,CA_1,FOODS,2860,3.245775,0,0,3,6,2014,3439.0,3415.0,3002.0,2827.0,3373.0
2014-06-17,CA_1,FOODS,2398,3.245775,0,0,4,6,2014,2860.0,2821.0,2637.0,2256.0,2624.0
2014-06-18,CA_1,FOODS,2733,3.245775,0,0,5,6,2014,2398.0,2765.0,2605.0,2211.0,2530.0
2014-06-19,CA_1,FOODS,2535,3.245775,0,0,6,6,2014,2733.0,2639.0,2597.0,2400.0,2246.0
2014-06-20,CA_1,FOODS,3397,3.245775,0,0,7,6,2014,2535.0,3250.0,2956.0,2630.0,2567.0
2014-06-21,CA_1,FOODS,3509,3.2607505,0,0,1,6,2014,3397.0,3956.0,3882.0,3158.0,3308.0
2014-06-22,CA_1,FOODS,3729,3.2607505,0,0,2,6,2014,3509.0,3439.0,4339.0,3226.0,3766.0
2014-06-23,CA_1,FOODS,2809,3.2607505,0,0,3,6,2014,3729.0,2860.0,3415.0,3141.0,3790.0
2014-06-24,CA_1,FOODS,2495,3.2607505,0,0,4,6,2014,2809.0,2398.0,2821.0,2402.0,2659.0
2014-06-25,CA_1,FOODS,2410,3.2607505,0,0,5,6,2014,2495.0,2733.0,2765.0,2089.0,2298.0
2014-06-26,CA_1,FOODS,2302,3.2607505,0,0,6,6,2014,2410.0,2535.0,2639.0,2230.0,2637.0
2014-06-27,CA_1,FOODS,2783,3.2607505,0,0,7,6,2014,2302.0,3397.0,3250.0,2659.0,2610.0
2014-06-28,CA_1,FOODS,3445,3.2724407,0,0,1,6,2014,2783.0,3509.0,3956.0,3407.0,3651.0
2014-06-29,CA_1,FOODS,3751,3.2724407,0,1,2,6,2014,3445.0,3729.0,3439.0,4216.0,4075.0
2014-06-30,CA_1,FOODS,2831,3.2724407,0,0,3,6,2014,3751.0,2809.0,2860.0,3002.0,4077.0
2014-07-01,CA_1,FOODS,2942,3.2724407,1,0,4,7,2014,2831.0,2495.0,2398.0,2637.0,3672.0
2014-07-02,CA_1,FOODS,2999,3.2724407,1,0,5,7,2014,2942.0,2410.0,2733.0,2605.0,3559.0
2014-07-03,CA_1,FOODS,3948,3.2724407,1,0,6,7,2014,2999.0,2302.0,2535.0,2597.0,3874.0
2014-07-04,CA_1,FOODS,3404,3.2724407,1,1,7,7,2014,3948.0,2783.0,3397.0,2956.0,3504.0
2014-07-05,CA_1,FOODS,3559,3.279409,1,0,1,7,2014,3404.0,3445.0,3509.0,3882.0,3799.0
2014-07-06,CA_1,FOODS,4140,3.279409,1,0,2,7,2014,3559.0,3751.0,3729.0,4339.0,3445.0
2014-07-07,CA_1,FOODS,3391,3.279409,1,0,3,7,2014,4140.0,2831.0,2809.0,3415.0,4336.0
2014-07-08,CA_1,FOODS,3147,3.279409,1,0,4,7,2014,3391.0,2942.0,2495.0,2821.0,3254.0
2014-07-09,CA_1,FOODS,2857,3.279409,1,0,5,7,2014,3147.0,2999.0,2410.0,2765.0,3081.0
2014-07-10,CA_1,FOODS,3041,3.279409,1,0,6,7,2014,2857.0,3948.0,2302.0,2639.0,3125.0
2014-07-11,CA_1,FOODS,3276,3.279409,0,0,7,7,2014,3041.0,3404.0,2783.0,3250.0,2888.0
2014-07-12,CA_1,FOODS,3853,3.2831883,0,0,1,7,2014,3276.0,3559.0,3445.0,3956.0,3376.0
2014-07-13,CA_1,FOODS,3913,3.2831883,0,0,2,7,2014,3853.0,4140.0,3751.0,3439.0,3725.0
2014-07-14,CA_1,FOODS,2857,3.2831883,0,0,3,7,2014,3913.0,3391.0,2831.0,2860.0,4179.0
2014-07-15,CA_1,FOODS,2738,3.2831883,0,0,4,7,2014,2857.0,3147.0,2942.0,2398.0,2888.0
2014-07-16,CA_1,FOODS,2625,3.2831883,0,0,5,7,2014,2738.0,2857.0,2999.0,2733.0,2719.0
2014-07-17,CA_1,FOODS,2673,3.2831883,0,0,6,7,2014,2625.0,3041.0,3948.0,2535.0,2728.0
2014-07-18,CA_1,FOODS,3165,3.2831883,0,0,7,7,2014,2673.0,3276.0,3404.0,3397.0,2828.0
2014-07-19,CA_1,FOODS,3626,3.2818675,0,0,1,7,2014,3165.0,3853.0,3559.0,3509.0,3203.0
2014-07-20,CA_1,FOODS,4196,3.2818675,0,0,2,7,2014,3626.0,3913.0,4140.0,3729.0,3799.0
2014-07-21,CA_1,FOODS,2677,3.2818675,0,0,3,7,2014,4196.0,2857.0,3391.0,2809.0,3908.0
2014-07-22,CA_1,FOODS,2484,3.2818675,0,0,4,7,2014,2677.0,2738.0,3147.0,2495.0,2777.0
2014-07-23,CA_1,FOODS,2692,3.2818675,0,0,5,7,2014,2484.0,2625.0,2857.0,2410.0,2714.0
2014-07-24,CA_1,FOODS,2751,3.2818675,0,0,6,7,2014,2692.0,2673.0,3041.0,2302.0,2661.0
2014-07-25,CA_1,FOODS,3042,3.2818675,0,0,7,7,2014,2751.0,3165.0,3276.0,2783.0,2598.0
2014-07-26,CA_1,FOODS,3234,3.2799265,0,0,1,7,2014,3042.0,3626.0,3853.0,3445.0,2925.0
2014-07-27,CA_1,FOODS,3776,3.2799265,0,0,2,7,2014,3234.0,4196.0,3913.0,3751.0,3239.0
2014-07-28,CA_1,FOODS,3047,3.2799265,0,0,3,7,2014,3776.0,2677.0,2857.0,2831.0,3786.0
2014-07-29,CA_1,FOODS,2579,3.2799265,0,1,4,7,2014,3047.0,2484.0,2738.0,2942.0,2743.0
2014-07-30,CA_1,FOODS,2798,3.2799265,0,0,5,7,2014,2579.0,2692.0,2625.0,2999.0,2660.0
2014-07-31,CA_1,FOODS,2703,3.2799265,0,0,6,7,2014,2798.0,2751.0,2673.0,3948.0,2504.0
2014-08-01,CA_1,FOODS,3579,3.2799265,1,0,7,8,2014,2703.0,3042.0,3165.0,3404.0,3135.0
2014-08-02,CA_1,FOODS,4136,3.279083,1,0,1,8,2014,3579.0,3234.0,3626.0,3559.0,3769.0
2014-08-03,CA_1,FOODS,4403,3.279083,1,0,2,8,2014,4136.0,3776.0,4196.0,4140.0,4222.0
2014-08-04,CA_1,FOODS,3533,3.279083,1,0,3,8,2014,4403.0,3047.0,2677.0,3391.0,3836.0
2014-08-05,CA_1,FOODS,3135,3.279083,1,0,4,8,2014,3533.0,2579.0,2484.0,3147.0,3378.0
2014-08-06,CA_1,FOODS,2879,3.279083,1,0,5,8,2014,3135.0,2798.0,2692.0,2857.0,2980.0
2014-08-07,CA_1,FOODS,2823,3.279083,1,0,6,8,2014,2879.0,2703.0,2751.0,3041.0,3263.0
2014-08-08,CA_1,FOODS,3316,3.279083,1,0,7,8,2014,2823.0,3579.0,3042.0,3276.0,3124.0
2014-08-09,CA_1,FOODS,4064,3.2818024,1,0,1,8,2014,3316.0,4136.0,3234.0,3853.0,3514.0
2014-08-10,CA_1,FOODS,4454,3.2818024,1,0,2,8,2014,4064.0,4403.0,3776.0,3913.0,4744.0
2014-08-11,CA_1,FOODS,2936,3.2818024,0,0,3,8,2014,4454.0,3533.0,3047.0,2857.0,4688.0
2014-08-12,CA_1,FOODS,2675,3.2818024,0,0,4,8,2014,2936.0,3135.0,2579.0,2738.0,3392.0
2014-08-13,CA_1,FOODS,2800,3.2818024,0,0,5,8,2014,2675.0,2879.0,2798.0,2625.0,2785.0
2014-08-14,CA_1,FOODS,2776,3.2818024,0,0,6,8,2014,2800.0,2823.0,2703.0,2673.0,2721.0
2014-08-15,CA_1,FOODS,2987,3.2818024,0,0,7,8,2014,2776.0,3316.0,3579.0,3165.0,3115.0
2014-08-16,CA_1,FOODS,4024,3.2783418,0,0,1,8,2014,2987.0,4064.0,4136.0,3626.0,3552.0
2014-08-17,CA_1,FOODS,4449,3.2783418,0,0,2,8,2014,4024.0,4454.0,4403.0,4196.0,4105.0
2014-08-18,CA_1,FOODS,3251,3.2783418,0,0,3,8,2014,4449.0,2936.0,3533.0,2677.0,4212.0
2014-08-19,CA_1,FOODS,2530,3.2783418,0,0,4,8,2014,3251.0,2675.0,3135.0,2484.0,3063.0
2014-08-20,CA_1,FOODS,2493,3.2783418,0,0,5,8,2014,2530.0,2800.0,2879.0,2692.0,2554.0
2014-08-21,CA_1,FOODS,2492,3.2783418,0,0,6,8,2014,2493.0,2776.0,2823.0,2751.0,3010.0
2014-08-22,CA_1,FOODS,2949,3.2783418,0,0,7,8,2014,2492.0,2987.0,3316.0,3042.0,2652.0
2014-08-23,CA_1,FOODS,3901,3.2811394,0,0,1,8,2014,2949.0,4024.0,4064.0,3234.0,3058.0
2014-08-24,CA_1,FOODS,4733,3.2811394,0,0,2,8,2014,3901.0,4449.0,4454.0,3776.0,4016.0
2014-08-25,CA_1,FOODS,2637,3.2811394,0,0,3,8,2014,4733.0,3251.0,2936.0,3047.0,5016.0
2014-08-26,CA_1,FOODS,2494,3.2811394,0,0,4,8,2014,2637.0,2530.0,2675.0,2579.0,2784.0
2014-08-27,CA_1,FOODS,2133,3.2811394,0,0,5,8,2014,2494.0,2493.0,2800.0,2798.0,2497.0
2014-08-28,CA_1,FOODS,2437,3.2811394,0,0,6,8,2014,2133.0,2492.0,2776.0,2703.0,2437.0
2014-08-29,CA_1,FOODS,3154,3.2811394,0,0,7,8,2014,2437.0,2949.0,2987.0,3579.0,2547.0
2014-08-30,CA_1,FOODS,3750,3.2811518,0,0,1,8,2014,3154.0,3901.0,4024.0,4136.0,3701.0
2014-08-31,CA_1,FOODS,3673,3.2811518,0,0,2,8,2014,3750.0,4733.0,4449.0,4403.0,4767.0
2014-09-01,CA_1,FOODS,3742,3.2811518,1,1,3,9,2014,3673.0,2637.0,3251.0,3533.0,4585.0
2014-09-02,CA_1,FOODS,2669,3.2811518,1,0,4,9,2014,3742.0,2494.0,2530.0,3135.0,4427.0
2014-09-03,CA_1,FOODS,2839,3.2811518,1,0,5,9,2014,2669.0,2133.0,2493.0,2879.0,3216.0
2014-09-04,CA_1,FOODS,2542,3.2811518,1,0,6,9,2014,2839.0,2437.0,2492.0,2823.0,2923.0
2014-09-05,CA_1,FOODS,3057,3.2811518,1,0,7,9,2014,2542.0,3154.0,2949.0,3316.0,2958.0
2014-09-06,CA_1,FOODS,4235,3.2874963,1,0,1,9,2014,3057.0,3750.0,3901.0,4064.0,3559.0
2014-09-07,CA_1,FOODS,4498,3.2874963,1,0,2,9,2014,4235.0,3673.0,4733.0,4454.0,4486.0
2014-09-08,CA_1,FOODS,2848,3.2874963,1,0,3,9,2014,4498.0,3742.0,2637.0,2936.0,5015.0
2014-09-09,CA_1,FOODS,2801,3.2874963,1,0,4,9,2014,2848.0,2669.0,2494.0,2675.0,3458.0
2014-09-10,CA_1,FOODS,2696,3.2874963,1,0,5,9,2014,2801.0,2839.0,2133.0,2800.0,3013.0
2014-09-11,CA_1,FOODS,2819,3.2874963,0,0,6,9,2014,2696.0,2542.0,2437.0,2776.0,2710.0
2014-09-12,CA_1,FOODS,2980,3.2874963,0,0,7,9,2014,2819.0,3057.0,3154.0,2987.0,2656.0
2014-09-13,CA_1,FOODS,3777,3.2877142,0,0,1,9,2014,2980.0,4235.0,3750.0,4024.0,3295.0
2014-09-14,CA_1,FOODS,3982,3.2877142,0,0,2,9,2014,3777.0,4498.0,3673.0,4449.0,4044.0
2014-09-15,CA_1,FOODS,2810,3.2877142,0,0,3,9,2014,3982.0,2848.0,3742.0,3251.0,4040.0
2014-09-16,CA_1,FOODS,2391,3.2877142,0,0,4,9,2014,2810.0,2801.0,2669.0,2530.0,2974.0
2014-09-17,CA_1,FOODS,2311,3.2877142,0,0,5,9,2014,2391.0,2696.0,2839.0,2493.0,2776.0
2014-09-18,CA_1,FOODS,2157,3.2877142,0,0,6,9,2014,2311.0,2819.0,2542.0,2492.0,2565.0
2014-09-19,CA_1,FOODS,2881,3.2877142,0,0,7,9,2014,2157.0,2980.0,3057.0,2949.0,2555.0
2014-09-20,CA_1,FOODS,3699,3.2900002,0,0,1,9,2014,2881.0,3777.0,4235.0,3901.0,3253.0
2014-09-21,CA_1,FOODS,4159,3.2900002,0,0,2,9,2014,3699.0,3982.0,4498.0,4733.0,4172.0
2014-09-22,CA_1,FOODS,2729,3.2900002,0,0,3,9,2014,4159.0,2810.0,2848.0,2637.0,4532.0
2014-09-23,CA_1,FOODS,2436,3.2900002,0,0,4,9,2014,2729.0,2391.0,2801.0,2494.0,2861.0
2014-09-24,CA_1,FOODS,2412,3.2900002,0,0,5,9,2014,2436.0,2311.0,2696.0,2133.0,2662.0
2014-09-25,CA_1,FOODS,2319,3.2900002,0,0,6,9,2014,2412.0,2157.0,2819.0,2437.0,2178.0
2014-09-26,CA_1,FOODS,2895,3.2900002,0,0,7,9,2014,2319.0,2881.0,2980.0,3154.0,2449.0
2014-09-27,CA_1,FOODS,3769,3.28356,0,0,1,9,2014,2895.0,3699.0,3777.0,3750.0,2865.0
2014-09-28,CA_1,FOODS,4090,3.28356,0,0,2,9,2014,3769.0,4159.0,3982.0,3673.0,4007.0
2014-09-29,CA_1,FOODS,2837,3.28356,0,0,3,9,2014,4090.0,2729.0,2810.0,3742.0,4518.0
2014-09-30,CA_1,FOODS,2541,3.28356,0,0,4,9,2014,2837.0,2436.0,2391.0,2669.0,2952.0
2014-10-01,CA_1,FOODS,2629,3.28356,1,0,5,10,2014,2541.0,2412.0,2311.0,2839.0,3020.0
2014-10-02,CA_1,FOODS,2773,3.28356,1,0,6,10,2014,2629.0,2319.0,2157.0,2542.0,2370.0
2014-10-03,CA_1,FOODS,3516,3.28356,1,0,7,10,2014,2773.0,2895.0,2881.0,3057.0,2693.0
2014-10-04,CA_1,FOODS,4379,3.2819233,1,1,1,10,2014,3516.0,3769.0,3699.0,4235.0,3288.0
2014-10-05,CA_1,FOODS,4443,3.2819233,1,0,2,10,2014,4379.0,4090.0,4159.0,4498.0,4061.0
2014-10-06,CA_1,FOODS,3419,3.2819233,1,0,3,10,2014,4443.0,2837.0,2729.0,2848.0,4256.0
2014-10-07,CA_1,FOODS,2841,3.2819233,1,0,4,10,2014,3419.0,2541.0,2436.0,2801.0,3317.0
2014-10-08,CA_1,FOODS,2932,3.2819233,1,0,5,10,2014,2841.0,2629.0,2412.0,2696.0,3072.0
2014-10-09,CA_1,FOODS,3057,3.2819233,1,0,6,10,2014,2932.0,2773.0,2319.0,2819.0,2859.0
2014-10-10,CA_1,FOODS,3163,3.2819233,1,0,7,10,2014,3057.0,3516.0,2895.0,2980.0,3002.0
2014-10-11,CA_1,FOODS,3883,3.297648,0,0,1,10,2014,3163.0,4379.0,3769.0,3777.0,3184.0
2014-10-12,CA_1,FOODS,4194,3.297648,0,0,2,10,2014,3883.0,4443.0,4090.0,3982.0,3665.0
2014-10-13,CA_1,FOODS,2992,3.297648,0,1,3,10,2014,4194.0,3419.0,2837.0,2810.0,4053.0
2014-10-14,CA_1,FOODS,2342,3.297648,0,0,4,10,2014,2992.0,2841.0,2541.0,2391.0,2899.0
2014-10-15,CA_1,FOODS,2269,3.297648,0,0,5,10,2014,2342.0,2932.0,2629.0,2311.0,2311.0
2014-10-16,CA_1,FOODS,2314,3.297648,0,0,6,10,2014,2269.0,3057.0,2773.0,2157.0,2357.0
2014-10-17,CA_1,FOODS,2962,3.297648,0,0,7,10,2014,2314.0,3163.0,3516.0,2881.0,2425.0
2014-10-18,CA_1,FOODS,4135,3.3005402,0,0,1,10,2014,2962.0,3883.0,4379.0,3699.0,2899.0
2014-10-19,CA_1,FOODS,4342,3.3005402,0,0,2,10,2014,4135.0,4194.0,4443.0,4159.0,3676.0
2014-10-20,CA_1,FOODS,2948,3.3005402,0,0,3,10,2014,4342.0,2992.0,3419.0,2729.0,4015.0
2014-10-21,CA_1,FOODS,2269,3.3005402,0,0,4,10,2014,2948.0,2342.0,2841.0,2436.0,2620.0
2014-10-22,CA_1,FOODS,2317,3.3005402,0,0,5,10,2014,2269.0,2269.0,2932.0,2412.0,2359.0
2014-10-23,CA_1,FOODS,2313,3.3005402,0,0,6,10,2014,2317.0,2314.0,3057.0,2319.0,2274.0
2014-10-24,CA_1,FOODS,2800,3.3005402,0,0,7,10,2014,2313.0,2962.0,3163.0,2895.0,2126.0
2014-10-25,CA_1,FOODS,3920,3.3001728,0,0,1,10,2014,2800.0,4135.0,3883.0,3769.0,2827.0
2014-10-26,CA_1,FOODS,3639,3.3001728,0,0,2,10,2014,3920.0,4342.0,4194.0,4090.0,3716.0
2014-10-27,CA_1,FOODS,2846,3.3001728,0,0,3,10,2014,3639.0,2948.0,2992.0,2837.0,3855.0
2014-10-28,CA_1,FOODS,2249,3.3001728,0,0,4,10,2014,2846.0,2269.0,2342.0,2541.0,2730.0
2014-10-29,CA_1,FOODS,2313,3.3001728,0,0,5,10,2014,2249.0,2317.0,2269.0,2629.0,2386.0
2014-10-30,CA_1,FOODS,2564,3.3001728,0,0,6,10,2014,2313.0,2313.0,2314.0,2773.0,2493.0
2014-10-31,CA_1,FOODS,2735,3.3001728,0,1,7,10,2014,2564.0,2800.0,2962.0,3516.0,2134.0
2014-11-01,CA_1,FOODS,4289,3.3010504,1,0,1,11,2014,2735.0,3920.0,4135.0,4379.0,3120.0
2014-11-02,CA_1,FOODS,4546,3.3010504,1,0,2,11,2014,4289.0,3639.0,4342.0,4443.0,3665.0
2014-11-03,CA_1,FOODS,3425,3.3010504,1,0,3,11,2014,4546.0,2846.0,2948.0,3419.0,4408.0
2014-11-04,CA_1,FOODS,2859,3.3010504,1,0,4,11,2014,3425.0,2249.0,2269.0,2841.0,2863.0
2014-11-05,CA_1,FOODS,2348,3.3010504,1,0,5,11,2014,2859.0,2313.0,2317.0,2932.0,2665.0
2014-11-06,CA_1,FOODS,2706,3.3010504,1,0,6,11,2014,2348.0,2564.0,2313.0,3057.0,2543.0
2014-11-07,CA_1,FOODS,2997,3.3010504,1,0,7,11,2014,2706.0,2735.0,2800.0,3163.0,2497.0
2014-11-08,CA_1,FOODS,3886,3.3058906,1,0,1,11,2014,2997.0,4289.0,3920.0,3883.0,2955.0
2014-11-09,CA_1,FOODS,4398,3.3058906,1,0,2,11,2014,3886.0,4546.0,3639.0,4194.0,3648.0
2014-11-10,CA_1,FOODS,3290,3.3058906,1,0,3,11,2014,4398.0,3425.0,2846.0,2992.0,4145.0
2014-11-11,CA_1,FOODS,2709,3.3058906,0,1,4,11,2014,3290.0,2859.0,2249.0,2342.0,3067.0
2014-11-12,CA_1,FOODS,2340,3.3058906,0,0,5,11,2014,2709.0,2348.0,2313.0,2269.0,2215.0
2014-11-13,CA_1,FOODS,2290,3.3058906,0,0,6,11,2014,2340.0,2706.0,2564.0,2314.0,2124.0
2014-11-14,CA_1,FOODS,2793,3.3058906,0,0,7,11,2014,2290.0,2997.0,2735.0,2962.0,2309.0
2014-11-15,CA_1,FOODS,3624,3.3064225,0,0,1,11,2014,2793.0,3886.0,4289.0,4135.0,2589.0
2014-11-16,CA_1,FOODS,4048,3.3064225,0,0,2,11,2014,3624.0,4398.0,4546.0,4342.0,3701.0
2014-11-17,CA_1,FOODS,2770,3.3064225,0,0,3,11,2014,4048.0,3290.0,3425.0,2948.0,3781.0
2014-11-18,CA_1,FOODS,2290,3.3064225,0,0,4,11,2014,2770.0,2709.0,2859.0,2269.0,2550.0
2014-11-19,CA_1,FOODS,2161,3.3064225,0,0,5,11,2014,2290.0,2340.0,2348.0,2317.0,2242.0
2014-11-20,CA_1,FOODS,2269,3.3064225,0,0,6,11,2014,2161.0,2290.0,2706.0,2313.0,2130.0
2014-11-21,CA_1,FOODS,2793,3.3064225,0,0,7,11,2014,2269.0,2793.0,2997.0,2800.0,2260.0
2014-11-22,CA_1,FOODS,3822,3.3092177,0,0,1,11,2014,2793.0,3624.0,3886.0,3920.0,2597.0
2014-11-23,CA_1,FOODS,3632,3.3092177,0,0,2,11,2014,3822.0,4048.0,4398.0,3639.0,3645.0
2014-11-24,CA_1,FOODS,3185,3.3092177,0,0,3,11,2014,3632.0,2770.0,3290.0,2846.0,3680.0
2014-11-25,CA_1,FOODS,3024,3.3092177,0,0,4,11,2014,3185.0,2290.0,2709.0,2249.0,2800.0
2014-11-26,CA_1,FOODS,3165,3.3092177,0,0,5,11,2014,3024.0,2161.0,2340.0,2313.0,2931.0
2014-11-27,CA_1,FOODS,1972,3.3092177,0,1,6,11,2014,3165.0,2269.0,2290.0,2564.0,3309.0
2014-11-28,CA_1,FOODS,2295,3.3092177,0,0,7,11,2014,1972.0,2793.0,2793.0,2735.0,1838.0
2014-11-29,CA_1,FOODS,2983,3.3103445,0,0,1,11,2014,2295.0,3822.0,3624.0,4289.0,1839.0
2014-11-30,CA_1,FOODS,3229,3.3103445,0,0,2,11,2014,2983.0,3632.0,4048.0,4546.0,2281.0
2014-12-01,CA_1,FOODS,2867,3.3103445,1,0,3,12,2014,3229.0,3185.0,2770.0,3425.0,3208.0
2014-12-02,CA_1,FOODS,2311,3.3103445,1,0,4,12,2014,2867.0,3024.0,2290.0,2859.0,3185.0
2014-12-03,CA_1,FOODS,2337,3.3103445,1,0,5,12,2014,2311.0,3165.0,2161.0,2348.0,2884.0
2014-12-04,CA_1,FOODS,2774,3.3103445,1,0,6,12,2014,2337.0,1972.0,2269.0,2706.0,2738.0
2014-12-05,CA_1,FOODS,2730,3.3103445,1,0,7,12,2014,2774.0,2295.0,2793.0,2997.0,2637.0
2014-12-06,CA_1,FOODS,3741,3.3113039,1,0,1,12,2014,2730.0,2983.0,3822.0,3886.0,3118.0
2014-12-07,CA_1,FOODS,3751,3.3113039,1,0,2,12,2014,3741.0,3229.0,3632.0,4398.0,4281.0
2014-12-08,CA_1,FOODS,3102,3.3113039,1,0,3,12,2014,3751.0,2867.0,3185.0,3290.0,3962.0
2014-12-09,CA_1,FOODS,2687,3.3113039,1,0,4,12,2014,3102.0,2311.0,3024.0,2709.0,2913.0
2014-12-10,CA_1,FOODS,3222,3.3113039,1,0,5,12,2014,2687.0,2337.0,3165.0,2340.0,3160.0
2014-12-11,CA_1,FOODS,1665,3.3113039,0,0,6,12,2014,3222.0,2774.0,1972.0,2290.0,2443.0
2014-12-12,CA_1,FOODS,2472,3.3113039,0,0,7,12,2014,1665.0,2730.0,2295.0,2793.0,2389.0
2014-12-13,CA_1,FOODS,3310,3.310701,0,0,1,12,2014,2472.0,3741.0,2983.0,3624.0,2738.0
2014-12-14,CA_1,FOODS,3860,3.310701,0,0,2,12,2014,3310.0,3751.0,3229.0,4048.0,3660.0
2014-12-15,CA_1,FOODS,2613,3.310701,0,0,3,12,2014,3860.0,3102.0,2867.0,2770.0,3651.0
2014-12-16,CA_1,FOODS,2549,3.310701,0,0,4,12,2014,2613.0,2687.0,2311.0,2290.0,2848.0
2014-12-17,CA_1,FOODS,2523,3.310701,0,0,5,12,2014,2549.0,3222.0,2337.0,2161.0,2403.0
2014-12-18,CA_1,FOODS,2671,3.310701,0,0,6,12,2014,2523.0,1665.0,2774.0,2269.0,2517.0
2014-12-19,CA_1,FOODS,2668,3.310701,0,0,7,12,2014,2671.0,2472.0,2730.0,2793.0,2626.0
2014-12-20,CA_1,FOODS,3560,3.308274,0,0,1,12,2014,2668.0,3310.0,3741.0,3822.0,2674.0
2014-12-21,CA_1,FOODS,3858,3.308274,0,0,2,12,2014,3560.0,3860.0,3751.0,3632.0,3715.0
2014-12-22,CA_1,FOODS,3460,3.308274,0,0,3,12,2014,3858.0,2613.0,3102.0,3185.0,3729.0
2014-12-23,CA_1,FOODS,3179,3.308274,0,0,4,12,2014,3460.0,2549.0,2687.0,3024.0,3537.0
2014-12-24,CA_1,FOODS,2610,3.308274,0,1,5,12,2014,3179.0,2523.0,3222.0,3165.0,2620.0
2014-12-25,CA_1,FOODS,0,3.308274,0,1,6,12,2014,2610.0,2671.0,1665.0,1972.0,0.0
2014-12-26,CA_1,FOODS,2365,3.308274,0,0,7,12,2014,0.0,2668.0,2472.0,2295.0,2485.0
2014-12-27,CA_1,FOODS,2744,3.3084095,0,0,1,12,2014,2365.0,3560.0,3310.0,2983.0,2767.0
2014-12-28,CA_1,FOODS,2958,3.3084095,0,0,2,12,2014,2744.0,3858.0,3860.0,3229.0,3209.0
2014-12-29,CA_1,FOODS,2560,3.3084095,0,0,3,12,2014,2958.0,3460.0,2613.0,2867.0,3092.0
2014-12-30,CA_1,FOODS,2427,3.3084095,0,0,4,12,2014,2560.0,3179.0,2549.0,2311.0,3085.0
2014-12-31,CA_1,FOODS,2895,3.3084095,0,0,5,12,2014,2427.0,2610.0,2523.0,2337.0,3271.0
2015-01-01,CA_1,FOODS,2179,3.3084095,1,1,6,1,2015,2895.0,0.0,2671.0,2774.0,2140.0
2015-01-02,CA_1,FOODS,3172,3.3084095,1,0,7,1,2015,2179.0,2365.0,2668.0,2730.0,2947.0
2015-01-03,CA_1,FOODS,3651,3.31005,1,0,1,1,2015,3172.0,2744.0,3560.0,3741.0,3343.0
2015-01-04,CA_1,FOODS,4168,3.31005,1,0,2,1,2015,3651.0,2958.0,3858.0,3751.0,3701.0
2015-01-05,CA_1,FOODS,3140,3.31005,1,0,3,1,2015,4168.0,2560.0,3460.0,3102.0,4029.0
2015-01-06,CA_1,FOODS,2597,3.31005,1,0,4,1,2015,3140.0,2427.0,3179.0,2687.0,3124.0
2015-01-07,CA_1,FOODS,2503,3.31005,1,1,5,1,2015,2597.0,2895.0,2610.0,3222.0,2928.0
2015-01-08,CA_1,FOODS,2510,3.31005,1,0,6,1,2015,2503.0,2179.0,0.0,1665.0,2668.0
2015-01-09,CA_1,FOODS,2899,3.31005,1,0,7,1,2015,2510.0,3172.0,2365.0,2472.0,2363.0
2015-01-10,CA_1,FOODS,3999,3.3122184,1,0,1,1,2015,2899.0,3651.0,2744.0,3310.0,2949.0
2015-01-11,CA_1,FOODS,4148,3.3122184,0,0,2,1,2015,3999.0,4168.0,2958.0,3860.0,4024.0
2015-01-12,CA_1,FOODS,2785,3.3122184,0,0,3,1,2015,4148.0,3140.0,2560.0,2613.0,3852.0
2015-01-13,CA_1,FOODS,2240,3.3122184,0,0,4,1,2015,2785.0,2597.0,2427.0,2549.0,2701.0
2015-01-14,CA_1,FOODS,2187,3.3122184,0,0,5,1,2015,2240.0,2503.0,2895.0,2523.0,2226.0
2015-01-15,CA_1,FOODS,2360,3.3122184,0,0,6,1,2015,2187.0,2510.0,2179.0,2671.0,2242.0
2015-01-16,CA_1,FOODS,2745,3.3122184,0,0,7,1,2015,2360.0,2899.0,3172.0,2668.0,2308.0
2015-01-17,CA_1,FOODS,3480,3.3091946,0,0,1,1,2015,2745.0,3999.0,3651.0,3560.0,2980.0
2015-01-18,CA_1,FOODS,3658,3.3091946,0,0,2,1,2015,3480.0,4148.0,4168.0,3858.0,3867.0
2015-01-19,CA_1,FOODS,2945,3.3091946,0,1,3,1,2015,3658.0,2785.0,3140.0,3460.0,3596.0
2015-01-20,CA_1,FOODS,2302,3.3091946,0,0,4,1,2015,2945.0,2240.0,2597.0,3179.0,2787.0
2015-01-21,CA_1,FOODS,2228,3.3091946,0,0,5,1,2015,2302.0,2187.0,2503.0,2610.0,2005.0
2015-01-22,CA_1,FOODS,2046,3.3091946,0,0,6,1,2015,2228.0,2360.0,2510.0,0.0,2105.0
2015-01-23,CA_1,FOODS,2678,3.3091946,0,0,7,1,2015,2046.0,2745.0,2899.0,2365.0,2033.0
2015-01-24,CA_1,FOODS,3708,3.3066926,0,0,1,1,2015,2678.0,3480.0,3999.0,2744.0,2786.0
2015-01-25,CA_1,FOODS,3727,3.3066926,0,0,2,1,2015,3708.0,3658.0,4148.0,2958.0,3345.0
2015-01-26,CA_1,FOODS,2344,3.3066926,0,0,3,1,2015,3727.0,2945.0,2785.0,2560.0,3848.0
2015-01-27,CA_1,FOODS,1992,3.3066926,0,0,4,1,2015,2344.0,2302.0,2240.0,2427.0,2382.0
2015-01-28,CA_1,FOODS,2082,3.3066926,0,0,5,1,2015,1992.0,2228.0,2187.0,2895.0,2009.0
2015-01-29,CA_1,FOODS,2131,3.3066926,0,0,6,1,2015,2082.0,2046.0,2360.0,2179.0,1871.0
2015-01-30,CA_1,FOODS,2713,3.3066926,0,0,7,1,2015,2131.0,2678.0,2745.0,3172.0,1866.0
2015-01-31,CA_1,FOODS,4140,3.315299,0,0,1,1,2015,2713.0,3708.0,3480.0,3651.0,2963.0
2015-02-01,CA_1,FOODS,3711,3.315299,1,1,2,2,2015,4140.0,3727.0,3658.0,4168.0,4542.0
2015-02-02,CA_1,FOODS,2640,3.315299,1,0,3,2,2015,3711.0,2344.0,2945.0,3140.0,3817.0
2015-02-03,CA_1,FOODS,2718,3.315299,1,0,4,2,2015,2640.0,1992.0,2302.0,2597.0,2856.0
2015-02-04,CA_1,FOODS,2588,3.315299,1,0,5,2,2015,2718.0,2082.0,2228.0,2503.0,2408.0
2015-02-05,CA_1,FOODS,2632,3.315299,1,0,6,2,2015,2588.0,2131.0,2046.0,2510.0,2413.0
2015-02-06,CA_1,FOODS,2797,3.315299,1,0,7,2,2015,2632.0,2713.0,2678.0,2899.0,2591.0
2015-02-07,CA_1,FOODS,4219,3.3245468,1,0,1,2,2015,2797.0,4140.0,3708.0,3999.0,2988.0
2015-02-08,CA_1,FOODS,4086,3.3245468,1,0,2,2,2015,4219.0,3711.0,3727.0,4148.0,4083.0
2015-02-09,CA_1,FOODS,3451,3.3245468,1,0,3,2,2015,4086.0,2640.0,2344.0,2785.0,4166.0
2015-02-10,CA_1,FOODS,2809,3.3245468,1,0,4,2,2015,3451.0,2718.0,1992.0,2240.0,3005.0
2015-02-11,CA_1,FOODS,2745,3.3245468,0,0,5,2,2015,2809.0,2588.0,2082.0,2187.0,2497.0
2015-02-12,CA_1,FOODS,2608,3.3245468,0,0,6,2,2015,2745.0,2632.0,2131.0,2360.0,2406.0
2015-02-13,CA_1,FOODS,2924,3.3245468,0,0,7,2,2015,2608.0,2797.0,2713.0,2745.0,2798.0
2015-02-14,CA_1,FOODS,3253,3.3265498,0,1,1,2,2015,2924.0,4219.0,4140.0,3480.0,2604.0
2015-02-15,CA_1,FOODS,3218,3.3265498,0,0,2,2,2015,3253.0,4086.0,3711.0,3658.0,3313.0
2015-02-16,CA_1,FOODS,2752,3.3265498,0,1,3,2,2015,3218.0,3451.0,2640.0,2945.0,3376.0
2015-02-17,CA_1,FOODS,2202,3.3265498,0,0,4,2,2015,2752.0,2809.0,2718.0,2302.0,2749.0
2015-02-18,CA_1,FOODS,1961,3.3265498,0,1,5,2,2015,2202.0,2745.0,2588.0,2228.0,2072.0
2015-02-19,CA_1,FOODS,2072,3.3265498,0,0,6,2,2015,1961.0,2608.0,2632.0,2046.0,2037.0
2015-02-20,CA_1,FOODS,2773,3.3265498,0,0,7,2,2015,2072.0,2924.0,2797.0,2678.0,2064.0
2015-02-21,CA_1,FOODS,3112,3.32691,0,0,1,2,2015,2773.0,3253.0,4219.0,3708.0,2615.0
2015-02-22,CA_1,FOODS,3559,3.32691,0,0,2,2,2015,3112.0,3218.0,4086.0,3727.0,3334.0
2015-02-23,CA_1,FOODS,2396,3.32691,0,0,3,2,2015,3559.0,2752.0,3451.0,2344.0,3515.0
2015-02-24,CA_1,FOODS,1923,3.32691,0,0,4,2,2015,2396.0,2202.0,2809.0,1992.0,2513.0
2015-02-25,CA_1,FOODS,1903,3.32691,0,1,5,2,2015,1923.0,1961.0,2745.0,2082.0,2020.0
2015-02-26,CA_1,FOODS,1842,3.32691,0,0,6,2,2015,1903.0,2072.0,2608.0,2131.0,1892.0
2015-02-27,CA_1,FOODS,2519,3.32691,0,0,7,2,2015,1842.0,2773.0,2924.0,2713.0,2104.0
2015-02-28,CA_1,FOODS,3517,3.331517,0,0,1,2,2015,2519.0,3112.0,3253.0,4140.0,2388.0
2015-03-01,CA_1,FOODS,3771,3.331517,1,0,2,3,2015,3517.0,3559.0,3218.0,3711.0,3831.0
2015-03-02,CA_1,FOODS,2688,3.331517,1,0,3,3,2015,3771.0,2396.0,2752.0,2640.0,3892.0
2015-03-03,CA_1,FOODS,2443,3.331517,1,0,4,3,2015,2688.0,1923.0,2202.0,2718.0,2592.0
2015-03-04,CA_1,FOODS,2365,3.331517,1,0,5,3,2015,2443.0,1903.0,1961.0,2588.0,2300.0
2015-03-05,CA_1,FOODS,2377,3.331517,1,1,6,3,2015,2365.0,1842.0,2072.0,2632.0,2107.0
2015-03-06,CA_1,FOODS,2897,3.331517,1,0,7,3,2015,2377.0,2519.0,2773.0,2797.0,2176.0
2015-03-07,CA_1,FOODS,3536,3.3384972,1,0,1,3,2015,2897.0,3517.0,3112.0,4219.0,2910.0
2015-03-08,CA_1,FOODS,3940,3.3384972,1,0,2,3,2015,3536.0,3771.0,3559.0,4086.0,3497.0
2015-03-09,CA_1,FOODS,2721,3.3384972,1,0,3,3,2015,3940.0,2688.0,2396.0,3451.0,4174.0
2015-03-10,CA_1,FOODS,2408,3.3384972,1,0,4,3,2015,2721.0,2443.0,1923.0,2809.0,3204.0
2015-03-11,CA_1,FOODS,2374,3.3384972,0,0,5,3,2015,2408.0,2365.0,1903.0,2745.0,2398.0
2015-03-12,CA_1,FOODS,2319,3.3384972,0,0,6,3,2015,2374.0,2377.0,1842.0,2608.0,2433.0
2015-03-13,CA_1,FOODS,2881,3.3384972,0,0,7,3,2015,2319.0,2897.0,2519.0,2924.0,2392.0
2015-03-14,CA_1,FOODS,3270,3.3453891,0,0,1,3,2015,2881.0,3536.0,3517.0,3253.0,2732.0
2015-03-15,CA_1,FOODS,3894,3.3453891,0,0,2,3,2015,3270.0,3940.0,3771.0,3218.0,3869.0
2015-03-16,CA_1,FOODS,2504,3.3453891,0,0,3,3,2015,3894.0,2721.0,2688.0,2752.0,3882.0
2015-03-17,CA_1,FOODS,2220,3.3453891,0,1,4,3,2015,2504.0,2408.0,2443.0,2202.0,2452.0
2015-03-18,CA_1,FOODS,2216,3.3453891,0,0,5,3,2015,2220.0,2374.0,2365.0,1961.0,2183.0
2015-03-19,CA_1,FOODS,2072,3.3453891,0,0,6,3,2015,2216.0,2319.0,2377.0,2072.0,2247.0
2015-03-20,CA_1,FOODS,2733,3.3453891,0,0,7,3,2015,2072.0,2881.0,2897.0,2773.0,2387.0
2015-03-21,CA_1,FOODS,3625,3.3461528,0,0,1,3,2015,2733.0,3270.0,3536.0,3112.0,2795.0
2015-03-22,CA_1,FOODS,3709,3.3461528,0,0,2,3,2015,3625.0,3894.0,3940.0,3559.0,3453.0
2015-03-23,CA_1,FOODS,2452,3.3461528,0,0,3,3,2015,3709.0,2504.0,2721.0,2396.0,4029.0
2015-03-24,CA_1,FOODS,2133,3.3461528,0,0,4,3,2015,2452.0,2220.0,2408.0,1923.0,2851.0
2015-03-25,CA_1,FOODS,2082,3.3461528,0,0,5,3,2015,2133.0,2216.0,2374.0,1903.0,2377.0
2015-03-26,CA_1,FOODS,2210,3.3461528,0,0,6,3,2015,2082.0,2072.0,2319.0,1842.0,2088.0
2015-03-27,CA_1,FOODS,2684,3.3461528,0,0,7,3,2015,2210.0,2733.0,2881.0,2519.0,2267.0
2015-03-28,CA_1,FOODS,3340,3.3387465,0,0,1,3,2015,2684.0,3625.0,3270.0,3517.0,2813.0
2015-03-29,CA_1,FOODS,3909,3.3387465,0,0,2,3,2015,3340.0,3709.0,3894.0,3771.0,3381.0
2015-03-30,CA_1,FOODS,2755,3.3387465,0,0,3,3,2015,3909.0,2452.0,2504.0,2688.0,4085.0
2015-03-31,CA_1,FOODS,2654,3.3387465,0,0,4,3,2015,2755.0,2133.0,2220.0,2443.0,2483.0
2015-04-01,CA_1,FOODS,2903,3.3387465,1,0,5,4,2015,2654.0,2082.0,2216.0,2365.0,2636.0
2015-04-02,CA_1,FOODS,2980,3.3387465,1,0,6,4,2015,2903.0,2210.0,2072.0,2377.0,2826.0
2015-04-03,CA_1,FOODS,4005,3.3387465,1,0,7,4,2015,2980.0,2684.0,2733.0,2897.0,2859.0
2015-04-04,CA_1,FOODS,4688,3.336828,1,0,1,4,2015,4005.0,3340.0,3625.0,3536.0,3085.0
2015-04-05,CA_1,FOODS,3291,3.336828,1,1,2,4,2015,4688.0,3909.0,3709.0,3940.0,3958.0
2015-04-06,CA_1,FOODS,2663,3.336828,1,0,3,4,2015,3291.0,2755.0,2452.0,2721.0,4639.0
2015-04-07,CA_1,FOODS,2538,3.336828,1,0,4,4,2015,2663.0,2654.0,2133.0,2408.0,3304.0
2015-04-08,CA_1,FOODS,2610,3.336828,1,0,5,4,2015,2538.0,2903.0,2082.0,2374.0,3020.0
2015-04-09,CA_1,FOODS,2538,3.336828,1,0,6,4,2015,2610.0,2980.0,2210.0,2319.0,2843.0
2015-04-10,CA_1,FOODS,3175,3.336828,1,0,7,4,2015,2538.0,4005.0,2684.0,2881.0,2875.0
2015-04-11,CA_1,FOODS,3627,3.340077,0,1,1,4,2015,3175.0,4688.0,3340.0,3270.0,2996.0
2015-04-12,CA_1,FOODS,4125,3.340077,0,1,2,4,2015,3627.0,3291.0,3909.0,3894.0,3664.0
2015-04-13,CA_1,FOODS,2829,3.340077,0,0,3,4,2015,4125.0,2663.0,2755.0,2504.0,3978.0
2015-04-14,CA_1,FOODS,2354,3.340077,0,0,4,4,2015,2829.0,2538.0,2654.0,2220.0,2828.0
2015-04-15,CA_1,FOODS,2370,3.340077,0,0,5,4,2015,2354.0,2610.0,2903.0,2216.0,2525.0
2015-04-16,CA_1,FOODS,2464,3.340077,0,0,6,4,2015,2370.0,2538.0,2980.0,2072.0,2996.0
2015-04-17,CA_1,FOODS,2951,3.340077,0,0,7,4,2015,2464.0,3175.0,4005.0,2733.0,2857.0
2015-04-18,CA_1,FOODS,3651,3.3405533,0,0,1,4,2015,2951.0,3627.0,4688.0,3625.0,3738.0
2015-04-19,CA_1,FOODS,3868,3.3405533,0,0,2,4,2015,3651.0,4125.0,3291.0,3709.0,4762.0
2015-04-20,CA_1,FOODS,2656,3.3405533,0,0,3,4,2015,3868.0,2829.0,2663.0,2452.0,3532.0
2015-04-21,CA_1,FOODS,2254,3.3405533,0,0,4,4,2015,2656.0,2354.0,2538.0,2133.0,2657.0
2015-04-22,CA_1,FOODS,2169,3.3405533,0,0,5,4,2015,2254.0,2370.0,2610.0,2082.0,2630.0
2015-04-23,CA_1,FOODS,2510,3.3405533,0,0,6,4,2015,2169.0,2464.0,2538.0,2210.0,2159.0
2015-04-24,CA_1,FOODS,2792,3.3405533,0,0,7,4,2015,2510.0,2951.0,3175.0,2684.0,2356.0
2015-04-25,CA_1,FOODS,4005,3.3396988,0,0,1,4,2015,2792.0,3651.0,3627.0,3340.0,3042.0
2015-04-26,CA_1,FOODS,3952,3.3396988,0,0,2,4,2015,4005.0,3868.0,4125.0,3909.0,3741.0
2015-04-27,CA_1,FOODS,2712,3.3396988,0,0,3,4,2015,3952.0,2656.0,2829.0,2755.0,3941.0
2015-04-28,CA_1,FOODS,2344,3.3396988,0,0,4,4,2015,2712.0,2254.0,2354.0,2654.0,2754.0
2015-04-29,CA_1,FOODS,2400,3.3396988,0,0,5,4,2015,2344.0,2169.0,2370.0,2903.0,2223.0
2015-04-30,CA_1,FOODS,2320,3.3396988,0,0,6,4,2015,2400.0,2510.0,2464.0,2980.0,2414.0
2015-05-01,CA_1,FOODS,3579,3.3396988,1,0,7,5,2015,2320.0,2792.0,2951.0,4005.0,2950.0
2015-05-02,CA_1,FOODS,4042,3.3395798,1,0,1,5,2015,3579.0,4005.0,3651.0,4688.0,3379.0
2015-05-03,CA_1,FOODS,4426,3.3395798,1,0,2,5,2015,4042.0,3952.0,3868.0,3291.0,4157.0
2015-05-04,CA_1,FOODS,3184,3.3395798,1,0,3,5,2015,4426.0,2712.0,2656.0,2663.0,4613.0
2015-05-05,CA_1,FOODS,2891,3.3395798,1,1,4,5,2015,3184.0,2344.0,2254.0,2538.0,3100.0
2015-05-06,CA_1,FOODS,2613,3.3395798,1,0,5,5,2015,2891.0,2400.0,2169.0,2610.0,2612.0
2015-05-07,CA_1,FOODS,2874,3.3395798,1,0,6,5,2015,2613.0,2320.0,2510.0,2538.0,2662.0
2015-05-08,CA_1,FOODS,3242,3.3395798,1,0,7,5,2015,2874.0,3579.0,2792.0,3175.0,2542.0
2015-05-09,CA_1,FOODS,4146,3.3419397,1,0,1,5,2015,3242.0,4042.0,4005.0,3627.0,3128.0
2015-05-10,CA_1,FOODS,3482,3.3419397,1,1,2,5,2015,4146.0,4426.0,3952.0,4125.0,3699.0
2015-05-11,CA_1,FOODS,3123,3.3419397,0,0,3,5,2015,3482.0,3184.0,2712.0,2829.0,2971.0
2015-05-12,CA_1,FOODS,2419,3.3419397,0,0,4,5,2015,3123.0,2891.0,2344.0,2354.0,3144.0
2015-05-13,CA_1,FOODS,2594,3.3419397,0,0,5,5,2015,2419.0,2613.0,2400.0,2370.0,2958.0
2015-05-14,CA_1,FOODS,2395,3.3419397,0,0,6,5,2015,2594.0,2874.0,2320.0,2464.0,2626.0
2015-05-15,CA_1,FOODS,2890,3.3419397,0,0,7,5,2015,2395.0,3242.0,3579.0,2951.0,2443.0
2015-05-16,CA_1,FOODS,3628,3.3403919,0,0,1,5,2015,2890.0,4146.0,4042.0,3651.0,3076.0
2015-05-17,CA_1,FOODS,3722,3.3403919,0,0,2,5,2015,3628.0,3482.0,4426.0,3868.0,3403.0
2015-05-18,CA_1,FOODS,2746,3.3403919,0,0,3,5,2015,3722.0,3123.0,3184.0,2656.0,4049.0
2015-05-19,CA_1,FOODS,2346,3.3403919,0,0,4,5,2015,2746.0,2419.0,2891.0,2254.0,2827.0
2015-05-20,CA_1,FOODS,2230,3.3403919,0,0,5,5,2015,2346.0,2594.0,2613.0,2169.0,2256.0
2015-05-21,CA_1,FOODS,2396,3.3403919,0,0,6,5,2015,2230.0,2395.0,2874.0,2510.0,2211.0
2015-05-22,CA_1,FOODS,3110,3.3403919,0,0,7,5,2015,2396.0,2890.0,3242.0,2792.0,2400.0
2015-05-23,CA_1,FOODS,3493,3.3411965,0,0,1,5,2015,3110.0,3628.0,4146.0,4005.0,2630.0
2015-05-24,CA_1,FOODS,3498,3.3411965,0,0,2,5,2015,3493.0,3722.0,3482.0,3952.0,3158.0
2015-05-25,CA_1,FOODS,3306,3.3411965,0,1,3,5,2015,3498.0,2746.0,3123.0,2712.0,3226.0
2015-05-26,CA_1,FOODS,2356,3.3411965,0,0,4,5,2015,3306.0,2346.0,2419.0,2344.0,3141.0
2015-05-27,CA_1,FOODS,2370,3.3411965,0,0,5,5,2015,2356.0,2230.0,2594.0,2400.0,2402.0
2015-05-28,CA_1,FOODS,2209,3.3411965,0,0,6,5,2015,2370.0,2396.0,2395.0,2320.0,2089.0
2015-05-29,CA_1,FOODS,2475,3.3411965,0,0,7,5,2015,2209.0,3110.0,2890.0,3579.0,2230.0
2015-05-30,CA_1,FOODS,3542,3.3429601,0,0,1,5,2015,2475.0,3493.0,3628.0,4042.0,2659.0
2015-05-31,CA_1,FOODS,3824,3.3429601,0,0,2,5,2015,3542.0,3498.0,3722.0,4426.0,3407.0
2015-06-01,CA_1,FOODS,3125,3.3429601,1,0,3,6,2015,3824.0,3306.0,2746.0,3184.0,4216.0
2015-06-02,CA_1,FOODS,2803,3.3429601,1,0,4,6,2015,3125.0,2356.0,2346.0,2891.0,3002.0
2015-06-03,CA_1,FOODS,2657,3.3429601,1,0,5,6,2015,2803.0,2370.0,2230.0,2613.0,2637.0
2015-06-04,CA_1,FOODS,2570,3.3429601,1,1,6,6,2015,2657.0,2209.0,2396.0,2874.0,2605.0
2015-06-05,CA_1,FOODS,3221,3.3429601,1,0,7,6,2015,2570.0,2475.0,3110.0,3242.0,2597.0
2015-06-06,CA_1,FOODS,3748,3.3449125,1,0,1,6,2015,3221.0,3542.0,3493.0,4146.0,2956.0
2015-06-07,CA_1,FOODS,3932,3.3449125,1,0,2,6,2015,3748.0,3824.0,3498.0,3482.0,3882.0
2015-06-08,CA_1,FOODS,3149,3.3449125,1,0,3,6,2015,3932.0,3125.0,3306.0,3123.0,4339.0
2015-06-09,CA_1,FOODS,2924,3.3449125,1,0,4,6,2015,3149.0,2803.0,2356.0,2419.0,3415.0
2015-06-10,CA_1,FOODS,2883,3.3449125,1,0,5,6,2015,2924.0,2657.0,2370.0,2594.0,2821.0
2015-06-11,CA_1,FOODS,2619,3.3449125,0,0,6,6,2015,2883.0,2570.0,2209.0,2395.0,2765.0
2015-06-12,CA_1,FOODS,3148,3.3449125,0,0,7,6,2015,2619.0,3221.0,2475.0,2890.0,2639.0
2015-06-13,CA_1,FOODS,3725,3.3480475,0,0,1,6,2015,3148.0,3748.0,3542.0,3628.0,3250.0
2015-06-14,CA_1,FOODS,3952,3.3480475,0,0,2,6,2015,3725.0,3932.0,3824.0,3722.0,3956.0
2015-06-15,CA_1,FOODS,3048,3.3480475,0,0,3,6,2015,3952.0,3149.0,3125.0,2746.0,3439.0
2015-06-16,CA_1,FOODS,2490,3.3480475,0,1,4,6,2015,3048.0,2924.0,2803.0,2346.0,2860.0
2015-06-17,CA_1,FOODS,2566,3.3480475,0,0,5,6,2015,2490.0,2883.0,2657.0,2230.0,2398.0
2015-06-18,CA_1,FOODS,2592,3.3480475,0,1,6,6,2015,2566.0,2619.0,2570.0,2396.0,2733.0
2015-06-19,CA_1,FOODS,3170,3.3480475,0,0,7,6,2015,2592.0,3148.0,3221.0,3110.0,2535.0
2015-06-20,CA_1,FOODS,3652,3.3515325,0,0,1,6,2015,3170.0,3725.0,3748.0,3493.0,3397.0
2015-06-21,CA_1,FOODS,3342,3.3515325,0,1,2,6,2015,3652.0,3952.0,3932.0,3498.0,3509.0
2015-06-22,CA_1,FOODS,2863,3.3515325,0,0,3,6,2015,3342.0,3048.0,3149.0,3306.0,3729.0
2015-06-23,CA_1,FOODS,2893,3.3515325,0,0,4,6,2015,2863.0,2490.0,2924.0,2356.0,2809.0
2015-06-24,CA_1,FOODS,2456,3.3515325,0,0,5,6,2015,2893.0,2566.0,2883.0,2370.0,2495.0
2015-06-25,CA_1,FOODS,2653,3.3515325,0,0,6,6,2015,2456.0,2592.0,2619.0,2209.0,2410.0
2015-06-26,CA_1,FOODS,2776,3.3515325,0,0,7,6,2015,2653.0,3170.0,3148.0,2475.0,2302.0
2015-06-27,CA_1,FOODS,3487,3.3488033,0,0,1,6,2015,2776.0,3652.0,3725.0,3542.0,2783.0
2015-06-28,CA_1,FOODS,3661,3.3488033,0,0,2,6,2015,3487.0,3342.0,3952.0,3824.0,3445.0
2015-06-29,CA_1,FOODS,2426,3.3488033,0,0,3,6,2015,3661.0,2863.0,3048.0,3125.0,3751.0
2015-06-30,CA_1,FOODS,2615,3.3488033,0,0,4,6,2015,2426.0,2893.0,2490.0,2803.0,2831.0
2015-07-01,CA_1,FOODS,2920,3.3488033,1,0,5,7,2015,2615.0,2456.0,2566.0,2657.0,2942.0
2015-07-02,CA_1,FOODS,3265,3.3488033,1,0,6,7,2015,2920.0,2653.0,2592.0,2570.0,2999.0
2015-07-03,CA_1,FOODS,4224,3.3488033,1,0,7,7,2015,3265.0,2776.0,3170.0,3221.0,3948.0
2015-07-04,CA_1,FOODS,3071,3.3485303,1,1,1,7,2015,4224.0,3487.0,3652.0,3748.0,3404.0
2015-07-05,CA_1,FOODS,3395,3.3485303,1,0,2,7,2015,3071.0,3661.0,3342.0,3932.0,3559.0
2015-07-06,CA_1,FOODS,3290,3.3485303,1,0,3,7,2015,3395.0,2426.0,2863.0,3149.0,4140.0
2015-07-07,CA_1,FOODS,2991,3.3485303,1,0,4,7,2015,3290.0,2615.0,2893.0,2924.0,3391.0
2015-07-08,CA_1,FOODS,2649,3.3485303,1,0,5,7,2015,2991.0,2920.0,2456.0,2883.0,3147.0
2015-07-09,CA_1,FOODS,2804,3.3485303,1,0,6,7,2015,2649.0,3265.0,2653.0,2619.0,2857.0
2015-07-10,CA_1,FOODS,3394,3.3485303,1,0,7,7,2015,2804.0,4224.0,2776.0,3148.0,3041.0
2015-07-11,CA_1,FOODS,3736,3.3487544,0,0,1,7,2015,3394.0,3071.0,3487.0,3725.0,3276.0
2015-07-12,CA_1,FOODS,3772,3.3487544,0,0,2,7,2015,3736.0,3395.0,3661.0,3952.0,3853.0
2015-07-13,CA_1,FOODS,2827,3.3487544,0,0,3,7,2015,3772.0,3290.0,2426.0,3048.0,3913.0
2015-07-14,CA_1,FOODS,2515,3.3487544,0,0,4,7,2015,2827.0,2991.0,2615.0,2490.0,2857.0
2015-07-15,CA_1,FOODS,2534,3.3487544,0,0,5,7,2015,2515.0,2649.0,2920.0,2566.0,2738.0
2015-07-16,CA_1,FOODS,2672,3.3487544,0,0,6,7,2015,2534.0,2804.0,3265.0,2592.0,2625.0
2015-07-17,CA_1,FOODS,2996,3.3487544,0,0,7,7,2015,2672.0,3394.0,4224.0,3170.0,2673.0
2015-07-18,CA_1,FOODS,3190,3.3474405,0,1,1,7,2015,2996.0,3736.0,3071.0,3652.0,3165.0
2015-07-19,CA_1,FOODS,3453,3.3474405,0,0,2,7,2015,3190.0,3772.0,3395.0,3342.0,3626.0
2015-07-20,CA_1,FOODS,2877,3.3474405,0,0,3,7,2015,3453.0,2827.0,3290.0,2863.0,4196.0
2015-07-21,CA_1,FOODS,2528,3.3474405,0,0,4,7,2015,2877.0,2515.0,2991.0,2893.0,2677.0
2015-07-22,CA_1,FOODS,2607,3.3474405,0,0,5,7,2015,2528.0,2534.0,2649.0,2456.0,2484.0
2015-07-23,CA_1,FOODS,2364,3.3474405,0,0,6,7,2015,2607.0,2672.0,2804.0,2653.0,2692.0
2015-07-24,CA_1,FOODS,2838,3.3474405,0,0,7,7,2015,2364.0,2996.0,3394.0,2776.0,2751.0
2015-07-25,CA_1,FOODS,2986,3.3425872,0,0,1,7,2015,2838.0,3190.0,3736.0,3487.0,3042.0
2015-07-26,CA_1,FOODS,3413,3.3425872,0,0,2,7,2015,2986.0,3453.0,3772.0,3661.0,3234.0
2015-07-27,CA_1,FOODS,3020,3.3425872,0,0,3,7,2015,3413.0,2877.0,2827.0,2426.0,3776.0
2015-07-28,CA_1,FOODS,2515,3.3425872,0,0,4,7,2015,3020.0,2528.0,2515.0,2615.0,3047.0
2015-07-29,CA_1,FOODS,2356,3.3425872,0,0,5,7,2015,2515.0,2607.0,2534.0,2920.0,2579.0
2015-07-30,CA_1,FOODS,2716,3.3425872,0,0,6,7,2015,2356.0,2364.0,2672.0,3265.0,2798.0
2015-07-31,CA_1,FOODS,3242,3.3425872,0,0,7,7,2015,2716.0,2838.0,2996.0,4224.0,2703.0
2015-08-01,CA_1,FOODS,3804,3.3420768,1,0,1,8,2015,3242.0,2986.0,3190.0,3071.0,3579.0
2015-08-02,CA_1,FOODS,4348,3.3420768,1,0,2,8,2015,3804.0,3413.0,3453.0,3395.0,4136.0
2015-08-03,CA_1,FOODS,3463,3.3420768,1,0,3,8,2015,4348.0,3020.0,2877.0,3290.0,4403.0
2015-08-04,CA_1,FOODS,2938,3.3420768,1,0,4,8,2015,3463.0,2515.0,2528.0,2991.0,3533.0
2015-08-05,CA_1,FOODS,2822,3.3420768,1,0,5,8,2015,2938.0,2356.0,2607.0,2649.0,3135.0
2015-08-06,CA_1,FOODS,2919,3.3420768,1,0,6,8,2015,2822.0,2716.0,2364.0,2804.0,2879.0
2015-08-07,CA_1,FOODS,3140,3.3420768,1,0,7,8,2015,2919.0,3242.0,2838.0,3394.0,2823.0
2015-08-08,CA_1,FOODS,3926,3.343965,1,0,1,8,2015,3140.0,3804.0,2986.0,3736.0,3316.0
2015-08-09,CA_1,FOODS,4115,3.343965,1,0,2,8,2015,3926.0,4348.0,3413.0,3772.0,4064.0
2015-08-10,CA_1,FOODS,3128,3.343965,1,0,3,8,2015,4115.0,3463.0,3020.0,2827.0,4454.0
2015-08-11,CA_1,FOODS,2629,3.343965,0,0,4,8,2015,3128.0,2938.0,2515.0,2515.0,2936.0
2015-08-12,CA_1,FOODS,2660,3.343965,0,0,5,8,2015,2629.0,2822.0,2356.0,2534.0,2675.0
2015-08-13,CA_1,FOODS,2384,3.343965,0,0,6,8,2015,2660.0,2919.0,2716.0,2672.0,2800.0
2015-08-14,CA_1,FOODS,2899,3.343965,0,0,7,8,2015,2384.0,3140.0,3242.0,2996.0,2776.0
2015-08-15,CA_1,FOODS,3443,3.3444755,0,0,1,8,2015,2899.0,3926.0,3804.0,3190.0,2987.0
2015-08-16,CA_1,FOODS,3980,3.3444755,0,0,2,8,2015,3443.0,4115.0,4348.0,3453.0,4024.0
2015-08-17,CA_1,FOODS,3166,3.3444755,0,0,3,8,2015,3980.0,3128.0,3463.0,2877.0,4449.0
2015-08-18,CA_1,FOODS,2404,3.3444755,0,0,4,8,2015,3166.0,2629.0,2938.0,2528.0,3251.0
2015-08-19,CA_1,FOODS,2378,3.3444755,0,0,5,8,2015,2404.0,2660.0,2822.0,2607.0,2530.0
2015-08-20,CA_1,FOODS,2393,3.3444755,0,0,6,8,2015,2378.0,2384.0,2919.0,2364.0,2493.0
2015-08-21,CA_1,FOODS,2666,3.3444755,0,0,7,8,2015,2393.0,2899.0,3140.0,2838.0,2492.0
2015-08-22,CA_1,FOODS,3268,3.3430142,0,0,1,8,2015,2666.0,3443.0,3926.0,2986.0,2949.0
2015-08-23,CA_1,FOODS,4063,3.3430142,0,0,2,8,2015,3268.0,3980.0,4115.0,3413.0,3901.0
2015-08-24,CA_1,FOODS,2547,3.3430142,0,0,3,8,2015,4063.0,3166.0,3128.0,3020.0,4733.0
2015-08-25,CA_1,FOODS,1985,3.3430142,0,0,4,8,2015,2547.0,2404.0,2629.0,2515.0,2637.0
2015-08-26,CA_1,FOODS,2152,3.3430142,0,0,5,8,2015,1985.0,2378.0,2660.0,2356.0,2494.0
2015-08-27,CA_1,FOODS,2216,3.3430142,0,0,6,8,2015,2152.0,2393.0,2384.0,2716.0,2133.0
2015-08-28,CA_1,FOODS,2660,3.3430142,0,0,7,8,2015,2216.0,2666.0,2899.0,3242.0,2437.0
2015-08-29,CA_1,FOODS,3484,3.3431678,0,0,1,8,2015,2660.0,3268.0,3443.0,3804.0,3154.0
2015-08-30,CA_1,FOODS,3762,3.3431678,0,0,2,8,2015,3484.0,4063.0,3980.0,4348.0,3750.0
2015-08-31,CA_1,FOODS,2610,3.3431678,0,0,3,8,2015,3762.0,2547.0,3166.0,3463.0,3673.0
2015-09-01,CA_1,FOODS,2547,3.3431678,1,0,4,9,2015,2610.0,1985.0,2404.0,2938.0,3742.0
2015-09-02,CA_1,FOODS,2402,3.3431678,1,0,5,9,2015,2547.0,2152.0,2378.0,2822.0,2669.0
2015-09-03,CA_1,FOODS,2731,3.3431678,1,0,6,9,2015,2402.0,2216.0,2393.0,2919.0,2839.0
2015-09-04,CA_1,FOODS,3213,3.3431678,1,0,7,9,2015,2731.0,2660.0,2666.0,3140.0,2542.0
2015-09-05,CA_1,FOODS,3875,3.3431375,1,0,1,9,2015,3213.0,3484.0,3268.0,3926.0,3057.0
2015-09-06,CA_1,FOODS,3554,3.3431375,1,0,2,9,2015,3875.0,3762.0,4063.0,4115.0,4235.0
2015-09-07,CA_1,FOODS,3709,3.3431375,1,1,3,9,2015,3554.0,2610.0,2547.0,3128.0,4498.0
2015-09-08,CA_1,FOODS,2676,3.3431375,1,0,4,9,2015,3709.0,2547.0,1985.0,2629.0,2848.0
2015-09-09,CA_1,FOODS,2638,3.3431375,1,0,5,9,2015,2676.0,2402.0,2152.0,2660.0,2801.0
2015-09-10,CA_1,FOODS,2557,3.3431375,1,0,6,9,2015,2638.0,2731.0,2216.0,2384.0,2696.0
2015-09-11,CA_1,FOODS,2863,3.3431375,0,0,7,9,2015,2557.0,3213.0,2660.0,2899.0,2819.0
2015-09-12,CA_1,FOODS,3632,3.3442488,0,0,1,9,2015,2863.0,3875.0,3484.0,3443.0,2980.0
2015-09-13,CA_1,FOODS,4001,3.3442488,0,0,2,9,2015,3632.0,3554.0,3762.0,3980.0,3777.0
2015-09-14,CA_1,FOODS,2714,3.3442488,0,0,3,9,2015,4001.0,3709.0,2610.0,3166.0,3982.0
2015-09-15,CA_1,FOODS,2541,3.3442488,0,0,4,9,2015,2714.0,2676.0,2547.0,2404.0,2810.0
2015-09-16,CA_1,FOODS,2197,3.3442488,0,0,5,9,2015,2541.0,2638.0,2402.0,2378.0,2391.0
2015-09-17,CA_1,FOODS,2370,3.3442488,0,0,6,9,2015,2197.0,2557.0,2731.0,2393.0,2311.0
2015-09-18,CA_1,FOODS,2933,3.3442488,0,0,7,9,2015,2370.0,2863.0,3213.0,2666.0,2157.0
2015-09-19,CA_1,FOODS,3706,3.3452132,0,0,1,9,2015,2933.0,3632.0,3875.0,3268.0,2881.0
2015-09-20,CA_1,FOODS,4100,3.3452132,0,0,2,9,2015,3706.0,4001.0,3554.0,4063.0,3699.0
2015-09-21,CA_1,FOODS,2853,3.3452132,0,0,3,9,2015,4100.0,2714.0,3709.0,2547.0,4159.0
2015-09-22,CA_1,FOODS,2540,3.3452132,0,0,4,9,2015,2853.0,2541.0,2676.0,1985.0,2729.0
2015-09-23,CA_1,FOODS,2343,3.3452132,0,0,5,9,2015,2540.0,2197.0,2638.0,2152.0,2436.0
2015-09-24,CA_1,FOODS,2270,3.3452132,0,1,6,9,2015,2343.0,2370.0,2557.0,2216.0,2412.0
2015-09-25,CA_1,FOODS,2842,3.3452132,0,0,7,9,2015,2270.0,2933.0,2863.0,2660.0,2319.0
2015-09-26,CA_1,FOODS,3628,3.3439622,0,0,1,9,2015,2842.0,3706.0,3632.0,3484.0,2895.0
2015-09-27,CA_1,FOODS,3885,3.3439622,0,0,2,9,2015,3628.0,4100.0,4001.0,3762.0,3769.0
2015-09-28,CA_1,FOODS,2623,3.3439622,0,0,3,9,2015,3885.0,2853.0,2714.0,2610.0,4090.0
2015-09-29,CA_1,FOODS,2086,3.3439622,0,0,4,9,2015,2623.0,2540.0,2541.0,2547.0,2837.0
2015-09-30,CA_1,FOODS,2193,3.3439622,0,0,5,9,2015,2086.0,2343.0,2197.0,2402.0,2541.0
2015-10-01,CA_1,FOODS,2497,3.3439622,1,0,6,10,2015,2193.0,2270.0,2370.0,2731.0,2629.0
2015-10-02,CA_1,FOODS,3350,3.3439622,1,0,7,10,2015,2497.0,2842.0,2933.0,3213.0,2773.0
2015-10-03,CA_1,FOODS,4204,3.3458772,1,0,1,10,2015,3350.0,3628.0,3706.0,3875.0,3516.0
2015-10-04,CA_1,FOODS,4609,3.3458772,1,0,2,10,2015,4204.0,3885.0,4100.0,3554.0,4379.0
2015-10-05,CA_1,FOODS,3339,3.3458772,1,0,3,10,2015,4609.0,2623.0,2853.0,3709.0,4443.0
2015-10-06,CA_1,FOODS,2814,3.3458772,1,0,4,10,2015,3339.0,2086.0,2540.0,2676.0,3419.0
2015-10-07,CA_1,FOODS,2563,3.3458772,1,0,5,10,2015,2814.0,2193.0,2343.0,2638.0,2841.0
2015-10-08,CA_1,FOODS,2640,3.3458772,1,0,6,10,2015,2563.0,2497.0,2270.0,2557.0,2932.0
2015-10-09,CA_1,FOODS,3257,3.3458772,1,0,7,10,2015,2640.0,3350.0,2842.0,2863.0,3057.0
2015-10-10,CA_1,FOODS,4062,3.3484845,1,0,1,10,2015,3257.0,4204.0,3628.0,3632.0,3163.0
2015-10-11,CA_1,FOODS,4090,3.3484845,0,0,2,10,2015,4062.0,4609.0,3885.0,4001.0,3883.0
2015-10-12,CA_1,FOODS,3183,3.3484845,0,1,3,10,2015,4090.0,3339.0,2623.0,2714.0,4194.0
2015-10-13,CA_1,FOODS,2603,3.3484845,0,0,4,10,2015,3183.0,2814.0,2086.0,2541.0,2992.0
2015-10-14,CA_1,FOODS,2330,3.3484845,0,0,5,10,2015,2603.0,2563.0,2193.0,2197.0,2342.0
2015-10-15,CA_1,FOODS,2361,3.3484845,0,0,6,10,2015,2330.0,2640.0,2497.0,2370.0,2269.0
2015-10-16,CA_1,FOODS,2615,3.3484845,0,0,7,10,2015,2361.0,3257.0,3350.0,2933.0,2314.0
2015-10-17,CA_1,FOODS,3642,3.348289,0,0,1,10,2015,2615.0,4062.0,4204.0,3706.0,2962.0
2015-10-18,CA_1,FOODS,4084,3.348289,0,0,2,10,2015,3642.0,4090.0,4609.0,4100.0,4135.0
2015-10-19,CA_1,FOODS,2575,3.348289,0,0,3,10,2015,4084.0,3183.0,3339.0,2853.0,4342.0
2015-10-20,CA_1,FOODS,2334,3.348289,0,0,4,10,2015,2575.0,2603.0,2814.0,2540.0,2948.0
2015-10-21,CA_1,FOODS,2271,3.348289,0,0,5,10,2015,2334.0,2330.0,2563.0,2343.0,2269.0
2015-10-22,CA_1,FOODS,2020,3.348289,0,0,6,10,2015,2271.0,2361.0,2640.0,2270.0,2317.0
2015-10-23,CA_1,FOODS,2622,3.348289,0,0,7,10,2015,2020.0,2615.0,3257.0,2842.0,2313.0
2015-10-24,CA_1,FOODS,3268,3.3468108,0,0,1,10,2015,2622.0,3642.0,4062.0,3628.0,2800.0
2015-10-25,CA_1,FOODS,3952,3.3468108,0,0,2,10,2015,3268.0,4084.0,4090.0,3885.0,3920.0
2015-10-26,CA_1,FOODS,2518,3.3468108,0,0,3,10,2015,3952.0,2575.0,3183.0,2623.0,3639.0
2015-10-27,CA_1,FOODS,2384,3.3468108,0,0,4,10,2015,2518.0,2334.0,2603.0,2086.0,2846.0
2015-10-28,CA_1,FOODS,2102,3.3468108,0,0,5,10,2015,2384.0,2271.0,2330.0,2193.0,2249.0
2015-10-29,CA_1,FOODS,2123,3.3468108,0,0,6,10,2015,2102.0,2020.0,2361.0,2497.0,2313.0
2015-10-30,CA_1,FOODS,2893,3.3468108,0,0,7,10,2015,2123.0,2622.0,2615.0,3350.0,2564.0
2015-10-31,CA_1,FOODS,3185,3.3470201,0,1,1,10,2015,2893.0,3268.0,3642.0,4204.0,2735.0
2015-11-01,CA_1,FOODS,3307,3.3470201,1,0,2,11,2015,3185.0,3952.0,4084.0,4609.0,4289.0
2015-11-02,CA_1,FOODS,2574,3.3470201,1,0,3,11,2015,3307.0,2518.0,2575.0,3339.0,4546.0
2015-11-03,CA_1,FOODS,2597,3.3470201,1,0,4,11,2015,2574.0,2384.0,2334.0,2814.0,3425.0
2015-11-04,CA_1,FOODS,2272,3.3470201,1,0,5,11,2015,2597.0,2102.0,2271.0,2563.0,2859.0
2015-11-05,CA_1,FOODS,2185,3.3470201,1,0,6,11,2015,2272.0,2123.0,2020.0,2640.0,2348.0
2015-11-06,CA_1,FOODS,2696,3.3470201,1,0,7,11,2015,2185.0,2893.0,2622.0,3257.0,2706.0
2015-11-07,CA_1,FOODS,3424,3.3463082,1,0,1,11,2015,2696.0,3185.0,3268.0,4062.0,2997.0
2015-11-08,CA_1,FOODS,3720,3.3463082,1,0,2,11,2015,3424.0,3307.0,3952.0,4090.0,3886.0
2015-11-09,CA_1,FOODS,2537,3.3463082,1,0,3,11,2015,3720.0,2574.0,2518.0,3183.0,4398.0
2015-11-10,CA_1,FOODS,2517,3.3463082,1,0,4,11,2015,2537.0,2597.0,2384.0,2603.0,3290.0
2015-11-11,CA_1,FOODS,2393,3.3463082,0,1,5,11,2015,2517.0,2272.0,2102.0,2330.0,2709.0
2015-11-12,CA_1,FOODS,1862,3.3463082,0,0,6,11,2015,2393.0,2185.0,2123.0,2361.0,2340.0
2015-11-13,CA_1,FOODS,2258,3.3463082,0,0,7,11,2015,1862.0,2696.0,2893.0,2615.0,2290.0
2015-11-14,CA_1,FOODS,3207,3.3463922,0,0,1,11,2015,2258.0,3424.0,3185.0,3642.0,2793.0
2015-11-15,CA_1,FOODS,3676,3.3463922,0,0,2,11,2015,3207.0,3720.0,3307.0,4084.0,3624.0
2015-11-16,CA_1,FOODS,2269,3.3463922,0,0,3,11,2015,3676.0,2537.0,2574.0,2575.0,4048.0
2015-11-17,CA_1,FOODS,2070,3.3463922,0,0,4,11,2015,2269.0,2517.0,2597.0,2334.0,2770.0
2015-11-18,CA_1,FOODS,2144,3.3463922,0,0,5,11,2015,2070.0,2393.0,2272.0,2271.0,2290.0
2015-11-19,CA_1,FOODS,1951,3.3463922,0,0,6,11,2015,2144.0,1862.0,2185.0,2020.0,2161.0
2015-11-20,CA_1,FOODS,2516,3.3463922,0,0,7,11,2015,1951.0,2258.0,2696.0,2622.0,2269.0
2015-11-21,CA_1,FOODS,3206,3.3459873,0,0,1,11,2015,2516.0,3207.0,3424.0,3268.0,2793.0
2015-11-22,CA_1,FOODS,3501,3.3459873,0,0,2,11,2015,3206.0,3676.0,3720.0,3952.0,3822.0
2015-11-23,CA_1,FOODS,2896,3.3459873,0,0,3,11,2015,3501.0,2269.0,2537.0,2518.0,3632.0
2015-11-24,CA_1,FOODS,2642,3.3459873,0,0,4,11,2015,2896.0,2070.0,2517.0,2384.0,3185.0
2015-11-25,CA_1,FOODS,3101,3.3459873,0,0,5,11,2015,2642.0,2144.0,2393.0,2102.0,3024.0
2015-11-26,CA_1,FOODS,1580,3.3459873,0,1,6,11,2015,3101.0,1951.0,1862.0,2123.0,3165.0
2015-11-27,CA_1,FOODS,1642,3.3459873,0,0,7,11,2015,1580.0,2516.0,2258.0,2893.0,1972.0
2015-11-28,CA_1,FOODS,2205,3.3463361,0,0,1,11,2015,1642.0,3206.0,3207.0,3185.0,2295.0
2015-11-29,CA_1,FOODS,2847,3.3463361,0,0,2,11,2015,2205.0,3501.0,3676.0,3307.0,2983.0
2015-11-30,CA_1,FOODS,2245,3.3463361,0,0,3,11,2015,2847.0,2896.0,2269.0,2574.0,3229.0
2015-12-01,CA_1,FOODS,2297,3.3463361,1,0,4,12,2015,2245.0,2642.0,2070.0,2597.0,2867.0
2015-12-02,CA_1,FOODS,2323,3.3463361,1,0,5,12,2015,2297.0,3101.0,2144.0,2272.0,2311.0
2015-12-03,CA_1,FOODS,2185,3.3463361,1,0,6,12,2015,2323.0,1580.0,1951.0,2185.0,2337.0
2015-12-04,CA_1,FOODS,2489,3.3463361,1,0,7,12,2015,2185.0,1642.0,2516.0,2696.0,2774.0
2015-12-05,CA_1,FOODS,3251,3.3472855,1,0,1,12,2015,2489.0,2205.0,3206.0,3424.0,2730.0
2015-12-06,CA_1,FOODS,3437,3.3472855,1,0,2,12,2015,3251.0,2847.0,3501.0,3720.0,3741.0
2015-12-07,CA_1,FOODS,2640,3.3472855,1,0,3,12,2015,3437.0,2245.0,2896.0,2537.0,3751.0
2015-12-08,CA_1,FOODS,2260,3.3472855,1,0,4,12,2015,2640.0,2297.0,2642.0,2517.0,3102.0
2015-12-09,CA_1,FOODS,2143,3.3472855,1,0,5,12,2015,2260.0,2323.0,3101.0,2393.0,2687.0
2015-12-10,CA_1,FOODS,2030,3.3472855,1,0,6,12,2015,2143.0,2185.0,1580.0,1862.0,3222.0
2015-12-11,CA_1,FOODS,2251,3.3472855,0,0,7,12,2015,2030.0,2489.0,1642.0,2258.0,1665.0
2015-12-12,CA_1,FOODS,3112,3.3484297,0,0,1,12,2015,2251.0,3251.0,2205.0,3207.0,2472.0
2015-12-13,CA_1,FOODS,3193,3.3484297,0,0,2,12,2015,3112.0,3437.0,2847.0,3676.0,3310.0
2015-12-14,CA_1,FOODS,2476,3.3484297,0,1,3,12,2015,3193.0,2640.0,2245.0,2269.0,3860.0
2015-12-15,CA_1,FOODS,2224,3.3484297,0,0,4,12,2015,2476.0,2260.0,2297.0,2070.0,2613.0
2015-12-16,CA_1,FOODS,2331,3.3484297,0,0,5,12,2015,2224.0,2143.0,2323.0,2144.0,2549.0
2015-12-17,CA_1,FOODS,2454,3.3484297,0,0,6,12,2015,2331.0,2030.0,2185.0,1951.0,2523.0
2015-12-18,CA_1,FOODS,2401,3.3484297,0,0,7,12,2015,2454.0,2251.0,2489.0,2516.0,2671.0
2015-12-19,CA_1,FOODS,3236,3.3482206,0,0,1,12,2015,2401.0,3112.0,3251.0,3206.0,2668.0
2015-12-20,CA_1,FOODS,3157,3.3482206,0,0,2,12,2015,3236.0,3193.0,3437.0,3501.0,3560.0
2015-12-21,CA_1,FOODS,2730,3.3482206,0,0,3,12,2015,3157.0,2476.0,2640.0,2896.0,3858.0
2015-12-22,CA_1,FOODS,2845,3.3482206,0,0,4,12,2015,2730.0,2224.0,2260.0,2642.0,3460.0
2015-12-23,CA_1,FOODS,2958,3.3482206,0,0,5,12,2015,2845.0,2331.0,2143.0,3101.0,3179.0
2015-12-24,CA_1,FOODS,2662,3.3482206,0,0,6,12,2015,2958.0,2454.0,2030.0,1580.0,2610.0
2015-12-25,CA_1,FOODS,0,3.3482206,0,1,7,12,2015,2662.0,2401.0,2251.0,1642.0,0.0
2015-12-26,CA_1,FOODS,2522,3.3495958,0,0,1,12,2015,0.0,3236.0,3112.0,2205.0,2365.0
2015-12-27,CA_1,FOODS,2416,3.3495958,0,0,2,12,2015,2522.0,3157.0,3193.0,2847.0,2744.0
2015-12-28,CA_1,FOODS,2297,3.3495958,0,0,3,12,2015,2416.0,2730.0,2476.0,2245.0,2958.0
2015-12-29,CA_1,FOODS,2294,3.3495958,0,0,4,12,2015,2297.0,2845.0,2224.0,2297.0,2560.0
2015-12-30,CA_1,FOODS,2259,3.3495958,0,0,5,12,2015,2294.0,2958.0,2331.0,2323.0,2427.0
2015-12-31,CA_1,FOODS,2686,3.3495958,0,0,6,12,2015,2259.0,2662.0,2454.0,2185.0,2895.0
2016-01-01,CA_1,FOODS,2161,3.3495958,1,1,7,1,2016,2686.0,0.0,2401.0,2489.0,2179.0
2016-01-02,CA_1,FOODS,2970,3.3511848,1,0,1,1,2016,2161.0,2522.0,3236.0,3251.0,3172.0
2016-01-03,CA_1,FOODS,3261,3.3511848,1,0,2,1,2016,2970.0,2416.0,3157.0,3437.0,3651.0
2016-01-04,CA_1,FOODS,2779,3.3511848,1,0,3,1,2016,3261.0,2297.0,2730.0,2640.0,4168.0
2016-01-05,CA_1,FOODS,2342,3.3511848,1,0,4,1,2016,2779.0,2294.0,2845.0,2260.0,3140.0
2016-01-06,CA_1,FOODS,2197,3.3511848,1,0,5,1,2016,2342.0,2259.0,2958.0,2143.0,2597.0
2016-01-07,CA_1,FOODS,2395,3.3511848,1,1,6,1,2016,2197.0,2686.0,2662.0,2030.0,2503.0
2016-01-08,CA_1,FOODS,2863,3.3511848,1,0,7,1,2016,2395.0,2161.0,0.0,2251.0,2510.0
2016-01-09,CA_1,FOODS,4006,3.3530035,1,0,1,1,2016,2863.0,2970.0,2522.0,3112.0,2899.0
2016-01-10,CA_1,FOODS,3897,3.3530035,1,0,2,1,2016,4006.0,3261.0,2416.0,3193.0,3999.0
2016-01-11,CA_1,FOODS,2683,3.3530035,0,0,3,1,2016,3897.0,2779.0,2297.0,2476.0,4148.0
2016-01-12,CA_1,FOODS,2180,3.3530035,0,0,4,1,2016,2683.0,2342.0,2294.0,2224.0,2785.0
2016-01-13,CA_1,FOODS,2127,3.3530035,0,0,5,1,2016,2180.0,2197.0,2259.0,2331.0,2240.0
2016-01-14,CA_1,FOODS,2149,3.3530035,0,0,6,1,2016,2127.0,2395.0,2686.0,2454.0,2187.0
2016-01-15,CA_1,FOODS,2613,3.3530035,0,0,7,1,2016,2149.0,2863.0,2161.0,2401.0,2360.0
2016-01-16,CA_1,FOODS,3771,3.3525765,0,0,1,1,2016,2613.0,4006.0,2970.0,3236.0,2745.0
2016-01-17,CA_1,FOODS,3534,3.3525765,0,0,2,1,2016,3771.0,3897.0,3261.0,3157.0,3480.0
2016-01-18,CA_1,FOODS,2905,3.3525765,0,1,3,1,2016,3534.0,2683.0,2779.0,2730.0,3658.0
2016-01-19,CA_1,FOODS,2038,3.3525765,0,0,4,1,2016,2905.0,2180.0,2342.0,2845.0,2945.0
2016-01-20,CA_1,FOODS,2169,3.3525765,0,0,5,1,2016,2038.0,2127.0,2197.0,2958.0,2302.0
2016-01-21,CA_1,FOODS,2186,3.3525765,0,0,6,1,2016,2169.0,2149.0,2395.0,2662.0,2228.0
2016-01-22,CA_1,FOODS,2320,3.3525765,0,0,7,1,2016,2186.0,2613.0,2863.0,0.0,2046.0
2016-01-23,CA_1,FOODS,3728,3.3522701,0,0,1,1,2016,2320.0,3771.0,4006.0,2522.0,2678.0
2016-01-24,CA_1,FOODS,3440,3.3522701,0,0,2,1,2016,3728.0,3534.0,3897.0,2416.0,3708.0
2016-01-25,CA_1,FOODS,2289,3.3522701,0,0,3,1,2016,3440.0,2905.0,2683.0,2297.0,3727.0
2016-01-26,CA_1,FOODS,2049,3.3522701,0,0,4,1,2016,2289.0,2038.0,2180.0,2294.0,2344.0
2016-01-27,CA_1,FOODS,1970,3.3522701,0,0,5,1,2016,2049.0,2169.0,2127.0,2259.0,1992.0
2016-01-28,CA_1,FOODS,2017,3.3522701,0,0,6,1,2016,1970.0,2186.0,2149.0,2686.0,2082.0
2016-01-29,CA_1,FOODS,2537,3.3522701,0,0,7,1,2016,2017.0,2320.0,2613.0,2161.0,2131.0
2016-01-30,CA_1,FOODS,3481,3.351755,0,0,1,1,2016,2537.0,3728.0,3771.0,2970.0,2713.0
2016-01-31,CA_1,FOODS,3910,3.351755,0,0,2,1,2016,3481.0,3440.0,3534.0,3261.0,4140.0
2016-02-01,CA_1,FOODS,2606,3.351755,1,0,3,2,2016,3910.0,2289.0,2905.0,2779.0,3711.0
2016-02-02,CA_1,FOODS,2467,3.351755,1,0,4,2,2016,2606.0,2049.0,2038.0,2342.0,2640.0
2016-02-03,CA_1,FOODS,2537,3.351755,1,0,5,2,2016,2467.0,1970.0,2169.0,2197.0,2718.0
2016-02-04,CA_1,FOODS,2616,3.351755,1,0,6,2,2016,2537.0,2017.0,2186.0,2395.0,2588.0
2016-02-05,CA_1,FOODS,2877,3.351755,1,0,7,2,2016,2616.0,2537.0,2320.0,2863.0,2632.0
2016-02-06,CA_1,FOODS,4300,3.3494148,1,0,1,2,2016,2877.0,3481.0,3728.0,4006.0,2797.0
2016-02-07,CA_1,FOODS,3464,3.3494148,1,1,2,2,2016,4300.0,3910.0,3440.0,3897.0,4219.0
2016-02-08,CA_1,FOODS,2592,3.3494148,1,0,3,2,2016,3464.0,2606.0,2289.0,2683.0,4086.0
2016-02-09,CA_1,FOODS,2639,3.3494148,1,0,4,2,2016,2592.0,2467.0,2049.0,2180.0,3451.0
2016-02-10,CA_1,FOODS,2674,3.3494148,1,1,5,2,2016,2639.0,2537.0,1970.0,2127.0,2809.0
2016-02-11,CA_1,FOODS,2644,3.3494148,0,0,6,2,2016,2674.0,2616.0,2017.0,2149.0,2745.0
2016-02-12,CA_1,FOODS,2871,3.3494148,0,0,7,2,2016,2644.0,2877.0,2537.0,2613.0,2608.0
2016-02-13,CA_1,FOODS,3599,3.347961,0,0,1,2,2016,2871.0,4300.0,3481.0,3771.0,2924.0
2016-02-14,CA_1,FOODS,3169,3.347961,0,1,2,2,2016,3599.0,3464.0,3910.0,3534.0,3253.0
2016-02-15,CA_1,FOODS,3009,3.347961,0,1,3,2,2016,3169.0,2592.0,2606.0,2905.0,3218.0
2016-02-16,CA_1,FOODS,2379,3.347961,0,0,4,2,2016,3009.0,2639.0,2467.0,2038.0,2752.0
2016-02-17,CA_1,FOODS,2371,3.347961,0,1,5,2,2016,2379.0,2674.0,2537.0,2169.0,2202.0
2016-02-18,CA_1,FOODS,2476,3.347961,0,0,6,2,2016,2371.0,2644.0,2616.0,2186.0,1961.0
2016-02-19,CA_1,FOODS,2795,3.347961,0,0,7,2,2016,2476.0,2871.0,2877.0,2320.0,2072.0
2016-02-20,CA_1,FOODS,3469,3.3470354,0,0,1,2,2016,2795.0,3599.0,4300.0,3728.0,2773.0
2016-02-21,CA_1,FOODS,3598,3.3470354,0,0,2,2,2016,3469.0,3169.0,3464.0,3440.0,3112.0
2016-02-22,CA_1,FOODS,2466,3.3470354,0,0,3,2,2016,3598.0,3009.0,2592.0,2289.0,3559.0
2016-02-23,CA_1,FOODS,2406,3.3470354,0,0,4,2,2016,2466.0,2379.0,2639.0,2049.0,2396.0
2016-02-24,CA_1,FOODS,2076,3.3470354,0,0,5,2,2016,2406.0,2371.0,2674.0,1970.0,1923.0
2016-02-25,CA_1,FOODS,2176,3.3470354,0,0,6,2,2016,2076.0,2476.0,2644.0,2017.0,1903.0
2016-02-26,CA_1,FOODS,2713,3.3470354,0,0,7,2,2016,2176.0,2795.0,2871.0,2537.0,1842.0
2016-02-27,CA_1,FOODS,3459,3.344057,0,0,1,2,2016,2713.0,3469.0,3599.0,3481.0,2519.0
2016-02-28,CA_1,FOODS,3979,3.344057,0,0,2,2,2016,3459.0,3598.0,3169.0,3910.0,3517.0
2016-02-29,CA_1,FOODS,2465,3.344057,0,0,3,2,2016,3979.0,2466.0,3009.0,2606.0,3771.0
2016-03-01,CA_1,FOODS,2404,3.344057,1,0,4,3,2016,2465.0,2406.0,2379.0,2467.0,2688.0
2016-03-02,CA_1,FOODS,2435,3.344057,1,0,5,3,2016,2404.0,2076.0,2371.0,2537.0,2443.0
2016-03-03,CA_1,FOODS,2465,3.344057,1,0,6,3,2016,2435.0,2176.0,2476.0,2616.0,2365.0
2016-03-04,CA_1,FOODS,2835,3.344057,1,0,7,3,2016,2465.0,2713.0,2795.0,2877.0,2377.0
2016-03-05,CA_1,FOODS,3661,3.34492,1,0,1,3,2016,2835.0,3459.0,3469.0,4300.0,2897.0
2016-03-06,CA_1,FOODS,4435,3.34492,1,0,2,3,2016,3661.0,3979.0,3598.0,3464.0,3536.0
2016-03-07,CA_1,FOODS,2977,3.34492,1,0,3,3,2016,4435.0,2465.0,2466.0,2592.0,3940.0
2016-03-08,CA_1,FOODS,2688,3.34492,1,0,4,3,2016,2977.0,2404.0,2406.0,2639.0,2721.0
2016-03-09,CA_1,FOODS,2493,3.34492,1,0,5,3,2016,2688.0,2435.0,2076.0,2674.0,2408.0
2016-03-10,CA_1,FOODS,2511,3.34492,1,0,6,3,2016,2493.0,2465.0,2176.0,2644.0,2374.0
2016-03-11,CA_1,FOODS,2835,3.34492,0,0,7,3,2016,2511.0,2835.0,2713.0,2871.0,2319.0
2016-03-12,CA_1,FOODS,3773,3.345115,0,0,1,3,2016,2835.0,3661.0,3459.0,3599.0,2881.0
2016-03-13,CA_1,FOODS,3596,3.345115,0,0,2,3,2016,3773.0,4435.0,3979.0,3169.0,3270.0
2016-03-14,CA_1,FOODS,2775,3.345115,0,0,3,3,2016,3596.0,2977.0,2465.0,3009.0,3894.0
2016-03-15,CA_1,FOODS,2203,3.345115,0,0,4,3,2016,2775.0,2688.0,2404.0,2379.0,2504.0
2016-03-16,CA_1,FOODS,2362,3.345115,0,0,5,3,2016,2203.0,2493.0,2435.0,2371.0,2220.0
2016-03-17,CA_1,FOODS,2211,3.345115,0,1,6,3,2016,2362.0,2511.0,2465.0,2476.0,2216.0
2016-03-18,CA_1,FOODS,2749,3.345115,0,0,7,3,2016,2211.0,2835.0,2835.0,2795.0,2072.0
2016-03-19,CA_1,FOODS,3725,3.3459358,0,0,1,3,2016,2749.0,3773.0,3661.0,3469.0,2733.0
2016-03-20,CA_1,FOODS,4240,3.3459358,0,0,2,3,2016,3725.0,3596.0,4435.0,3598.0,3625.0
2016-03-21,CA_1,FOODS,2766,3.3459358,0,0,3,3,2016,4240.0,2775.0,2977.0,2466.0,3709.0
2016-03-22,CA_1,FOODS,2598,3.3459358,0,0,4,3,2016,2766.0,2203.0,2688.0,2406.0,2452.0
2016-03-23,CA_1,FOODS,2554,3.3459358,0,0,5,3,2016,2598.0,2362.0,2493.0,2076.0,2133.0
2016-03-24,CA_1,FOODS,2681,3.3459358,0,1,6,3,2016,2554.0,2211.0,2511.0,2176.0,2082.0
2016-03-25,CA_1,FOODS,3421,3.3459358,0,0,7,3,2016,2681.0,2749.0,2835.0,2713.0,2210.0
2016-03-26,CA_1,FOODS,4251,3.3448224,0,0,1,3,2016,3421.0,3725.0,3773.0,3459.0,2684.0
2016-03-27,CA_1,FOODS,3366,3.3448224,0,1,2,3,2016,4251.0,4240.0,3596.0,3979.0,3340.0
2016-03-28,CA_1,FOODS,2480,3.3448224,0,0,3,3,2016,3366.0,2766.0,2775.0,2465.0,3909.0
2016-03-29,CA_1,FOODS,2481,3.3448224,0,0,4,3,2016,2480.0,2598.0,2203.0,2404.0,2755.0
2016-03-30,CA_1,FOODS,2135,3.3448224,0,0,5,3,2016,2481.0,2554.0,2362.0,2435.0,2654.0
2016-03-31,CA_1,FOODS,2651,3.3448224,0,0,6,3,2016,2135.0,2681.0,2211.0,2465.0,2903.0
2016-04-01,CA_1,FOODS,3132,3.3448224,1,0,7,4,2016,2651.0,3421.0,2749.0,2835.0,2980.0
2016-04-02,CA_1,FOODS,3890,3.345609,1,0,1,4,2016,3132.0,4251.0,3725.0,3661.0,4005.0
2016-04-03,CA_1,FOODS,4226,3.345609,1,0,2,4,2016,3890.0,3366.0,4240.0,4435.0,4688.0
2016-04-04,CA_1,FOODS,3273,3.345609,1,0,3,4,2016,4226.0,2480.0,2766.0,2977.0,3291.0
2016-04-05,CA_1,FOODS,2711,3.345609,1,0,4,4,2016,3273.0,2481.0,2598.0,2688.0,2663.0
2016-04-06,CA_1,FOODS,2698,3.345609,1,0,5,4,2016,2711.0,2135.0,2554.0,2493.0,2538.0
2016-04-07,CA_1,FOODS,2450,3.345609,1,0,6,4,2016,2698.0,2651.0,2681.0,2511.0,2610.0
2016-04-08,CA_1,FOODS,3141,3.345609,1,0,7,4,2016,2450.0,3132.0,3421.0,2835.0,2538.0
2016-04-09,CA_1,FOODS,4073,3.3457897,1,0,1,4,2016,3141.0,3890.0,4251.0,3773.0,3175.0
2016-04-10,CA_1,FOODS,4061,3.3457897,1,0,2,4,2016,4073.0,4226.0,3366.0,3596.0,3627.0
2016-04-11,CA_1,FOODS,2876,3.3457897,0,0,3,4,2016,4061.0,3273.0,2480.0,2775.0,4125.0
2016-04-12,CA_1,FOODS,2372,3.3457897,0,0,4,4,2016,2876.0,2711.0,2481.0,2203.0,2829.0
2016-04-13,CA_1,FOODS,2341,3.3457897,0,0,5,4,2016,2372.0,2698.0,2135.0,2362.0,2354.0
2016-04-14,CA_1,FOODS,2421,3.3457897,0,0,6,4,2016,2341.0,2450.0,2651.0,2211.0,2370.0
2016-04-15,CA_1,FOODS,2706,3.3457897,0,0,7,4,2016,2421.0,3141.0,3132.0,2749.0,2464.0
2016-04-16,CA_1,FOODS,3481,3.3469658,0,0,1,4,2016,2706.0,4073.0,3890.0,3725.0,2951.0
2016-04-17,CA_1,FOODS,4004,3.3469658,0,0,2,4,2016,3481.0,4061.0,4226.0,4240.0,3651.0
2016-04-18,CA_1,FOODS,2886,3.3469658,0,0,3,4,2016,4004.0,2876.0,3273.0,2766.0,3868.0
2016-04-19,CA_1,FOODS,2488,3.3469658,0,0,4,4,2016,2886.0,2372.0,2711.0,2598.0,2656.0
2016-04-20,CA_1,FOODS,2490,3.3469658,0,0,5,4,2016,2488.0,2341.0,2698.0,2554.0,2254.0
2016-04-21,CA_1,FOODS,2533,3.3469658,0,0,6,4,2016,2490.0,2421.0,2450.0,2681.0,2169.0
2016-04-22,CA_1,FOODS,2960,3.3469658,0,0,7,4,2016,2533.0,2706.0,3141.0,3421.0,2510.0
2016-04-23,CA_1,FOODS,3655,3.3470771,0,0,1,4,2016,2960.0,3481.0,4073.0,4251.0,2792.0
2016-04-24,CA_1,FOODS,4053,3.3470771,0,0,2,4,2016,3655.0,4004.0,4061.0,3366.0,4005.0
2016-04-25,CA_1,FOODS,2893,3.3470771,0,0,3,4,2016,4053.0,2886.0,2876.0,2480.0,3952.0
2016-04-26,CA_1,FOODS,2518,3.3470771,0,0,4,4,2016,2893.0,2488.0,2372.0,2481.0,2712.0
2016-04-27,CA_1,FOODS,2467,3.3470771,0,0,5,4,2016,2518.0,2490.0,2341.0,2135.0,2344.0
2016-04-28,CA_1,FOODS,2446,3.3470771,0,0,6,4,2016,2467.0,2533.0,2421.0,2651.0,2400.0
2016-04-29,CA_1,FOODS,3032,3.3470771,0,0,7,4,2016,2446.0,2960.0,2706.0,3132.0,2320.0
2016-04-30,CA_1,FOODS,3950,3.3464022,0,1,1,4,2016,3032.0,3655.0,3481.0,3890.0,3579.0
2016-05-01,CA_1,FOODS,4254,3.3464022,1,1,2,5,2016,3950.0,4053.0,4004.0,4226.0,4042.0
2016-05-02,CA_1,FOODS,3278,3.3464022,1,0,3,5,2016,4254.0,2893.0,2886.0,3273.0,4426.0
2016-05-03,CA_1,FOODS,2997,3.3464022,1,0,4,5,2016,3278.0,2518.0,2488.0,2711.0,3184.0
2016-05-04,CA_1,FOODS,2840,3.3464022,1,0,5,5,2016,2997.0,2467.0,2490.0,2698.0,2891.0
2016-05-05,CA_1,FOODS,2735,3.3464022,1,1,6,5,2016,2840.0,2446.0,2533.0,2450.0,2613.0
2016-05-06,CA_1,FOODS,3303,3.3464022,1,0,7,5,2016,2735.0,3032.0,2960.0,3141.0,2874.0
2016-05-07,CA_1,FOODS,4106,3.3459291,1,0,1,5,2016,3303.0,3950.0,3655.0,4073.0,3242.0
2016-05-08,CA_1,FOODS,3630,3.3459291,1,1,2,5,2016,4106.0,4254.0,4053.0,4061.0,4146.0
2016-05-09,CA_1,FOODS,3245,3.3459291,1,0,3,5,2016,3630.0,3278.0,2893.0,2876.0,3482.0
2016-05-10,CA_1,FOODS,2896,3.3459291,1,0,4,5,2016,3245.0,2997.0,2518.0,2372.0,3123.0
2016-05-11,CA_1,FOODS,2687,3.3459291,0,0,5,5,2016,2896.0,2840.0,2467.0,2341.0,2419.0
2016-05-12,CA_1,FOODS,2663,3.3459291,0,0,6,5,2016,2687.0,2735.0,2446.0,2421.0,2594.0
2016-05-13,CA_1,FOODS,3365,3.3459291,0,0,7,5,2016,2663.0,3303.0,3032.0,2706.0,2395.0
2016-05-14,CA_1,FOODS,4046,3.3476968,0,0,1,5,2016,3365.0,4106.0,3950.0,3481.0,2890.0
2016-05-15,CA_1,FOODS,4717,3.3476968,0,0,2,5,2016,4046.0,3630.0,4254.0,4004.0,3628.0
2016-05-16,CA_1,FOODS,3198,3.3476968,0,0,3,5,2016,4717.0,3245.0,3278.0,2886.0,3722.0
2016-05-17,CA_1,FOODS,2794,3.3476968,0,0,4,5,2016,3198.0,2896.0,2997.0,2488.0,2746.0
2016-05-18,CA_1,FOODS,2816,3.3476968,0,0,5,5,2016,2794.0,2687.0,2840.0,2490.0,2346.0
2016-05-19,CA_1,FOODS,2854,3.3476968,0,0,6,5,2016,2816.0,2663.0,2735.0,2533.0,2230.0
2016-05-20,CA_1,FOODS,2993,3.3476968,0,0,7,5,2016,2854.0,3365.0,3303.0,2960.0,2396.0
2016-05-21,CA_1,FOODS,3783,3.347112,0,0,1,5,2016,2993.0,4046.0,4106.0,3655.0,3110.0
2016-05-22,CA_1,FOODS,4327,3.347112,0,0,2,5,2016,3783.0,4717.0,3630.0,4053.0,3493.0
