store_id,cat_id,state_id,week_start,units,avg_price,snap_days,event_days,units_lag1,units_lag2,units_lag3,units_lag4,units_lag52
CA_1,FOODS,CA,2011-01-31,18778,3.150412,6,1,,,,,
CA_1,FOODS,CA,2011-02-07,17319,3.1466038,4,0,18778.0,,,,
CA_1,FOODS,CA,2011-02-14,15147,3.127796,0,1,17319.0,18778.0,,,
CA_1,FOODS,CA,2011-02-21,14155,3.1239705,0,1,15147.0,17319.0,18778.0,,
CA_1,FOODS,CA,2011-02-28,16633,3.1216264,6,0,14155.0,15147.0,17319.0,18778.0,
CA_1,FOODS,CA,2011-03-07,16986,3.1128812,4,1,16633.0,14155.0,15147.0,17319.0,
CA_1,FOODS,CA,2011-03-14,14823,3.120203,0,3,16986.0,16633.0,14155.0,15147.0,
CA_1,FOODS,CA,2011-03-21,13752,3.1257043,0,0,14823.0,16986.0,16633.0,14155.0,
CA_1,FOODS,CA,2011-03-28,15512,3.126425,3,0,13752.0,14823.0,16986.0,16633.0,
CA_1,FOODS,CA,2011-04-04,16854,3.1365635,7,0,15512.0,13752.0,14823.0,16986.0,
CA_1,FOODS,CA,2011-04-11,14427,3.1376705,0,0,16854.0,15512.0,13752.0,14823.0,
CA_1,FOODS,CA,2011-04-18,13974,3.1344008,0,1,14427.0,16854.0,15512.0,13752.0,
CA_1,FOODS,CA,2011-04-25,12233,3.1339078,1,1,13974.0,14427.0,16854.0,15512.0,
CA_1,FOODS,CA,2011-05-02,14601,3.130831,7,2,12233.0,13974.0,14427.0,16854.0,
CA_1,FOODS,CA,2011-05-09,15060,3.1181355,2,0,14601.0,12233.0,13974.0,14427.0,
CA_1,FOODS,CA,2011-05-16,12956,3.111032,0,0,15060.0,14601.0,12233.0,13974.0,
CA_1,FOODS,CA,2011-05-23,12399,3.1256137,0,0,12956.0,15060.0,14601.0,12233.0,
CA_1,FOODS,CA,2011-05-30,14906,3.1493568,5,2,12399.0,12956.0,15060.0,14601.0,
CA_1,FOODS,CA,2011-06-06,15466,3.1573184,5,1,14906.0,12399.0,12956.0,15060.0,
CA_1,FOODS,CA,2011-06-13,14701,3.165298,0,1,15466.0,14906.0,12399.0,12956.0,
CA_1,FOODS,CA,2011-06-20,14629,3.1658838,0,0,14701.0,15466.0,14906.0,12399.0,
CA_1,FOODS,CA,2011-06-27,15362,3.1660619,3,0,14629.0,14701.0,15466.0,14906.0,
CA_1,FOODS,CA,2011-07-04,17459,3.1657722,7,1,15362.0,14629.0,14701.0,15466.0,
CA_1,FOODS,CA,2011-07-11,13994,3.1707006,0,0,17459.0,15362.0,14629.0,14701.0,
CA_1,FOODS,CA,2011-07-18,14476,3.186186,0,0,13994.0,17459.0,15362.0,14629.0,
CA_1,FOODS,CA,2011-07-25,13227,3.2049463,0,0,14476.0,13994.0,17459.0,15362.0,
CA_1,FOODS,CA,2011-08-01,15936,3.2262795,7,1,13227.0,14476.0,13994.0,17459.0,
CA_1,FOODS,CA,2011-08-08,16242,3.2148678,3,0,15936.0,13227.0,14476.0,13994.0,
CA_1,FOODS,CA,2011-08-15,15202,3.2059188,0,0,16242.0,15936.0,13227.0,14476.0,
CA_1,FOODS,CA,2011-08-22,13939,3.2092953,0,0,15202.0,16242.0,15936.0,13227.0,
CA_1,FOODS,CA,2011-08-29,14046,3.2127519,4,1,13939.0,15202.0,16242.0,15936.0,
CA_1,FOODS,CA,2011-09-05,16354,3.219812,6,1,14046.0,13939.0,15202.0,16242.0,
CA_1,FOODS,CA,2011-09-12,13717,3.2246823,0,0,16354.0,14046.0,13939.0,15202.0,
CA_1,FOODS,CA,2011-09-19,14976,3.2303376,0,0,13717.0,16354.0,14046.0,13939.0,
CA_1,FOODS,CA,2011-09-26,16356,3.2333734,2,0,14976.0,13717.0,16354.0,14046.0,
CA_1,FOODS,CA,2011-10-03,17878,3.2342105,7,0,16356.0,14976.0,13717.0,16354.0,
CA_1,FOODS,CA,2011-10-10,16929,3.2380185,1,1,17878.0,16356.0,14976.0,13717.0,
CA_1,FOODS,CA,2011-10-17,15894,3.245817,0,0,16929.0,17878.0,16356.0,14976.0,
CA_1,FOODS,CA,2011-10-24,15764,3.2611766,0,0,15894.0,16929.0,17878.0,16356.0,
CA_1,FOODS,CA,2011-10-31,17495,3.2672465,6,1,15764.0,15894.0,16929.0,17878.0,
CA_1,FOODS,CA,2011-11-07,18542,3.2725294,4,2,17495.0,15764.0,15894.0,16929.0,
CA_1,FOODS,CA,2011-11-14,16557,3.273051,0,0,18542.0,17495.0,15764.0,15894.0,
CA_1,FOODS,CA,2011-11-21,16584,3.273998,0,1,16557.0,18542.0,17495.0,15764.0,
CA_1,FOODS,CA,2011-11-28,16595,3.2727869,4,0,16584.0,16557.0,18542.0,17495.0,
CA_1,FOODS,CA,2011-12-05,18585,3.2684276,6,0,16595.0,16584.0,16557.0,18542.0,
CA_1,FOODS,CA,2011-12-12,18344,3.2674637,0,0,18585.0,16595.0,16584.0,16557.0,
CA_1,FOODS,CA,2011-12-19,16668,3.2700381,0,1,18344.0,18585.0,16595.0,16584.0,
CA_1,FOODS,CA,2011-12-26,17859,3.2675443,1,2,16668.0,18344.0,18585.0,16595.0,
CA_1,FOODS,CA,2012-01-02,20100,3.263036,7,1,17859.0,16668.0,18344.0,18585.0,
CA_1,FOODS,CA,2012-01-09,18166,3.25761,2,0,20100.0,17859.0,16668.0,18344.0,
CA_1,FOODS,CA,2012-01-16,18193,3.2605484,0,1,18166.0,20100.0,17859.0,16668.0,
CA_1,FOODS,CA,2012-01-23,16232,3.2610817,0,0,18193.0,18166.0,20100.0,17859.0,
CA_1,FOODS,CA,2012-01-30,20473,3.26469,5,1,16232.0,18193.0,18166.0,20100.0,18778.0
CA_1,FOODS,CA,2012-02-06,20608,3.2591863,5,0,20473.0,16232.0,18193.0,18166.0,17319.0
CA_1,FOODS,CA,2012-02-13,18056,3.2574127,0,1,20608.0,20473.0,16232.0,18193.0,15147.0
CA_1,FOODS,CA,2012-02-20,18255,3.2653573,0,2,18056.0,20608.0,20473.0,16232.0,14155.0
CA_1,FOODS,CA,2012-02-27,19494,3.2692933,4,1,18255.0,18056.0,20608.0,20473.0,16633.0
CA_1,FOODS,CA,2012-03-05,21836,3.2759264,6,1,19494.0,18255.0,18056.0,20608.0,16986.0
CA_1,FOODS,CA,2012-03-12,19059,3.2814777,0,1,21836.0,19494.0,18255.0,18056.0,14823.0
CA_1,FOODS,CA,2012-03-19,19541,3.283326,0,0,19059.0,21836.0,19494.0,18255.0,13752.0
CA_1,FOODS,CA,2012-03-26,19004,3.2871575,1,0,19541.0,19059.0,21836.0,19494.0,15512.0
CA_1,FOODS,CA,2012-04-02,23851,3.2859256,7,1,19004.0,19541.0,19059.0,21836.0,16854.0
CA_1,FOODS,CA,2012-04-09,21258,3.2886338,2,2,23851.0,19004.0,19541.0,19059.0,14427.0
CA_1,FOODS,CA,2012-04-16,19734,3.2935348,0,0,21258.0,23851.0,19004.0,19541.0,13974.0
CA_1,FOODS,CA,2012-04-23,18984,3.300812,0,0,19734.0,21258.0,23851.0,19004.0,12233.0
CA_1,FOODS,CA,2012-04-30,21579,3.3049731,6,1,18984.0,19734.0,21258.0,23851.0,14601.0
CA_1,FOODS,CA,2012-05-07,23781,3.3050141,4,1,21579.0,18984.0,19734.0,21258.0,15060.0
CA_1,FOODS,CA,2012-05-14,22447,3.3027515,0,0,23781.0,21579.0,18984.0,19734.0,12956.0
CA_1,FOODS,CA,2012-05-21,19964,3.2998312,0,0,22447.0,23781.0,21579.0,18984.0,12399.0
CA_1,FOODS,CA,2012-05-28,21563,3.2973182,3,1,19964.0,22447.0,23781.0,21579.0,14906.0
CA_1,FOODS,CA,2012-06-04,22607,3.2988951,7,0,21563.0,19964.0,22447.0,23781.0,15466.0
CA_1,FOODS,CA,2012-06-11,22873,3.2983327,0,2,22607.0,21563.0,19964.0,22447.0,14701.0
CA_1,FOODS,CA,2012-06-18,21158,3.3014243,0,1,22873.0,22607.0,21563.0,19964.0,14629.0
CA_1,FOODS,CA,2012-06-25,20834,3.3017159,1,0,21158.0,22873.0,22607.0,21563.0,15362.0
CA_1,FOODS,CA,2012-07-02,22731,3.305077,7,1,20834.0,21158.0,22873.0,22607.0,17459.0
CA_1,FOODS,CA,2012-07-09,21849,3.3030643,2,0,22731.0,20834.0,21158.0,22873.0,13994.0
CA_1,FOODS,CA,2012-07-16,20820,3.2945247,0,1,21849.0,22731.0,20834.0,21158.0,14476.0
CA_1,FOODS,CA,2012-07-23,18762,3.296926,0,0,20820.0,21849.0,22731.0,20834.0,13227.0
CA_1,FOODS,CA,2012-07-30,22270,3.2946296,5,0,18762.0,20820.0,21849.0,22731.0,15936.0
CA_1,FOODS,CA,2012-08-06,24186,3.290027,5,0,22270.0,18762.0,20820.0,21849.0,16242.0
CA_1,FOODS,CA,2012-08-13,23791,3.2867334,0,1,24186.0,22270.0,18762.0,20820.0,15202.0
CA_1,FOODS,CA,2012-08-20,20599,3.290871,0,0,23791.0,24186.0,22270.0,18762.0,13939.0
CA_1,FOODS,CA,2012-08-27,21074,3.293114,2,0,20599.0,23791.0,24186.0,22270.0,14046.0
CA_1,FOODS,CA,2012-09-03,22941,3.2976155,7,1,21074.0,20599.0,23791.0,24186.0,16354.0
CA_1,FOODS,CA,2012-09-10,20671,3.2993798,1,0,22941.0,21074.0,20599.0,23791.0,13717.0
CA_1,FOODS,CA,2012-09-17,19662,3.3041055,0,0,20671.0,22941.0,21074.0,20599.0,14976.0
CA_1,FOODS,CA,2012-09-24,18596,3.308973,0,0,19662.0,20671.0,22941.0,21074.0,16356.0
CA_1,FOODS,CA,2012-10-01,21821,3.312225,7,0,18596.0,19662.0,20671.0,22941.0,17878.0
CA_1,FOODS,CA,2012-10-08,19393,3.318453,3,1,21821.0,18596.0,19662.0,20671.0,16929.0
CA_1,FOODS,CA,2012-10-15,17060,3.3158174,0,0,19393.0,21821.0,18596.0,19662.0,15894.0
CA_1,FOODS,CA,2012-10-22,16958,3.3094764,0,1,17060.0,19393.0,21821.0,18596.0,15764.0
CA_1,FOODS,CA,2012-10-29,18450,3.3091836,4,1,16958.0,17060.0,19393.0,21821.0,17495.0
CA_1,FOODS,CA,2012-11-05,20197,3.3075528,6,1,18450.0,16958.0,17060.0,19393.0,18542.0
CA_1,FOODS,CA,2012-11-12,18081,3.3094523,0,0,20197.0,18450.0,16958.0,17060.0,16557.0
CA_1,FOODS,CA,2012-11-19,16448,3.3098845,0,1,18081.0,20197.0,18450.0,16958.0,16584.0
CA_1,FOODS,CA,2012-11-26,16606,3.3099248,2,0,16448.0,18081.0,20197.0,18450.0,16595.0
CA_1,FOODS,CA,2012-12-03,19775,3.310957,7,0,16606.0,16448.0,18081.0,20197.0,18585.0
CA_1,FOODS,CA,2012-12-10,18601,3.3092732,1,1,19775.0,16606.0,16448.0,18081.0,18344.0
CA_1,FOODS,CA,2012-12-17,19173,3.3059642,0,0,18601.0,19775.0,16606.0,16448.0,16668.0
CA_1,FOODS,CA,2012-12-24,15162,3.295541,0,1,19173.0,18601.0,19775.0,16606.0,17859.0
CA_1,FOODS,CA,2012-12-31,20022,3.2829783,6,1,15162.0,19173.0,18601.0,19775.0,20100.0
CA_1,FOODS,CA,2013-01-07,19839,3.2793686,4,1,20022.0,15162.0,19173.0,18601.0,18166.0
CA_1,FOODS,CA,2013-01-14,17749,3.2768006,0,0,19839.0,20022.0,15162.0,19173.0,18193.0
CA_1,FOODS,CA,2013-01-21,16796,3.2819335,0,1,17749.0,19839.0,20022.0,15162.0,16232.0
CA_1,FOODS,CA,2013-01-28,18490,3.2988148,3,1,16796.0,17749.0,19839.0,20022.0,20473.0
CA_1,FOODS,CA,2013-02-04,19852,3.301051,7,0,18490.0,16796.0,17749.0,19839.0,20608.0
CA_1,FOODS,CA,2013-02-11,19033,3.2894447,0,2,19852.0,18490.0,16796.0,17749.0,18056.0
CA_1,FOODS,CA,2013-02-18,18402,3.2782114,0,3,19033.0,19852.0,18490.0,16796.0,18255.0
CA_1,FOODS,CA,2013-02-25,18813,3.2726886,3,0,18402.0,19033.0,19852.0,18490.0,19494.0
CA_1,FOODS,CA,2013-03-04,19842,3.277109,7,0,18813.0,18402.0,19033.0,19852.0,21836.0
CA_1,FOODS,CA,2013-03-11,18244,3.282912,0,1,19842.0,18813.0,18402.0,19033.0,19059.0
CA_1,FOODS,CA,2013-03-18,17686,3.2776618,0,0,18244.0,19842.0,18813.0,18402.0,19541.0
CA_1,FOODS,CA,2013-03-25,20161,3.2714317,0,1,17686.0,18244.0,19842.0,18813.0,19004.0
CA_1,FOODS,CA,2013-04-01,20510,3.2640254,7,1,20161.0,17686.0,18244.0,19842.0,23851.0
CA_1,FOODS,CA,2013-04-08,19339,3.2630458,3,0,20510.0,20161.0,17686.0,18244.0,21258.0
CA_1,FOODS,CA,2013-04-15,17816,3.2604039,0,0,19339.0,20510.0,20161.0,17686.0,19734.0
CA_1,FOODS,CA,2013-04-22,17512,3.2622051,0,0,17816.0,19339.0,20510.0,20161.0,18984.0
CA_1,FOODS,CA,2013-04-29,20635,3.2629375,5,1,17512.0,17816.0,19339.0,20510.0,21579.0
CA_1,FOODS,CA,2013-05-06,21248,3.2615306,5,1,20635.0,17512.0,17816.0,19339.0,23781.0
CA_1,FOODS,CA,2013-05-13,19630,3.2584324,0,0,21248.0,20635.0,17512.0,17816.0,22447.0
CA_1,FOODS,CA,2013-05-20,19011,3.2520924,0,0,19630.0,21248.0,20635.0,17512.0,19964.0
CA_1,FOODS,CA,2013-05-27,20649,3.2526417,2,1,19011.0,19630.0,21248.0,20635.0,21563.0
CA_1,FOODS,CA,2013-06-03,22177,3.254988,7,1,20649.0,19011.0,19630.0,21248.0,22607.0
CA_1,FOODS,CA,2013-06-10,22167,3.2558804,1,1,22177.0,20649.0,19011.0,19630.0,22873.0
CA_1,FOODS,CA,2013-06-17,20831,3.2562668,0,1,22167.0,22177.0,20649.0,19011.0,21158.0
CA_1,FOODS,CA,2013-06-24,22007,3.256758,0,0,20831.0,22167.0,22177.0,20649.0,20834.0
CA_1,FOODS,CA,2013-07-01,26189,3.2563596,7,1,22007.0,20831.0,22167.0,22177.0,22731.0
CA_1,FOODS,CA,2013-07-08,23628,3.2575912,3,1,26189.0,22007.0,20831.0,22167.0,21849.0
CA_1,FOODS,CA,2013-07-15,22073,3.2588577,0,0,23628.0,26189.0,22007.0,20831.0,20820.0
CA_1,FOODS,CA,2013-07-22,20700,3.2590446,0,0,22073.0,23628.0,26189.0,22007.0,18762.0
CA_1,FOODS,CA,2013-07-29,22869,3.259451,4,0,20700.0,22073.0,23628.0,26189.0,22270.0
CA_1,FOODS,CA,2013-08-05,25691,3.255637,6,1,22869.0,20700.0,22073.0,23628.0,24186.0
CA_1,FOODS,CA,2013-08-12,23882,3.2540927,0,0,25691.0,22869.0,20700.0,22073.0,23791.0
CA_1,FOODS,CA,2013-08-19,23369,3.2515903,0,0,23882.0,25691.0,22869.0,20700.0,20599.0
CA_1,FOODS,CA,2013-08-26,23318,3.2504895,1,0,23369.0,23882.0,25691.0,22869.0,21074.0
CA_1,FOODS,CA,2013-09-02,26584,3.2523425,7,1,23318.0,23369.0,23882.0,25691.0,22941.0
CA_1,FOODS,CA,2013-09-09,23216,3.2515647,2,0,26584.0,23318.0,23369.0,23882.0,20671.0
CA_1,FOODS,CA,2013-09-16,22827,3.246849,0,0,23216.0,26584.0,23318.0,23369.0,19662.0
CA_1,FOODS,CA,2013-09-23,21540,3.2478292,0,0,22827.0,23216.0,26584.0,23318.0,18596.0
CA_1,FOODS,CA,2013-09-30,22640,3.2491663,6,0,21540.0,22827.0,23216.0,26584.0,21821.0
CA_1,FOODS,CA,2013-10-07,23152,3.2533214,4,0,22640.0,21540.0,22827.0,23216.0,19393.0
CA_1,FOODS,CA,2013-10-14,20582,3.2554638,0,2,23152.0,22640.0,21540.0,22827.0,17060.0
CA_1,FOODS,CA,2013-10-21,19777,3.2540436,0,0,20582.0,23152.0,22640.0,21540.0,16958.0
CA_1,FOODS,CA,2013-10-28,20936,3.2533796,3,1,19777.0,20582.0,23152.0,22640.0,18450.0
CA_1,FOODS,CA,2013-11-04,21316,3.2519867,7,0,20936.0,19777.0,20582.0,23152.0,20197.0
CA_1,FOODS,CA,2013-11-11,19786,3.2480004,0,1,21316.0,20936.0,19777.0,20582.0,18081.0
CA_1,FOODS,CA,2013-11-18,19104,3.2463129,0,0,19786.0,21316.0,20936.0,19777.0,16448.0
CA_1,FOODS,CA,2013-11-25,18206,3.2482438,1,1,19104.0,19786.0,21316.0,20936.0,16606.0
CA_1,FOODS,CA,2013-12-02,22805,3.2476017,7,1,18206.0,19104.0,19786.0,21316.0,19775.0
CA_1,FOODS,CA,2013-12-09,20954,3.24743,2,0,22805.0,18206.0,19104.0,19786.0,18601.0
CA_1,FOODS,CA,2013-12-16,20512,3.2465012,0,0,20954.0,22805.0,18206.0,19104.0,19173.0
CA_1,FOODS,CA,2013-12-23,17710,3.2471697,0,1,20512.0,20954.0,22805.0,18206.0,15162.0
CA_1,FOODS,CA,2013-12-30,22516,3.2452512,5,1,17710.0,20512.0,20954.0,22805.0,20022.0
CA_1,FOODS,CA,2014-01-06,21908,3.2437398,5,1,22516.0,17710.0,20512.0,20954.0,19839.0
CA_1,FOODS,CA,2014-01-13,19920,3.2425537,0,0,21908.0,22516.0,17710.0,20512.0,17749.0
CA_1,FOODS,CA,2014-01-20,18909,3.2379842,0,1,19920.0,21908.0,22516.0,17710.0,16796.0
CA_1,FOODS,CA,2014-01-27,19450,3.2324526,2,1,18909.0,19920.0,21908.0,22516.0,18490.0
CA_1,FOODS,CA,2014-02-03,21505,3.2313294,7,0,19450.0,18909.0,19920.0,21908.0,19852.0
CA_1,FOODS,CA,2014-02-10,19999,3.2348015,1,1,21505.0,19450.0,18909.0,19920.0,19033.0
CA_1,FOODS,CA,2014-02-17,18386,3.237837,0,1,19999.0,21505.0,19450.0,18909.0,18402.0
CA_1,FOODS,CA,2014-02-24,18640,3.2440224,2,0,18386.0,19999.0,21505.0,19450.0,18813.0
CA_1,FOODS,CA,2014-03-03,19756,3.2447896,7,1,18640.0,18386.0,19999.0,21505.0,19842.0
CA_1,FOODS,CA,2014-03-10,20910,3.2432191,1,2,19756.0,18640.0,18386.0,19999.0,18244.0
CA_1,FOODS,CA,2014-03-17,19546,3.2436085,0,1,20910.0,19756.0,18640.0,18386.0,17686.0
CA_1,FOODS,CA,2014-03-24,19862,3.2413661,0,0,19546.0,20910.0,19756.0,18640.0,20161.0
CA_1,FOODS,CA,2014-03-31,22486,3.241428,6,0,19862.0,19546.0,20910.0,19756.0,20510.0
CA_1,FOODS,CA,2014-04-07,22680,3.2415502,4,0,22486.0,19862.0,19546.0,20910.0,19339.0
CA_1,FOODS,CA,2014-04-14,23238,3.2383215,0,1,22680.0,22486.0,19862.0,19546.0,17816.0
CA_1,FOODS,CA,2014-04-21,20526,3.2321665,0,1,23238.0,22680.0,22486.0,19862.0,17512.0
CA_1,FOODS,CA,2014-04-28,22490,3.232198,4,0,20526.0,23238.0,22680.0,22486.0,20635.0
CA_1,FOODS,CA,2014-05-05,20714,3.2339709,6,2,22490.0,20526.0,23238.0,22680.0,21248.0
CA_1,FOODS,CA,2014-05-12,21699,3.2374096,0,0,20714.0,22490.0,20526.0,23238.0,19630.0
CA_1,FOODS,CA,2014-05-19,18708,3.234935,0,0,21699.0,20714.0,22490.0,20526.0,19011.0
CA_1,FOODS,CA,2014-05-26,20144,3.2331727,1,1,18708.0,21699.0,20714.0,22490.0,20649.0
CA_1,FOODS,CA,2014-06-02,22018,3.2386415,7,1,20144.0,18708.0,21699.0,20714.0,22177.0
CA_1,FOODS,CA,2014-06-09,22285,3.2438302,2,1,22018.0,20144.0,18708.0,21699.0,22167.0
CA_1,FOODS,CA,2014-06-16,21161,3.2500536,0,0,22285.0,22018.0,20144.0,18708.0,20831.0
CA_1,FOODS,CA,2014-06-23,19995,3.2640908,0,1,21161.0,22285.0,22018.0,20144.0,22007.0
CA_1,FOODS,CA,2014-06-30,23823,3.2744315,6,1,19995.0,21161.0,22285.0,22018.0,26189.0
CA_1,FOODS,CA,2014-07-07,23478,3.2804887,4,0,23823.0,19995.0,21161.0,22285.0,23628.0
CA_1,FOODS,CA,2014-07-14,21880,3.282811,0,0,23478.0,23823.0,19995.0,21161.0,22073.0
CA_1,FOODS,CA,2014-07-21,20656,3.281313,0,0,21880.0,23478.0,23823.0,19995.0,20700.0
CA_1,FOODS,CA,2014-07-28,23245,3.2796855,3,1,20656.0,21880.0,23478.0,23823.0,22869.0
CA_1,FOODS,CA,2014-08-04,24204,3.27986,7,0,23245.0,20656.0,21880.0,23478.0,25691.0
CA_1,FOODS,CA,2014-08-11,22647,3.2808137,0,0,24204.0,23245.0,20656.0,21880.0,23882.0
CA_1,FOODS,CA,2014-08-18,22349,3.279141,0,0,22647.0,24204.0,23245.0,20656.0,23369.0
CA_1,FOODS,CA,2014-08-25,20278,3.281143,0,0,22349.0,22647.0,24204.0,23245.0,23318.0
CA_1,FOODS,CA,2014-09-01,23582,3.2829645,7,1,20278.0,22349.0,22647.0,24204.0,26584.0
CA_1,FOODS,CA,2014-09-08,21903,3.2875588,3,0,23582.0,20278.0,22349.0,22647.0,23216.0
CA_1,FOODS,CA,2014-09-15,20408,3.2883675,0,0,21903.0,23582.0,20278.0,22349.0,22827.0
CA_1,FOODS,CA,2014-09-22,20650,3.28816,0,0,20408.0,21903.0,23582.0,20278.0,21540.0
CA_1,FOODS,CA,2014-09-29,23118,3.2830925,5,1,20650.0,20408.0,21903.0,23582.0,22640.0
CA_1,FOODS,CA,2014-10-06,23489,3.2864163,5,0,23118.0,20650.0,20408.0,21903.0,23152.0
CA_1,FOODS,CA,2014-10-13,21356,3.2984746,0,1,23489.0,23118.0,20650.0,20408.0,20582.0
CA_1,FOODS,CA,2014-10-20,20206,3.3004353,0,0,21356.0,23489.0,23118.0,20650.0,19777.0
CA_1,FOODS,CA,2014-10-27,21542,3.3004234,2,1,20206.0,21356.0,23489.0,23118.0,20936.0
CA_1,FOODS,CA,2014-11-03,22619,3.3024333,7,0,21542.0,20206.0,21356.0,23489.0,21316.0
CA_1,FOODS,CA,2014-11-10,21094,3.3060424,1,1,22619.0,21542.0,20206.0,21356.0,19786.0
CA_1,FOODS,CA,2014-11-17,19737,3.307221,0,0,21094.0,22619.0,21542.0,20206.0,19104.0
CA_1,FOODS,CA,2014-11-24,19853,3.3095396,0,1,19737.0,21094.0,22619.0,21542.0,18206.0
CA_1,FOODS,CA,2014-12-01,20511,3.3106186,7,0,19853.0,19737.0,21094.0,22619.0,22805.0
CA_1,FOODS,CA,2014-12-08,20318,3.3111317,3,0,20511.0,19853.0,19737.0,21094.0,20954.0
CA_1,FOODS,CA,2014-12-15,20442,3.3100073,0,0,20318.0,20511.0,19853.0,19737.0,20512.0
CA_1,FOODS,CA,2014-12-22,17316,3.308313,0,2,20442.0,20318.0,20511.0,19853.0,17710.0
CA_1,FOODS,CA,2014-12-29,21052,3.3088782,4,1,17316.0,20442.0,20318.0,20511.0,22516.0
CA_1,FOODS,CA,2015-01-05,21796,3.3106694,6,1,21052.0,17316.0,20442.0,20318.0,21908.0
CA_1,FOODS,CA,2015-01-12,19455,3.3113544,0,0,21796.0,21052.0,17316.0,20442.0,19920.0
CA_1,FOODS,CA,2015-01-19,19634,3.3084798,0,1,19455.0,21796.0,21052.0,17316.0,18909.0
CA_1,FOODS,CA,2015-01-26,19113,3.3091514,1,1,19634.0,19455.0,21796.0,21052.0,19450.0
CA_1,FOODS,CA,2015-02-02,21680,3.3179414,7,0,19113.0,19634.0,19455.0,21796.0,21505.0
CA_1,FOODS,CA,2015-02-09,21008,3.325119,2,1,21680.0,19113.0,19634.0,19455.0,19999.0
CA_1,FOODS,CA,2015-02-16,18431,3.3266528,0,2,21008.0,21680.0,19113.0,19634.0,18386.0
CA_1,FOODS,CA,2015-02-23,17871,3.3282263,1,1,18431.0,21008.0,21680.0,19113.0,18640.0
CA_1,FOODS,CA,2015-03-02,20246,3.3335114,7,1,17871.0,18431.0,21008.0,21680.0,19756.0
CA_1,FOODS,CA,2015-03-09,19867,3.3404663,2,0,20246.0,17871.0,18431.0,21008.0,20910.0
CA_1,FOODS,CA,2015-03-16,19079,3.3456073,0,1,19867.0,20246.0,17871.0,18431.0,19546.0
CA_1,FOODS,CA,2015-03-23,18810,3.3440366,0,0,19079.0,19867.0,20246.0,17871.0,19862.0
CA_1,FOODS,CA,2015-03-30,23276,3.3381984,5,1,18810.0,19079.0,19867.0,20246.0,22486.0
CA_1,FOODS,CA,2015-04-06,21276,3.3377564,5,2,23276.0,18810.0,19079.0,19867.0,22680.0
CA_1,FOODS,CA,2015-04-13,20487,3.340213,0,0,21276.0,23276.0,18810.0,19079.0,23238.0
CA_1,FOODS,CA,2015-04-20,20338,3.3403091,0,0,20487.0,21276.0,23276.0,18810.0,20526.0
CA_1,FOODS,CA,2015-04-27,21823,3.3396647,3,0,20338.0,20487.0,21276.0,23276.0,22490.0
CA_1,FOODS,CA,2015-05-04,22432,3.340254,7,2,21823.0,20338.0,20487.0,21276.0,20714.0
CA_1,FOODS,CA,2015-05-11,20771,3.3414974,0,0,22432.0,21823.0,20338.0,20487.0,21699.0
CA_1,FOODS,CA,2015-05-18,19819,3.3406217,0,0,20771.0,22432.0,21823.0,20338.0,18708.0
CA_1,FOODS,CA,2015-05-25,20082,3.3417003,0,1,19819.0,20771.0,22432.0,21823.0,20144.0
CA_1,FOODS,CA,2015-06-01,22056,3.3435178,7,1,20082.0,19819.0,20771.0,22432.0,22018.0
CA_1,FOODS,CA,2015-06-08,22400,3.3458083,3,0,22056.0,20082.0,19819.0,20771.0,22285.0
CA_1,FOODS,CA,2015-06-15,20860,3.3490431,0,3,22400.0,22056.0,20082.0,19819.0,21161.0
CA_1,FOODS,CA,2015-06-22,20789,3.3507526,0,0,20860.0,22400.0,22056.0,20082.0,19995.0
CA_1,FOODS,CA,2015-06-29,21916,3.348725,5,1,20789.0,20860.0,22400.0,22056.0,23823.0
CA_1,FOODS,CA,2015-07-06,22636,3.3485944,5,0,21916.0,20789.0,20860.0,22400.0,23478.0
CA_1,FOODS,CA,2015-07-13,20187,3.348379,0,1,22636.0,21916.0,20789.0,20860.0,21880.0
CA_1,FOODS,CA,2015-07-20,19613,3.3460538,0,0,20187.0,22636.0,21916.0,20789.0,20656.0
CA_1,FOODS,CA,2015-07-27,22001,3.3424413,2,0,19613.0,20187.0,22636.0,21916.0,23245.0
CA_1,FOODS,CA,2015-08-03,23323,3.3426163,7,0,22001.0,19613.0,20187.0,22636.0,24204.0
CA_1,FOODS,CA,2015-08-10,21123,3.3441107,1,0,23323.0,22001.0,19613.0,20187.0,22647.0
CA_1,FOODS,CA,2015-08-17,20338,3.3440578,0,0,21123.0,23323.0,22001.0,19613.0,22349.0
CA_1,FOODS,CA,2015-08-24,18806,3.343058,0,0,20338.0,21123.0,23323.0,22001.0,20278.0
CA_1,FOODS,CA,2015-08-31,20932,3.3431592,6,0,18806.0,20338.0,21123.0,23323.0,23582.0
CA_1,FOODS,CA,2015-09-07,22076,3.3434548,4,1,20932.0,18806.0,20338.0,21123.0,21903.0
CA_1,FOODS,CA,2015-09-14,20561,3.3445244,0,0,22076.0,20932.0,18806.0,20338.0,20408.0
CA_1,FOODS,CA,2015-09-21,20361,3.3448558,0,1,20561.0,22076.0,20932.0,18806.0,20650.0
CA_1,FOODS,CA,2015-09-28,21562,3.3445094,4,0,20361.0,20561.0,22076.0,20932.0,23118.0
CA_1,FOODS,CA,2015-10-05,22765,3.3466222,6,0,21562.0,20361.0,20561.0,22076.0,23489.0
CA_1,FOODS,CA,2015-10-12,20818,3.3484287,0,1,22765.0,21562.0,20361.0,20561.0,21356.0
CA_1,FOODS,CA,2015-10-19,19042,3.3478665,0,0,20818.0,22765.0,21562.0,20361.0,20206.0
CA_1,FOODS,CA,2015-10-26,18512,3.3468707,1,1,19042.0,20818.0,22765.0,21562.0,21542.0
CA_1,FOODS,CA,2015-11-02,19468,3.3468168,7,0,18512.0,19042.0,20818.0,22765.0,22619.0
CA_1,FOODS,CA,2015-11-09,18450,3.3463323,2,1,19468.0,18512.0,19042.0,20818.0,21094.0
CA_1,FOODS,CA,2015-11-16,17657,3.3462765,0,0,18450.0,19468.0,18512.0,19042.0,19737.0
CA_1,FOODS,CA,2015-11-23,16913,3.346087,0,1,17657.0,18450.0,19468.0,18512.0,19853.0
CA_1,FOODS,CA,2015-11-30,18227,3.3466074,6,0,16913.0,17657.0,18450.0,19468.0,20511.0
CA_1,FOODS,CA,2015-12-07,17629,3.3476124,4,0,18227.0,16913.0,17657.0,18450.0,20318.0
CA_1,FOODS,CA,2015-12-14,18279,3.3483698,0,1,17629.0,18227.0,16913.0,17657.0,20442.0
CA_1,FOODS,CA,2015-12-21,16133,3.3486135,0,1,18279.0,17629.0,18227.0,16913.0,17316.0
CA_1,FOODS,CA,2015-12-28,17928,3.3500497,3,1,16133.0,18279.0,17629.0,18227.0,21052.0
CA_1,FOODS,CA,2016-01-04,20479,3.3517044,7,1,17928.0,16133.0,18279.0,17629.0,21796.0
CA_1,FOODS,CA,2016-01-11,19057,3.3528817,0,0,20479.0,17928.0,16133.0,18279.0,19455.0
CA_1,FOODS,CA,2016-01-18,18786,3.352489,0,1,19057.0,20479.0,17928.0,16133.0,19634.0
CA_1,FOODS,CA,2016-01-25,18253,3.352123,0,0,18786.0,19057.0,20479.0,17928.0,19113.0
CA_1,FOODS,CA,2016-02-01,20867,3.3510861,7,1,18253.0,18786.0,19057.0,20479.0,21680.0
CA_1,FOODS,CA,2016-02-08,20188,3.3489995,3,2,20867.0,18253.0,18786.0,19057.0,21008.0
CA_1,FOODS,CA,2016-02-15,20097,3.3476965,0,2,20188.0,20867.0,18253.0,18786.0,18431.0
CA_1,FOODS,CA,2016-02-22,19275,3.3461843,0,0,20097.0,20188.0,20867.0,18253.0,17871.0
CA_1,FOODS,CA,2016-02-29,20700,3.3443036,6,0,19275.0,20097.0,20188.0,20867.0,20246.0
CA_1,FOODS,CA,2016-03-07,20873,3.3449757,4,0,20700.0,19275.0,20097.0,20188.0,19867.0
CA_1,FOODS,CA,2016-03-14,20265,3.3453496,0,1,20873.0,20700.0,19275.0,20097.0,19079.0
CA_1,FOODS,CA,2016-03-21,21637,3.3456175,0,2,20265.0,20873.0,20700.0,19275.0,18810.0
CA_1,FOODS,CA,2016-03-28,20995,3.345047,3,0,21637.0,20265.0,20873.0,20700.0,23276.0
CA_1,FOODS,CA,2016-04-04,22407,3.3456607,7,0,20995.0,21637.0,20265.0,20873.0,21276.0
CA_1,FOODS,CA,2016-04-11,20201,3.3461258,0,0,22407.0,20995.0,21637.0,20265.0,20487.0
CA_1,FOODS,CA,2016-04-18,21065,3.3469977,0,0,20201.0,22407.0,20995.0,21637.0,20338.0
CA_1,FOODS,CA,2016-04-25,21560,3.3468843,1,2,21065.0,20201.0,22407.0,20995.0,21823.0
CA_1,FOODS,CA,2016-05-02,22889,3.3462672,7,2,21560.0,21065.0,20201.0,22407.0,22432.0
CA_1,FOODS,CA,2016-05-09,23619,3.346434,2,0,22889.0,21560.0,21065.0,20201.0,20771.0
CA_1,FOODS,CA,2016-05-16,22765,3.34753,0,0,23619.0,22889.0,21560.0,21065.0,19819.0
CA_1,HOBBIES,CA,2011-01-31,3089,4.451015,6,1,,,,,
CA_1,HOBBIES,CA,2011-02-07,3336,4.4215803,4,0,3089.0,,,,
CA_1,HOBBIES,CA,2011-02-14,2868,4.448626,0,1,3336.0,3089.0,,,
CA_1,HOBBIES,CA,2011-02-21,3156,4.425685,0,1,2868.0,3336.0,3089.0,,
CA_1,HOBBIES,CA,2011-02-28,2027,4.4320803,6,0,3156.0,2868.0,3336.0,3089.0,
CA_1,HOBBIES,CA,2011-03-07,3022,4.4384756,4,1,2027.0,3156.0,2868.0,3336.0,
CA_1,HOBBIES,CA,2011-03-14,2929,4.472175,0,3,3022.0,2027.0,3156.0,2868.0,
CA_1,HOBBIES,CA,2011-03-21,3298,4.495048,0,0,2929.0,3022.0,2027.0,3156.0,
CA_1,HOBBIES,CA,2011-03-28,3215,4.549728,3,0,3298.0,2929.0,3022.0,2027.0,
CA_1,HOBBIES,CA,2011-04-04,3352,4.5768547,7,0,3215.0,3298.0,2929.0,3022.0,
CA_1,HOBBIES,CA,2011-04-11,3078,4.6023664,0,0,3352.0,3215.0,3298.0,2929.0,
CA_1,HOBBIES,CA,2011-04-18,2626,4.6133585,0,1,3078.0,3352.0,3215.0,3298.0,
CA_1,HOBBIES,CA,2011-04-25,3130,4.634761,1,1,2626.0,3078.0,3352.0,3215.0,
CA_1,HOBBIES,CA,2011-05-02,2950,4.644076,7,2,3130.0,2626.0,3078.0,3352.0,
CA_1,HOBBIES,CA,2011-05-09,3125,4.662351,2,0,2950.0,3130.0,2626.0,3078.0,
CA_1,HOBBIES,CA,2011-05-16,2806,4.652116,0,0,3125.0,2950.0,3130.0,2626.0,
CA_1,HOBBIES,CA,2011-05-23,2940,4.623996,0,0,2806.0,3125.0,2950.0,3130.0,
CA_1,HOBBIES,CA,2011-05-30,2613,4.607045,5,2,2940.0,2806.0,3125.0,2950.0,
CA_1,HOBBIES,CA,2011-06-06,3251,4.607865,5,1,2613.0,2940.0,2806.0,3125.0,
CA_1,HOBBIES,CA,2011-06-13,3244,4.609822,0,1,3251.0,2613.0,2940.0,2806.0,
CA_1,HOBBIES,CA,2011-06-20,2872,4.6058145,0,0,3244.0,3251.0,2613.0,2940.0,
CA_1,HOBBIES,CA,2011-06-27,2879,4.59428,3,0,2872.0,3244.0,3251.0,2613.0,
CA_1,HOBBIES,CA,2011-07-04,2984,4.581288,7,1,2879.0,2872.0,3244.0,3251.0,
CA_1,HOBBIES,CA,2011-07-11,2818,4.564353,0,0,2984.0,2879.0,2872.0,3244.0,
CA_1,HOBBIES,CA,2011-07-18,3061,4.5513434,0,0,2818.0,2984.0,2879.0,2872.0,
CA_1,HOBBIES,CA,2011-07-25,2710,4.5503345,0,0,3061.0,2818.0,2984.0,2879.0,
CA_1,HOBBIES,CA,2011-08-01,3295,4.550025,7,1,2710.0,3061.0,2818.0,2984.0,
CA_1,HOBBIES,CA,2011-08-08,2969,4.5508943,3,0,3295.0,2710.0,3061.0,2818.0,
CA_1,HOBBIES,CA,2011-08-15,2845,4.5524163,0,0,2969.0,3295.0,2710.0,3061.0,
CA_1,HOBBIES,CA,2011-08-22,2777,4.5653853,0,0,2845.0,2969.0,3295.0,2710.0,
CA_1,HOBBIES,CA,2011-08-29,3064,4.590466,4,1,2777.0,2845.0,2969.0,3295.0,
CA_1,HOBBIES,CA,2011-09-05,3080,4.594964,6,1,3064.0,2777.0,2845.0,2969.0,
CA_1,HOBBIES,CA,2011-09-12,2574,4.594733,0,0,3080.0,3064.0,2777.0,2845.0,
CA_1,HOBBIES,CA,2011-09-19,2913,4.5926104,0,0,2574.0,3080.0,3064.0,2777.0,
CA_1,HOBBIES,CA,2011-09-26,3434,4.587215,2,0,2913.0,2574.0,3080.0,3064.0,
CA_1,HOBBIES,CA,2011-10-03,3074,4.5915303,7,0,3434.0,2913.0,2574.0,3080.0,
CA_1,HOBBIES,CA,2011-10-10,3417,4.597497,1,1,3074.0,3434.0,2913.0,2574.0,
CA_1,HOBBIES,CA,2011-10-17,2936,4.5966597,0,0,3417.0,3074.0,3434.0,2913.0,
CA_1,HOBBIES,CA,2011-10-24,2712,4.5906267,0,0,2936.0,3417.0,3074.0,3434.0,
CA_1,HOBBIES,CA,2011-10-31,3113,4.5915694,6,1,2712.0,2936.0,3417.0,3074.0,
CA_1,HOBBIES,CA,2011-11-07,2722,4.593701,4,2,3113.0,2712.0,2936.0,3417.0,
CA_1,HOBBIES,CA,2011-11-14,2670,4.5892324,0,0,2722.0,3113.0,2712.0,2936.0,
CA_1,HOBBIES,CA,2011-11-21,2269,4.5752263,0,1,2670.0,2722.0,3113.0,2712.0,
CA_1,HOBBIES,CA,2011-11-28,3268,4.5719748,4,0,2269.0,2670.0,2722.0,3113.0,
CA_1,HOBBIES,CA,2011-12-05,2976,4.590642,6,0,3268.0,2269.0,2670.0,2722.0,
CA_1,HOBBIES,CA,2011-12-12,2754,4.5921173,0,0,2976.0,3268.0,2269.0,2670.0,
CA_1,HOBBIES,CA,2011-12-19,2314,4.5949445,0,1,2754.0,2976.0,3268.0,2269.0,
CA_1,HOBBIES,CA,2011-12-26,3011,4.5928035,1,2,2314.0,2754.0,2976.0,3268.0,
CA_1,HOBBIES,CA,2012-01-02,3155,4.582998,7,1,3011.0,2314.0,2754.0,2976.0,
CA_1,HOBBIES,CA,2012-01-09,2954,4.585383,2,0,3155.0,3011.0,2314.0,2754.0,
CA_1,HOBBIES,CA,2012-01-16,2711,4.5935755,0,1,2954.0,3155.0,3011.0,2314.0,
CA_1,HOBBIES,CA,2012-01-23,2757,4.599659,0,0,2711.0,2954.0,3155.0,3011.0,
CA_1,HOBBIES,CA,2012-01-30,3093,4.602185,5,1,2757.0,2711.0,2954.0,3155.0,3089.0
CA_1,HOBBIES,CA,2012-02-06,2706,4.6056714,5,0,3093.0,2757.0,2711.0,2954.0,3336.0
CA_1,HOBBIES,CA,2012-02-13,2517,4.6245046,0,1,2706.0,3093.0,2757.0,2711.0,2868.0
CA_1,HOBBIES,CA,2012-02-20,2660,4.672438,0,2,2517.0,2706.0,3093.0,2757.0,3156.0
CA_1,HOBBIES,CA,2012-02-27,3183,4.6937294,4,1,2660.0,2517.0,2706.0,3093.0,2027.0
CA_1,HOBBIES,CA,2012-03-05,2909,4.69429,6,1,3183.0,2660.0,2517.0,2706.0,3022.0
CA_1,HOBBIES,CA,2012-03-12,2813,4.726023,0,1,2909.0,3183.0,2660.0,2517.0,2929.0
CA_1,HOBBIES,CA,2012-03-19,2855,4.739619,0,0,2813.0,2909.0,3183.0,2660.0,3298.0
CA_1,HOBBIES,CA,2012-03-26,2981,4.7419443,1,0,2855.0,2813.0,2909.0,3183.0,3215.0
CA_1,HOBBIES,CA,2012-04-02,2759,4.705672,7,1,2981.0,2855.0,2813.0,2909.0,3352.0
CA_1,HOBBIES,CA,2012-04-09,3480,4.6303306,2,2,2759.0,2981.0,2855.0,2813.0,3078.0
CA_1,HOBBIES,CA,2012-04-16,3169,4.608107,0,0,3480.0,2759.0,2981.0,2855.0,2626.0
CA_1,HOBBIES,CA,2012-04-23,2661,4.605926,0,0,3169.0,3480.0,2759.0,2981.0,3130.0
CA_1,HOBBIES,CA,2012-04-30,3384,4.607155,6,1,2661.0,3169.0,3480.0,2759.0,2950.0
CA_1,HOBBIES,CA,2012-05-07,2007,4.597345,4,1,3384.0,2661.0,3169.0,3480.0,3125.0
CA_1,HOBBIES,CA,2012-05-14,2061,4.6039658,0,0,2007.0,3384.0,2661.0,3169.0,2806.0
CA_1,HOBBIES,CA,2012-05-21,2064,4.6035147,0,0,2061.0,2007.0,3384.0,2661.0,2940.0
CA_1,HOBBIES,CA,2012-05-28,3455,4.608999,3,1,2064.0,2061.0,2007.0,3384.0,2613.0
CA_1,HOBBIES,CA,2012-06-04,3185,4.6262336,7,0,3455.0,2064.0,2061.0,2007.0,3251.0
CA_1,HOBBIES,CA,2012-06-11,2917,4.6311255,0,2,3185.0,3455.0,2064.0,2061.0,3244.0
CA_1,HOBBIES,CA,2012-06-18,3016,4.695617,0,1,2917.0,3185.0,3455.0,2064.0,2872.0
CA_1,HOBBIES,CA,2012-06-25,2890,4.878917,1,0,3016.0,2917.0,3185.0,3455.0,2879.0
CA_1,HOBBIES,CA,2012-07-02,2428,5.0360913,7,1,2890.0,3016.0,2917.0,3185.0,2984.0
CA_1,HOBBIES,CA,2012-07-09,2955,5.0998,2,0,2428.0,2890.0,3016.0,2917.0,2818.0
CA_1,HOBBIES,CA,2012-07-16,3044,5.099307,0,1,2955.0,2428.0,2890.0,3016.0,3061.0
CA_1,HOBBIES,CA,2012-07-23,2122,5.0936437,0,0,3044.0,2955.0,2428.0,2890.0,2710.0
CA_1,HOBBIES,CA,2012-07-30,2676,5.113218,5,0,2122.0,3044.0,2955.0,2428.0,3295.0
CA_1,HOBBIES,CA,2012-08-06,2222,5.162683,5,0,2676.0,2122.0,3044.0,2955.0,2969.0
CA_1,HOBBIES,CA,2012-08-13,2344,5.1630316,0,1,2222.0,2676.0,2122.0,3044.0,2845.0
CA_1,HOBBIES,CA,2012-08-20,2266,5.1639023,0,0,2344.0,2222.0,2676.0,2122.0,2777.0
CA_1,HOBBIES,CA,2012-08-27,2334,5.1642785,2,0,2266.0,2344.0,2222.0,2676.0,3064.0
CA_1,HOBBIES,CA,2012-09-03,2197,5.1645226,7,1,2334.0,2266.0,2344.0,2222.0,3080.0
CA_1,HOBBIES,CA,2012-09-10,2203,5.1697392,1,0,2197.0,2334.0,2266.0,2344.0,2574.0
CA_1,HOBBIES,CA,2012-09-17,2378,5.1856027,0,0,2203.0,2197.0,2334.0,2266.0,2913.0
CA_1,HOBBIES,CA,2012-09-24,2142,5.1883507,0,0,2378.0,2203.0,2197.0,2334.0,3434.0
CA_1,HOBBIES,CA,2012-10-01,2383,5.2037024,7,0,2142.0,2378.0,2203.0,2197.0,3074.0
CA_1,HOBBIES,CA,2012-10-08,2364,5.1992373,3,1,2383.0,2142.0,2378.0,2203.0,3417.0
CA_1,HOBBIES,CA,2012-10-15,2321,5.194976,0,0,2364.0,2383.0,2142.0,2378.0,2936.0
CA_1,HOBBIES,CA,2012-10-22,2394,5.196328,0,1,2321.0,2364.0,2383.0,2142.0,2712.0
CA_1,HOBBIES,CA,2012-10-29,2259,5.2004004,4,1,2394.0,2321.0,2364.0,2383.0,3113.0
CA_1,HOBBIES,CA,2012-11-05,2173,5.2024775,6,1,2259.0,2394.0,2321.0,2364.0,2722.0
CA_1,HOBBIES,CA,2012-11-12,2049,5.201752,0,0,2173.0,2259.0,2394.0,2321.0,2670.0
CA_1,HOBBIES,CA,2012-11-19,1731,5.205021,0,1,2049.0,2173.0,2259.0,2394.0,2269.0
CA_1,HOBBIES,CA,2012-11-26,1945,5.2258034,2,0,1731.0,2049.0,2173.0,2259.0,3268.0
CA_1,HOBBIES,CA,2012-12-03,2096,5.233468,7,0,1945.0,1731.0,2049.0,2173.0,2976.0
CA_1,HOBBIES,CA,2012-12-10,2097,5.236545,1,1,2096.0,1945.0,1731.0,2049.0,2754.0
CA_1,HOBBIES,CA,2012-12-17,2119,5.234711,0,0,2097.0,2096.0,1945.0,1731.0,2314.0
CA_1,HOBBIES,CA,2012-12-24,1647,5.2351685,0,1,2119.0,2097.0,2096.0,1945.0,3011.0
CA_1,HOBBIES,CA,2012-12-31,1970,5.2483068,6,1,1647.0,2119.0,2097.0,2096.0,3155.0
CA_1,HOBBIES,CA,2013-01-07,2057,5.2461243,4,1,1970.0,1647.0,2119.0,2097.0,2954.0
CA_1,HOBBIES,CA,2013-01-14,1980,5.2490377,0,0,2057.0,1970.0,1647.0,2119.0,2711.0
CA_1,HOBBIES,CA,2013-01-21,2869,5.261811,0,1,1980.0,2057.0,1970.0,1647.0,2757.0
CA_1,HOBBIES,CA,2013-01-28,3441,5.255891,3,1,2869.0,1980.0,2057.0,1970.0,3093.0
CA_1,HOBBIES,CA,2013-02-04,2430,5.262561,7,0,3441.0,2869.0,1980.0,2057.0,2706.0
CA_1,HOBBIES,CA,2013-02-11,3497,5.270969,0,2,2430.0,3441.0,2869.0,1980.0,2517.0
CA_1,HOBBIES,CA,2013-02-18,3379,5.2866893,0,3,3497.0,2430.0,3441.0,2869.0,2660.0
CA_1,HOBBIES,CA,2013-02-25,3414,5.3037906,3,0,3379.0,3497.0,2430.0,3441.0,3183.0
CA_1,HOBBIES,CA,2013-03-04,2373,5.3011756,7,0,3414.0,3379.0,3497.0,2430.0,2909.0
CA_1,HOBBIES,CA,2013-03-11,3192,5.305964,0,1,2373.0,3414.0,3379.0,3497.0,2813.0
CA_1,HOBBIES,CA,2013-03-18,3052,5.3062387,0,0,3192.0,2373.0,3414.0,3379.0,2855.0
CA_1,HOBBIES,CA,2013-03-25,2277,5.304932,0,1,3052.0,3192.0,2373.0,3414.0,2981.0
CA_1,HOBBIES,CA,2013-04-01,3965,5.295012,7,1,2277.0,3052.0,3192.0,2373.0,2759.0
CA_1,HOBBIES,CA,2013-04-08,3379,5.294166,3,0,3965.0,2277.0,3052.0,3192.0,3480.0
CA_1,HOBBIES,CA,2013-04-15,3249,5.2878118,0,0,3379.0,3965.0,2277.0,3052.0,3169.0
CA_1,HOBBIES,CA,2013-04-22,3382,5.2360315,0,0,3249.0,3379.0,3965.0,2277.0,2661.0
CA_1,HOBBIES,CA,2013-04-29,2353,5.190708,5,1,3382.0,3249.0,3379.0,3965.0,3384.0
CA_1,HOBBIES,CA,2013-05-06,3061,5.187773,5,1,2353.0,3382.0,3249.0,3379.0,2007.0
CA_1,HOBBIES,CA,2013-05-13,3188,5.1859016,0,0,3061.0,2353.0,3382.0,3249.0,2061.0
CA_1,HOBBIES,CA,2013-05-20,3673,5.1869783,0,0,3188.0,3061.0,2353.0,3382.0,2064.0
CA_1,HOBBIES,CA,2013-05-27,3602,5.17871,2,1,3673.0,3188.0,3061.0,2353.0,3455.0
CA_1,HOBBIES,CA,2013-06-03,3901,5.164209,7,1,3602.0,3673.0,3188.0,3061.0,3185.0
CA_1,HOBBIES,CA,2013-06-10,3460,5.1675076,1,1,3901.0,3602.0,3673.0,3188.0,2917.0
CA_1,HOBBIES,CA,2013-06-17,3507,5.1584134,0,1,3460.0,3901.0,3602.0,3673.0,3016.0
CA_1,HOBBIES,CA,2013-06-24,3238,5.1446395,0,0,3507.0,3460.0,3901.0,3602.0,2890.0
CA_1,HOBBIES,CA,2013-07-01,3416,5.1821413,7,1,3238.0,3507.0,3460.0,3901.0,2428.0
CA_1,HOBBIES,CA,2013-07-08,3208,5.2095885,3,1,3416.0,3238.0,3507.0,3460.0,2955.0
CA_1,HOBBIES,CA,2013-07-15,3461,5.260896,0,0,3208.0,3416.0,3238.0,3507.0,3044.0
CA_1,HOBBIES,CA,2013-07-22,2932,5.3430443,0,0,3461.0,3208.0,3416.0,3238.0,2122.0
CA_1,HOBBIES,CA,2013-07-29,3587,5.335875,4,0,2932.0,3461.0,3208.0,3416.0,2676.0
CA_1,HOBBIES,CA,2013-08-05,3322,5.3372188,6,1,3587.0,2932.0,3461.0,3208.0,2222.0
CA_1,HOBBIES,CA,2013-08-12,3110,5.3358383,0,0,3322.0,3587.0,2932.0,3461.0,2344.0
CA_1,HOBBIES,CA,2013-08-19,3254,5.3323874,0,0,3110.0,3322.0,3587.0,2932.0,2266.0
CA_1,HOBBIES,CA,2013-08-26,3160,5.326926,1,0,3254.0,3110.0,3322.0,3587.0,2334.0
CA_1,HOBBIES,CA,2013-09-02,2183,5.322877,7,1,3160.0,3254.0,3110.0,3322.0,2197.0
CA_1,HOBBIES,CA,2013-09-09,3429,5.3538957,2,0,2183.0,3160.0,3254.0,3110.0,2203.0
CA_1,HOBBIES,CA,2013-09-16,3246,5.378667,0,0,3429.0,2183.0,3160.0,3254.0,2378.0
CA_1,HOBBIES,CA,2013-09-23,3429,5.4062448,0,0,3246.0,3429.0,2183.0,3160.0,2142.0
CA_1,HOBBIES,CA,2013-09-30,3923,5.429811,6,0,3429.0,3246.0,3429.0,2183.0,2383.0
CA_1,HOBBIES,CA,2013-10-07,3555,5.4303236,4,0,3923.0,3429.0,3246.0,3429.0,2364.0
CA_1,HOBBIES,CA,2013-10-14,3553,5.431852,0,2,3555.0,3923.0,3429.0,3246.0,2321.0
CA_1,HOBBIES,CA,2013-10-21,3253,5.432139,0,0,3553.0,3555.0,3923.0,3429.0,2394.0
CA_1,HOBBIES,CA,2013-10-28,3567,5.4316115,3,1,3253.0,3553.0,3555.0,3923.0,2259.0
CA_1,HOBBIES,CA,2013-11-04,3581,5.429189,7,0,3567.0,3253.0,3553.0,3555.0,2173.0
CA_1,HOBBIES,CA,2013-11-11,3669,5.428371,0,1,3581.0,3567.0,3253.0,3553.0,2049.0
CA_1,HOBBIES,CA,2013-11-18,3573,5.4321694,0,0,3669.0,3581.0,3567.0,3253.0,1731.0
CA_1,HOBBIES,CA,2013-11-25,3086,5.440807,1,1,3573.0,3669.0,3581.0,3567.0,1945.0
CA_1,HOBBIES,CA,2013-12-02,4278,5.4410777,7,1,3086.0,3573.0,3669.0,3581.0,2096.0
CA_1,HOBBIES,CA,2013-12-09,3791,5.4389715,2,0,4278.0,3086.0,3573.0,3669.0,2097.0
CA_1,HOBBIES,CA,2013-12-16,3903,5.4338813,0,0,3791.0,4278.0,3086.0,3573.0,2119.0
CA_1,HOBBIES,CA,2013-12-23,2788,5.434323,0,1,3903.0,3791.0,4278.0,3086.0,1647.0
CA_1,HOBBIES,CA,2013-12-30,3616,5.444857,5,1,2788.0,3903.0,3791.0,4278.0,1970.0
CA_1,HOBBIES,CA,2014-01-06,3413,5.480538,5,1,3616.0,2788.0,3903.0,3791.0,2057.0
CA_1,HOBBIES,CA,2014-01-13,3068,5.511927,0,0,3413.0,3616.0,2788.0,3903.0,1980.0
CA_1,HOBBIES,CA,2014-01-20,3237,5.53171,0,1,3068.0,3413.0,3616.0,2788.0,2869.0
CA_1,HOBBIES,CA,2014-01-27,3296,5.529734,2,1,3237.0,3068.0,3413.0,3616.0,3441.0
CA_1,HOBBIES,CA,2014-02-03,3249,5.5287576,7,0,3296.0,3237.0,3068.0,3413.0,2430.0
CA_1,HOBBIES,CA,2014-02-10,3320,5.544702,1,1,3249.0,3296.0,3237.0,3068.0,3497.0
CA_1,HOBBIES,CA,2014-02-17,3055,5.5710797,0,1,3320.0,3249.0,3296.0,3237.0,3379.0
CA_1,HOBBIES,CA,2014-02-24,3377,5.578131,2,0,3055.0,3320.0,3249.0,3296.0,3414.0
CA_1,HOBBIES,CA,2014-03-03,3201,5.5929847,7,1,3377.0,3055.0,3320.0,3249.0,2373.0
CA_1,HOBBIES,CA,2014-03-10,3142,5.606154,1,2,3201.0,3377.0,3055.0,3320.0,3192.0
CA_1,HOBBIES,CA,2014-03-17,3133,5.6428113,0,1,3142.0,3201.0,3377.0,3055.0,3052.0
CA_1,HOBBIES,CA,2014-03-24,3079,5.646644,0,0,3133.0,3142.0,3201.0,3377.0,2277.0
CA_1,HOBBIES,CA,2014-03-31,3538,5.6769304,6,0,3079.0,3133.0,3142.0,3201.0,3965.0
CA_1,HOBBIES,CA,2014-04-07,3338,5.6835184,4,0,3538.0,3079.0,3133.0,3142.0,3379.0
CA_1,HOBBIES,CA,2014-04-14,2888,5.668565,0,1,3338.0,3538.0,3079.0,3133.0,3249.0
CA_1,HOBBIES,CA,2014-04-21,3280,5.6484656,0,1,2888.0,3338.0,3538.0,3079.0,3382.0
CA_1,HOBBIES,CA,2014-04-28,3209,5.64106,4,0,3280.0,2888.0,3338.0,3538.0,2353.0
CA_1,HOBBIES,CA,2014-05-05,3375,5.618611,6,2,3209.0,3280.0,2888.0,3338.0,3061.0
CA_1,HOBBIES,CA,2014-05-12,3091,5.5885844,0,0,3375.0,3209.0,3280.0,2888.0,3188.0
CA_1,HOBBIES,CA,2014-05-19,3131,5.562523,0,0,3091.0,3375.0,3209.0,3280.0,3673.0
CA_1,HOBBIES,CA,2014-05-26,3513,5.563586,1,1,3131.0,3091.0,3375.0,3209.0,3602.0
CA_1,HOBBIES,CA,2014-06-02,3406,5.5637865,7,1,3513.0,3131.0,3091.0,3375.0,3901.0
CA_1,HOBBIES,CA,2014-06-09,3133,5.5613837,2,1,3406.0,3513.0,3131.0,3091.0,3460.0
CA_1,HOBBIES,CA,2014-06-16,3394,5.554757,0,0,3133.0,3406.0,3513.0,3131.0,3507.0
CA_1,HOBBIES,CA,2014-06-23,3477,5.5535846,0,1,3394.0,3133.0,3406.0,3513.0,3238.0
CA_1,HOBBIES,CA,2014-06-30,3680,5.5504165,6,1,3477.0,3394.0,3133.0,3406.0,3416.0
CA_1,HOBBIES,CA,2014-07-07,3187,5.5519,4,0,3680.0,3477.0,3394.0,3133.0,3208.0
CA_1,HOBBIES,CA,2014-07-14,3439,5.569645,0,0,3187.0,3680.0,3477.0,3394.0,3461.0
CA_1,HOBBIES,CA,2014-07-21,3107,5.5770597,0,0,3439.0,3187.0,3680.0,3477.0,2932.0
CA_1,HOBBIES,CA,2014-07-28,3823,5.5786166,3,1,3107.0,3439.0,3187.0,3680.0,3587.0
CA_1,HOBBIES,CA,2014-08-04,3535,5.5736165,7,0,3823.0,3107.0,3439.0,3187.0,3322.0
CA_1,HOBBIES,CA,2014-08-11,3334,5.57396,0,0,3535.0,3823.0,3107.0,3439.0,3110.0
CA_1,HOBBIES,CA,2014-08-18,3215,5.573689,0,0,3334.0,3535.0,3823.0,3107.0,3254.0
CA_1,HOBBIES,CA,2014-08-25,3253,5.5736527,0,0,3215.0,3334.0,3535.0,3823.0,3160.0
CA_1,HOBBIES,CA,2014-09-01,3430,5.5722194,7,1,3253.0,3215.0,3334.0,3535.0,2183.0
CA_1,HOBBIES,CA,2014-09-08,3339,5.567612,3,0,3430.0,3253.0,3215.0,3334.0,3429.0
CA_1,HOBBIES,CA,2014-09-15,3168,5.5644865,0,0,3339.0,3430.0,3253.0,3215.0,3246.0
CA_1,HOBBIES,CA,2014-09-22,2970,5.5648055,0,0,3168.0,3339.0,3430.0,3253.0,3429.0
CA_1,HOBBIES,CA,2014-09-29,3398,5.5666227,5,1,2970.0,3168.0,3339.0,3430.0,3923.0
CA_1,HOBBIES,CA,2014-10-06,3274,5.567405,5,0,3398.0,2970.0,3168.0,3339.0,3555.0
CA_1,HOBBIES,CA,2014-10-13,3567,5.562301,0,1,3274.0,3398.0,2970.0,3168.0,3553.0
CA_1,HOBBIES,CA,2014-10-20,3542,5.5594335,0,0,3567.0,3274.0,3398.0,2970.0,3253.0
CA_1,HOBBIES,CA,2014-10-27,3995,5.5542192,2,1,3542.0,3567.0,3274.0,3398.0,3567.0
CA_1,HOBBIES,CA,2014-11-03,3557,5.548327,7,0,3995.0,3542.0,3567.0,3274.0,3581.0
CA_1,HOBBIES,CA,2014-11-10,3551,5.54622,1,1,3557.0,3995.0,3542.0,3567.0,3669.0
CA_1,HOBBIES,CA,2014-11-17,3467,5.540818,0,0,3551.0,3557.0,3995.0,3542.0,3573.0
CA_1,HOBBIES,CA,2014-11-24,3077,5.5428915,0,1,3467.0,3551.0,3557.0,3995.0,3086.0
CA_1,HOBBIES,CA,2014-12-01,3761,5.548907,7,0,3077.0,3467.0,3551.0,3557.0,4278.0
CA_1,HOBBIES,CA,2014-12-08,3593,5.5481386,3,0,3761.0,3077.0,3467.0,3551.0,3791.0
CA_1,HOBBIES,CA,2014-12-15,3705,5.5530853,0,0,3593.0,3761.0,3077.0,3467.0,3903.0
CA_1,HOBBIES,CA,2014-12-22,2788,5.57148,0,2,3705.0,3593.0,3761.0,3077.0,2788.0
CA_1,HOBBIES,CA,2014-12-29,3443,5.5783577,4,1,2788.0,3705.0,3593.0,3761.0,3616.0
CA_1,HOBBIES,CA,2015-01-05,3340,5.5878687,6,1,3443.0,2788.0,3705.0,3593.0,3413.0
CA_1,HOBBIES,CA,2015-01-12,3423,5.5877266,0,0,3340.0,3443.0,2788.0,3705.0,3068.0
CA_1,HOBBIES,CA,2015-01-19,3331,5.5873303,0,1,3423.0,3340.0,3443.0,2788.0,3237.0
CA_1,HOBBIES,CA,2015-01-26,3482,5.5841637,1,1,3331.0,3423.0,3340.0,3443.0,3296.0
CA_1,HOBBIES,CA,2015-02-02,3498,5.5810533,7,0,3482.0,3331.0,3423.0,3340.0,3249.0
CA_1,HOBBIES,CA,2015-02-09,3633,5.589272,2,1,3498.0,3482.0,3331.0,3423.0,3320.0
CA_1,HOBBIES,CA,2015-02-16,3465,5.5843515,0,2,3633.0,3498.0,3482.0,3331.0,3055.0
CA_1,HOBBIES,CA,2015-02-23,4006,5.589599,1,1,3465.0,3633.0,3498.0,3482.0,3377.0
CA_1,HOBBIES,CA,2015-03-02,3792,5.58363,7,1,4006.0,3465.0,3633.0,3498.0,3201.0
CA_1,HOBBIES,CA,2015-03-09,3370,5.5855646,2,0,3792.0,4006.0,3465.0,3633.0,3142.0
CA_1,HOBBIES,CA,2015-03-16,3730,5.5918465,0,1,3370.0,3792.0,4006.0,3465.0,3133.0
CA_1,HOBBIES,CA,2015-03-23,3357,5.5900507,0,0,3730.0,3370.0,3792.0,4006.0,3079.0
CA_1,HOBBIES,CA,2015-03-30,3839,5.593635,5,1,3357.0,3730.0,3370.0,3792.0,3538.0
CA_1,HOBBIES,CA,2015-04-06,3787,5.593564,5,2,3839.0,3357.0,3730.0,3370.0,3338.0
CA_1,HOBBIES,CA,2015-04-13,3774,5.5981784,0,0,3787.0,3839.0,3357.0,3730.0,2888.0
CA_1,HOBBIES,CA,2015-04-20,3804,5.609526,0,0,3774.0,3787.0,3839.0,3357.0,3280.0
CA_1,HOBBIES,CA,2015-04-27,3509,5.6078568,3,0,3804.0,3774.0,3787.0,3839.0,3209.0
CA_1,HOBBIES,CA,2015-05-04,3816,5.6072874,7,2,3509.0,3804.0,3774.0,3787.0,3375.0
CA_1,HOBBIES,CA,2015-05-11,3943,5.606208,0,0,3816.0,3509.0,3804.0,3774.0,3091.0
CA_1,HOBBIES,CA,2015-05-18,3960,5.6066284,0,0,3943.0,3816.0,3509.0,3804.0,3131.0
CA_1,HOBBIES,CA,2015-05-25,3729,5.6086698,0,1,3960.0,3943.0,3816.0,3509.0,3513.0
CA_1,HOBBIES,CA,2015-06-01,3702,5.607885,7,1,3729.0,3960.0,3943.0,3816.0,3406.0
CA_1,HOBBIES,CA,2015-06-08,3329,5.6067705,3,0,3702.0,3729.0,3960.0,3943.0,3133.0
CA_1,HOBBIES,CA,2015-06-15,3521,5.6047773,0,3,3329.0,3702.0,3729.0,3960.0,3394.0
CA_1,HOBBIES,CA,2015-06-22,3791,5.602756,0,0,3521.0,3329.0,3702.0,3729.0,3477.0
CA_1,HOBBIES,CA,2015-06-29,4135,5.6026416,5,1,3791.0,3521.0,3329.0,3702.0,3680.0
CA_1,HOBBIES,CA,2015-07-06,4140,5.601265,5,0,4135.0,3791.0,3521.0,3329.0,3187.0
CA_1,HOBBIES,CA,2015-07-13,4011,5.597823,0,1,4140.0,4135.0,3791.0,3521.0,3439.0
CA_1,HOBBIES,CA,2015-07-20,3684,5.596984,0,0,4011.0,4140.0,4135.0,3791.0,3107.0
CA_1,HOBBIES,CA,2015-07-27,4064,5.593383,2,0,3684.0,4011.0,4140.0,4135.0,3823.0
CA_1,HOBBIES,CA,2015-08-03,4193,5.5896277,7,0,4064.0,3684.0,4011.0,4140.0,3535.0
CA_1,HOBBIES,CA,2015-08-10,4021,5.5882883,1,0,4193.0,4064.0,3684.0,4011.0,3334.0
CA_1,HOBBIES,CA,2015-08-17,3897,5.58335,0,0,4021.0,4193.0,4064.0,3684.0,3215.0
CA_1,HOBBIES,CA,2015-08-24,3752,5.580629,0,0,3897.0,4021.0,4193.0,4064.0,3253.0
CA_1,HOBBIES,CA,2015-08-31,3913,5.583752,6,0,3752.0,3897.0,4021.0,4193.0,3430.0
CA_1,HOBBIES,CA,2015-09-07,3857,5.583752,4,1,3913.0,3752.0,3897.0,4021.0,3339.0
CA_1,HOBBIES,CA,2015-09-14,3930,5.5839343,0,0,3857.0,3913.0,3752.0,3897.0,3168.0
CA_1,HOBBIES,CA,2015-09-21,3610,5.584556,0,1,3930.0,3857.0,3913.0,3752.0,2970.0
CA_1,HOBBIES,CA,2015-09-28,3983,5.585034,4,0,3610.0,3930.0,3857.0,3913.0,3398.0
CA_1,HOBBIES,CA,2015-10-05,3549,5.5851855,6,0,3983.0,3610.0,3930.0,3857.0,3274.0
CA_1,HOBBIES,CA,2015-10-12,3873,5.584933,0,1,3549.0,3983.0,3610.0,3930.0,3567.0
CA_1,HOBBIES,CA,2015-10-19,4015,5.5838356,0,0,3873.0,3549.0,3983.0,3610.0,3542.0
CA_1,HOBBIES,CA,2015-10-26,3894,5.58246,1,1,4015.0,3873.0,3549.0,3983.0,3995.0
CA_1,HOBBIES,CA,2015-11-02,4094,5.581939,7,0,3894.0,4015.0,3873.0,3549.0,3557.0
CA_1,HOBBIES,CA,2015-11-09,3787,5.582015,2,1,4094.0,3894.0,4015.0,3873.0,3551.0
CA_1,HOBBIES,CA,2015-11-16,4159,5.5821414,0,0,3787.0,4094.0,3894.0,4015.0,3467.0
CA_1,HOBBIES,CA,2015-11-23,3336,5.5813627,0,1,4159.0,3787.0,4094.0,3894.0,3077.0
CA_1,HOBBIES,CA,2015-11-30,4447,5.579416,6,0,3336.0,4159.0,3787.0,4094.0,3761.0
CA_1,HOBBIES,CA,2015-12-07,4178,5.579011,4,0,4447.0,3336.0,4159.0,3787.0,3593.0
CA_1,HOBBIES,CA,2015-12-14,4129,5.578,0,1,4178.0,4447.0,3336.0,4159.0,3705.0
CA_1,HOBBIES,CA,2015-12-21,3389,5.578,0,1,4129.0,4178.0,4447.0,3336.0,2788.0
CA_1,HOBBIES,CA,2015-12-28,3969,5.577869,3,1,3389.0,4129.0,4178.0,4447.0,3443.0
CA_1,HOBBIES,CA,2016-01-04,3590,5.577054,7,1,3969.0,3389.0,4129.0,4178.0,3340.0
CA_1,HOBBIES,CA,2016-01-11,3631,5.5769935,0,0,3590.0,3969.0,3389.0,4129.0,3423.0
CA_1,HOBBIES,CA,2016-01-18,3699,5.5796385,0,1,3631.0,3590.0,3969.0,3389.0,3331.0
CA_1,HOBBIES,CA,2016-01-25,3606,5.577021,0,0,3699.0,3631.0,3590.0,3969.0,3482.0
CA_1,HOBBIES,CA,2016-02-01,3784,5.5719643,7,1,3606.0,3699.0,3631.0,3590.0,3498.0
CA_1,HOBBIES,CA,2016-02-08,3487,5.5693145,3,2,3784.0,3606.0,3699.0,3631.0,3633.0
CA_1,HOBBIES,CA,2016-02-15,3850,5.5704017,0,2,3487.0,3784.0,3606.0,3699.0,3465.0
CA_1,HOBBIES,CA,2016-02-22,3742,5.5890136,0,0,3850.0,3487.0,3784.0,3606.0,4006.0
CA_1,HOBBIES,CA,2016-02-29,3770,5.5827737,6,0,3742.0,3850.0,3487.0,3784.0,3792.0
CA_1,HOBBIES,CA,2016-03-07,3658,5.5713854,4,0,3770.0,3742.0,3850.0,3487.0,3370.0
CA_1,HOBBIES,CA,2016-03-14,3389,5.5714865,0,1,3658.0,3770.0,3742.0,3850.0,3730.0
CA_1,HOBBIES,CA,2016-03-21,3325,5.5714865,0,2,3389.0,3658.0,3770.0,3742.0,3357.0
CA_1,HOBBIES,CA,2016-03-28,4170,5.571082,3,0,3325.0,3389.0,3658.0,3770.0,3839.0
CA_1,HOBBIES,CA,2016-04-04,3529,5.570374,7,0,4170.0,3325.0,3389.0,3658.0,3787.0
CA_1,HOBBIES,CA,2016-04-11,3633,5.5711327,0,0,3529.0,4170.0,3325.0,3389.0,3774.0
CA_1,HOBBIES,CA,2016-04-18,3721,5.5711327,0,0,3633.0,3529.0,4170.0,3325.0,3804.0
CA_1,HOBBIES,CA,2016-04-25,3802,5.5706673,1,2,3721.0,3633.0,3529.0,4170.0,3509.0
CA_1,HOBBIES,CA,2016-05-02,3890,5.569899,7,2,3802.0,3721.0,3633.0,3529.0,3816.0
CA_1,HOBBIES,CA,2016-05-09,4212,5.568969,2,0,3890.0,3802.0,3721.0,3633.0,3943.0
CA_1,HOBBIES,CA,2016-05-16,3501,5.563216,0,0,4212.0,3890.0,3802.0,3721.0,3960.0
CA_1,HOUSEHOLD,CA,2011-01-31,3133,5.4428077,6,1,,,,,
CA_1,HOUSEHOLD,CA,2011-02-07,2883,5.529364,4,0,3133.0,,,,
CA_1,HOUSEHOLD,CA,2011-02-14,2987,5.579222,0,1,2883.0,3133.0,,,
CA_1,HOUSEHOLD,CA,2011-02-21,3153,5.576255,0,1,2987.0,2883.0,3133.0,,
CA_1,HOUSEHOLD,CA,2011-02-28,3168,5.567813,6,0,3153.0,2987.0,2883.0,3133.0,
CA_1,HOUSEHOLD,CA,2011-03-07,3006,5.578225,4,1,3168.0,3153.0,2987.0,2883.0,
CA_1,HOUSEHOLD,CA,2011-03-14,3259,5.586591,0,3,3006.0,3168.0,3153.0,2987.0,
CA_1,HOUSEHOLD,CA,2011-03-21,3041,5.5592895,0,0,3259.0,3006.0,3168.0,3153.0,
CA_1,HOUSEHOLD,CA,2011-03-28,3264,5.546443,3,0,3041.0,3259.0,3006.0,3168.0,
CA_1,HOUSEHOLD,CA,2011-04-04,3369,5.5466056,7,0,3264.0,3041.0,3259.0,3006.0,
CA_1,HOUSEHOLD,CA,2011-04-11,3281,5.5346894,0,0,3369.0,3264.0,3041.0,3259.0,
CA_1,HOUSEHOLD,CA,2011-04-18,3430,5.537762,0,1,3281.0,3369.0,3264.0,3041.0,
CA_1,HOUSEHOLD,CA,2011-04-25,3246,5.5480447,1,1,3430.0,3281.0,3369.0,3264.0,
CA_1,HOUSEHOLD,CA,2011-05-02,3167,5.550111,7,2,3246.0,3430.0,3281.0,3369.0,
CA_1,HOUSEHOLD,CA,2011-05-09,3359,5.561675,2,0,3167.0,3246.0,3430.0,3281.0,
CA_1,HOUSEHOLD,CA,2011-05-16,3030,5.574544,0,0,3359.0,3167.0,3246.0,3430.0,
CA_1,HOUSEHOLD,CA,2011-05-23,2887,5.580217,0,0,3030.0,3359.0,3167.0,3246.0,
CA_1,HOUSEHOLD,CA,2011-05-30,3715,5.5936227,5,2,2887.0,3030.0,3359.0,3167.0,
CA_1,HOUSEHOLD,CA,2011-06-06,3350,5.582646,5,1,3715.0,2887.0,3030.0,3359.0,
CA_1,HOUSEHOLD,CA,2011-06-13,3288,5.5717096,0,1,3350.0,3715.0,2887.0,3030.0,
CA_1,HOUSEHOLD,CA,2011-06-20,3561,5.560476,0,0,3288.0,3350.0,3715.0,2887.0,
CA_1,HOUSEHOLD,CA,2011-06-27,3421,5.544311,3,0,3561.0,3288.0,3350.0,3715.0,
CA_1,HOUSEHOLD,CA,2011-07-04,3771,5.538712,7,1,3421.0,3561.0,3288.0,3350.0,
CA_1,HOUSEHOLD,CA,2011-07-11,3518,5.5545874,0,0,3771.0,3421.0,3561.0,3288.0,
CA_1,HOUSEHOLD,CA,2011-07-18,3561,5.5589075,0,0,3518.0,3771.0,3421.0,3561.0,
CA_1,HOUSEHOLD,CA,2011-07-25,3340,5.5386176,0,0,3561.0,3518.0,3771.0,3421.0,
CA_1,HOUSEHOLD,CA,2011-08-01,3767,5.524858,7,1,3340.0,3561.0,3518.0,3771.0,
CA_1,HOUSEHOLD,CA,2011-08-08,3895,5.5196686,3,0,3767.0,3340.0,3561.0,3518.0,
CA_1,HOUSEHOLD,CA,2011-08-15,3945,5.5323243,0,0,3895.0,3767.0,3340.0,3561.0,
CA_1,HOUSEHOLD,CA,2011-08-22,3489,5.5332117,0,0,3945.0,3895.0,3767.0,3340.0,
CA_1,HOUSEHOLD,CA,2011-08-29,3451,5.5344825,4,1,3489.0,3945.0,3895.0,3767.0,
CA_1,HOUSEHOLD,CA,2011-09-05,3838,5.536641,6,1,3451.0,3489.0,3945.0,3895.0,
CA_1,HOUSEHOLD,CA,2011-09-12,3499,5.535136,0,0,3838.0,3451.0,3489.0,3945.0,
CA_1,HOUSEHOLD,CA,2011-09-19,3714,5.520123,0,0,3499.0,3838.0,3451.0,3489.0,
CA_1,HOUSEHOLD,CA,2011-09-26,3857,5.511486,2,0,3714.0,3499.0,3838.0,3451.0,
CA_1,HOUSEHOLD,CA,2011-10-03,3596,5.5127134,7,0,3857.0,3714.0,3499.0,3838.0,
CA_1,HOUSEHOLD,CA,2011-10-10,3644,5.50753,1,1,3596.0,3857.0,3714.0,3499.0,
CA_1,HOUSEHOLD,CA,2011-10-17,3619,5.509747,0,0,3644.0,3596.0,3857.0,3714.0,
CA_1,HOUSEHOLD,CA,2011-10-24,3533,5.5078964,0,0,3619.0,3644.0,3596.0,3857.0,
CA_1,HOUSEHOLD,CA,2011-10-31,3706,5.5060873,6,1,3533.0,3619.0,3644.0,3596.0,
CA_1,HOUSEHOLD,CA,2011-11-07,3695,5.503106,4,2,3706.0,3533.0,3619.0,3644.0,
CA_1,HOUSEHOLD,CA,2011-11-14,3506,5.502855,0,0,3695.0,3706.0,3533.0,3619.0,
CA_1,HOUSEHOLD,CA,2011-11-21,3177,5.502242,0,1,3506.0,3695.0,3706.0,3533.0,
CA_1,HOUSEHOLD,CA,2011-11-28,3358,5.501794,4,0,3177.0,3506.0,3695.0,3706.0,
CA_1,HOUSEHOLD,CA,2011-12-05,3308,5.50487,6,0,3358.0,3177.0,3506.0,3695.0,
CA_1,HOUSEHOLD,CA,2011-12-12,3210,5.5096517,0,0,3308.0,3358.0,3177.0,3506.0,
CA_1,HOUSEHOLD,CA,2011-12-19,2669,5.520817,0,1,3210.0,3308.0,3358.0,3177.0,
CA_1,HOUSEHOLD,CA,2011-12-26,3428,5.5206213,1,2,2669.0,3210.0,3308.0,3358.0,
CA_1,HOUSEHOLD,CA,2012-01-02,4009,5.5079064,7,1,3428.0,2669.0,3210.0,3308.0,
CA_1,HOUSEHOLD,CA,2012-01-09,3315,5.502921,2,0,4009.0,3428.0,2669.0,3210.0,
CA_1,HOUSEHOLD,CA,2012-01-16,3326,5.50903,0,1,3315.0,4009.0,3428.0,2669.0,
CA_1,HOUSEHOLD,CA,2012-01-23,3232,5.5118804,0,0,3326.0,3315.0,4009.0,3428.0,
CA_1,HOUSEHOLD,CA,2012-01-30,3667,5.5171885,5,1,3232.0,3326.0,3315.0,4009.0,3133.0
CA_1,HOUSEHOLD,CA,2012-02-06,3767,5.5367084,5,0,3667.0,3232.0,3326.0,3315.0,2883.0
CA_1,HOUSEHOLD,CA,2012-02-13,3585,5.5786695,0,1,3767.0,3667.0,3232.0,3326.0,2987.0
CA_1,HOUSEHOLD,CA,2012-02-20,3717,5.5779023,0,2,3585.0,3767.0,3667.0,3232.0,3153.0
CA_1,HOUSEHOLD,CA,2012-02-27,3859,5.5769696,4,1,3717.0,3585.0,3767.0,3667.0,3168.0
CA_1,HOUSEHOLD,CA,2012-03-05,4121,5.589436,6,1,3859.0,3717.0,3585.0,3767.0,3006.0
CA_1,HOUSEHOLD,CA,2012-03-12,4010,5.6055403,0,1,4121.0,3859.0,3717.0,3585.0,3259.0
CA_1,HOUSEHOLD,CA,2012-03-19,3896,5.6053605,0,0,4010.0,4121.0,3859.0,3717.0,3041.0
CA_1,HOUSEHOLD,CA,2012-03-26,3802,5.603681,1,0,3896.0,4010.0,4121.0,3859.0,3264.0
CA_1,HOUSEHOLD,CA,2012-04-02,3768,5.599605,7,1,3802.0,3896.0,4010.0,4121.0,3369.0
CA_1,HOUSEHOLD,CA,2012-04-09,3908,5.5921884,2,2,3768.0,3802.0,3896.0,4010.0,3281.0
CA_1,HOUSEHOLD,CA,2012-04-16,3584,5.589367,0,0,3908.0,3768.0,3802.0,3896.0,3430.0
CA_1,HOUSEHOLD,CA,2012-04-23,3639,5.584404,0,0,3584.0,3908.0,3768.0,3802.0,3246.0
CA_1,HOUSEHOLD,CA,2012-04-30,3810,5.5784082,6,1,3639.0,3584.0,3908.0,3768.0,3167.0
CA_1,HOUSEHOLD,CA,2012-05-07,3580,5.5738153,4,1,3810.0,3639.0,3584.0,3908.0,3359.0
CA_1,HOUSEHOLD,CA,2012-05-14,3715,5.56375,0,0,3580.0,3810.0,3639.0,3584.0,3030.0
CA_1,HOUSEHOLD,CA,2012-05-21,3784,5.5620117,0,0,3715.0,3580.0,3810.0,3639.0,2887.0
CA_1,HOUSEHOLD,CA,2012-05-28,4415,5.5535126,3,1,3784.0,3715.0,3580.0,3810.0,3715.0
CA_1,HOUSEHOLD,CA,2012-06-04,4133,5.52946,7,0,4415.0,3784.0,3715.0,3580.0,3350.0
CA_1,HOUSEHOLD,CA,2012-06-11,4825,5.512971,0,2,4133.0,4415.0,3784.0,3715.0,3288.0
CA_1,HOUSEHOLD,CA,2012-06-18,4936,5.5096703,0,1,4825.0,4133.0,4415.0,3784.0,3561.0
CA_1,HOUSEHOLD,CA,2012-06-25,5103,5.509745,1,0,4936.0,4825.0,4133.0,4415.0,3421.0
CA_1,HOUSEHOLD,CA,2012-07-02,5248,5.511001,7,1,5103.0,4936.0,4825.0,4133.0,3771.0
CA_1,HOUSEHOLD,CA,2012-07-09,5067,5.5012007,2,0,5248.0,5103.0,4936.0,4825.0,3518.0
CA_1,HOUSEHOLD,CA,2012-07-16,4788,5.4943595,0,1,5067.0,5248.0,5103.0,4936.0,3561.0
CA_1,HOUSEHOLD,CA,2012-07-23,4570,5.491997,0,0,4788.0,5067.0,5248.0,5103.0,3340.0
CA_1,HOUSEHOLD,CA,2012-07-30,5138,5.500507,5,0,4570.0,4788.0,5067.0,5248.0,3767.0
CA_1,HOUSEHOLD,CA,2012-08-06,4933,5.5145416,5,0,5138.0,4570.0,4788.0,5067.0,3895.0
CA_1,HOUSEHOLD,CA,2012-08-13,5062,5.5170283,0,1,4933.0,5138.0,4570.0,4788.0,3945.0
CA_1,HOUSEHOLD,CA,2012-08-20,5109,5.5322676,0,0,5062.0,4933.0,5138.0,4570.0,3489.0
CA_1,HOUSEHOLD,CA,2012-08-27,4672,5.5387836,2,0,5109.0,5062.0,4933.0,5138.0,3451.0
CA_1,HOUSEHOLD,CA,2012-09-03,5173,5.5377417,7,1,4672.0,5109.0,5062.0,4933.0,3838.0
CA_1,HOUSEHOLD,CA,2012-09-10,4828,5.5402837,1,0,5173.0,4672.0,5109.0,5062.0,3499.0
CA_1,HOUSEHOLD,CA,2012-09-17,5084,5.538525,0,0,4828.0,5173.0,4672.0,5109.0,3714.0
CA_1,HOUSEHOLD,CA,2012-09-24,4471,5.5328493,0,0,5084.0,4828.0,5173.0,4672.0,3857.0
CA_1,HOUSEHOLD,CA,2012-10-01,4790,5.529,7,0,4471.0,5084.0,4828.0,5173.0,3596.0
CA_1,HOUSEHOLD,CA,2012-10-08,4607,5.5273404,3,1,4790.0,4471.0,5084.0,4828.0,3644.0
CA_1,HOUSEHOLD,CA,2012-10-15,4665,5.5272546,0,0,4607.0,4790.0,4471.0,5084.0,3619.0
CA_1,HOUSEHOLD,CA,2012-10-22,4143,5.5272546,0,1,4665.0,4607.0,4790.0,4471.0,3533.0
CA_1,HOUSEHOLD,CA,2012-10-29,4773,5.5279355,4,1,4143.0,4665.0,4607.0,4790.0,3706.0
CA_1,HOUSEHOLD,CA,2012-11-05,4403,5.526307,6,1,4773.0,4143.0,4665.0,4607.0,3695.0
CA_1,HOUSEHOLD,CA,2012-11-12,4358,5.5170302,0,0,4403.0,4773.0,4143.0,4665.0,3506.0
CA_1,HOUSEHOLD,CA,2012-11-19,3660,5.5149646,0,1,4358.0,4403.0,4773.0,4143.0,3177.0
CA_1,HOUSEHOLD,CA,2012-11-26,4031,5.5148425,2,0,3660.0,4358.0,4403.0,4773.0,3358.0
CA_1,HOUSEHOLD,CA,2012-12-03,4204,5.5135493,7,0,4031.0,3660.0,4358.0,4403.0,3308.0
CA_1,HOUSEHOLD,CA,2012-12-10,4184,5.518375,1,1,4204.0,4031.0,3660.0,4358.0,3210.0
CA_1,HOUSEHOLD,CA,2012-12-17,3854,5.5242085,0,0,4184.0,4204.0,4031.0,3660.0,2669.0
CA_1,HOUSEHOLD,CA,2012-12-24,4116,5.522454,0,1,3854.0,4184.0,4204.0,4031.0,3428.0
CA_1,HOUSEHOLD,CA,2012-12-31,5500,5.5189624,6,1,4116.0,3854.0,4184.0,4204.0,4009.0
CA_1,HOUSEHOLD,CA,2013-01-07,4262,5.513955,4,1,5500.0,4116.0,3854.0,4184.0,3315.0
CA_1,HOUSEHOLD,CA,2013-01-14,4415,5.5110817,0,0,4262.0,5500.0,4116.0,3854.0,3326.0
CA_1,HOUSEHOLD,CA,2013-01-21,4559,5.501334,0,1,4415.0,4262.0,5500.0,4116.0,3232.0
CA_1,HOUSEHOLD,CA,2013-01-28,4141,5.50052,3,1,4559.0,4415.0,4262.0,5500.0,3667.0
CA_1,HOUSEHOLD,CA,2013-02-04,4891,5.501883,7,0,4141.0,4559.0,4415.0,4262.0,3767.0
CA_1,HOUSEHOLD,CA,2013-02-11,5036,5.496361,0,2,4891.0,4141.0,4559.0,4415.0,3585.0
CA_1,HOUSEHOLD,CA,2013-02-18,5317,5.484487,0,3,5036.0,4891.0,4141.0,4559.0,3717.0
CA_1,HOUSEHOLD,CA,2013-02-25,5195,5.4652367,3,0,5317.0,5036.0,4891.0,4141.0,3859.0
CA_1,HOUSEHOLD,CA,2013-03-04,4747,5.4610023,7,0,5195.0,5317.0,5036.0,4891.0,4121.0
CA_1,HOUSEHOLD,CA,2013-03-11,5230,5.455369,0,1,4747.0,5195.0,5317.0,5036.0,4010.0
CA_1,HOUSEHOLD,CA,2013-03-18,5232,5.456216,0,0,5230.0,4747.0,5195.0,5317.0,3896.0
CA_1,HOUSEHOLD,CA,2013-03-25,5381,5.457563,0,1,5232.0,5230.0,4747.0,5195.0,3802.0
CA_1,HOUSEHOLD,CA,2013-04-01,6063,5.4589376,7,1,5381.0,5232.0,5230.0,4747.0,3768.0
CA_1,HOUSEHOLD,CA,2013-04-08,5920,5.4487467,3,0,6063.0,5381.0,5232.0,5230.0,3908.0
CA_1,HOUSEHOLD,CA,2013-04-15,5350,5.431328,0,0,5920.0,6063.0,5381.0,5232.0,3584.0
CA_1,HOUSEHOLD,CA,2013-04-22,5266,5.4206915,0,0,5350.0,5920.0,6063.0,5381.0,3639.0
CA_1,HOUSEHOLD,CA,2013-04-29,5870,5.42093,5,1,5266.0,5350.0,5920.0,6063.0,3810.0
CA_1,HOUSEHOLD,CA,2013-05-06,5587,5.4200087,5,1,5870.0,5266.0,5350.0,5920.0,3580.0
CA_1,HOUSEHOLD,CA,2013-05-13,6072,5.422384,0,0,5587.0,5870.0,5266.0,5350.0,3715.0
CA_1,HOUSEHOLD,CA,2013-05-20,5630,5.422104,0,0,6072.0,5587.0,5870.0,5266.0,3784.0
CA_1,HOUSEHOLD,CA,2013-05-27,6291,5.416999,2,1,5630.0,6072.0,5587.0,5870.0,4415.0
CA_1,HOUSEHOLD,CA,2013-06-03,6191,5.414837,7,1,6291.0,5630.0,6072.0,5587.0,4133.0
CA_1,HOUSEHOLD,CA,2013-06-10,5605,5.4126596,1,1,6191.0,6291.0,5630.0,6072.0,4825.0
CA_1,HOUSEHOLD,CA,2013-06-17,5958,5.4129095,0,1,5605.0,6191.0,6291.0,5630.0,4936.0
CA_1,HOUSEHOLD,CA,2013-06-24,5897,5.4131193,0,0,5958.0,5605.0,6191.0,6291.0,5103.0
CA_1,HOUSEHOLD,CA,2013-07-01,6116,5.414452,7,1,5897.0,5958.0,5605.0,6191.0,5248.0
CA_1,HOUSEHOLD,CA,2013-07-08,6151,5.411801,3,1,6116.0,5897.0,5958.0,5605.0,5067.0
CA_1,HOUSEHOLD,CA,2013-07-15,6214,5.404049,0,0,6151.0,6116.0,5897.0,5958.0,4788.0
CA_1,HOUSEHOLD,CA,2013-07-22,5879,5.395341,0,0,6214.0,6151.0,6116.0,5897.0,4570.0
CA_1,HOUSEHOLD,CA,2013-07-29,5990,5.3915243,4,0,5879.0,6214.0,6151.0,6116.0,5138.0
CA_1,HOUSEHOLD,CA,2013-08-05,5848,5.3927765,6,1,5990.0,5879.0,6214.0,6151.0,4933.0
CA_1,HOUSEHOLD,CA,2013-08-12,5339,5.399593,0,0,5848.0,5990.0,5879.0,6214.0,5062.0
CA_1,HOUSEHOLD,CA,2013-08-19,6090,5.416942,0,0,5339.0,5848.0,5990.0,5879.0,5109.0
CA_1,HOUSEHOLD,CA,2013-08-26,5820,5.4152107,1,0,6090.0,5339.0,5848.0,5990.0,4672.0
CA_1,HOUSEHOLD,CA,2013-09-02,6103,5.408752,7,1,5820.0,6090.0,5339.0,5848.0,5173.0
CA_1,HOUSEHOLD,CA,2013-09-09,5649,5.4028583,2,0,6103.0,5820.0,6090.0,5339.0,4828.0
CA_1,HOUSEHOLD,CA,2013-09-16,5844,5.401056,0,0,5649.0,6103.0,5820.0,6090.0,5084.0
CA_1,HOUSEHOLD,CA,2013-09-23,5411,5.39742,0,0,5844.0,5649.0,6103.0,5820.0,4471.0
CA_1,HOUSEHOLD,CA,2013-09-30,6035,5.3909163,6,0,5411.0,5844.0,5649.0,6103.0,4790.0
CA_1,HOUSEHOLD,CA,2013-10-07,5614,5.3879323,4,0,6035.0,5411.0,5844.0,5649.0,4607.0
CA_1,HOUSEHOLD,CA,2013-10-14,5445,5.383682,0,2,5614.0,6035.0,5411.0,5844.0,4665.0
CA_1,HOUSEHOLD,CA,2013-10-21,5275,5.393991,0,0,5445.0,5614.0,6035.0,5411.0,4143.0
CA_1,HOUSEHOLD,CA,2013-10-28,5658,5.393008,3,1,5275.0,5445.0,5614.0,6035.0,4773.0
CA_1,HOUSEHOLD,CA,2013-11-04,5281,5.3934174,7,0,5658.0,5275.0,5445.0,5614.0,4403.0
CA_1,HOUSEHOLD,CA,2013-11-11,5350,5.392052,0,1,5281.0,5658.0,5275.0,5445.0,4358.0
CA_1,HOUSEHOLD,CA,2013-11-18,5112,5.388469,0,0,5350.0,5281.0,5658.0,5275.0,3660.0
CA_1,HOUSEHOLD,CA,2013-11-25,4678,5.387085,1,1,5112.0,5350.0,5281.0,5658.0,4031.0
CA_1,HOUSEHOLD,CA,2013-12-02,5272,5.3850303,7,1,4678.0,5112.0,5350.0,5281.0,4204.0
CA_1,HOUSEHOLD,CA,2013-12-09,4910,5.387763,2,0,5272.0,4678.0,5112.0,5350.0,4184.0
CA_1,HOUSEHOLD,CA,2013-12-16,4923,5.390663,0,0,4910.0,5272.0,4678.0,5112.0,3854.0
CA_1,HOUSEHOLD,CA,2013-12-23,4274,5.3874464,0,1,4923.0,4910.0,5272.0,4678.0,4116.0
CA_1,HOUSEHOLD,CA,2013-12-30,4922,5.3853455,5,1,4274.0,4923.0,4910.0,5272.0,5500.0
CA_1,HOUSEHOLD,CA,2014-01-06,4842,5.390061,5,1,4922.0,4274.0,4923.0,4910.0,4262.0
CA_1,HOUSEHOLD,CA,2014-01-13,4814,5.3949127,0,0,4842.0,4922.0,4274.0,4923.0,4415.0
CA_1,HOUSEHOLD,CA,2014-01-20,4950,5.3979073,0,1,4814.0,4842.0,4922.0,4274.0,4559.0
CA_1,HOUSEHOLD,CA,2014-01-27,5068,5.407261,2,1,4950.0,4814.0,4842.0,4922.0,4141.0
CA_1,HOUSEHOLD,CA,2014-02-03,5638,5.4029384,7,0,5068.0,4950.0,4814.0,4842.0,4891.0
CA_1,HOUSEHOLD,CA,2014-02-10,5352,5.398745,1,1,5638.0,5068.0,4950.0,4814.0,5036.0
CA_1,HOUSEHOLD,CA,2014-02-17,5118,5.4096894,0,1,5352.0,5638.0,5068.0,4950.0,5317.0
CA_1,HOUSEHOLD,CA,2014-02-24,5642,5.4537635,2,0,5118.0,5352.0,5638.0,5068.0,5195.0
CA_1,HOUSEHOLD,CA,2014-03-03,5486,5.468751,7,1,5642.0,5118.0,5352.0,5638.0,4747.0
CA_1,HOUSEHOLD,CA,2014-03-10,5151,5.460294,1,2,5486.0,5642.0,5118.0,5352.0,5230.0
CA_1,HOUSEHOLD,CA,2014-03-17,5410,5.454899,0,1,5151.0,5486.0,5642.0,5118.0,5232.0
CA_1,HOUSEHOLD,CA,2014-03-24,5423,5.452378,0,0,5410.0,5151.0,5486.0,5642.0,5381.0
CA_1,HOUSEHOLD,CA,2014-03-31,5887,5.4560676,6,0,5423.0,5410.0,5151.0,5486.0,6063.0
CA_1,HOUSEHOLD,CA,2014-04-07,5613,5.4589143,4,0,5887.0,5423.0,5410.0,5151.0,5920.0
CA_1,HOUSEHOLD,CA,2014-04-14,5659,5.455487,0,1,5613.0,5887.0,5423.0,5410.0,5350.0
CA_1,HOUSEHOLD,CA,2014-04-21,5852,5.4472046,0,1,5659.0,5613.0,5887.0,5423.0,5266.0
CA_1,HOUSEHOLD,CA,2014-04-28,5965,5.450715,4,0,5852.0,5659.0,5613.0,5887.0,5870.0
CA_1,HOUSEHOLD,CA,2014-05-05,5276,5.4634976,6,2,5965.0,5852.0,5659.0,5613.0,5587.0
CA_1,HOUSEHOLD,CA,2014-05-12,5665,5.474027,0,0,5276.0,5965.0,5852.0,5659.0,6072.0
CA_1,HOUSEHOLD,CA,2014-05-19,5113,5.47249,0,0,5665.0,5276.0,5965.0,5852.0,5630.0
CA_1,HOUSEHOLD,CA,2014-05-26,6086,5.471402,1,1,5113.0,5665.0,5276.0,5965.0,6291.0
CA_1,HOUSEHOLD,CA,2014-06-02,5996,5.464375,7,1,6086.0,5113.0,5665.0,5276.0,6191.0
CA_1,HOUSEHOLD,CA,2014-06-09,5841,5.462428,2,1,5996.0,6086.0,5113.0,5665.0,5605.0
CA_1,HOUSEHOLD,CA,2014-06-16,6378,5.4716916,0,0,5841.0,5996.0,6086.0,5113.0,5958.0
CA_1,HOUSEHOLD,CA,2014-06-23,5819,5.471652,0,1,6378.0,5841.0,5996.0,6086.0,5897.0
CA_1,HOUSEHOLD,CA,2014-06-30,6469,5.4710793,6,1,5819.0,6378.0,5841.0,5996.0,6116.0
CA_1,HOUSEHOLD,CA,2014-07-07,6457,5.469836,4,0,6469.0,5819.0,6378.0,5841.0,6151.0
CA_1,HOUSEHOLD,CA,2014-07-14,6310,5.4689574,0,0,6457.0,6469.0,5819.0,6378.0,6214.0
CA_1,HOUSEHOLD,CA,2014-07-21,5875,5.4681993,0,0,6310.0,6457.0,6469.0,5819.0,5879.0
CA_1,HOUSEHOLD,CA,2014-07-28,6603,5.470423,3,1,5875.0,6310.0,6457.0,6469.0,5990.0
CA_1,HOUSEHOLD,CA,2014-08-04,6563,5.467957,7,0,6603.0,5875.0,6310.0,6457.0,5848.0
CA_1,HOUSEHOLD,CA,2014-08-11,6459,5.4648976,0,0,6563.0,6603.0,5875.0,6310.0,5339.0
CA_1,HOUSEHOLD,CA,2014-08-18,6569,5.4604745,0,0,6459.0,6563.0,6603.0,5875.0,6090.0
CA_1,HOUSEHOLD,CA,2014-08-25,6129,5.4622717,0,0,6569.0,6459.0,6563.0,6603.0,5820.0
CA_1,HOUSEHOLD,CA,2014-09-01,6727,5.4555216,7,1,6129.0,6569.0,6459.0,6563.0,6103.0
CA_1,HOUSEHOLD,CA,2014-09-08,5826,5.4515142,3,0,6727.0,6129.0,6569.0,6459.0,5649.0
CA_1,HOUSEHOLD,CA,2014-09-15,6258,5.4526014,0,0,5826.0,6727.0,6129.0,6569.0,5844.0
CA_1,HOUSEHOLD,CA,2014-09-22,5793,5.4498262,0,0,6258.0,5826.0,6727.0,6129.0,5411.0
CA_1,HOUSEHOLD,CA,2014-09-29,6756,5.4555845,5,1,5793.0,6258.0,5826.0,6727.0,6035.0
CA_1,HOUSEHOLD,CA,2014-10-06,6217,5.4638505,5,0,6756.0,5793.0,6258.0,5826.0,5614.0
CA_1,HOUSEHOLD,CA,2014-10-13,6184,5.444389,0,1,6217.0,6756.0,5793.0,6258.0,5445.0
CA_1,HOUSEHOLD,CA,2014-10-20,6022,5.438077,0,0,6184.0,6217.0,6756.0,5793.0,5275.0
CA_1,HOUSEHOLD,CA,2014-10-27,5935,5.446202,2,1,6022.0,6184.0,6217.0,6756.0,5658.0
CA_1,HOUSEHOLD,CA,2014-11-03,6146,5.445228,7,0,5935.0,6022.0,6184.0,6217.0,5281.0
CA_1,HOUSEHOLD,CA,2014-11-10,5627,5.444964,1,1,6146.0,5935.0,6022.0,6184.0,5350.0
CA_1,HOUSEHOLD,CA,2014-11-17,5695,5.4432263,0,0,5627.0,6146.0,5935.0,6022.0,5112.0
CA_1,HOUSEHOLD,CA,2014-11-24,5388,5.4466605,0,1,5695.0,5627.0,6146.0,5935.0,4678.0
CA_1,HOUSEHOLD,CA,2014-12-01,6130,5.4460983,7,0,5388.0,5695.0,5627.0,6146.0,5272.0
CA_1,HOUSEHOLD,CA,2014-12-08,5510,5.4462585,3,0,6130.0,5388.0,5695.0,5627.0,4910.0
CA_1,HOUSEHOLD,CA,2014-12-15,5410,5.444543,0,0,5510.0,6130.0,5388.0,5695.0,4923.0
CA_1,HOUSEHOLD,CA,2014-12-22,4945,5.440903,0,2,5410.0,5510.0,6130.0,5388.0,4274.0
CA_1,HOUSEHOLD,CA,2014-12-29,5898,5.4364285,4,1,4945.0,5410.0,5510.0,6130.0,4922.0
CA_1,HOUSEHOLD,CA,2015-01-05,5420,5.429006,6,1,5898.0,4945.0,5410.0,5510.0,4842.0
CA_1,HOUSEHOLD,CA,2015-01-12,5557,5.4336295,0,0,5420.0,5898.0,4945.0,5410.0,4814.0
CA_1,HOUSEHOLD,CA,2015-01-19,6129,5.443925,0,1,5557.0,5420.0,5898.0,4945.0,4950.0
CA_1,HOUSEHOLD,CA,2015-01-26,5766,5.4463696,1,1,6129.0,5557.0,5420.0,5898.0,5068.0
CA_1,HOUSEHOLD,CA,2015-02-02,6512,5.4445305,7,0,5766.0,6129.0,5557.0,5420.0,5638.0
CA_1,HOUSEHOLD,CA,2015-02-09,6135,5.4447722,2,1,6512.0,5766.0,6129.0,5557.0,5352.0
CA_1,HOUSEHOLD,CA,2015-02-16,6346,5.4440627,0,2,6135.0,6512.0,5766.0,6129.0,5118.0
CA_1,HOUSEHOLD,CA,2015-02-23,6252,5.445043,1,1,6346.0,6135.0,6512.0,5766.0,5642.0
CA_1,HOUSEHOLD,CA,2015-03-02,6582,5.4430737,7,1,6252.0,6346.0,6135.0,6512.0,5486.0
CA_1,HOUSEHOLD,CA,2015-03-09,6516,5.440545,2,0,6582.0,6252.0,6346.0,6135.0,5151.0
CA_1,HOUSEHOLD,CA,2015-03-16,6540,5.4413266,0,1,6516.0,6582.0,6252.0,6346.0,5410.0
CA_1,HOUSEHOLD,CA,2015-03-23,5993,5.4400277,0,0,6540.0,6516.0,6582.0,6252.0,5423.0
CA_1,HOUSEHOLD,CA,2015-03-30,7001,5.4501977,5,1,5993.0,6540.0,6516.0,6582.0,5887.0
CA_1,HOUSEHOLD,CA,2015-04-06,6555,5.4686313,5,2,7001.0,5993.0,6540.0,6516.0,5613.0
CA_1,HOUSEHOLD,CA,2015-04-13,6748,5.468128,0,0,6555.0,7001.0,5993.0,6540.0,5659.0
CA_1,HOUSEHOLD,CA,2015-04-20,6919,5.4667706,0,0,6748.0,6555.0,7001.0,5993.0,5852.0
CA_1,HOUSEHOLD,CA,2015-04-27,6661,5.465509,3,0,6919.0,6748.0,6555.0,7001.0,5965.0
CA_1,HOUSEHOLD,CA,2015-05-04,6472,5.463488,7,2,6661.0,6919.0,6748.0,6555.0,5276.0
CA_1,HOUSEHOLD,CA,2015-05-11,6675,5.4655175,0,0,6472.0,6661.0,6919.0,6748.0,5665.0
CA_1,HOUSEHOLD,CA,2015-05-18,6602,5.464829,0,0,6675.0,6472.0,6661.0,6919.0,5113.0
CA_1,HOUSEHOLD,CA,2015-05-25,6885,5.4653196,0,1,6602.0,6675.0,6472.0,6661.0,6086.0
CA_1,HOUSEHOLD,CA,2015-06-01,7233,5.465916,7,1,6885.0,6602.0,6675.0,6472.0,5996.0
CA_1,HOUSEHOLD,CA,2015-06-08,6889,5.4665213,3,0,7233.0,6885.0,6602.0,6675.0,5841.0
CA_1,HOUSEHOLD,CA,2015-06-15,6952,5.467837,0,3,6889.0,7233.0,6885.0,6602.0,6378.0
CA_1,HOUSEHOLD,CA,2015-06-22,7112,5.4720416,0,0,6952.0,6889.0,7233.0,6885.0,5819.0
CA_1,HOUSEHOLD,CA,2015-06-29,7270,5.472949,5,1,7112.0,6952.0,6889.0,7233.0,6469.0
CA_1,HOUSEHOLD,CA,2015-07-06,7481,5.4712625,5,0,7270.0,7112.0,6952.0,6889.0,6457.0
CA_1,HOUSEHOLD,CA,2015-07-13,7485,5.46679,0,1,7481.0,7270.0,7112.0,6952.0,6310.0
CA_1,HOUSEHOLD,CA,2015-07-20,7093,5.4636917,0,0,7485.0,7481.0,7270.0,7112.0,5875.0
CA_1,HOUSEHOLD,CA,2015-07-27,7839,5.464544,2,0,7093.0,7485.0,7481.0,7270.0,6603.0
CA_1,HOUSEHOLD,CA,2015-08-03,7816,5.4752774,7,0,7839.0,7093.0,7485.0,7481.0,6563.0
CA_1,HOUSEHOLD,CA,2015-08-10,7449,5.4741735,1,0,7816.0,7839.0,7093.0,7485.0,6459.0
CA_1,HOUSEHOLD,CA,2015-08-17,7607,5.4755793,0,0,7449.0,7816.0,7839.0,7093.0,6569.0
CA_1,HOUSEHOLD,CA,2015-08-24,7034,5.4752355,0,0,7607.0,7449.0,7816.0,7839.0,6129.0
CA_1,HOUSEHOLD,CA,2015-08-31,7375,5.4736404,6,0,7034.0,7607.0,7449.0,7816.0,6727.0
CA_1,HOUSEHOLD,CA,2015-09-07,7366,5.473381,4,1,7375.0,7034.0,7607.0,7449.0,5826.0
CA_1,HOUSEHOLD,CA,2015-09-14,7173,5.473411,0,0,7366.0,7375.0,7034.0,7607.0,6258.0
CA_1,HOUSEHOLD,CA,2015-09-21,7226,5.4733467,0,1,7173.0,7366.0,7375.0,7034.0,5793.0
CA_1,HOUSEHOLD,CA,2015-09-28,7365,5.4703574,4,0,7226.0,7173.0,7366.0,7375.0,6756.0
CA_1,HOUSEHOLD,CA,2015-10-05,7315,5.4645066,6,0,7365.0,7226.0,7173.0,7366.0,6217.0
CA_1,HOUSEHOLD,CA,2015-10-12,7360,5.4682727,0,1,7315.0,7365.0,7226.0,7173.0,6184.0
CA_1,HOUSEHOLD,CA,2015-10-19,6935,5.472928,0,0,7360.0,7315.0,7365.0,7226.0,6022.0
CA_1,HOUSEHOLD,CA,2015-10-26,6982,5.472796,1,1,6935.0,7360.0,7315.0,7365.0,5935.0
CA_1,HOUSEHOLD,CA,2015-11-02,7174,5.4730616,7,0,6982.0,6935.0,7360.0,7315.0,6146.0
CA_1,HOUSEHOLD,CA,2015-11-09,6628,5.4765053,2,1,7174.0,6982.0,6935.0,7360.0,5627.0
CA_1,HOUSEHOLD,CA,2015-11-16,6867,5.483175,0,0,6628.0,7174.0,6982.0,6935.0,5695.0
CA_1,HOUSEHOLD,CA,2015-11-23,5991,5.4827247,0,1,6867.0,6628.0,7174.0,6982.0,5388.0
CA_1,HOUSEHOLD,CA,2015-11-30,7097,5.4823647,6,0,5991.0,6867.0,6628.0,7174.0,6130.0
CA_1,HOUSEHOLD,CA,2015-12-07,6480,5.4813128,4,0,7097.0,5991.0,6867.0,6628.0,5510.0
CA_1,HOUSEHOLD,CA,2015-12-14,6713,5.482793,0,1,6480.0,7097.0,5991.0,6867.0,5410.0
CA_1,HOUSEHOLD,CA,2015-12-21,5403,5.4821115,0,1,6713.0,6480.0,7097.0,5991.0,4945.0
CA_1,HOUSEHOLD,CA,2015-12-28,6950,5.4826674,3,1,5403.0,6713.0,6480.0,7097.0,5898.0
CA_1,HOUSEHOLD,CA,2016-01-04,6882,5.483789,7,1,6950.0,5403.0,6713.0,6480.0,5420.0
CA_1,HOUSEHOLD,CA,2016-01-11,6540,5.4814734,0,0,6882.0,6950.0,5403.0,6713.0,5557.0
CA_1,HOUSEHOLD,CA,2016-01-18,6853,5.479284,0,1,6540.0,6882.0,6950.0,5403.0,6129.0
CA_1,HOUSEHOLD,CA,2016-01-25,6733,5.4833274,0,0,6853.0,6540.0,6882.0,6950.0,5766.0
CA_1,HOUSEHOLD,CA,2016-02-01,6825,5.4816246,7,1,6733.0,6853.0,6540.0,6882.0,6512.0
CA_1,HOUSEHOLD,CA,2016-02-08,6624,5.481467,3,2,6825.0,6733.0,6853.0,6540.0,6135.0
CA_1,HOUSEHOLD,CA,2016-02-15,7239,5.4801636,0,2,6624.0,6825.0,6733.0,6853.0,6346.0
CA_1,HOUSEHOLD,CA,2016-02-22,6880,5.479551,0,0,7239.0,6624.0,6825.0,6733.0,6252.0
CA_1,HOUSEHOLD,CA,2016-02-29,7302,5.4786367,6,0,6880.0,7239.0,6624.0,6825.0,6582.0
CA_1,HOUSEHOLD,CA,2016-03-07,6769,5.4779234,4,0,7302.0,6880.0,7239.0,6624.0,6516.0
CA_1,HOUSEHOLD,CA,2016-03-14,7050,5.4770503,0,1,6769.0,7302.0,6880.0,7239.0,6540.0
CA_1,HOUSEHOLD,CA,2016-03-21,6508,5.4770775,0,2,7050.0,6769.0,7302.0,6880.0,5993.0
CA_1,HOUSEHOLD,CA,2016-03-28,7299,5.4773054,3,0,6508.0,7050.0,6769.0,7302.0,7001.0
CA_1,HOUSEHOLD,CA,2016-04-04,7358,5.4771414,7,0,7299.0,6508.0,7050.0,6769.0,6555.0
CA_1,HOUSEHOLD,CA,2016-04-11,6717,5.4768143,0,0,7358.0,7299.0,6508.0,7050.0,6748.0
CA_1,HOUSEHOLD,CA,2016-04-18,6860,5.476747,0,0,6717.0,7358.0,7299.0,6508.0,6919.0
CA_1,HOUSEHOLD,CA,2016-04-25,7014,5.4760857,1,2,6860.0,6717.0,7358.0,7299.0,6661.0
CA_1,HOUSEHOLD,CA,2016-05-02,6846,5.47533,7,2,7014.0,6860.0,6717.0,7358.0,6472.0
CA_1,HOUSEHOLD,CA,2016-05-09,7066,5.47575,2,0,6846.0,7014.0,6860.0,6717.0,6675.0
CA_1,HOUSEHOLD,CA,2016-05-16,6868,5.4749923,0,0,7066.0,6846.0,7014.0,6860.0,6602.0
CA_2,FOODS,CA,2011-01-31,11598,2.877249,6,1,,,,,
CA_2,FOODS,CA,2011-02-07,11335,2.875861,4,0,11598.0,,,,
CA_2,FOODS,CA,2011-02-14,9307,2.8661609,0,1,11335.0,11598.0,,,
CA_2,FOODS,CA,2011-02-21,9918,2.859074,0,1,9307.0,11335.0,11598.0,,
CA_2,FOODS,CA,2011-02-28,10516,2.8552682,6,0,9918.0,9307.0,11335.0,11598.0,
CA_2,FOODS,CA,2011-03-07,9822,2.856816,4,1,10516.0,9918.0,9307.0,11335.0,
CA_2,FOODS,CA,2011-03-14,9959,2.856127,0,3,9822.0,10516.0,9918.0,9307.0,
CA_2,FOODS,CA,2011-03-21,9884,2.8616598,0,0,9959.0,9822.0,10516.0,9918.0,
CA_2,FOODS,CA,2011-03-28,10915,2.8698163,3,0,9884.0,9959.0,9822.0,10516.0,
CA_2,FOODS,CA,2011-04-04,10748,2.8754802,7,0,10915.0,9884.0,9959.0,9822.0,
CA_2,FOODS,CA,2011-04-11,9723,2.882143,0,0,10748.0,10915.0,9884.0,9959.0,
CA_2,FOODS,CA,2011-04-18,9853,2.8927968,0,1,9723.0,10748.0,10915.0,9884.0,
CA_2,FOODS,CA,2011-04-25,8824,2.893596,1,1,9853.0,9723.0,10748.0,10915.0,
CA_2,FOODS,CA,2011-05-02,8923,2.8917887,7,2,8824.0,9853.0,9723.0,10748.0,
CA_2,FOODS,CA,2011-05-09,9232,2.8874862,2,0,8923.0,8824.0,9853.0,9723.0,
CA_2,FOODS,CA,2011-05-16,8195,2.8900278,0,0,9232.0,8923.0,8824.0,9853.0,
CA_2,FOODS,CA,2011-05-23,8841,2.8994467,0,0,8195.0,9232.0,8923.0,8824.0,
CA_2,FOODS,CA,2011-05-30,9116,2.9110625,5,2,8841.0,8195.0,9232.0,8923.0,
CA_2,FOODS,CA,2011-06-06,9825,2.9323387,5,1,9116.0,8841.0,8195.0,9232.0,
CA_2,FOODS,CA,2011-06-13,9777,2.9327583,0,1,9825.0,9116.0,8841.0,8195.0,
CA_2,FOODS,CA,2011-06-20,10304,2.9329684,0,0,9777.0,9825.0,9116.0,8841.0,
CA_2,FOODS,CA,2011-06-27,10573,2.9341419,3,0,10304.0,9777.0,9825.0,9116.0,
CA_2,FOODS,CA,2011-07-04,11010,2.937942,7,1,10573.0,10304.0,9777.0,9825.0,
CA_2,FOODS,CA,2011-07-11,9925,2.9378965,0,0,11010.0,10573.0,10304.0,9777.0,
CA_2,FOODS,CA,2011-07-18,10413,2.942906,0,0,9925.0,11010.0,10573.0,10304.0,
CA_2,FOODS,CA,2011-07-25,10103,2.961229,0,0,10413.0,9925.0,11010.0,10573.0,
CA_2,FOODS,CA,2011-08-01,9749,3.0027344,7,1,10103.0,10413.0,9925.0,11010.0,
CA_2,FOODS,CA,2011-08-08,10650,2.995488,3,0,9749.0,10103.0,10413.0,9925.0,
CA_2,FOODS,CA,2011-08-15,10442,2.986988,0,0,10650.0,9749.0,10103.0,10413.0,
CA_2,FOODS,CA,2011-08-22,10501,2.988705,0,0,10442.0,10650.0,9749.0,10103.0,
CA_2,FOODS,CA,2011-08-29,10048,2.993054,4,1,10501.0,10442.0,10650.0,9749.0,
CA_2,FOODS,CA,2011-09-05,10275,2.9998531,6,1,10048.0,10501.0,10442.0,10650.0,
CA_2,FOODS,CA,2011-09-12,10174,3.0139287,0,0,10275.0,10048.0,10501.0,10442.0,
CA_2,FOODS,CA,2011-09-19,11608,3.0237405,0,0,10174.0,10275.0,10048.0,10501.0,
CA_2,FOODS,CA,2011-09-26,11684,3.0278308,2,0,11608.0,10174.0,10275.0,10048.0,
CA_2,FOODS,CA,2011-10-03,11321,3.028537,7,0,11684.0,11608.0,10174.0,10275.0,
CA_2,FOODS,CA,2011-10-10,11646,3.0292892,1,1,11321.0,11684.0,11608.0,10174.0,
CA_2,FOODS,CA,2011-10-17,10906,3.0375667,0,0,11646.0,11321.0,11684.0,11608.0,
CA_2,FOODS,CA,2011-10-24,10854,3.051449,0,0,10906.0,11646.0,11321.0,11684.0,
CA_2,FOODS,CA,2011-10-31,10874,3.0434723,6,1,10854.0,10906.0,11646.0,11321.0,
CA_2,FOODS,CA,2011-11-07,11567,3.0550594,4,2,10874.0,10854.0,10906.0,11646.0,
CA_2,FOODS,CA,2011-11-14,10853,3.0566585,0,0,11567.0,10874.0,10854.0,10906.0,
CA_2,FOODS,CA,2011-11-21,10389,3.0618684,0,1,10853.0,11567.0,10874.0,10854.0,
CA_2,FOODS,CA,2011-11-28,11474,3.0588858,4,0,10389.0,10853.0,11567.0,10874.0,
CA_2,FOODS,CA,2011-12-05,11697,3.049028,6,0,11474.0,10389.0,10853.0,11567.0,
CA_2,FOODS,CA,2011-12-12,12727,3.0463424,0,0,11697.0,11474.0,10389.0,10853.0,
CA_2,FOODS,CA,2011-12-19,10562,3.0527215,0,1,12727.0,11697.0,11474.0,10389.0,
CA_2,FOODS,CA,2011-12-26,10756,3.046739,1,2,10562.0,12727.0,11697.0,11474.0,
CA_2,FOODS,CA,2012-01-02,11506,3.0429246,7,1,10756.0,10562.0,12727.0,11697.0,
CA_2,FOODS,CA,2012-01-09,11179,3.0449016,2,0,11506.0,10756.0,10562.0,12727.0,
CA_2,FOODS,CA,2012-01-16,11741,3.0429704,0,1,11179.0,11506.0,10756.0,10562.0,
CA_2,FOODS,CA,2012-01-23,11653,3.0397267,0,0,11741.0,11179.0,11506.0,10756.0,
CA_2,FOODS,CA,2012-01-30,12018,3.036714,5,1,11653.0,11741.0,11179.0,11506.0,11598.0
CA_2,FOODS,CA,2012-02-06,12679,3.038197,5,0,12018.0,11653.0,11741.0,11179.0,11335.0
CA_2,FOODS,CA,2012-02-13,11535,3.036925,0,1,12679.0,12018.0,11653.0,11741.0,9307.0
CA_2,FOODS,CA,2012-02-20,11900,3.0404828,0,2,11535.0,12679.0,12018.0,11653.0,9918.0
CA_2,FOODS,CA,2012-02-27,12315,3.0480828,4,1,11900.0,11535.0,12679.0,12018.0,10516.0
CA_2,FOODS,CA,2012-03-05,12811,3.0637202,6,1,12315.0,11900.0,11535.0,12679.0,9822.0
CA_2,FOODS,CA,2012-03-12,11856,3.0672886,0,1,12811.0,12315.0,11900.0,11535.0,9959.0
CA_2,FOODS,CA,2012-03-19,12043,3.0620434,0,0,11856.0,12811.0,12315.0,11900.0,9884.0
CA_2,FOODS,CA,2012-03-26,12247,3.0575821,1,0,12043.0,11856.0,12811.0,12315.0,10915.0
CA_2,FOODS,CA,2012-04-02,13737,3.0545685,7,1,12247.0,12043.0,11856.0,12811.0,10748.0
CA_2,FOODS,CA,2012-04-09,12314,3.0498421,2,2,13737.0,12247.0,12043.0,11856.0,9723.0
CA_2,FOODS,CA,2012-04-16,12093,3.0491424,0,0,12314.0,13737.0,12247.0,12043.0,9853.0
CA_2,FOODS,CA,2012-04-23,12187,3.0487952,0,0,12093.0,12314.0,13737.0,12247.0,8824.0
CA_2,FOODS,CA,2012-04-30,13343,3.0547006,6,1,12187.0,12093.0,12314.0,13737.0,8923.0
CA_2,FOODS,CA,2012-05-07,13511,3.0565007,4,1,13343.0,12187.0,12093.0,12314.0,9232.0
CA_2,FOODS,CA,2012-05-14,13115,3.0534682,0,0,13511.0,13343.0,12187.0,12093.0,8195.0
CA_2,FOODS,CA,2012-05-21,11784,3.0507102,0,0,13115.0,13511.0,13343.0,12187.0,8841.0
CA_2,FOODS,CA,2012-05-28,13729,3.049966,3,1,11784.0,13115.0,13511.0,13343.0,9116.0
CA_2,FOODS,CA,2012-06-04,12952,3.0503063,7,0,13729.0,11784.0,13115.0,13511.0,9825.0
CA_2,FOODS,CA,2012-06-11,14013,3.05089,0,2,12952.0,13729.0,11784.0,13115.0,9777.0
CA_2,FOODS,CA,2012-06-18,13589,3.0561016,0,1,14013.0,12952.0,13729.0,11784.0,10304.0
CA_2,FOODS,CA,2012-06-25,12434,3.0573761,1,0,13589.0,14013.0,12952.0,13729.0,10573.0
CA_2,FOODS,CA,2012-07-02,13210,3.0549233,7,1,12434.0,13589.0,14013.0,12952.0,11010.0
CA_2,FOODS,CA,2012-07-09,13413,3.0488772,2,0,13210.0,12434.0,13589.0,14013.0,9925.0
CA_2,FOODS,CA,2012-07-16,13237,3.045216,0,1,13413.0,13210.0,12434.0,13589.0,10413.0
CA_2,FOODS,CA,2012-07-23,12715,3.0399787,0,0,13237.0,13413.0,13210.0,12434.0,10103.0
CA_2,FOODS,CA,2012-07-30,12885,3.0371993,5,0,12715.0,13237.0,13413.0,13210.0,9749.0
CA_2,FOODS,CA,2012-08-06,13780,3.0344186,5,0,12885.0,12715.0,13237.0,13413.0,10650.0
CA_2,FOODS,CA,2012-08-13,14223,3.028756,0,1,13780.0,12885.0,12715.0,13237.0,10442.0
CA_2,FOODS,CA,2012-08-20,14098,3.0297177,0,0,14223.0,13780.0,12885.0,12715.0,10501.0
CA_2,FOODS,CA,2012-08-27,13017,3.0308633,2,0,14098.0,14223.0,13780.0,12885.0,10048.0
CA_2,FOODS,CA,2012-09-03,13204,3.033825,7,1,13017.0,14098.0,14223.0,13780.0,10275.0
CA_2,FOODS,CA,2012-09-10,12890,3.0366967,1,0,13204.0,13017.0,14098.0,14223.0,10174.0
CA_2,FOODS,CA,2012-09-17,12213,3.0427766,0,0,12890.0,13204.0,13017.0,14098.0,11608.0
CA_2,FOODS,CA,2012-09-24,12539,3.0416374,0,0,12213.0,12890.0,13204.0,13017.0,11684.0
CA_2,FOODS,CA,2012-10-01,12475,3.0453718,7,0,12539.0,12213.0,12890.0,13204.0,11321.0
CA_2,FOODS,CA,2012-10-08,12315,3.0531106,3,1,12475.0,12539.0,12213.0,12890.0,11646.0
CA_2,FOODS,CA,2012-10-15,11204,3.0499175,0,0,12315.0,12475.0,12539.0,12213.0,10906.0
CA_2,FOODS,CA,2012-10-22,11127,3.0469224,0,1,11204.0,12315.0,12475.0,12539.0,10854.0
CA_2,FOODS,CA,2012-10-29,12033,3.0421607,4,1,11127.0,11204.0,12315.0,12475.0,10874.0
CA_2,FOODS,CA,2012-11-05,11368,3.0390897,6,1,12033.0,11127.0,11204.0,12315.0,11567.0
CA_2,FOODS,CA,2012-11-12,11066,3.0411935,0,0,11368.0,12033.0,11127.0,11204.0,10853.0
CA_2,FOODS,CA,2012-11-19,9845,3.0403085,0,1,11066.0,11368.0,12033.0,11127.0,10389.0
CA_2,FOODS,CA,2012-11-26,10500,3.0415823,2,0,9845.0,11066.0,11368.0,12033.0,11474.0
CA_2,FOODS,CA,2012-12-03,11963,3.0448833,7,0,10500.0,9845.0,11066.0,11368.0,11697.0
CA_2,FOODS,CA,2012-12-10,11822,3.0455382,1,1,11963.0,10500.0,9845.0,11066.0,12727.0
CA_2,FOODS,CA,2012-12-17,12403,3.0452983,0,0,11822.0,11963.0,10500.0,9845.0,10562.0
CA_2,FOODS,CA,2012-12-24,9700,3.041994,0,1,12403.0,11822.0,11963.0,10500.0,10756.0
CA_2,FOODS,CA,2012-12-31,11808,3.0389879,6,1,9700.0,12403.0,11822.0,11963.0,11506.0
CA_2,FOODS,CA,2013-01-07,12115,3.0391304,4,1,11808.0,9700.0,12403.0,11822.0,11179.0
CA_2,FOODS,CA,2013-01-14,11676,3.0395792,0,0,12115.0,11808.0,9700.0,12403.0,11741.0
CA_2,FOODS,CA,2013-01-21,11245,3.0413766,0,1,11676.0,12115.0,11808.0,9700.0,11653.0
CA_2,FOODS,CA,2013-01-28,11966,3.048987,3,1,11245.0,11676.0,12115.0,11808.0,12018.0
CA_2,FOODS,CA,2013-02-04,11570,3.0464892,7,0,11966.0,11245.0,11676.0,12115.0,12679.0
CA_2,FOODS,CA,2013-02-11,11789,3.0385423,0,2,11570.0,11966.0,11245.0,11676.0,11535.0
CA_2,FOODS,CA,2013-02-18,12763,3.0307062,0,3,11789.0,11570.0,11966.0,11245.0,11900.0
CA_2,FOODS,CA,2013-02-25,12766,3.0265298,3,0,12763.0,11789.0,11570.0,11966.0,12315.0
CA_2,FOODS,CA,2013-03-04,12555,3.0241542,7,0,12766.0,12763.0,11789.0,11570.0,12811.0
CA_2,FOODS,CA,2013-03-11,11956,3.0231857,0,1,12555.0,12766.0,12763.0,11789.0,11856.0
CA_2,FOODS,CA,2013-03-18,11485,3.0179255,0,0,11956.0,12555.0,12766.0,12763.0,12043.0
CA_2,FOODS,CA,2013-03-25,12445,3.0126019,0,1,11485.0,11956.0,12555.0,12766.0,12247.0
CA_2,FOODS,CA,2013-04-01,12299,2.999368,7,1,12445.0,11485.0,11956.0,12555.0,13737.0
CA_2,FOODS,CA,2013-04-08,12062,2.997464,3,0,12299.0,12445.0,11485.0,11956.0,12314.0
CA_2,FOODS,CA,2013-04-15,12195,2.9978454,0,0,12062.0,12299.0,12445.0,11485.0,12093.0
CA_2,FOODS,CA,2013-04-22,11653,3.002871,0,0,12195.0,12062.0,12299.0,12445.0,12187.0
CA_2,FOODS,CA,2013-04-29,13156,2.9998825,5,1,11653.0,12195.0,12062.0,12299.0,13343.0
CA_2,FOODS,CA,2013-05-06,11928,2.9972484,5,1,13156.0,11653.0,12195.0,12062.0,13511.0
CA_2,FOODS,CA,2013-05-13,12150,2.9960582,0,0,11928.0,13156.0,11653.0,12195.0,13115.0
CA_2,FOODS,CA,2013-05-20,12703,2.992403,0,0,12150.0,11928.0,13156.0,11653.0,11784.0
CA_2,FOODS,CA,2013-05-27,13300,2.9928763,2,1,12703.0,12150.0,11928.0,13156.0,13729.0
CA_2,FOODS,CA,2013-06-03,14067,2.9953332,7,1,13300.0,12703.0,12150.0,11928.0,12952.0
CA_2,FOODS,CA,2013-06-10,13148,2.9943888,1,1,14067.0,13300.0,12703.0,12150.0,14013.0
CA_2,FOODS,CA,2013-06-17,13208,2.9926555,0,1,13148.0,14067.0,13300.0,12703.0,13589.0
CA_2,FOODS,CA,2013-06-24,14971,2.9943254,0,0,13208.0,13148.0,14067.0,13300.0,12434.0
CA_2,FOODS,CA,2013-07-01,14890,2.9978921,7,1,14971.0,13208.0,13148.0,14067.0,13210.0
CA_2,FOODS,CA,2013-07-08,13727,2.9975893,3,1,14890.0,14971.0,13208.0,13148.0,13413.0
CA_2,FOODS,CA,2013-07-15,13671,2.9965732,0,0,13727.0,14890.0,14971.0,13208.0,13237.0
CA_2,FOODS,CA,2013-07-22,13995,2.99252,0,0,13671.0,13727.0,14890.0,14971.0,12715.0
CA_2,FOODS,CA,2013-07-29,13811,2.993376,4,0,13995.0,13671.0,13727.0,14890.0,12885.0
CA_2,FOODS,CA,2013-08-05,13947,2.989084,6,1,13811.0,13995.0,13671.0,13727.0,13780.0
CA_2,FOODS,CA,2013-08-12,14234,2.9871082,0,0,13947.0,13811.0,13995.0,13671.0,14223.0
CA_2,FOODS,CA,2013-08-19,14892,2.9829285,0,0,14234.0,13947.0,13811.0,13995.0,14098.0
CA_2,FOODS,CA,2013-08-26,14990,2.9794865,1,0,14892.0,14234.0,13947.0,13811.0,13017.0
CA_2,FOODS,CA,2013-09-02,16134,2.9798527,7,1,14990.0,14892.0,14234.0,13947.0,13204.0
CA_2,FOODS,CA,2013-09-09,14593,2.9795277,2,0,16134.0,14990.0,14892.0,14234.0,12890.0
CA_2,FOODS,CA,2013-09-16,13465,2.9794457,0,0,14593.0,16134.0,14990.0,14892.0,12213.0
CA_2,FOODS,CA,2013-09-23,13455,2.986552,0,0,13465.0,14593.0,16134.0,14990.0,12539.0
CA_2,FOODS,CA,2013-09-30,13844,2.991884,6,0,13455.0,13465.0,14593.0,16134.0,12475.0
CA_2,FOODS,CA,2013-10-07,13248,2.9962163,4,0,13844.0,13455.0,13465.0,14593.0,12315.0
CA_2,FOODS,CA,2013-10-14,13395,2.9980695,0,2,13248.0,13844.0,13455.0,13465.0,11204.0
CA_2,FOODS,CA,2013-10-21,12314,2.9989216,0,0,13395.0,13248.0,13844.0,13455.0,11127.0
CA_2,FOODS,CA,2013-10-28,13200,2.9994206,3,1,12314.0,13395.0,13248.0,13844.0,12033.0
CA_2,FOODS,CA,2013-11-04,11704,2.9979112,7,0,13200.0,12314.0,13395.0,13248.0,11368.0
CA_2,FOODS,CA,2013-11-11,12230,2.9942365,0,1,11704.0,13200.0,12314.0,13395.0,11066.0
CA_2,FOODS,CA,2013-11-18,11312,2.9950006,0,0,12230.0,11704.0,13200.0,12314.0,9845.0
CA_2,FOODS,CA,2013-11-25,9906,2.9950104,1,1,11312.0,12230.0,11704.0,13200.0,10500.0
CA_2,FOODS,CA,2013-12-02,12297,2.993977,7,1,9906.0,11312.0,12230.0,11704.0,11963.0
CA_2,FOODS,CA,2013-12-09,11779,2.9916737,2,0,12297.0,9906.0,11312.0,12230.0,11822.0
CA_2,FOODS,CA,2013-12-16,11865,2.9939501,0,0,11779.0,12297.0,9906.0,11312.0,12403.0
CA_2,FOODS,CA,2013-12-23,9786,3.0014288,0,1,11865.0,11779.0,12297.0,9906.0,9700.0
CA_2,FOODS,CA,2013-12-30,11514,3.0024774,5,1,9786.0,11865.0,11779.0,12297.0,11808.0
CA_2,FOODS,CA,2014-01-06,11808,3.0052445,5,1,11514.0,9786.0,11865.0,11779.0,12115.0
CA_2,FOODS,CA,2014-01-13,11971,3.0082088,0,0,11808.0,11514.0,9786.0,11865.0,11676.0
CA_2,FOODS,CA,2014-01-20,12026,3.0002408,0,1,11971.0,11808.0,11514.0,9786.0,11245.0
CA_2,FOODS,CA,2014-01-27,11667,2.9919457,2,1,12026.0,11971.0,11808.0,11514.0,11966.0
CA_2,FOODS,CA,2014-02-03,12318,2.9945493,7,0,11667.0,12026.0,11971.0,11808.0,11570.0
CA_2,FOODS,CA,2014-02-10,12025,2.998651,1,1,12318.0,11667.0,12026.0,11971.0,11789.0
CA_2,FOODS,CA,2014-02-17,12278,3.0029929,0,1,12025.0,12318.0,11667.0,12026.0,12763.0
CA_2,FOODS,CA,2014-02-24,12090,3.0062587,2,0,12278.0,12025.0,12318.0,11667.0,12766.0
CA_2,FOODS,CA,2014-03-03,12534,3.003429,7,1,12090.0,12278.0,12025.0,12318.0,12555.0
CA_2,FOODS,CA,2014-03-10,12325,3.004252,1,2,12534.0,12090.0,12278.0,12025.0,11956.0
CA_2,FOODS,CA,2014-03-17,12532,3.0101173,0,1,12325.0,12534.0,12090.0,12278.0,11485.0
CA_2,FOODS,CA,2014-03-24,12536,3.0083275,0,0,12532.0,12325.0,12534.0,12090.0,12445.0
CA_2,FOODS,CA,2014-03-31,12926,3.0075977,6,0,12536.0,12532.0,12325.0,12534.0,12299.0
CA_2,FOODS,CA,2014-04-07,13167,3.0099943,4,0,12926.0,12536.0,12532.0,12325.0,12062.0
CA_2,FOODS,CA,2014-04-14,13341,3.0145667,0,1,13167.0,12926.0,12536.0,12532.0,12195.0
CA_2,FOODS,CA,2014-04-21,12717,3.0133927,0,1,13341.0,13167.0,12926.0,12536.0,11653.0
CA_2,FOODS,CA,2014-04-28,12473,3.0142925,4,0,12717.0,13341.0,13167.0,12926.0,13156.0
CA_2,FOODS,CA,2014-05-05,11833,3.0147367,6,2,12473.0,12717.0,13341.0,13167.0,11928.0
CA_2,FOODS,CA,2014-05-12,11755,3.0160546,0,0,11833.0,12473.0,12717.0,13341.0,12150.0
CA_2,FOODS,CA,2014-05-19,11865,3.0203168,0,0,11755.0,11833.0,12473.0,12717.0,12703.0
CA_2,FOODS,CA,2014-05-26,11829,3.021572,1,1,11865.0,11755.0,11833.0,12473.0,13300.0
CA_2,FOODS,CA,2014-06-02,12690,3.0247295,7,1,11829.0,11865.0,11755.0,11833.0,14067.0
CA_2,FOODS,CA,2014-06-09,11670,3.027687,2,1,12690.0,11829.0,11865.0,11755.0,13148.0
CA_2,FOODS,CA,2014-06-16,12838,3.0282862,0,0,11670.0,12690.0,11829.0,11865.0,13208.0
CA_2,FOODS,CA,2014-06-23,12419,3.037863,0,1,12838.0,11670.0,12690.0,11829.0,14971.0
CA_2,FOODS,CA,2014-06-30,12993,3.043399,6,1,12419.0,12838.0,11670.0,12690.0,14890.0
CA_2,FOODS,CA,2014-07-07,12721,3.0472074,4,0,12993.0,12419.0,12838.0,11670.0,13727.0
CA_2,FOODS,CA,2014-07-14,12482,3.0515685,0,0,12721.0,12993.0,12419.0,12838.0,13671.0
CA_2,FOODS,CA,2014-07-21,11991,3.0524151,0,0,12482.0,12721.0,12993.0,12419.0,13995.0
CA_2,FOODS,CA,2014-07-28,11879,3.0538235,3,1,11991.0,12482.0,12721.0,12993.0,13811.0
CA_2,FOODS,CA,2014-08-04,12146,3.0541224,7,0,11879.0,11991.0,12482.0,12721.0,13947.0
CA_2,FOODS,CA,2014-08-11,12643,3.05605,0,0,12146.0,11879.0,11991.0,12482.0,14234.0
CA_2,FOODS,CA,2014-08-18,12419,3.0584624,0,0,12643.0,12146.0,11879.0,11991.0,14892.0
CA_2,FOODS,CA,2014-08-25,11678,3.0626502,0,0,12419.0,12643.0,12146.0,11879.0,14990.0
CA_2,FOODS,CA,2014-09-01,12098,3.0656705,7,1,11678.0,12419.0,12643.0,12146.0,16134.0
CA_2,FOODS,CA,2014-09-08,12087,3.070883,3,0,12098.0,11678.0,12419.0,12643.0,14593.0
CA_2,FOODS,CA,2014-09-15,13182,3.0759163,0,0,12087.0,12098.0,11678.0,12419.0,13465.0
CA_2,FOODS,CA,2014-09-22,11298,3.0775456,0,0,13182.0,12087.0,12098.0,11678.0,13455.0
CA_2,FOODS,CA,2014-09-29,11575,3.0789182,5,1,11298.0,13182.0,12087.0,12098.0,13844.0
CA_2,FOODS,CA,2014-10-06,9715,3.0728366,5,0,11575.0,11298.0,13182.0,12087.0,13248.0
CA_2,FOODS,CA,2014-10-13,9513,3.0703995,0,1,9715.0,11575.0,11298.0,13182.0,13395.0
CA_2,FOODS,CA,2014-10-20,9479,3.0768127,0,0,9513.0,9715.0,11575.0,11298.0,12314.0
CA_2,FOODS,CA,2014-10-27,10270,3.0842268,2,1,9479.0,9513.0,9715.0,11575.0,13200.0
CA_2,FOODS,CA,2014-11-03,9813,3.0840893,7,0,10270.0,9479.0,9513.0,9715.0,11704.0
CA_2,FOODS,CA,2014-11-10,10357,3.0875156,1,1,9813.0,10270.0,9479.0,9513.0,12230.0
CA_2,FOODS,CA,2014-11-17,10211,3.0921972,0,0,10357.0,9813.0,10270.0,9479.0,11312.0
CA_2,FOODS,CA,2014-11-24,9819,3.0922596,0,1,10211.0,10357.0,9813.0,10270.0,9906.0
CA_2,FOODS,CA,2014-12-01,10951,3.0943544,7,0,9819.0,10211.0,10357.0,9813.0,12297.0
CA_2,FOODS,CA,2014-12-08,11050,3.0968933,3,0,10951.0,9819.0,10211.0,10357.0,11779.0
CA_2,FOODS,CA,2014-12-15,10940,3.0978644,0,0,11050.0,10951.0,9819.0,10211.0,11865.0
CA_2,FOODS,CA,2014-12-22,8808,3.0993552,0,2,10940.0,11050.0,10951.0,9819.0,9786.0
CA_2,FOODS,CA,2014-12-29,10313,3.100261,4,1,8808.0,10940.0,11050.0,10951.0,11514.0
CA_2,FOODS,CA,2015-01-05,10729,3.1034026,6,1,10313.0,8808.0,10940.0,11050.0,11808.0
CA_2,FOODS,CA,2015-01-12,11174,3.1040547,0,0,10729.0,10313.0,8808.0,10940.0,11971.0
CA_2,FOODS,CA,2015-01-19,9441,3.10156,0,1,11174.0,10729.0,10313.0,8808.0,12026.0
CA_2,FOODS,CA,2015-01-26,9457,3.1012518,1,1,9441.0,11174.0,10729.0,10313.0,11667.0
CA_2,FOODS,CA,2015-02-02,9652,3.105968,7,0,9457.0,9441.0,11174.0,10729.0,12318.0
CA_2,FOODS,CA,2015-02-09,9119,3.1089041,2,1,9652.0,9457.0,9441.0,11174.0,12025.0
CA_2,FOODS,CA,2015-02-16,8418,3.1144192,0,2,9119.0,9652.0,9457.0,9441.0,12278.0
CA_2,FOODS,CA,2015-02-23,8782,3.119413,1,1,8418.0,9119.0,9652.0,9457.0,12090.0
CA_2,FOODS,CA,2015-03-02,8827,3.1245046,7,1,8782.0,8418.0,9119.0,9652.0,12534.0
CA_2,FOODS,CA,2015-03-09,9153,3.1327107,2,0,8827.0,8782.0,8418.0,9119.0,12325.0
CA_2,FOODS,CA,2015-03-16,8981,3.1333823,0,1,9153.0,8827.0,8782.0,8418.0,12532.0
CA_2,FOODS,CA,2015-03-23,8830,3.133613,0,0,8981.0,9153.0,8827.0,8782.0,12536.0
CA_2,FOODS,CA,2015-03-30,9663,3.1296515,5,1,8830.0,8981.0,9153.0,8827.0,12926.0
CA_2,FOODS,CA,2015-04-06,8778,3.1302876,5,2,9663.0,8830.0,8981.0,9153.0,13167.0
CA_2,FOODS,CA,2015-04-13,8541,3.1338408,0,0,8778.0,9663.0,8830.0,8981.0,13341.0
CA_2,FOODS,CA,2015-04-20,8836,3.1321998,0,0,8541.0,8778.0,9663.0,8830.0,12717.0
CA_2,FOODS,CA,2015-04-27,9801,3.1346915,3,0,8836.0,8541.0,8778.0,9663.0,12473.0
CA_2,FOODS,CA,2015-05-04,8420,3.1343515,7,2,9801.0,8836.0,8541.0,8778.0,11833.0
CA_2,FOODS,CA,2015-05-11,8964,3.1377826,0,0,8420.0,9801.0,8836.0,8541.0,11755.0
CA_2,FOODS,CA,2015-05-18,8909,3.1580396,0,0,8964.0,8420.0,9801.0,8836.0,11865.0
CA_2,FOODS,CA,2015-05-25,11303,3.2132623,0,1,8909.0,8964.0,8420.0,9801.0,11829.0
CA_2,FOODS,CA,2015-06-01,14182,3.2545915,7,1,11303.0,8909.0,8964.0,8420.0,12690.0
CA_2,FOODS,CA,2015-06-08,15100,3.2798429,3,0,14182.0,11303.0,8909.0,8964.0,11670.0
CA_2,FOODS,CA,2015-06-15,15101,3.2916782,0,3,15100.0,14182.0,11303.0,8909.0,12838.0
CA_2,FOODS,CA,2015-06-22,15572,3.2901561,0,0,15101.0,15100.0,14182.0,11303.0,12419.0
CA_2,FOODS,CA,2015-06-29,16707,3.2902412,5,1,15572.0,15101.0,15100.0,14182.0,12993.0
CA_2,FOODS,CA,2015-07-06,17059,3.2938704,5,0,16707.0,15572.0,15101.0,15100.0,12721.0
CA_2,FOODS,CA,2015-07-13,17377,3.2963562,0,1,17059.0,16707.0,15572.0,15101.0,12482.0
CA_2,FOODS,CA,2015-07-20,16665,3.2958505,0,0,17377.0,17059.0,16707.0,15572.0,11991.0
CA_2,FOODS,CA,2015-07-27,16916,3.2936223,2,0,16665.0,17377.0,17059.0,16707.0,11879.0
CA_2,FOODS,CA,2015-08-03,17896,3.292239,7,0,16916.0,16665.0,17377.0,17059.0,12146.0
CA_2,FOODS,CA,2015-08-10,18902,3.2929695,1,0,17896.0,16916.0,16665.0,17377.0,12643.0
CA_2,FOODS,CA,2015-08-17,18063,3.2937005,0,0,18902.0,17896.0,16916.0,16665.0,12419.0
CA_2,FOODS,CA,2015-08-24,17703,3.2949657,0,0,18063.0,18902.0,17896.0,16916.0,11678.0
CA_2,FOODS,CA,2015-08-31,17982,3.2938297,6,0,17703.0,18063.0,18902.0,17896.0,12098.0
CA_2,FOODS,CA,2015-09-07,19797,3.2931883,4,1,17982.0,17703.0,18063.0,18902.0,12087.0
CA_2,FOODS,CA,2015-09-14,18490,3.2918856,0,0,19797.0,17982.0,17703.0,18063.0,13182.0
CA_2,FOODS,CA,2015-09-21,18832,3.2922976,0,1,18490.0,19797.0,17982.0,17703.0,11298.0
CA_2,FOODS,CA,2015-09-28,19504,3.2977405,4,0,18832.0,18490.0,19797.0,17982.0,11575.0
CA_2,FOODS,CA,2015-10-05,19127,3.2992537,6,0,19504.0,18832.0,18490.0,19797.0,9715.0
CA_2,FOODS,CA,2015-10-12,18574,3.2991931,0,1,19127.0,19504.0,18832.0,18490.0,9513.0
CA_2,FOODS,CA,2015-10-19,18172,3.306772,0,0,18574.0,19127.0,19504.0,18832.0,9479.0
CA_2,FOODS,CA,2015-10-26,18780,3.3252003,1,1,18172.0,18574.0,19127.0,19504.0,10270.0
CA_2,FOODS,CA,2015-11-02,17202,3.3310812,7,0,18780.0,18172.0,18574.0,19127.0,9813.0
CA_2,FOODS,CA,2015-11-09,17766,3.3438895,2,1,17202.0,18780.0,18172.0,18574.0,10357.0
CA_2,FOODS,CA,2015-11-16,17019,3.3456604,0,0,17766.0,17202.0,18780.0,18172.0,10211.0
CA_2,FOODS,CA,2015-11-23,15970,3.3455226,0,1,17019.0,17766.0,17202.0,18780.0,9819.0
CA_2,FOODS,CA,2015-11-30,17863,3.3462029,6,0,15970.0,17019.0,17766.0,17202.0,10951.0
CA_2,FOODS,CA,2015-12-07,16346,3.3469217,4,0,17863.0,15970.0,17019.0,17766.0,11050.0
CA_2,FOODS,CA,2015-12-14,17912,3.3474958,0,1,16346.0,17863.0,15970.0,17019.0,10940.0
CA_2,FOODS,CA,2015-12-21,15351,3.3491647,0,1,17912.0,16346.0,17863.0,15970.0,8808.0
CA_2,FOODS,CA,2015-12-28,18204,3.3530173,3,1,15351.0,17912.0,16346.0,17863.0,10313.0
CA_2,FOODS,CA,2016-01-04,18990,3.3531384,7,1,18204.0,15351.0,17912.0,16346.0,10729.0
CA_2,FOODS,CA,2016-01-11,18478,3.3538435,0,0,18990.0,18204.0,15351.0,17912.0,11174.0
CA_2,FOODS,CA,2016-01-18,18944,3.353378,0,1,18478.0,18990.0,18204.0,15351.0,9441.0
CA_2,FOODS,CA,2016-01-25,18598,3.3532789,0,0,18944.0,18478.0,18990.0,18204.0,9457.0
CA_2,FOODS,CA,2016-02-01,18580,3.3518927,7,1,18598.0,18944.0,18478.0,18990.0,9652.0
CA_2,FOODS,CA,2016-02-08,19558,3.3493092,3,2,18580.0,18598.0,18944.0,18478.0,9119.0
CA_2,FOODS,CA,2016-02-15,20206,3.3485744,0,2,19558.0,18580.0,18598.0,18944.0,8418.0
CA_2,FOODS,CA,2016-02-22,18901,3.346573,0,0,20206.0,19558.0,18580.0,18598.0,8782.0
CA_2,FOODS,CA,2016-02-29,19531,3.342848,6,0,18901.0,20206.0,19558.0,18580.0,8827.0
CA_2,FOODS,CA,2016-03-07,20521,3.3390229,4,0,19531.0,18901.0,20206.0,19558.0,9153.0
CA_2,FOODS,CA,2016-03-14,15088,3.3397763,0,1,20521.0,19531.0,18901.0,20206.0,8981.0
CA_2,FOODS,CA,2016-03-21,20942,3.340185,0,2,15088.0,20521.0,19531.0,18901.0,8830.0
CA_2,FOODS,CA,2016-03-28,20539,3.3369935,3,0,20942.0,15088.0,20521.0,19531.0,9663.0
CA_2,FOODS,CA,2016-04-04,20991,3.3365462,7,0,20539.0,20942.0,15088.0,20521.0,8778.0
CA_2,FOODS,CA,2016-04-11,19755,3.3351614,0,0,20991.0,20539.0,20942.0,15088.0,8541.0
CA_2,FOODS,CA,2016-04-18,20445,3.3350441,0,0,19755.0,20991.0,20539.0,20942.0,8836.0
CA_2,FOODS,CA,2016-04-25,20560,3.3375316,1,2,20445.0,19755.0,20991.0,20539.0,9801.0
CA_2,FOODS,CA,2016-05-02,22023,3.3407357,7,2,20560.0,20445.0,19755.0,20991.0,8420.0
CA_2,FOODS,CA,2016-05-09,21919,3.342743,2,0,22023.0,20560.0,20445.0,19755.0,8964.0
CA_2,FOODS,CA,2016-05-16,22716,3.3453922,0,0,21919.0,22023.0,20560.0,20445.0,8909.0
CA_2,HOBBIES,CA,2011-01-31,2586,4.6034656,6,1,,,,,
CA_2,HOBBIES,CA,2011-02-07,2808,4.573735,4,0,2586.0,,,,
CA_2,HOBBIES,CA,2011-02-14,2126,4.520462,0,1,2808.0,2586.0,,,
CA_2,HOBBIES,CA,2011-02-21,2499,4.5299826,0,1,2126.0,2808.0,2586.0,,
CA_2,HOBBIES,CA,2011-02-28,1794,4.5434117,6,0,2499.0,2126.0,2808.0,2586.0,
CA_2,HOBBIES,CA,2011-03-07,2725,4.554457,4,1,1794.0,2499.0,2126.0,2808.0,
CA_2,HOBBIES,CA,2011-03-14,3075,4.5759583,0,3,2725.0,1794.0,2499.0,2126.0,
CA_2,HOBBIES,CA,2011-03-21,2659,4.622832,0,0,3075.0,2725.0,1794.0,2499.0,
CA_2,HOBBIES,CA,2011-03-28,3113,4.639837,3,0,2659.0,3075.0,2725.0,1794.0,
CA_2,HOBBIES,CA,2011-04-04,2605,4.66686,7,0,3113.0,2659.0,3075.0,2725.0,
CA_2,HOBBIES,CA,2011-04-11,2704,4.6808844,0,0,2605.0,3113.0,2659.0,3075.0,
CA_2,HOBBIES,CA,2011-04-18,1879,4.7258596,0,1,2704.0,2605.0,3113.0,2659.0,
CA_2,HOBBIES,CA,2011-04-25,2838,4.7252426,1,1,1879.0,2704.0,2605.0,3113.0,
CA_2,HOBBIES,CA,2011-05-02,2329,4.731827,7,2,2838.0,1879.0,2704.0,2605.0,
CA_2,HOBBIES,CA,2011-05-09,2641,4.7626023,2,0,2329.0,2838.0,1879.0,2704.0,
CA_2,HOBBIES,CA,2011-05-16,2463,4.742771,0,0,2641.0,2329.0,2838.0,1879.0,
CA_2,HOBBIES,CA,2011-05-23,2361,4.7320514,0,0,2463.0,2641.0,2329.0,2838.0,
CA_2,HOBBIES,CA,2011-05-30,2200,4.730272,5,2,2361.0,2463.0,2641.0,2329.0,
CA_2,HOBBIES,CA,2011-06-06,2284,4.7232633,5,1,2200.0,2361.0,2463.0,2641.0,
CA_2,HOBBIES,CA,2011-06-13,2362,4.714259,0,1,2284.0,2200.0,2361.0,2463.0,
CA_2,HOBBIES,CA,2011-06-20,2314,4.704901,0,0,2362.0,2284.0,2200.0,2361.0,
CA_2,HOBBIES,CA,2011-06-27,2370,4.693506,3,0,2314.0,2362.0,2284.0,2200.0,
CA_2,HOBBIES,CA,2011-07-04,2647,4.677426,7,1,2370.0,2314.0,2362.0,2284.0,
CA_2,HOBBIES,CA,2011-07-11,2528,4.658931,0,0,2647.0,2370.0,2314.0,2362.0,
CA_2,HOBBIES,CA,2011-07-18,2680,4.645213,0,0,2528.0,2647.0,2370.0,2314.0,
CA_2,HOBBIES,CA,2011-07-25,2381,4.6422696,0,0,2680.0,2528.0,2647.0,2370.0,
CA_2,HOBBIES,CA,2011-08-01,2439,4.644231,7,1,2381.0,2680.0,2528.0,2647.0,
CA_2,HOBBIES,CA,2011-08-08,2417,4.645734,3,0,2439.0,2381.0,2680.0,2528.0,
CA_2,HOBBIES,CA,2011-08-15,2456,4.646003,0,0,2417.0,2439.0,2381.0,2680.0,
CA_2,HOBBIES,CA,2011-08-22,2362,4.6565604,0,0,2456.0,2417.0,2439.0,2381.0,
CA_2,HOBBIES,CA,2011-08-29,1817,4.668544,4,1,2362.0,2456.0,2417.0,2439.0,
CA_2,HOBBIES,CA,2011-09-05,2214,4.660493,6,1,1817.0,2362.0,2456.0,2417.0,
CA_2,HOBBIES,CA,2011-09-12,2389,4.6680827,0,0,2214.0,1817.0,2362.0,2456.0,
CA_2,HOBBIES,CA,2011-09-19,2409,4.668226,0,0,2389.0,2214.0,1817.0,2362.0,
CA_2,HOBBIES,CA,2011-09-26,2472,4.664631,2,0,2409.0,2389.0,2214.0,1817.0,
CA_2,HOBBIES,CA,2011-10-03,2133,4.6623874,7,0,2472.0,2409.0,2389.0,2214.0,
CA_2,HOBBIES,CA,2011-10-10,2244,4.654709,1,1,2133.0,2472.0,2409.0,2389.0,
CA_2,HOBBIES,CA,2011-10-17,2269,4.652091,0,0,2244.0,2133.0,2472.0,2409.0,
CA_2,HOBBIES,CA,2011-10-24,2424,4.659016,0,0,2269.0,2244.0,2133.0,2472.0,
CA_2,HOBBIES,CA,2011-10-31,2661,4.6603646,6,1,2424.0,2269.0,2244.0,2133.0,
CA_2,HOBBIES,CA,2011-11-07,2404,4.660137,4,2,2661.0,2424.0,2269.0,2244.0,
CA_2,HOBBIES,CA,2011-11-14,2277,4.6595693,0,0,2404.0,2661.0,2424.0,2269.0,
CA_2,HOBBIES,CA,2011-11-21,1857,4.6669436,0,1,2277.0,2404.0,2661.0,2424.0,
CA_2,HOBBIES,CA,2011-11-28,2367,4.6870193,4,0,1857.0,2277.0,2404.0,2661.0,
CA_2,HOBBIES,CA,2011-12-05,2413,4.6911187,6,0,2367.0,1857.0,2277.0,2404.0,
CA_2,HOBBIES,CA,2011-12-12,2267,4.6912966,0,0,2413.0,2367.0,1857.0,2277.0,
CA_2,HOBBIES,CA,2011-12-19,1992,4.692138,0,1,2267.0,2413.0,2367.0,1857.0,
CA_2,HOBBIES,CA,2011-12-26,2321,4.6942835,1,2,1992.0,2267.0,2413.0,2367.0,
CA_2,HOBBIES,CA,2012-01-02,2121,4.6973767,7,1,2321.0,1992.0,2267.0,2413.0,
CA_2,HOBBIES,CA,2012-01-09,2172,4.7012973,2,0,2121.0,2321.0,1992.0,2267.0,
CA_2,HOBBIES,CA,2012-01-16,1944,4.710618,0,1,2172.0,2121.0,2321.0,1992.0,
CA_2,HOBBIES,CA,2012-01-23,2215,4.715156,0,0,1944.0,2172.0,2121.0,2321.0,
CA_2,HOBBIES,CA,2012-01-30,2160,4.7259965,5,1,2215.0,1944.0,2172.0,2121.0,2586.0
CA_2,HOBBIES,CA,2012-02-06,2217,4.7374234,5,0,2160.0,2215.0,1944.0,2172.0,2808.0
CA_2,HOBBIES,CA,2012-02-13,1943,4.7530985,0,1,2217.0,2160.0,2215.0,1944.0,2126.0
CA_2,HOBBIES,CA,2012-02-20,2232,4.797062,0,2,1943.0,2217.0,2160.0,2215.0,2499.0
CA_2,HOBBIES,CA,2012-02-27,2060,4.8352995,4,1,2232.0,1943.0,2217.0,2160.0,1794.0
CA_2,HOBBIES,CA,2012-03-05,2123,4.8621664,6,1,2060.0,2232.0,1943.0,2217.0,2725.0
CA_2,HOBBIES,CA,2012-03-12,2198,4.869159,0,1,2123.0,2060.0,2232.0,1943.0,3075.0
CA_2,HOBBIES,CA,2012-03-19,2057,4.888291,0,0,2198.0,2123.0,2060.0,2232.0,2659.0
CA_2,HOBBIES,CA,2012-03-26,2127,4.884042,1,0,2057.0,2198.0,2123.0,2060.0,3113.0
CA_2,HOBBIES,CA,2012-04-02,2076,4.882171,7,1,2127.0,2057.0,2198.0,2123.0,2605.0
CA_2,HOBBIES,CA,2012-04-09,2269,4.8706446,2,2,2076.0,2127.0,2057.0,2198.0,2704.0
CA_2,HOBBIES,CA,2012-04-16,2007,4.861953,0,0,2269.0,2076.0,2127.0,2057.0,1879.0
CA_2,HOBBIES,CA,2012-04-23,1947,4.8284907,0,0,2007.0,2269.0,2076.0,2127.0,2838.0
CA_2,HOBBIES,CA,2012-04-30,2167,4.7527385,6,1,1947.0,2007.0,2269.0,2076.0,2329.0
CA_2,HOBBIES,CA,2012-05-07,1555,4.731758,4,1,2167.0,1947.0,2007.0,2269.0,2641.0
CA_2,HOBBIES,CA,2012-05-14,1740,4.7204475,0,0,1555.0,2167.0,1947.0,2007.0,2463.0
CA_2,HOBBIES,CA,2012-05-21,1743,4.7188888,0,0,1740.0,1555.0,2167.0,1947.0,2361.0
CA_2,HOBBIES,CA,2012-05-28,2223,4.7287607,3,1,1743.0,1740.0,1555.0,2167.0,2200.0
CA_2,HOBBIES,CA,2012-06-04,2087,4.7517014,7,0,2223.0,1743.0,1740.0,1555.0,2284.0
CA_2,HOBBIES,CA,2012-06-11,2170,4.7585363,0,2,2087.0,2223.0,1743.0,1740.0,2362.0
CA_2,HOBBIES,CA,2012-06-18,2018,4.8108068,0,1,2170.0,2087.0,2223.0,1743.0,2314.0
CA_2,HOBBIES,CA,2012-06-25,2183,4.9733844,1,0,2018.0,2170.0,2087.0,2223.0,2370.0
CA_2,HOBBIES,CA,2012-07-02,1745,5.1482515,7,1,2183.0,2018.0,2170.0,2087.0,2647.0
CA_2,HOBBIES,CA,2012-07-09,2103,5.1847644,2,0,1745.0,2183.0,2018.0,2170.0,2528.0
CA_2,HOBBIES,CA,2012-07-16,2204,5.20045,0,1,2103.0,1745.0,2183.0,2018.0,2680.0
CA_2,HOBBIES,CA,2012-07-23,1907,5.2132764,0,0,2204.0,2103.0,1745.0,2183.0,2381.0
CA_2,HOBBIES,CA,2012-07-30,1854,5.219845,5,0,1907.0,2204.0,2103.0,1745.0,2439.0
CA_2,HOBBIES,CA,2012-08-06,1753,5.2485566,5,0,1854.0,1907.0,2204.0,2103.0,2417.0
CA_2,HOBBIES,CA,2012-08-13,1766,5.2638307,0,1,1753.0,1854.0,1907.0,2204.0,2456.0
CA_2,HOBBIES,CA,2012-08-20,1642,5.2702456,0,0,1766.0,1753.0,1854.0,1907.0,2362.0
CA_2,HOBBIES,CA,2012-08-27,1919,5.265343,2,0,1642.0,1766.0,1753.0,1854.0,1817.0
CA_2,HOBBIES,CA,2012-09-03,1829,5.267059,7,1,1919.0,1642.0,1766.0,1753.0,2214.0
CA_2,HOBBIES,CA,2012-09-10,1671,5.2746725,1,0,1829.0,1919.0,1642.0,1766.0,2389.0
CA_2,HOBBIES,CA,2012-09-17,1823,5.2937064,0,0,1671.0,1829.0,1919.0,1642.0,2409.0
CA_2,HOBBIES,CA,2012-09-24,1821,5.2991476,0,0,1823.0,1671.0,1829.0,1919.0,2472.0
CA_2,HOBBIES,CA,2012-10-01,1766,5.3127494,7,0,1821.0,1823.0,1671.0,1829.0,2133.0
CA_2,HOBBIES,CA,2012-10-08,1743,5.31334,3,1,1766.0,1821.0,1823.0,1671.0,2244.0
CA_2,HOBBIES,CA,2012-10-15,1865,5.314817,0,0,1743.0,1766.0,1821.0,1823.0,2269.0
CA_2,HOBBIES,CA,2012-10-22,1840,5.3151584,0,1,1865.0,1743.0,1766.0,1821.0,2424.0
CA_2,HOBBIES,CA,2012-10-29,1905,5.3160095,4,1,1840.0,1865.0,1743.0,1766.0,2661.0
CA_2,HOBBIES,CA,2012-11-05,1690,5.315562,6,1,1905.0,1840.0,1865.0,1743.0,2404.0
CA_2,HOBBIES,CA,2012-11-12,1753,5.311737,0,0,1690.0,1905.0,1840.0,1865.0,2277.0
CA_2,HOBBIES,CA,2012-11-19,1491,5.307733,0,1,1753.0,1690.0,1905.0,1840.0,1857.0
CA_2,HOBBIES,CA,2012-11-26,1546,5.31831,2,0,1491.0,1753.0,1690.0,1905.0,2367.0
CA_2,HOBBIES,CA,2012-12-03,1869,5.3298593,7,0,1546.0,1491.0,1753.0,1690.0,2413.0
CA_2,HOBBIES,CA,2012-12-10,1824,5.3319917,1,1,1869.0,1546.0,1491.0,1753.0,2267.0
CA_2,HOBBIES,CA,2012-12-17,1884,5.323386,0,0,1824.0,1869.0,1546.0,1491.0,1992.0
CA_2,HOBBIES,CA,2012-12-24,1468,5.325745,0,1,1884.0,1824.0,1869.0,1546.0,2321.0
CA_2,HOBBIES,CA,2012-12-31,1646,5.325905,6,1,1468.0,1884.0,1824.0,1869.0,2121.0
CA_2,HOBBIES,CA,2013-01-07,1771,5.331136,4,1,1646.0,1468.0,1884.0,1824.0,2172.0
CA_2,HOBBIES,CA,2013-01-14,1910,5.3499074,0,0,1771.0,1646.0,1468.0,1884.0,1944.0
CA_2,HOBBIES,CA,2013-01-21,2463,5.3428464,0,1,1910.0,1771.0,1646.0,1468.0,2215.0
CA_2,HOBBIES,CA,2013-01-28,2403,5.3462224,3,1,2463.0,1910.0,1771.0,1646.0,2160.0
CA_2,HOBBIES,CA,2013-02-04,2069,5.353481,7,0,2403.0,2463.0,1910.0,1771.0,2217.0
CA_2,HOBBIES,CA,2013-02-11,2641,5.355922,0,2,2069.0,2403.0,2463.0,1910.0,1943.0
CA_2,HOBBIES,CA,2013-02-18,2380,5.3541594,0,3,2641.0,2069.0,2403.0,2463.0,2232.0
CA_2,HOBBIES,CA,2013-02-25,2498,5.3766565,3,0,2380.0,2641.0,2069.0,2403.0,2060.0
CA_2,HOBBIES,CA,2013-03-04,1897,5.3826637,7,0,2498.0,2380.0,2641.0,2069.0,2123.0
CA_2,HOBBIES,CA,2013-03-11,2369,5.4001155,0,1,1897.0,2498.0,2380.0,2641.0,2198.0
CA_2,HOBBIES,CA,2013-03-18,2637,5.3930573,0,0,2369.0,1897.0,2498.0,2380.0,2057.0
CA_2,HOBBIES,CA,2013-03-25,1915,5.3804984,0,1,2637.0,2369.0,1897.0,2498.0,2127.0
CA_2,HOBBIES,CA,2013-04-01,2456,5.3648567,7,1,1915.0,2637.0,2369.0,1897.0,2076.0
CA_2,HOBBIES,CA,2013-04-08,2582,5.3652167,3,0,2456.0,1915.0,2637.0,2369.0,2269.0
CA_2,HOBBIES,CA,2013-04-15,2457,5.379332,0,0,2582.0,2456.0,1915.0,2637.0,2007.0
CA_2,HOBBIES,CA,2013-04-22,2276,5.384501,0,0,2457.0,2582.0,2456.0,1915.0,1947.0
CA_2,HOBBIES,CA,2013-04-29,1756,5.336339,5,1,2276.0,2457.0,2582.0,2456.0,2167.0
CA_2,HOBBIES,CA,2013-05-06,2382,5.2649016,5,1,1756.0,2276.0,2457.0,2582.0,1555.0
CA_2,HOBBIES,CA,2013-05-13,2586,5.244099,0,0,2382.0,1756.0,2276.0,2457.0,1740.0
CA_2,HOBBIES,CA,2013-05-20,2635,5.2221336,0,0,2586.0,2382.0,1756.0,2276.0,1743.0
CA_2,HOBBIES,CA,2013-05-27,2567,5.2044134,2,1,2635.0,2586.0,2382.0,1756.0,2223.0
CA_2,HOBBIES,CA,2013-06-03,2713,5.2039986,7,1,2567.0,2635.0,2586.0,2382.0,2087.0
CA_2,HOBBIES,CA,2013-06-10,2544,5.2018394,1,1,2713.0,2567.0,2635.0,2586.0,2170.0
CA_2,HOBBIES,CA,2013-06-17,2660,5.1920595,0,1,2544.0,2713.0,2567.0,2635.0,2018.0
CA_2,HOBBIES,CA,2013-06-24,2474,5.1790056,0,0,2660.0,2544.0,2713.0,2567.0,2183.0
CA_2,HOBBIES,CA,2013-07-01,2595,5.212725,7,1,2474.0,2660.0,2544.0,2713.0,1745.0
CA_2,HOBBIES,CA,2013-07-08,2179,5.237139,3,1,2595.0,2474.0,2660.0,2544.0,2103.0
CA_2,HOBBIES,CA,2013-07-15,2735,5.263429,0,0,2179.0,2595.0,2474.0,2660.0,2204.0
CA_2,HOBBIES,CA,2013-07-22,2326,5.2582884,0,0,2735.0,2179.0,2595.0,2474.0,1907.0
CA_2,HOBBIES,CA,2013-07-29,2601,5.258156,4,0,2326.0,2735.0,2179.0,2595.0,1854.0
CA_2,HOBBIES,CA,2013-08-05,2429,5.2579246,6,1,2601.0,2326.0,2735.0,2179.0,1753.0
CA_2,HOBBIES,CA,2013-08-12,2510,5.258115,0,0,2429.0,2601.0,2326.0,2735.0,1766.0
CA_2,HOBBIES,CA,2013-08-19,2613,5.258115,0,0,2510.0,2429.0,2601.0,2326.0,1642.0
CA_2,HOBBIES,CA,2013-08-26,2372,5.2565794,1,0,2613.0,2510.0,2429.0,2601.0,1919.0
CA_2,HOBBIES,CA,2013-09-02,1895,5.286982,7,1,2372.0,2613.0,2510.0,2429.0,1829.0
CA_2,HOBBIES,CA,2013-09-09,2540,5.3903613,2,0,1895.0,2372.0,2613.0,2510.0,1671.0
CA_2,HOBBIES,CA,2013-09-16,2618,5.437402,0,0,2540.0,1895.0,2372.0,2613.0,1823.0
CA_2,HOBBIES,CA,2013-09-23,2618,5.452214,0,0,2618.0,2540.0,1895.0,2372.0,1821.0
CA_2,HOBBIES,CA,2013-09-30,2925,5.47298,6,0,2618.0,2618.0,2540.0,1895.0,1766.0
CA_2,HOBBIES,CA,2013-10-07,2757,5.47298,4,0,2925.0,2618.0,2618.0,2540.0,1743.0
CA_2,HOBBIES,CA,2013-10-14,2858,5.472877,0,2,2757.0,2925.0,2618.0,2618.0,1865.0
CA_2,HOBBIES,CA,2013-10-21,2819,5.4721,0,0,2858.0,2757.0,2925.0,2618.0,1840.0
CA_2,HOBBIES,CA,2013-10-28,2706,5.470286,3,1,2819.0,2858.0,2757.0,2925.0,1905.0
CA_2,HOBBIES,CA,2013-11-04,2626,5.468943,7,0,2706.0,2819.0,2858.0,2757.0,1690.0
CA_2,HOBBIES,CA,2013-11-11,2824,5.469011,0,1,2626.0,2706.0,2819.0,2858.0,1753.0
CA_2,HOBBIES,CA,2013-11-18,2711,5.4696145,0,0,2824.0,2626.0,2706.0,2819.0,1491.0
CA_2,HOBBIES,CA,2013-11-25,2204,5.4723616,1,1,2711.0,2824.0,2626.0,2706.0,1546.0
CA_2,HOBBIES,CA,2013-12-02,3024,5.476772,7,1,2204.0,2711.0,2824.0,2626.0,1869.0
CA_2,HOBBIES,CA,2013-12-09,2760,5.4704504,2,0,3024.0,2204.0,2711.0,2824.0,1824.0
CA_2,HOBBIES,CA,2013-12-16,2957,5.4672785,0,0,2760.0,3024.0,2204.0,2711.0,1884.0
CA_2,HOBBIES,CA,2013-12-23,2091,5.4660177,0,1,2957.0,2760.0,3024.0,2204.0,1468.0
CA_2,HOBBIES,CA,2013-12-30,2436,5.47504,5,1,2091.0,2957.0,2760.0,3024.0,1646.0
CA_2,HOBBIES,CA,2014-01-06,2522,5.5082245,5,1,2436.0,2091.0,2957.0,2760.0,1771.0
CA_2,HOBBIES,CA,2014-01-13,3119,5.5082245,0,0,2522.0,2436.0,2091.0,2957.0,1910.0
CA_2,HOBBIES,CA,2014-01-20,2449,5.517095,0,1,3119.0,2522.0,2436.0,2091.0,2463.0
CA_2,HOBBIES,CA,2014-01-27,2634,5.537646,2,1,2449.0,3119.0,2522.0,2436.0,2403.0
CA_2,HOBBIES,CA,2014-02-03,2634,5.5354767,7,0,2634.0,2449.0,3119.0,2522.0,2069.0
CA_2,HOBBIES,CA,2014-02-10,2422,5.543796,1,1,2634.0,2634.0,2449.0,3119.0,2641.0
CA_2,HOBBIES,CA,2014-02-17,2272,5.561046,0,1,2422.0,2634.0,2634.0,2449.0,2380.0
CA_2,HOBBIES,CA,2014-02-24,2499,5.583669,2,0,2272.0,2422.0,2634.0,2634.0,2498.0
CA_2,HOBBIES,CA,2014-03-03,2289,5.6046286,7,1,2499.0,2272.0,2422.0,2634.0,1897.0
CA_2,HOBBIES,CA,2014-03-10,2388,5.644928,1,2,2289.0,2499.0,2272.0,2422.0,2369.0
CA_2,HOBBIES,CA,2014-03-17,2250,5.6518545,0,1,2388.0,2289.0,2499.0,2272.0,2637.0
CA_2,HOBBIES,CA,2014-03-24,2439,5.668079,0,0,2250.0,2388.0,2289.0,2499.0,1915.0
CA_2,HOBBIES,CA,2014-03-31,2189,5.6523347,6,0,2439.0,2250.0,2388.0,2289.0,2456.0
CA_2,HOBBIES,CA,2014-04-07,2263,5.631096,4,0,2189.0,2439.0,2250.0,2388.0,2582.0
CA_2,HOBBIES,CA,2014-04-14,2099,5.623468,0,1,2263.0,2189.0,2439.0,2250.0,2457.0
CA_2,HOBBIES,CA,2014-04-21,2309,5.620639,0,1,2099.0,2263.0,2189.0,2439.0,2276.0
CA_2,HOBBIES,CA,2014-04-28,2319,5.6244235,4,0,2309.0,2099.0,2263.0,2189.0,1756.0
CA_2,HOBBIES,CA,2014-05-05,2089,5.613736,6,2,2319.0,2309.0,2099.0,2263.0,2382.0
CA_2,HOBBIES,CA,2014-05-12,2372,5.581909,0,0,2089.0,2319.0,2309.0,2099.0,2586.0
CA_2,HOBBIES,CA,2014-05-19,2474,5.5652432,0,0,2372.0,2089.0,2319.0,2309.0,2635.0
CA_2,HOBBIES,CA,2014-05-26,1895,5.5531173,1,1,2474.0,2372.0,2089.0,2319.0,2567.0
CA_2,HOBBIES,CA,2014-06-02,1951,5.551815,7,1,1895.0,2474.0,2372.0,2089.0,2713.0
CA_2,HOBBIES,CA,2014-06-09,2157,5.563633,2,1,1951.0,1895.0,2474.0,2372.0,2544.0
CA_2,HOBBIES,CA,2014-06-16,2258,5.563951,0,0,2157.0,1951.0,1895.0,2474.0,2660.0
CA_2,HOBBIES,CA,2014-06-23,2151,5.5604634,0,1,2258.0,2157.0,1951.0,1895.0,2474.0
CA_2,HOBBIES,CA,2014-06-30,2082,5.5560226,6,1,2151.0,2258.0,2157.0,1951.0,2595.0
CA_2,HOBBIES,CA,2014-07-07,2104,5.5681376,4,0,2082.0,2151.0,2258.0,2157.0,2179.0
CA_2,HOBBIES,CA,2014-07-14,1990,5.570267,0,0,2104.0,2082.0,2151.0,2258.0,2735.0
CA_2,HOBBIES,CA,2014-07-21,2014,5.5712028,0,0,1990.0,2104.0,2082.0,2151.0,2326.0
CA_2,HOBBIES,CA,2014-07-28,1813,5.5683455,3,1,2014.0,1990.0,2104.0,2082.0,2601.0
CA_2,HOBBIES,CA,2014-08-04,2137,5.568044,7,0,1813.0,2014.0,1990.0,2104.0,2429.0
CA_2,HOBBIES,CA,2014-08-11,1930,5.5671086,0,0,2137.0,1813.0,2014.0,1990.0,2510.0
CA_2,HOBBIES,CA,2014-08-18,1980,5.565049,0,0,1930.0,2137.0,1813.0,2014.0,2613.0
CA_2,HOBBIES,CA,2014-08-25,1962,5.5626416,0,0,1980.0,1930.0,2137.0,1813.0,2372.0
CA_2,HOBBIES,CA,2014-09-01,1973,5.5653076,7,1,1962.0,1980.0,1930.0,2137.0,1895.0
CA_2,HOBBIES,CA,2014-09-08,1773,5.560688,3,0,1973.0,1962.0,1980.0,1930.0,2540.0
CA_2,HOBBIES,CA,2014-09-15,1721,5.560149,0,0,1773.0,1973.0,1962.0,1980.0,2618.0
CA_2,HOBBIES,CA,2014-09-22,1709,5.5672355,0,0,1721.0,1773.0,1973.0,1962.0,2618.0
CA_2,HOBBIES,CA,2014-09-29,2043,5.565568,5,1,1709.0,1721.0,1773.0,1973.0,2925.0
CA_2,HOBBIES,CA,2014-10-06,1849,5.560275,5,0,2043.0,1709.0,1721.0,1773.0,2757.0
CA_2,HOBBIES,CA,2014-10-13,2043,5.565789,0,1,1849.0,2043.0,1709.0,1721.0,2858.0
CA_2,HOBBIES,CA,2014-10-20,2064,5.562057,0,0,2043.0,1849.0,2043.0,1709.0,2819.0
CA_2,HOBBIES,CA,2014-10-27,2213,5.5592246,2,1,2064.0,2043.0,1849.0,2043.0,2706.0
CA_2,HOBBIES,CA,2014-11-03,2016,5.557923,7,0,2213.0,2064.0,2043.0,1849.0,2626.0
CA_2,HOBBIES,CA,2014-11-10,1913,5.5536113,1,1,2016.0,2213.0,2064.0,2043.0,2824.0
CA_2,HOBBIES,CA,2014-11-17,2093,5.5509715,0,0,1913.0,2016.0,2213.0,2064.0,2711.0
CA_2,HOBBIES,CA,2014-11-24,1827,5.553243,0,1,2093.0,1913.0,2016.0,2213.0,2204.0
CA_2,HOBBIES,CA,2014-12-01,2324,5.558923,7,0,1827.0,2093.0,1913.0,2016.0,3024.0
CA_2,HOBBIES,CA,2014-12-08,2208,5.5581536,3,0,2324.0,1827.0,2093.0,1913.0,2760.0
CA_2,HOBBIES,CA,2014-12-15,2216,5.55623,0,0,2208.0,2324.0,1827.0,2093.0,2957.0
CA_2,HOBBIES,CA,2014-12-22,1674,5.5541778,0,2,2216.0,2208.0,2324.0,1827.0,2091.0
CA_2,HOBBIES,CA,2014-12-29,2126,5.555926,4,1,1674.0,2216.0,2208.0,2324.0,2436.0
CA_2,HOBBIES,CA,2015-01-05,1961,5.5762906,6,1,2126.0,1674.0,2216.0,2208.0,2522.0
CA_2,HOBBIES,CA,2015-01-12,1886,5.581679,0,0,1961.0,2126.0,1674.0,2216.0,3119.0
CA_2,HOBBIES,CA,2015-01-19,1833,5.574699,0,1,1886.0,1961.0,2126.0,1674.0,2449.0
CA_2,HOBBIES,CA,2015-01-26,2301,5.571322,1,1,1833.0,1886.0,1961.0,2126.0,2634.0
CA_2,HOBBIES,CA,2015-02-02,1961,5.57062,7,0,2301.0,1833.0,1886.0,1961.0,2634.0
CA_2,HOBBIES,CA,2015-02-09,2227,5.5833054,2,1,1961.0,2301.0,1833.0,1886.0,2422.0
CA_2,HOBBIES,CA,2015-02-16,2097,5.5925407,0,2,2227.0,1961.0,2301.0,1833.0,2272.0
CA_2,HOBBIES,CA,2015-02-23,2170,5.595768,1,1,2097.0,2227.0,1961.0,2301.0,2499.0
CA_2,HOBBIES,CA,2015-03-02,2242,5.593861,7,1,2170.0,2097.0,2227.0,1961.0,2289.0
CA_2,HOBBIES,CA,2015-03-09,2126,5.596595,2,0,2242.0,2170.0,2097.0,2227.0,2388.0
CA_2,HOBBIES,CA,2015-03-16,2003,5.603428,0,1,2126.0,2242.0,2170.0,2097.0,2250.0
CA_2,HOBBIES,CA,2015-03-23,2180,5.603428,0,0,2003.0,2126.0,2242.0,2170.0,2439.0
CA_2,HOBBIES,CA,2015-03-30,2221,5.603428,5,1,2180.0,2003.0,2126.0,2242.0,2189.0
CA_2,HOBBIES,CA,2015-04-06,2212,5.603667,5,2,2221.0,2180.0,2003.0,2126.0,2263.0
CA_2,HOBBIES,CA,2015-04-13,1906,5.6070237,0,0,2212.0,2221.0,2180.0,2003.0,2099.0
CA_2,HOBBIES,CA,2015-04-20,2292,5.6133256,0,0,1906.0,2212.0,2221.0,2180.0,2309.0
CA_2,HOBBIES,CA,2015-04-27,2175,5.6110663,3,0,2292.0,1906.0,2212.0,2221.0,2319.0
CA_2,HOBBIES,CA,2015-05-04,2183,5.609405,7,2,2175.0,2292.0,1906.0,2212.0,2089.0
CA_2,HOBBIES,CA,2015-05-11,2149,5.609868,0,0,2183.0,2175.0,2292.0,1906.0,2372.0
CA_2,HOBBIES,CA,2015-05-18,2213,5.609382,0,0,2149.0,2183.0,2175.0,2292.0,2474.0
CA_2,HOBBIES,CA,2015-05-25,2291,5.6087766,0,1,2213.0,2149.0,2183.0,2175.0,1895.0
CA_2,HOBBIES,CA,2015-06-01,2555,5.6079917,7,1,2291.0,2213.0,2149.0,2183.0,1951.0
CA_2,HOBBIES,CA,2015-06-08,2215,5.6068673,3,0,2555.0,2291.0,2213.0,2149.0,2157.0
CA_2,HOBBIES,CA,2015-06-15,2658,5.605172,0,3,2215.0,2555.0,2291.0,2213.0,2258.0
CA_2,HOBBIES,CA,2015-06-22,2699,5.6033635,0,0,2658.0,2215.0,2555.0,2291.0,2151.0
CA_2,HOBBIES,CA,2015-06-29,2573,5.601659,5,1,2699.0,2658.0,2215.0,2555.0,2082.0
CA_2,HOBBIES,CA,2015-07-06,2818,5.599931,5,0,2573.0,2699.0,2658.0,2215.0,2104.0
CA_2,HOBBIES,CA,2015-07-13,2831,5.596465,0,1,2818.0,2573.0,2699.0,2658.0,1990.0
CA_2,HOBBIES,CA,2015-07-20,2695,5.595469,0,0,2831.0,2818.0,2573.0,2699.0,2014.0
CA_2,HOBBIES,CA,2015-07-27,2901,5.5906854,2,0,2695.0,2831.0,2818.0,2573.0,1813.0
CA_2,HOBBIES,CA,2015-08-03,2928,5.588665,7,0,2901.0,2695.0,2831.0,2818.0,2137.0
CA_2,HOBBIES,CA,2015-08-10,2863,5.5870395,1,0,2928.0,2901.0,2695.0,2831.0,1930.0
CA_2,HOBBIES,CA,2015-08-17,2693,5.584258,0,0,2863.0,2928.0,2901.0,2695.0,1980.0
CA_2,HOBBIES,CA,2015-08-24,2677,5.583752,0,0,2693.0,2863.0,2928.0,2901.0,1962.0
CA_2,HOBBIES,CA,2015-08-31,2945,5.583752,6,0,2677.0,2693.0,2863.0,2928.0,1973.0
CA_2,HOBBIES,CA,2015-09-07,2865,5.583752,4,1,2945.0,2677.0,2693.0,2863.0,1773.0
CA_2,HOBBIES,CA,2015-09-14,2871,5.5839343,0,0,2865.0,2945.0,2677.0,2693.0,1721.0
CA_2,HOBBIES,CA,2015-09-21,2863,5.5844803,0,1,2871.0,2865.0,2945.0,2677.0,1709.0
CA_2,HOBBIES,CA,2015-09-28,3006,5.584844,4,0,2863.0,2871.0,2865.0,2945.0,2043.0
CA_2,HOBBIES,CA,2015-10-05,2949,5.584933,6,0,3006.0,2863.0,2871.0,2865.0,1849.0
CA_2,HOBBIES,CA,2015-10-12,3206,5.584048,0,1,2949.0,3006.0,2863.0,2871.0,2043.0
CA_2,HOBBIES,CA,2015-10-19,3127,5.5834155,0,0,3206.0,2949.0,3006.0,2863.0,2064.0
CA_2,HOBBIES,CA,2015-10-26,3094,5.5834155,1,1,3127.0,3206.0,2949.0,3006.0,2213.0
CA_2,HOBBIES,CA,2015-11-02,2966,5.5832133,7,0,3094.0,3127.0,3206.0,2949.0,2016.0
CA_2,HOBBIES,CA,2015-11-09,2815,5.582546,2,1,2966.0,3094.0,3127.0,3206.0,1913.0
CA_2,HOBBIES,CA,2015-11-16,2932,5.5813627,0,0,2815.0,2966.0,3094.0,3127.0,2093.0
CA_2,HOBBIES,CA,2015-11-23,2593,5.579416,0,1,2932.0,2815.0,2966.0,3094.0,1827.0
CA_2,HOBBIES,CA,2015-11-30,3289,5.5785003,6,0,2593.0,2932.0,2815.0,2966.0,2324.0
CA_2,HOBBIES,CA,2015-12-07,3151,5.5767236,4,0,3289.0,2593.0,2932.0,2815.0,2208.0
CA_2,HOBBIES,CA,2015-12-14,3124,5.578,0,1,3151.0,3289.0,2593.0,2932.0,2216.0
CA_2,HOBBIES,CA,2015-12-21,2898,5.578,0,1,3124.0,3151.0,3289.0,2593.0,1674.0
CA_2,HOBBIES,CA,2015-12-28,3063,5.578,3,1,2898.0,3124.0,3151.0,3289.0,2126.0
CA_2,HOBBIES,CA,2016-01-04,2907,5.578086,7,1,3063.0,2898.0,3124.0,3151.0,1961.0
CA_2,HOBBIES,CA,2016-01-11,2515,5.578513,0,0,2907.0,3063.0,2898.0,3124.0,1886.0
CA_2,HOBBIES,CA,2016-01-18,2841,5.5792565,0,1,2515.0,2907.0,3063.0,2898.0,1833.0
CA_2,HOBBIES,CA,2016-01-25,2828,5.577765,0,0,2841.0,2515.0,2907.0,3063.0,2301.0
CA_2,HOBBIES,CA,2016-02-01,2606,5.572683,7,1,2828.0,2841.0,2515.0,2907.0,1961.0
CA_2,HOBBIES,CA,2016-02-08,2659,5.5729837,3,2,2606.0,2828.0,2841.0,2515.0,2227.0
CA_2,HOBBIES,CA,2016-02-15,2834,5.573934,0,2,2659.0,2606.0,2828.0,2841.0,2097.0
CA_2,HOBBIES,CA,2016-02-22,2934,5.5726547,0,0,2834.0,2659.0,2606.0,2828.0,2170.0
CA_2,HOBBIES,CA,2016-02-29,2996,5.5699573,6,0,2934.0,2834.0,2659.0,2606.0,2242.0
CA_2,HOBBIES,CA,2016-03-07,2776,5.571841,4,0,2996.0,2934.0,2834.0,2659.0,2126.0
CA_2,HOBBIES,CA,2016-03-14,2368,5.5712137,0,1,2776.0,2996.0,2934.0,2834.0,2003.0
CA_2,HOBBIES,CA,2016-03-21,2799,5.5698686,0,2,2368.0,2776.0,2996.0,2934.0,2180.0
CA_2,HOBBIES,CA,2016-03-28,3007,5.570546,3,0,2799.0,2368.0,2776.0,2996.0,2221.0
CA_2,HOBBIES,CA,2016-04-04,2991,5.571031,7,0,3007.0,2799.0,2368.0,2776.0,2212.0
CA_2,HOBBIES,CA,2016-04-11,2812,5.5714865,0,0,2991.0,3007.0,2799.0,2368.0,1906.0
CA_2,HOBBIES,CA,2016-04-18,2837,5.5714865,0,0,2812.0,2991.0,3007.0,2799.0,2292.0
CA_2,HOBBIES,CA,2016-04-25,3068,5.5710216,1,2,2837.0,2812.0,2991.0,3007.0,2175.0
CA_2,HOBBIES,CA,2016-05-02,3110,5.5706472,7,2,3068.0,2837.0,2812.0,2991.0,2183.0
CA_2,HOBBIES,CA,2016-05-09,3121,5.570263,2,0,3110.0,3068.0,2837.0,2812.0,2149.0
CA_2,HOBBIES,CA,2016-05-16,3258,5.563699,0,0,3121.0,3110.0,3068.0,2837.0,2213.0
CA_2,HOUSEHOLD,CA,2011-01-31,3806,5.581111,6,1,,,,,
CA_2,HOUSEHOLD,CA,2011-02-07,4137,5.6231923,4,0,3806.0,,,,
CA_2,HOUSEHOLD,CA,2011-02-14,3901,5.595883,0,1,4137.0,3806.0,,,
CA_2,HOUSEHOLD,CA,2011-02-21,3892,5.591599,0,1,3901.0,4137.0,3806.0,,
CA_2,HOUSEHOLD,CA,2011-02-28,3965,5.5867543,6,0,3892.0,3901.0,4137.0,3806.0,
CA_2,HOUSEHOLD,CA,2011-03-07,4041,5.5859213,4,1,3965.0,3892.0,3901.0,4137.0,
CA_2,HOUSEHOLD,CA,2011-03-14,4507,5.608546,0,3,4041.0,3965.0,3892.0,3901.0,
CA_2,HOUSEHOLD,CA,2011-03-21,4376,5.5837235,0,0,4507.0,4041.0,3965.0,3892.0,
CA_2,HOUSEHOLD,CA,2011-03-28,4335,5.577666,3,0,4376.0,4507.0,4041.0,3965.0,
CA_2,HOUSEHOLD,CA,2011-04-04,4414,5.5617075,7,0,4335.0,4376.0,4507.0,4041.0,
CA_2,HOUSEHOLD,CA,2011-04-11,4125,5.549148,0,0,4414.0,4335.0,4376.0,4507.0,
CA_2,HOUSEHOLD,CA,2011-04-18,4106,5.545743,0,1,4125.0,4414.0,4335.0,4376.0,
CA_2,HOUSEHOLD,CA,2011-04-25,4114,5.5686197,1,1,4106.0,4125.0,4414.0,4335.0,
CA_2,HOUSEHOLD,CA,2011-05-02,4030,5.5612526,7,2,4114.0,4106.0,4125.0,4414.0,
CA_2,HOUSEHOLD,CA,2011-05-09,4439,5.5557303,2,0,4030.0,4114.0,4106.0,4125.0,
CA_2,HOUSEHOLD,CA,2011-05-16,4157,5.558925,0,0,4439.0,4030.0,4114.0,4106.0,
CA_2,HOUSEHOLD,CA,2011-05-23,3707,5.556995,0,0,4157.0,4439.0,4030.0,4114.0,
CA_2,HOUSEHOLD,CA,2011-05-30,4429,5.552529,5,2,3707.0,4157.0,4439.0,4030.0,
CA_2,HOUSEHOLD,CA,2011-06-06,4312,5.5357137,5,1,4429.0,3707.0,4157.0,4439.0,
CA_2,HOUSEHOLD,CA,2011-06-13,4211,5.5272684,0,1,4312.0,4429.0,3707.0,4157.0,
CA_2,HOUSEHOLD,CA,2011-06-20,4224,5.5163903,0,0,4211.0,4312.0,4429.0,3707.0,
CA_2,HOUSEHOLD,CA,2011-06-27,4035,5.50949,3,0,4224.0,4211.0,4312.0,4429.0,
CA_2,HOUSEHOLD,CA,2011-07-04,4799,5.5092306,7,1,4035.0,4224.0,4211.0,4312.0,
CA_2,HOUSEHOLD,CA,2011-07-11,4542,5.5135946,0,0,4799.0,4035.0,4224.0,4211.0,
CA_2,HOUSEHOLD,CA,2011-07-18,4582,5.522774,0,0,4542.0,4799.0,4035.0,4224.0,
CA_2,HOUSEHOLD,CA,2011-07-25,4519,5.5047984,0,0,4582.0,4542.0,4799.0,4035.0,
CA_2,HOUSEHOLD,CA,2011-08-01,4752,5.486988,7,1,4519.0,4582.0,4542.0,4799.0,
CA_2,HOUSEHOLD,CA,2011-08-08,4464,5.477123,3,0,4752.0,4519.0,4582.0,4542.0,
CA_2,HOUSEHOLD,CA,2011-08-15,4590,5.481598,0,0,4464.0,4752.0,4519.0,4582.0,
CA_2,HOUSEHOLD,CA,2011-08-22,4299,5.4843645,0,0,4590.0,4464.0,4752.0,4519.0,
CA_2,HOUSEHOLD,CA,2011-08-29,4318,5.4850945,4,1,4299.0,4590.0,4464.0,4752.0,
CA_2,HOUSEHOLD,CA,2011-09-05,4901,5.485821,6,1,4318.0,4299.0,4590.0,4464.0,
CA_2,HOUSEHOLD,CA,2011-09-12,4565,5.486406,0,0,4901.0,4318.0,4299.0,4590.0,
CA_2,HOUSEHOLD,CA,2011-09-19,4620,5.4868655,0,0,4565.0,4901.0,4318.0,4299.0,
CA_2,HOUSEHOLD,CA,2011-09-26,4719,5.478826,2,0,4620.0,4565.0,4901.0,4318.0,
CA_2,HOUSEHOLD,CA,2011-10-03,4595,5.480623,7,0,4719.0,4620.0,4565.0,4901.0,
CA_2,HOUSEHOLD,CA,2011-10-10,4845,5.4701734,1,1,4595.0,4719.0,4620.0,4565.0,
CA_2,HOUSEHOLD,CA,2011-10-17,4538,5.4682555,0,0,4845.0,4595.0,4719.0,4620.0,
CA_2,HOUSEHOLD,CA,2011-10-24,4488,5.4684677,0,0,4538.0,4845.0,4595.0,4719.0,
CA_2,HOUSEHOLD,CA,2011-10-31,4370,5.4618964,6,1,4488.0,4538.0,4845.0,4595.0,
CA_2,HOUSEHOLD,CA,2011-11-07,4463,5.4622736,4,2,4370.0,4488.0,4538.0,4845.0,
CA_2,HOUSEHOLD,CA,2011-11-14,4453,5.462093,0,0,4463.0,4370.0,4488.0,4538.0,
CA_2,HOUSEHOLD,CA,2011-11-21,4021,5.461386,0,1,4453.0,4463.0,4370.0,4488.0,
CA_2,HOUSEHOLD,CA,2011-11-28,4179,5.4594483,4,0,4021.0,4453.0,4463.0,4370.0,
CA_2,HOUSEHOLD,CA,2011-12-05,4102,5.4595284,6,0,4179.0,4021.0,4453.0,4463.0,
CA_2,HOUSEHOLD,CA,2011-12-12,3882,5.4638605,0,0,4102.0,4179.0,4021.0,4453.0,
CA_2,HOUSEHOLD,CA,2011-12-19,3228,5.4660797,0,1,3882.0,4102.0,4179.0,4021.0,
CA_2,HOUSEHOLD,CA,2011-12-26,4649,5.4514003,1,2,3228.0,3882.0,4102.0,4179.0,
CA_2,HOUSEHOLD,CA,2012-01-02,4396,5.4493213,7,1,4649.0,3228.0,3882.0,4102.0,
CA_2,HOUSEHOLD,CA,2012-01-09,4101,5.4520903,2,0,4396.0,4649.0,3228.0,3882.0,
CA_2,HOUSEHOLD,CA,2012-01-16,4127,5.4676204,0,1,4101.0,4396.0,4649.0,3228.0,
CA_2,HOUSEHOLD,CA,2012-01-23,4223,5.5051727,0,0,4127.0,4101.0,4396.0,4649.0,
CA_2,HOUSEHOLD,CA,2012-01-30,4311,5.5181193,5,1,4223.0,4127.0,4101.0,4396.0,3806.0
CA_2,HOUSEHOLD,CA,2012-02-06,4528,5.5190654,5,0,4311.0,4223.0,4127.0,4101.0,4137.0
CA_2,HOUSEHOLD,CA,2012-02-13,4368,5.5417595,0,1,4528.0,4311.0,4223.0,4127.0,3901.0
CA_2,HOUSEHOLD,CA,2012-02-20,4930,5.5454054,0,2,4368.0,4528.0,4311.0,4223.0,3892.0
CA_2,HOUSEHOLD,CA,2012-02-27,4998,5.575015,4,1,4930.0,4368.0,4528.0,4311.0,3965.0
CA_2,HOUSEHOLD,CA,2012-03-05,5442,5.574979,6,1,4998.0,4930.0,4368.0,4528.0,4041.0
CA_2,HOUSEHOLD,CA,2012-03-12,5035,5.5778575,0,1,5442.0,4998.0,4930.0,4368.0,4507.0
CA_2,HOUSEHOLD,CA,2012-03-19,4903,5.577333,0,0,5035.0,5442.0,4998.0,4930.0,4376.0
CA_2,HOUSEHOLD,CA,2012-03-26,4913,5.572225,1,0,4903.0,5035.0,5442.0,4998.0,4335.0
CA_2,HOUSEHOLD,CA,2012-04-02,4911,5.57029,7,1,4913.0,4903.0,5035.0,5442.0,4414.0
CA_2,HOUSEHOLD,CA,2012-04-09,5056,5.5678034,2,2,4911.0,4913.0,4903.0,5035.0,4125.0
CA_2,HOUSEHOLD,CA,2012-04-16,4809,5.562866,0,0,5056.0,4911.0,4913.0,4903.0,4106.0
CA_2,HOUSEHOLD,CA,2012-04-23,4965,5.552224,0,0,4809.0,5056.0,4911.0,4913.0,4114.0
CA_2,HOUSEHOLD,CA,2012-04-30,5215,5.5470247,6,1,4965.0,4809.0,5056.0,4911.0,4030.0
CA_2,HOUSEHOLD,CA,2012-05-07,4555,5.5450134,4,1,5215.0,4965.0,4809.0,5056.0,4439.0
CA_2,HOUSEHOLD,CA,2012-05-14,5163,5.5389633,0,0,4555.0,5215.0,4965.0,4809.0,4157.0
CA_2,HOUSEHOLD,CA,2012-05-21,4687,5.533145,0,0,5163.0,4555.0,5215.0,4965.0,3707.0
CA_2,HOUSEHOLD,CA,2012-05-28,5773,5.508291,3,1,4687.0,5163.0,4555.0,5215.0,4429.0
CA_2,HOUSEHOLD,CA,2012-06-04,5206,5.5023685,7,0,5773.0,4687.0,5163.0,4555.0,4312.0
CA_2,HOUSEHOLD,CA,2012-06-11,6665,5.4958467,0,2,5206.0,5773.0,4687.0,5163.0,4211.0
CA_2,HOUSEHOLD,CA,2012-06-18,6604,5.491783,0,1,6665.0,5206.0,5773.0,4687.0,4224.0
CA_2,HOUSEHOLD,CA,2012-06-25,6291,5.4883533,1,0,6604.0,6665.0,5206.0,5773.0,4035.0
CA_2,HOUSEHOLD,CA,2012-07-02,6259,5.47819,7,1,6291.0,6604.0,6665.0,5206.0,4799.0
CA_2,HOUSEHOLD,CA,2012-07-09,6112,5.4642563,2,0,6259.0,6291.0,6604.0,6665.0,4542.0
CA_2,HOUSEHOLD,CA,2012-07-16,5848,5.460095,0,1,6112.0,6259.0,6291.0,6604.0,4582.0
CA_2,HOUSEHOLD,CA,2012-07-23,5737,5.4567685,0,0,5848.0,6112.0,6259.0,6291.0,4519.0
CA_2,HOUSEHOLD,CA,2012-07-30,6053,5.4586077,5,0,5737.0,5848.0,6112.0,6259.0,4752.0
CA_2,HOUSEHOLD,CA,2012-08-06,6273,5.4608984,5,0,6053.0,5737.0,5848.0,6112.0,4464.0
CA_2,HOUSEHOLD,CA,2012-08-13,6641,5.480338,0,1,6273.0,6053.0,5737.0,5848.0,4590.0
CA_2,HOUSEHOLD,CA,2012-08-20,6278,5.503265,0,0,6641.0,6273.0,6053.0,5737.0,4299.0
CA_2,HOUSEHOLD,CA,2012-08-27,5797,5.5019274,2,0,6278.0,6641.0,6273.0,6053.0,4318.0
CA_2,HOUSEHOLD,CA,2012-09-03,6858,5.5021524,7,1,5797.0,6278.0,6641.0,6273.0,4901.0
CA_2,HOUSEHOLD,CA,2012-09-10,7050,5.5110717,1,0,6858.0,5797.0,6278.0,6641.0,4565.0
CA_2,HOUSEHOLD,CA,2012-09-17,6522,5.509511,0,0,7050.0,6858.0,5797.0,6278.0,4620.0
CA_2,HOUSEHOLD,CA,2012-09-24,5952,5.5042424,0,0,6522.0,7050.0,6858.0,5797.0,4719.0
CA_2,HOUSEHOLD,CA,2012-10-01,5773,5.4998364,7,0,5952.0,6522.0,7050.0,6858.0,4595.0
CA_2,HOUSEHOLD,CA,2012-10-08,6469,5.4968762,3,1,5773.0,5952.0,6522.0,7050.0,4845.0
CA_2,HOUSEHOLD,CA,2012-10-15,6240,5.49775,0,0,6469.0,5773.0,5952.0,6522.0,4538.0
CA_2,HOUSEHOLD,CA,2012-10-22,5916,5.5046496,0,1,6240.0,6469.0,5773.0,5952.0,4488.0
CA_2,HOUSEHOLD,CA,2012-10-29,6006,5.5090036,4,1,5916.0,6240.0,6469.0,5773.0,4370.0
CA_2,HOUSEHOLD,CA,2012-11-05,5334,5.508064,6,1,6006.0,5916.0,6240.0,6469.0,4463.0
CA_2,HOUSEHOLD,CA,2012-11-12,5366,5.5041375,0,0,5334.0,6006.0,5916.0,6240.0,4453.0
CA_2,HOUSEHOLD,CA,2012-11-19,4945,5.502849,0,1,5366.0,5334.0,6006.0,5916.0,4021.0
CA_2,HOUSEHOLD,CA,2012-11-26,5437,5.5016623,2,0,4945.0,5366.0,5334.0,6006.0,4179.0
CA_2,HOUSEHOLD,CA,2012-12-03,5408,5.501941,7,0,5437.0,4945.0,5366.0,5334.0,4102.0
CA_2,HOUSEHOLD,CA,2012-12-10,5208,5.502361,1,1,5408.0,5437.0,4945.0,5366.0,3882.0
CA_2,HOUSEHOLD,CA,2012-12-17,4985,5.501278,0,0,5208.0,5408.0,5437.0,4945.0,3228.0
CA_2,HOUSEHOLD,CA,2012-12-24,5348,5.4966927,0,1,4985.0,5208.0,5408.0,5437.0,4649.0
CA_2,HOUSEHOLD,CA,2012-12-31,5244,5.4854975,6,1,5348.0,4985.0,5208.0,5408.0,4396.0
CA_2,HOUSEHOLD,CA,2013-01-07,4876,5.481664,4,1,5244.0,5348.0,4985.0,5208.0,4101.0
CA_2,HOUSEHOLD,CA,2013-01-14,5272,5.476932,0,0,4876.0,5244.0,5348.0,4985.0,4127.0
CA_2,HOUSEHOLD,CA,2013-01-21,5553,5.4692893,0,1,5272.0,4876.0,5244.0,5348.0,4223.0
CA_2,HOUSEHOLD,CA,2013-01-28,5019,5.4579897,3,1,5553.0,5272.0,4876.0,5244.0,4311.0
CA_2,HOUSEHOLD,CA,2013-02-04,5476,5.4516816,7,0,5019.0,5553.0,5272.0,4876.0,4528.0
CA_2,HOUSEHOLD,CA,2013-02-11,5733,5.452002,0,2,5476.0,5019.0,5553.0,5272.0,4368.0
CA_2,HOUSEHOLD,CA,2013-02-18,6136,5.4437957,0,3,5733.0,5476.0,5019.0,5553.0,4930.0
CA_2,HOUSEHOLD,CA,2013-02-25,6305,5.4229574,3,0,6136.0,5733.0,5476.0,5019.0,4998.0
CA_2,HOUSEHOLD,CA,2013-03-04,6214,5.420738,7,0,6305.0,6136.0,5733.0,5476.0,5442.0
CA_2,HOUSEHOLD,CA,2013-03-11,6557,5.412805,0,1,6214.0,6305.0,6136.0,5733.0,5035.0
CA_2,HOUSEHOLD,CA,2013-03-18,6298,5.406678,0,0,6557.0,6214.0,6305.0,6136.0,4903.0
CA_2,HOUSEHOLD,CA,2013-03-25,6662,5.4035034,0,1,6298.0,6557.0,6214.0,6305.0,4913.0
CA_2,HOUSEHOLD,CA,2013-04-01,7399,5.394349,7,1,6662.0,6298.0,6557.0,6214.0,4911.0
CA_2,HOUSEHOLD,CA,2013-04-08,6134,5.387332,3,0,7399.0,6662.0,6298.0,6557.0,5056.0
CA_2,HOUSEHOLD,CA,2013-04-15,6165,5.3878913,0,0,6134.0,7399.0,6662.0,6298.0,4809.0
CA_2,HOUSEHOLD,CA,2013-04-22,6376,5.383877,0,0,6165.0,6134.0,7399.0,6662.0,4965.0
CA_2,HOUSEHOLD,CA,2013-04-29,6630,5.3829627,5,1,6376.0,6165.0,6134.0,7399.0,5215.0
CA_2,HOUSEHOLD,CA,2013-05-06,6163,5.3872833,5,1,6630.0,6376.0,6165.0,6134.0,4555.0
CA_2,HOUSEHOLD,CA,2013-05-13,6096,5.3855867,0,0,6163.0,6630.0,6376.0,6165.0,5163.0
CA_2,HOUSEHOLD,CA,2013-05-20,6418,5.384942,0,0,6096.0,6163.0,6630.0,6376.0,4687.0
CA_2,HOUSEHOLD,CA,2013-05-27,6987,5.38289,2,1,6418.0,6096.0,6163.0,6630.0,5773.0
CA_2,HOUSEHOLD,CA,2013-06-03,6961,5.3782167,7,1,6987.0,6418.0,6096.0,6163.0,5206.0
CA_2,HOUSEHOLD,CA,2013-06-10,6689,5.377355,1,1,6961.0,6987.0,6418.0,6096.0,6665.0
CA_2,HOUSEHOLD,CA,2013-06-17,6749,5.3790555,0,1,6689.0,6961.0,6987.0,6418.0,6604.0
CA_2,HOUSEHOLD,CA,2013-06-24,6373,5.3802075,0,0,6749.0,6689.0,6961.0,6987.0,6291.0
CA_2,HOUSEHOLD,CA,2013-07-01,6506,5.3826585,7,1,6373.0,6749.0,6689.0,6961.0,6259.0
CA_2,HOUSEHOLD,CA,2013-07-08,6694,5.3789296,3,1,6506.0,6373.0,6749.0,6689.0,6112.0
CA_2,HOUSEHOLD,CA,2013-07-15,6800,5.3708906,0,0,6694.0,6506.0,6373.0,6749.0,5848.0
CA_2,HOUSEHOLD,CA,2013-07-22,6440,5.3642507,0,0,6800.0,6694.0,6506.0,6373.0,5737.0
CA_2,HOUSEHOLD,CA,2013-07-29,6629,5.358232,4,0,6440.0,6800.0,6694.0,6506.0,6053.0
CA_2,HOUSEHOLD,CA,2013-08-05,6159,5.3557773,6,1,6629.0,6440.0,6800.0,6694.0,6273.0
CA_2,HOUSEHOLD,CA,2013-08-12,6673,5.3531327,0,0,6159.0,6629.0,6440.0,6800.0,6641.0
CA_2,HOUSEHOLD,CA,2013-08-19,7010,5.352024,0,0,6673.0,6159.0,6629.0,6440.0,6278.0
CA_2,HOUSEHOLD,CA,2013-08-26,6245,5.351714,1,0,7010.0,6673.0,6159.0,6629.0,5797.0
CA_2,HOUSEHOLD,CA,2013-09-02,7119,5.3499675,7,1,6245.0,7010.0,6673.0,6159.0,6858.0
CA_2,HOUSEHOLD,CA,2013-09-09,6802,5.3466644,2,0,7119.0,6245.0,7010.0,6673.0,7050.0
CA_2,HOUSEHOLD,CA,2013-09-16,6908,5.341534,0,0,6802.0,7119.0,6245.0,7010.0,6522.0
CA_2,HOUSEHOLD,CA,2013-09-23,6465,5.3330116,0,0,6908.0,6802.0,7119.0,6245.0,5952.0
CA_2,HOUSEHOLD,CA,2013-09-30,6842,5.3294854,6,0,6465.0,6908.0,6802.0,7119.0,5773.0
CA_2,HOUSEHOLD,CA,2013-10-07,6473,5.32433,4,0,6842.0,6465.0,6908.0,6802.0,6469.0
CA_2,HOUSEHOLD,CA,2013-10-14,6307,5.3334455,0,2,6473.0,6842.0,6465.0,6908.0,6240.0
CA_2,HOUSEHOLD,CA,2013-10-21,6024,5.340192,0,0,6307.0,6473.0,6842.0,6465.0,5916.0
CA_2,HOUSEHOLD,CA,2013-10-28,6230,5.3442907,3,1,6024.0,6307.0,6473.0,6842.0,6006.0
CA_2,HOUSEHOLD,CA,2013-11-04,5795,5.343319,7,0,6230.0,6024.0,6307.0,6473.0,5334.0
CA_2,HOUSEHOLD,CA,2013-11-11,5994,5.3374763,0,1,5795.0,6230.0,6024.0,6307.0,5366.0
CA_2,HOUSEHOLD,CA,2013-11-18,6137,5.334643,0,0,5994.0,5795.0,6230.0,6024.0,4945.0
CA_2,HOUSEHOLD,CA,2013-11-25,5746,5.339675,1,1,6137.0,5994.0,5795.0,6230.0,5437.0
CA_2,HOUSEHOLD,CA,2013-12-02,6051,5.3452945,7,1,5746.0,6137.0,5994.0,5795.0,5408.0
CA_2,HOUSEHOLD,CA,2013-12-09,5874,5.3454895,2,0,6051.0,5746.0,6137.0,5994.0,5208.0
CA_2,HOUSEHOLD,CA,2013-12-16,5333,5.351603,0,0,5874.0,6051.0,5746.0,6137.0,4985.0
CA_2,HOUSEHOLD,CA,2013-12-23,5157,5.3602743,0,1,5333.0,5874.0,6051.0,5746.0,5348.0
CA_2,HOUSEHOLD,CA,2013-12-30,5741,5.3520894,5,1,5157.0,5333.0,5874.0,6051.0,5244.0
CA_2,HOUSEHOLD,CA,2014-01-06,5813,5.3476768,5,1,5741.0,5157.0,5333.0,5874.0,4876.0
CA_2,HOUSEHOLD,CA,2014-01-13,5995,5.3517833,0,0,5813.0,5741.0,5157.0,5333.0,5272.0
CA_2,HOUSEHOLD,CA,2014-01-20,6316,5.35327,0,1,5995.0,5813.0,5741.0,5157.0,5553.0
CA_2,HOUSEHOLD,CA,2014-01-27,5910,5.3508177,2,1,6316.0,5995.0,5813.0,5741.0,5019.0
CA_2,HOUSEHOLD,CA,2014-02-03,6358,5.349347,7,0,5910.0,6316.0,5995.0,5813.0,5476.0
CA_2,HOUSEHOLD,CA,2014-02-10,6916,5.3476624,1,1,6358.0,5910.0,6316.0,5995.0,5733.0
CA_2,HOUSEHOLD,CA,2014-02-17,6874,5.378845,0,1,6916.0,6358.0,5910.0,6316.0,6136.0
CA_2,HOUSEHOLD,CA,2014-02-24,6785,5.43488,2,0,6874.0,6916.0,6358.0,5910.0,6305.0
CA_2,HOUSEHOLD,CA,2014-03-03,6378,5.420081,7,1,6785.0,6874.0,6916.0,6358.0,6214.0
CA_2,HOUSEHOLD,CA,2014-03-10,6411,5.4169006,1,2,6378.0,6785.0,6874.0,6916.0,6557.0
CA_2,HOUSEHOLD,CA,2014-03-17,6864,5.414837,0,1,6411.0,6378.0,6785.0,6874.0,6298.0
CA_2,HOUSEHOLD,CA,2014-03-24,6488,5.4124446,0,0,6864.0,6411.0,6378.0,6785.0,6662.0
CA_2,HOUSEHOLD,CA,2014-03-31,5902,5.411967,6,0,6488.0,6864.0,6411.0,6378.0,7399.0
CA_2,HOUSEHOLD,CA,2014-04-07,5634,5.414052,4,0,5902.0,6488.0,6864.0,6411.0,6134.0
CA_2,HOUSEHOLD,CA,2014-04-14,5722,5.4151187,0,1,5634.0,5902.0,6488.0,6864.0,6165.0
CA_2,HOUSEHOLD,CA,2014-04-21,5611,5.4121804,0,1,5722.0,5634.0,5902.0,6488.0,6376.0
CA_2,HOUSEHOLD,CA,2014-04-28,5893,5.4171624,4,0,5611.0,5722.0,5634.0,5902.0,6630.0
CA_2,HOUSEHOLD,CA,2014-05-05,5219,5.433184,6,2,5893.0,5611.0,5722.0,5634.0,6163.0
CA_2,HOUSEHOLD,CA,2014-05-12,5507,5.443769,0,0,5219.0,5893.0,5611.0,5722.0,6096.0
CA_2,HOUSEHOLD,CA,2014-05-19,5186,5.4394264,0,0,5507.0,5219.0,5893.0,5611.0,6418.0
CA_2,HOUSEHOLD,CA,2014-05-26,5091,5.440311,1,1,5186.0,5507.0,5219.0,5893.0,6987.0
CA_2,HOUSEHOLD,CA,2014-06-02,4833,5.445047,7,1,5091.0,5186.0,5507.0,5219.0,6961.0
CA_2,HOUSEHOLD,CA,2014-06-09,4881,5.4517593,2,1,4833.0,5091.0,5186.0,5507.0,6689.0
CA_2,HOUSEHOLD,CA,2014-06-16,5595,5.4710264,0,0,4881.0,4833.0,5091.0,5186.0,6749.0
CA_2,HOUSEHOLD,CA,2014-06-23,5088,5.484923,0,1,5595.0,4881.0,4833.0,5091.0,6373.0
CA_2,HOUSEHOLD,CA,2014-06-30,5386,5.480963,6,1,5088.0,5595.0,4881.0,4833.0,6506.0
CA_2,HOUSEHOLD,CA,2014-07-07,5304,5.4773383,4,0,5386.0,5088.0,5595.0,4881.0,6694.0
CA_2,HOUSEHOLD,CA,2014-07-14,5747,5.475148,0,0,5304.0,5386.0,5088.0,5595.0,6800.0
CA_2,HOUSEHOLD,CA,2014-07-21,5258,5.4733834,0,0,5747.0,5304.0,5386.0,5088.0,6440.0
CA_2,HOUSEHOLD,CA,2014-07-28,4972,5.466839,3,1,5258.0,5747.0,5304.0,5386.0,6629.0
CA_2,HOUSEHOLD,CA,2014-08-04,5041,5.4605627,7,0,4972.0,5258.0,5747.0,5304.0,6159.0
CA_2,HOUSEHOLD,CA,2014-08-11,4975,5.458074,0,0,5041.0,4972.0,5258.0,5747.0,6673.0
CA_2,HOUSEHOLD,CA,2014-08-18,5090,5.4573293,0,0,4975.0,5041.0,4972.0,5258.0,7010.0
CA_2,HOUSEHOLD,CA,2014-08-25,4851,5.4561915,0,0,5090.0,4975.0,5041.0,4972.0,6245.0
CA_2,HOUSEHOLD,CA,2014-09-01,5261,5.4527473,7,1,4851.0,5090.0,4975.0,5041.0,7119.0
CA_2,HOUSEHOLD,CA,2014-09-08,5223,5.450467,3,0,5261.0,4851.0,5090.0,4975.0,6802.0
CA_2,HOUSEHOLD,CA,2014-09-15,5066,5.449764,0,0,5223.0,5261.0,4851.0,5090.0,6908.0
CA_2,HOUSEHOLD,CA,2014-09-22,4852,5.4561844,0,0,5066.0,5223.0,5261.0,4851.0,6465.0
CA_2,HOUSEHOLD,CA,2014-09-29,5400,5.464985,5,1,4852.0,5066.0,5223.0,5261.0,6842.0
CA_2,HOUSEHOLD,CA,2014-10-06,5311,5.4664016,5,0,5400.0,4852.0,5066.0,5223.0,6473.0
CA_2,HOUSEHOLD,CA,2014-10-13,5373,5.466429,0,1,5311.0,5400.0,4852.0,5066.0,6307.0
CA_2,HOUSEHOLD,CA,2014-10-20,5021,5.465622,0,0,5373.0,5311.0,5400.0,4852.0,6024.0
CA_2,HOUSEHOLD,CA,2014-10-27,5179,5.461418,2,1,5021.0,5373.0,5311.0,5400.0,6230.0
CA_2,HOUSEHOLD,CA,2014-11-03,5165,5.455636,7,0,5179.0,5021.0,5373.0,5311.0,5795.0
CA_2,HOUSEHOLD,CA,2014-11-10,4918,5.453706,1,1,5165.0,5179.0,5021.0,5373.0,5994.0
CA_2,HOUSEHOLD,CA,2014-11-17,4929,5.4540567,0,0,4918.0,5165.0,5179.0,5021.0,6137.0
CA_2,HOUSEHOLD,CA,2014-11-24,4633,5.4556994,0,1,4929.0,4918.0,5165.0,5179.0,5746.0
CA_2,HOUSEHOLD,CA,2014-12-01,5413,5.4571586,7,0,4633.0,4929.0,4918.0,5165.0,6051.0
CA_2,HOUSEHOLD,CA,2014-12-08,4716,5.457953,3,0,5413.0,4633.0,4929.0,4918.0,5874.0
CA_2,HOUSEHOLD,CA,2014-12-15,4727,5.4588823,0,0,4716.0,5413.0,4633.0,4929.0,5333.0
CA_2,HOUSEHOLD,CA,2014-12-22,4424,5.4624076,0,2,4727.0,4716.0,5413.0,4633.0,5157.0
CA_2,HOUSEHOLD,CA,2014-12-29,5236,5.4577875,4,1,4424.0,4727.0,4716.0,5413.0,5741.0
CA_2,HOUSEHOLD,CA,2015-01-05,5170,5.454181,6,1,5236.0,4424.0,4727.0,4716.0,5813.0
CA_2,HOUSEHOLD,CA,2015-01-12,5101,5.4529543,0,0,5170.0,5236.0,4424.0,4727.0,5995.0
CA_2,HOUSEHOLD,CA,2015-01-19,4795,5.454746,0,1,5101.0,5170.0,5236.0,4424.0,6316.0
CA_2,HOUSEHOLD,CA,2015-01-26,4950,5.456406,1,1,4795.0,5101.0,5170.0,5236.0,5910.0
CA_2,HOUSEHOLD,CA,2015-02-02,5317,5.4530263,7,0,4950.0,4795.0,5101.0,5170.0,6358.0
CA_2,HOUSEHOLD,CA,2015-02-09,4870,5.4504128,2,1,5317.0,4950.0,4795.0,5101.0,6916.0
CA_2,HOUSEHOLD,CA,2015-02-16,5423,5.450731,0,2,4870.0,5317.0,4950.0,4795.0,6874.0
CA_2,HOUSEHOLD,CA,2015-02-23,5621,5.450059,1,1,5423.0,4870.0,5317.0,4950.0,6785.0
CA_2,HOUSEHOLD,CA,2015-03-02,5660,5.447853,7,1,5621.0,5423.0,4870.0,5317.0,6378.0
CA_2,HOUSEHOLD,CA,2015-03-09,6223,5.4442124,2,0,5660.0,5621.0,5423.0,4870.0,6411.0
CA_2,HOUSEHOLD,CA,2015-03-16,5965,5.454332,0,1,6223.0,5660.0,5621.0,5423.0,6864.0
CA_2,HOUSEHOLD,CA,2015-03-23,5816,5.457947,0,0,5965.0,6223.0,5660.0,5621.0,6488.0
CA_2,HOUSEHOLD,CA,2015-03-30,6021,5.46329,5,1,5816.0,5965.0,6223.0,5660.0,5902.0
CA_2,HOUSEHOLD,CA,2015-04-06,5764,5.473481,5,2,6021.0,5816.0,5965.0,6223.0,5634.0
CA_2,HOUSEHOLD,CA,2015-04-13,5346,5.4720125,0,0,5764.0,6021.0,5816.0,5965.0,5722.0
CA_2,HOUSEHOLD,CA,2015-04-20,5792,5.4756083,0,0,5346.0,5764.0,6021.0,5816.0,5611.0
CA_2,HOUSEHOLD,CA,2015-04-27,5481,5.471997,3,0,5792.0,5346.0,5764.0,6021.0,5893.0
CA_2,HOUSEHOLD,CA,2015-05-04,5623,5.471231,7,2,5481.0,5792.0,5346.0,5764.0,5219.0
CA_2,HOUSEHOLD,CA,2015-05-11,5869,5.4715347,0,0,5623.0,5481.0,5792.0,5346.0,5507.0
CA_2,HOUSEHOLD,CA,2015-05-18,5601,5.470799,0,0,5869.0,5623.0,5481.0,5792.0,5186.0
CA_2,HOUSEHOLD,CA,2015-05-25,6583,5.4701877,0,1,5601.0,5869.0,5623.0,5481.0,5091.0
CA_2,HOUSEHOLD,CA,2015-06-01,6218,5.471667,7,1,6583.0,5601.0,5869.0,5623.0,4833.0
CA_2,HOUSEHOLD,CA,2015-06-08,6636,5.4718213,3,0,6218.0,6583.0,5601.0,5869.0,4881.0
CA_2,HOUSEHOLD,CA,2015-06-15,6348,5.4713516,0,3,6636.0,6218.0,6583.0,5601.0,5595.0
CA_2,HOUSEHOLD,CA,2015-06-22,6760,5.484185,0,0,6348.0,6636.0,6218.0,6583.0,5088.0
CA_2,HOUSEHOLD,CA,2015-06-29,6837,5.484952,5,1,6760.0,6348.0,6636.0,6218.0,5386.0
CA_2,HOUSEHOLD,CA,2015-07-06,6939,5.4846787,5,0,6837.0,6760.0,6348.0,6636.0,5304.0
CA_2,HOUSEHOLD,CA,2015-07-13,7172,5.483964,0,1,6939.0,6837.0,6760.0,6348.0,5747.0
CA_2,HOUSEHOLD,CA,2015-07-20,7236,5.483369,0,0,7172.0,6939.0,6837.0,6760.0,5258.0
CA_2,HOUSEHOLD,CA,2015-07-27,7229,5.4823966,2,0,7236.0,7172.0,6939.0,6837.0,4972.0
CA_2,HOUSEHOLD,CA,2015-08-03,7380,5.48211,7,0,7229.0,7236.0,7172.0,6939.0,5041.0
CA_2,HOUSEHOLD,CA,2015-08-10,7584,5.4782634,1,0,7380.0,7229.0,7236.0,7172.0,4975.0
CA_2,HOUSEHOLD,CA,2015-08-17,7918,5.474945,0,0,7584.0,7380.0,7229.0,7236.0,5090.0
CA_2,HOUSEHOLD,CA,2015-08-24,7968,5.4752464,0,0,7918.0,7584.0,7380.0,7229.0,4851.0
CA_2,HOUSEHOLD,CA,2015-08-31,7641,5.4799323,6,0,7968.0,7918.0,7584.0,7380.0,5261.0
CA_2,HOUSEHOLD,CA,2015-09-07,7828,5.4801435,4,1,7641.0,7968.0,7918.0,7584.0,5223.0
CA_2,HOUSEHOLD,CA,2015-09-14,7085,5.480697,0,0,7828.0,7641.0,7968.0,7918.0,5066.0
CA_2,HOUSEHOLD,CA,2015-09-21,7517,5.480853,0,1,7085.0,7828.0,7641.0,7968.0,4852.0
CA_2,HOUSEHOLD,CA,2015-09-28,7563,5.480334,4,0,7517.0,7085.0,7828.0,7641.0,5400.0
CA_2,HOUSEHOLD,CA,2015-10-05,7793,5.4791083,6,0,7563.0,7517.0,7085.0,7828.0,5311.0
CA_2,HOUSEHOLD,CA,2015-10-12,7508,5.4804797,0,1,7793.0,7563.0,7517.0,7085.0,5373.0
CA_2,HOUSEHOLD,CA,2015-10-19,7285,5.479017,0,0,7508.0,7793.0,7563.0,7517.0,5021.0
CA_2,HOUSEHOLD,CA,2015-10-26,7359,5.477773,1,1,7285.0,7508.0,7793.0,7563.0,5179.0
CA_2,HOUSEHOLD,CA,2015-11-02,7597,5.482361,7,0,7359.0,7285.0,7508.0,7793.0,5165.0
CA_2,HOUSEHOLD,CA,2015-11-09,7287,5.4876122,2,1,7597.0,7359.0,7285.0,7508.0,4918.0
CA_2,HOUSEHOLD,CA,2015-11-16,7166,5.4918647,0,0,7287.0,7597.0,7359.0,7285.0,4929.0
CA_2,HOUSEHOLD,CA,2015-11-23,6490,5.491304,0,1,7166.0,7287.0,7597.0,7359.0,4633.0
CA_2,HOUSEHOLD,CA,2015-11-30,7962,5.489981,6,0,6490.0,7166.0,7287.0,7597.0,5413.0
CA_2,HOUSEHOLD,CA,2015-12-07,6977,5.4874835,4,0,7962.0,6490.0,7166.0,7287.0,4716.0
CA_2,HOUSEHOLD,CA,2015-12-14,6944,5.491372,0,1,6977.0,7962.0,6490.0,7166.0,4727.0
CA_2,HOUSEHOLD,CA,2015-12-21,6340,5.4904237,0,1,6944.0,6977.0,7962.0,6490.0,4424.0
CA_2,HOUSEHOLD,CA,2015-12-28,7857,5.489793,3,1,6340.0,6944.0,6977.0,7962.0,5236.0
CA_2,HOUSEHOLD,CA,2016-01-04,7200,5.4897003,7,1,7857.0,6340.0,6944.0,6977.0,5170.0
CA_2,HOUSEHOLD,CA,2016-01-11,6949,5.4873576,0,0,7200.0,7857.0,6340.0,6944.0,5101.0
CA_2,HOUSEHOLD,CA,2016-01-18,7503,5.4825935,0,1,6949.0,7200.0,7857.0,6340.0,4795.0
CA_2,HOUSEHOLD,CA,2016-01-25,7382,5.4814916,0,0,7503.0,6949.0,7200.0,7857.0,4950.0
CA_2,HOUSEHOLD,CA,2016-02-01,6952,5.4779353,7,1,7382.0,7503.0,6949.0,7200.0,5317.0
CA_2,HOUSEHOLD,CA,2016-02-08,7282,5.4746933,3,2,6952.0,7382.0,7503.0,6949.0,4870.0
CA_2,HOUSEHOLD,CA,2016-02-15,7761,5.471322,0,2,7282.0,6952.0,7382.0,7503.0,5423.0
CA_2,HOUSEHOLD,CA,2016-02-22,7428,5.4702716,0,0,7761.0,7282.0,6952.0,7382.0,5621.0
CA_2,HOUSEHOLD,CA,2016-02-29,7680,5.4691815,6,0,7428.0,7761.0,7282.0,6952.0,5660.0
CA_2,HOUSEHOLD,CA,2016-03-07,7396,5.468305,4,0,7680.0,7428.0,7761.0,7282.0,6223.0
CA_2,HOUSEHOLD,CA,2016-03-14,5632,5.466881,0,1,7396.0,7680.0,7428.0,7761.0,5965.0
CA_2,HOUSEHOLD,CA,2016-03-21,7572,5.4686804,0,2,5632.0,7396.0,7680.0,7428.0,5816.0
CA_2,HOUSEHOLD,CA,2016-03-28,8341,5.4744344,3,0,7572.0,5632.0,7396.0,7680.0,6021.0
CA_2,HOUSEHOLD,CA,2016-04-04,8057,5.472457,7,0,8341.0,7572.0,5632.0,7396.0,5764.0
CA_2,HOUSEHOLD,CA,2016-04-11,7660,5.47103,0,0,8057.0,8341.0,7572.0,5632.0,5346.0
CA_2,HOUSEHOLD,CA,2016-04-18,7596,5.4700313,0,0,7660.0,8057.0,8341.0,7572.0,5792.0
CA_2,HOUSEHOLD,CA,2016-04-25,8028,5.4681363,1,2,7596.0,7660.0,8057.0,8341.0,5481.0
CA_2,HOUSEHOLD,CA,2016-05-02,7999,5.467937,7,2,8028.0,7596.0,7660.0,8057.0,5623.0
CA_2,HOUSEHOLD,CA,2016-05-09,8580,5.466967,2,0,7999.0,8028.0,7596.0,7660.0,5869.0
CA_2,HOUSEHOLD,CA,2016-05-16,8538,5.470517,0,0,8580.0,7999.0,8028.0,7596.0,5601.0
CA_3,FOODS,CA,2011-01-31,23713,3.0468662,6,1,,,,,
CA_3,FOODS,CA,2011-02-07,25486,3.0620136,4,0,23713.0,,,,
CA_3,FOODS,CA,2011-02-14,18846,3.0720272,0,1,25486.0,23713.0,,,
CA_3,FOODS,CA,2011-02-21,18788,3.079736,0,1,18846.0,25486.0,23713.0,,
CA_3,FOODS,CA,2011-02-28,21941,3.0827355,6,0,18788.0,18846.0,25486.0,23713.0,
CA_3,FOODS,CA,2011-03-07,21520,3.0846615,4,1,21941.0,18788.0,18846.0,25486.0,
CA_3,FOODS,CA,2011-03-14,20191,3.0899615,0,3,21520.0,21941.0,18788.0,18846.0,
CA_3,FOODS,CA,2011-03-21,19135,3.1082714,0,0,20191.0,21520.0,21941.0,18788.0,
CA_3,FOODS,CA,2011-03-28,20807,3.1121979,3,0,19135.0,20191.0,21520.0,21941.0,
CA_3,FOODS,CA,2011-04-04,22783,3.1095264,7,0,20807.0,19135.0,20191.0,21520.0,
CA_3,FOODS,CA,2011-04-11,19609,3.1160216,0,0,22783.0,20807.0,19135.0,20191.0,
CA_3,FOODS,CA,2011-04-18,18732,3.1184287,0,1,19609.0,22783.0,20807.0,19135.0,
CA_3,FOODS,CA,2011-04-25,16185,3.1114094,1,1,18732.0,19609.0,22783.0,20807.0,
CA_3,FOODS,CA,2011-05-02,19515,3.1059086,7,2,16185.0,18732.0,19609.0,22783.0,
CA_3,FOODS,CA,2011-05-09,19889,3.095814,2,0,19515.0,16185.0,18732.0,19609.0,
CA_3,FOODS,CA,2011-05-16,17152,3.0882678,0,0,19889.0,19515.0,16185.0,18732.0,
CA_3,FOODS,CA,2011-05-23,17441,3.0954094,0,0,17152.0,19889.0,19515.0,16185.0,
CA_3,FOODS,CA,2011-05-30,21497,3.120638,5,2,17441.0,17152.0,19889.0,19515.0,
CA_3,FOODS,CA,2011-06-06,22311,3.1288052,5,1,21497.0,17441.0,17152.0,19889.0,
CA_3,FOODS,CA,2011-06-13,20057,3.1420722,0,1,22311.0,21497.0,17441.0,17152.0,
CA_3,FOODS,CA,2011-06-20,20939,3.1421454,0,0,20057.0,22311.0,21497.0,17441.0,
CA_3,FOODS,CA,2011-06-27,21041,3.141928,3,0,20939.0,20057.0,22311.0,21497.0,
CA_3,FOODS,CA,2011-07-04,24458,3.146187,7,1,21041.0,20939.0,20057.0,22311.0,
CA_3,FOODS,CA,2011-07-11,20427,3.158972,0,0,24458.0,21041.0,20939.0,20057.0,
CA_3,FOODS,CA,2011-07-18,20590,3.1732528,0,0,20427.0,24458.0,21041.0,20939.0,
CA_3,FOODS,CA,2011-07-25,18669,3.1826096,0,0,20590.0,20427.0,24458.0,21041.0,
CA_3,FOODS,CA,2011-08-01,22553,3.198805,7,1,18669.0,20590.0,20427.0,24458.0,
CA_3,FOODS,CA,2011-08-08,24795,3.1888373,3,0,22553.0,18669.0,20590.0,20427.0,
CA_3,FOODS,CA,2011-08-15,22357,3.1745627,0,0,24795.0,22553.0,18669.0,20590.0,
CA_3,FOODS,CA,2011-08-22,20589,3.1774368,0,0,22357.0,24795.0,22553.0,18669.0,
CA_3,FOODS,CA,2011-08-29,21762,3.1867259,4,1,20589.0,22357.0,24795.0,22553.0,
CA_3,FOODS,CA,2011-09-05,25876,3.1934662,6,1,21762.0,20589.0,22357.0,24795.0,
CA_3,FOODS,CA,2011-09-12,22299,3.203088,0,0,25876.0,21762.0,20589.0,22357.0,
CA_3,FOODS,CA,2011-09-19,22810,3.2115788,0,0,22299.0,25876.0,21762.0,20589.0,
CA_3,FOODS,CA,2011-09-26,24718,3.209148,2,0,22810.0,22299.0,25876.0,21762.0,
CA_3,FOODS,CA,2011-10-03,28500,3.211602,7,0,24718.0,22810.0,22299.0,25876.0,
CA_3,FOODS,CA,2011-10-10,27470,3.2209816,1,1,28500.0,24718.0,22810.0,22299.0,
CA_3,FOODS,CA,2011-10-17,24596,3.2325866,0,0,27470.0,28500.0,24718.0,22810.0,
CA_3,FOODS,CA,2011-10-24,22656,3.2415116,0,0,24596.0,27470.0,28500.0,24718.0,
CA_3,FOODS,CA,2011-10-31,26045,3.245608,6,1,22656.0,24596.0,27470.0,28500.0,
CA_3,FOODS,CA,2011-11-07,26998,3.248673,4,2,26045.0,22656.0,24596.0,27470.0,
CA_3,FOODS,CA,2011-11-14,24376,3.2485065,0,0,26998.0,26045.0,22656.0,24596.0,
CA_3,FOODS,CA,2011-11-21,22011,3.2473629,0,1,24376.0,26998.0,26045.0,22656.0,
CA_3,FOODS,CA,2011-11-28,24234,3.2451549,4,0,22011.0,24376.0,26998.0,26045.0,
CA_3,FOODS,CA,2011-12-05,28282,3.2424483,6,0,24234.0,22011.0,24376.0,26998.0,
CA_3,FOODS,CA,2011-12-12,26249,3.246753,0,0,28282.0,24234.0,22011.0,24376.0,
CA_3,FOODS,CA,2011-12-19,21807,3.2488968,0,1,26249.0,28282.0,24234.0,22011.0,
CA_3,FOODS,CA,2011-12-26,24929,3.2542462,1,2,21807.0,26249.0,28282.0,24234.0,
CA_3,FOODS,CA,2012-01-02,29356,3.2493412,7,1,24929.0,21807.0,26249.0,28282.0,
CA_3,FOODS,CA,2012-01-09,27179,3.243883,2,0,29356.0,24929.0,21807.0,26249.0,
CA_3,FOODS,CA,2012-01-16,26696,3.2490375,0,1,27179.0,29356.0,24929.0,21807.0,
CA_3,FOODS,CA,2012-01-23,24566,3.2497213,0,0,26696.0,27179.0,29356.0,24929.0,
CA_3,FOODS,CA,2012-01-30,30678,3.2503033,5,1,24566.0,26696.0,27179.0,29356.0,23713.0
CA_3,FOODS,CA,2012-02-06,32476,3.2467475,5,0,30678.0,24566.0,26696.0,27179.0,25486.0
CA_3,FOODS,CA,2012-02-13,27348,3.2469182,0,1,32476.0,30678.0,24566.0,26696.0,18846.0
CA_3,FOODS,CA,2012-02-20,28322,3.2532296,0,2,27348.0,32476.0,30678.0,24566.0,18788.0
CA_3,FOODS,CA,2012-02-27,30169,3.2550378,4,1,28322.0,27348.0,32476.0,30678.0,21941.0
CA_3,FOODS,CA,2012-03-05,33565,3.2606816,6,1,30169.0,28322.0,27348.0,32476.0,21520.0
CA_3,FOODS,CA,2012-03-12,30197,3.2666647,0,1,33565.0,30169.0,28322.0,27348.0,20191.0
CA_3,FOODS,CA,2012-03-19,28267,3.2668993,0,0,30197.0,33565.0,30169.0,28322.0,19135.0
CA_3,FOODS,CA,2012-03-26,27633,3.2648354,1,0,28267.0,30197.0,33565.0,30169.0,20807.0
CA_3,FOODS,CA,2012-04-02,34132,3.2655995,7,1,27633.0,28267.0,30197.0,33565.0,22783.0
CA_3,FOODS,CA,2012-04-09,28843,3.2659347,2,2,34132.0,27633.0,28267.0,30197.0,19609.0
CA_3,FOODS,CA,2012-04-16,27440,3.2550213,0,0,28843.0,34132.0,27633.0,28267.0,18732.0
CA_3,FOODS,CA,2012-04-23,25181,3.2538733,0,0,27440.0,28843.0,34132.0,27633.0,16185.0
CA_3,FOODS,CA,2012-04-30,29440,3.2534022,6,1,25181.0,27440.0,28843.0,34132.0,19515.0
CA_3,FOODS,CA,2012-05-07,32535,3.249584,4,1,29440.0,25181.0,27440.0,28843.0,19889.0
CA_3,FOODS,CA,2012-05-14,29600,3.2471232,0,0,32535.0,29440.0,25181.0,27440.0,17152.0
CA_3,FOODS,CA,2012-05-21,27757,3.246001,0,0,29600.0,32535.0,29440.0,25181.0,17441.0
CA_3,FOODS,CA,2012-05-28,30979,3.2554927,3,1,27757.0,29600.0,32535.0,29440.0,21497.0
CA_3,FOODS,CA,2012-06-04,34634,3.2536006,7,0,30979.0,27757.0,29600.0,32535.0,22311.0
CA_3,FOODS,CA,2012-06-11,32825,3.2530086,0,2,34634.0,30979.0,27757.0,29600.0,20057.0
CA_3,FOODS,CA,2012-06-18,30406,3.254629,0,1,32825.0,34634.0,30979.0,27757.0,20939.0
CA_3,FOODS,CA,2012-06-25,28371,3.2530773,1,0,30406.0,32825.0,34634.0,30979.0,21041.0
CA_3,FOODS,CA,2012-07-02,34918,3.2562568,7,1,28371.0,30406.0,32825.0,34634.0,24458.0
CA_3,FOODS,CA,2012-07-09,31521,3.257677,2,0,34918.0,28371.0,30406.0,32825.0,20427.0
CA_3,FOODS,CA,2012-07-16,29983,3.2542076,0,1,31521.0,34918.0,28371.0,30406.0,20590.0
CA_3,FOODS,CA,2012-07-23,28382,3.249017,0,0,29983.0,31521.0,34918.0,28371.0,18669.0
CA_3,FOODS,CA,2012-07-30,32675,3.2462895,5,0,28382.0,29983.0,31521.0,34918.0,22553.0
CA_3,FOODS,CA,2012-08-06,34596,3.2485118,5,0,32675.0,28382.0,29983.0,31521.0,24795.0
CA_3,FOODS,CA,2012-08-13,34131,3.250671,0,1,34596.0,32675.0,28382.0,29983.0,22357.0
CA_3,FOODS,CA,2012-08-20,29134,3.250126,0,0,34131.0,34596.0,32675.0,28382.0,20589.0
CA_3,FOODS,CA,2012-08-27,28293,3.2495236,2,0,29134.0,34131.0,34596.0,32675.0,21762.0
CA_3,FOODS,CA,2012-09-03,32822,3.2534082,7,1,28293.0,29134.0,34131.0,34596.0,25876.0
CA_3,FOODS,CA,2012-09-10,30840,3.256884,1,0,32822.0,28293.0,29134.0,34131.0,22299.0
CA_3,FOODS,CA,2012-09-17,26782,3.2573762,0,0,30840.0,32822.0,28293.0,29134.0,22810.0
CA_3,FOODS,CA,2012-09-24,27603,3.2698627,0,0,26782.0,30840.0,32822.0,28293.0,24718.0
CA_3,FOODS,CA,2012-10-01,33070,3.266873,7,0,27603.0,26782.0,30840.0,32822.0,28500.0
CA_3,FOODS,CA,2012-10-08,29054,3.26177,3,1,33070.0,27603.0,26782.0,30840.0,27470.0
CA_3,FOODS,CA,2012-10-15,25540,3.2514536,0,0,29054.0,33070.0,27603.0,26782.0,24596.0
CA_3,FOODS,CA,2012-10-22,22650,3.2452865,0,1,25540.0,29054.0,33070.0,27603.0,22656.0
CA_3,FOODS,CA,2012-10-29,26995,3.2475739,4,1,22650.0,25540.0,29054.0,33070.0,26045.0
CA_3,FOODS,CA,2012-11-05,28618,3.251978,6,1,26995.0,22650.0,25540.0,29054.0,26998.0
CA_3,FOODS,CA,2012-11-12,24820,3.2510421,0,0,28618.0,26995.0,22650.0,25540.0,24376.0
CA_3,FOODS,CA,2012-11-19,22475,3.2554169,0,1,24820.0,28618.0,26995.0,22650.0,22011.0
CA_3,FOODS,CA,2012-11-26,22470,3.259213,2,0,22475.0,24820.0,28618.0,26995.0,24234.0
CA_3,FOODS,CA,2012-12-03,27358,3.2566955,7,0,22470.0,22475.0,24820.0,28618.0,28282.0
CA_3,FOODS,CA,2012-12-10,25765,3.256087,1,1,27358.0,22470.0,22475.0,24820.0,26249.0
CA_3,FOODS,CA,2012-12-17,25613,3.2580116,0,0,25765.0,27358.0,22470.0,22475.0,21807.0
CA_3,FOODS,CA,2012-12-24,21208,3.2520146,0,1,25613.0,25765.0,27358.0,22470.0,24929.0
CA_3,FOODS,CA,2012-12-31,29197,3.243128,6,1,21208.0,25613.0,25765.0,27358.0,29356.0
CA_3,FOODS,CA,2013-01-07,30573,3.2487054,4,1,29197.0,21208.0,25613.0,25765.0,27179.0
CA_3,FOODS,CA,2013-01-14,26114,3.2488425,0,0,30573.0,29197.0,21208.0,25613.0,26696.0
CA_3,FOODS,CA,2013-01-21,24478,3.2556713,0,1,26114.0,30573.0,29197.0,21208.0,24566.0
CA_3,FOODS,CA,2013-01-28,25260,3.2681274,3,1,24478.0,26114.0,30573.0,29197.0,30678.0
CA_3,FOODS,CA,2013-02-04,25861,3.2681918,7,0,25260.0,24478.0,26114.0,30573.0,32476.0
CA_3,FOODS,CA,2013-02-11,26642,3.2595332,0,2,25861.0,25260.0,24478.0,26114.0,27348.0
CA_3,FOODS,CA,2013-02-18,25483,3.24745,0,3,26642.0,25861.0,25260.0,24478.0,28322.0
CA_3,FOODS,CA,2013-02-25,26998,3.2375891,3,0,25483.0,26642.0,25861.0,25260.0,30169.0
CA_3,FOODS,CA,2013-03-04,28760,3.2385716,7,0,26998.0,25483.0,26642.0,25861.0,33565.0
CA_3,FOODS,CA,2013-03-11,26985,3.240433,0,1,28760.0,26998.0,25483.0,26642.0,30197.0
CA_3,FOODS,CA,2013-03-18,24517,3.2346091,0,0,26985.0,28760.0,26998.0,25483.0,28267.0
CA_3,FOODS,CA,2013-03-25,23056,3.2243996,0,1,24517.0,26985.0,28760.0,26998.0,27633.0
CA_3,FOODS,CA,2013-04-01,29189,3.2137566,7,1,23056.0,24517.0,26985.0,28760.0,34132.0
CA_3,FOODS,CA,2013-04-08,27858,3.2085075,3,0,29189.0,23056.0,24517.0,26985.0,28843.0
CA_3,FOODS,CA,2013-04-15,26554,3.204804,0,0,27858.0,29189.0,23056.0,24517.0,27440.0
CA_3,FOODS,CA,2013-04-22,25387,3.2114584,0,0,26554.0,27858.0,29189.0,23056.0,25181.0
CA_3,FOODS,CA,2013-04-29,28099,3.2138171,5,1,25387.0,26554.0,27858.0,29189.0,29440.0
CA_3,FOODS,CA,2013-05-06,28778,3.212706,5,1,28099.0,25387.0,26554.0,27858.0,32535.0
CA_3,FOODS,CA,2013-05-13,27803,3.2102323,0,0,28778.0,28099.0,25387.0,26554.0,29600.0
CA_3,FOODS,CA,2013-05-20,24540,3.2003195,0,0,27803.0,28778.0,28099.0,25387.0,27757.0
CA_3,FOODS,CA,2013-05-27,27277,3.2008688,2,1,24540.0,27803.0,28778.0,28099.0,30979.0
CA_3,FOODS,CA,2013-06-03,32638,3.2060187,7,1,27277.0,24540.0,27803.0,28778.0,34634.0
CA_3,FOODS,CA,2013-06-10,30768,3.206392,1,1,32638.0,27277.0,24540.0,27803.0,32825.0
CA_3,FOODS,CA,2013-06-17,28393,3.2075543,0,1,30768.0,32638.0,27277.0,24540.0,30406.0
CA_3,FOODS,CA,2013-06-24,31065,3.2054753,0,0,28393.0,30768.0,32638.0,27277.0,28371.0
CA_3,FOODS,CA,2013-07-01,36172,3.2019284,7,1,31065.0,28393.0,30768.0,32638.0,34918.0
CA_3,FOODS,CA,2013-07-08,31638,3.2013943,3,1,36172.0,31065.0,28393.0,30768.0,31521.0
CA_3,FOODS,CA,2013-07-15,28771,3.201271,0,0,31638.0,36172.0,31065.0,28393.0,29983.0
CA_3,FOODS,CA,2013-07-22,29241,3.2024786,0,0,28771.0,31638.0,36172.0,31065.0,28382.0
CA_3,FOODS,CA,2013-07-29,32062,3.2005615,4,0,29241.0,28771.0,31638.0,36172.0,32675.0
CA_3,FOODS,CA,2013-08-05,33159,3.1924522,6,1,32062.0,29241.0,28771.0,31638.0,34596.0
CA_3,FOODS,CA,2013-08-12,31405,3.1861038,0,0,33159.0,32062.0,29241.0,28771.0,34131.0
CA_3,FOODS,CA,2013-08-19,31084,3.1810436,0,0,31405.0,33159.0,32062.0,29241.0,29134.0
CA_3,FOODS,CA,2013-08-26,31332,3.1756418,1,0,31084.0,31405.0,33159.0,32062.0,28293.0
CA_3,FOODS,CA,2013-09-02,35963,3.1758504,7,1,31332.0,31084.0,31405.0,33159.0,32822.0
CA_3,FOODS,CA,2013-09-09,34698,3.1819608,2,0,35963.0,31332.0,31084.0,31405.0,30840.0
CA_3,FOODS,CA,2013-09-16,30109,3.1858532,0,0,34698.0,35963.0,31332.0,31084.0,26782.0
CA_3,FOODS,CA,2013-09-23,28070,3.1844766,0,0,30109.0,34698.0,35963.0,31332.0,27603.0
CA_3,FOODS,CA,2013-09-30,30985,3.1879706,6,0,28070.0,30109.0,34698.0,35963.0,33070.0
CA_3,FOODS,CA,2013-10-07,32453,3.1896322,4,0,30985.0,28070.0,30109.0,34698.0,29054.0
CA_3,FOODS,CA,2013-10-14,28895,3.1875818,0,2,32453.0,30985.0,28070.0,30109.0,25540.0
CA_3,FOODS,CA,2013-10-21,26848,3.1891453,0,0,28895.0,32453.0,30985.0,28070.0,22650.0
CA_3,FOODS,CA,2013-10-28,30071,3.1948316,3,1,26848.0,28895.0,32453.0,30985.0,26995.0
CA_3,FOODS,CA,2013-11-04,32016,3.1995137,7,0,30071.0,26848.0,28895.0,32453.0,28618.0
CA_3,FOODS,CA,2013-11-11,28175,3.1930883,0,1,32016.0,30071.0,26848.0,28895.0,24820.0
CA_3,FOODS,CA,2013-11-18,24720,3.1862545,0,0,28175.0,32016.0,30071.0,26848.0,22475.0
CA_3,FOODS,CA,2013-11-25,22240,3.184641,1,1,24720.0,28175.0,32016.0,30071.0,22470.0
CA_3,FOODS,CA,2013-12-02,30493,3.1854987,7,1,22240.0,24720.0,28175.0,32016.0,27358.0
CA_3,FOODS,CA,2013-12-09,27787,3.1826994,2,0,30493.0,22240.0,24720.0,28175.0,25765.0
CA_3,FOODS,CA,2013-12-16,25769,3.1788776,0,0,27787.0,30493.0,22240.0,24720.0,25613.0
CA_3,FOODS,CA,2013-12-23,22509,3.1830204,0,1,25769.0,27787.0,30493.0,22240.0,21208.0
CA_3,FOODS,CA,2013-12-30,29695,3.1837142,5,1,22509.0,25769.0,27787.0,30493.0,29197.0
CA_3,FOODS,CA,2014-01-06,31042,3.1752295,5,1,29695.0,22509.0,25769.0,27787.0,30573.0
CA_3,FOODS,CA,2014-01-13,29008,3.167567,0,0,31042.0,29695.0,22509.0,25769.0,26114.0
CA_3,FOODS,CA,2014-01-20,27925,3.1606066,0,1,29008.0,31042.0,29695.0,22509.0,24478.0
CA_3,FOODS,CA,2014-01-27,25855,3.1618326,2,1,27925.0,29008.0,31042.0,29695.0,25260.0
CA_3,FOODS,CA,2014-02-03,31942,3.16988,7,0,25855.0,27925.0,29008.0,31042.0,25861.0
CA_3,FOODS,CA,2014-02-10,28763,3.1675777,1,1,31942.0,25855.0,27925.0,29008.0,26642.0
CA_3,FOODS,CA,2014-02-17,26791,3.1787155,0,1,28763.0,31942.0,25855.0,27925.0,25483.0
CA_3,FOODS,CA,2014-02-24,26499,3.189003,2,0,26791.0,28763.0,31942.0,25855.0,26998.0
CA_3,FOODS,CA,2014-03-03,29354,3.1860826,7,1,26499.0,26791.0,28763.0,31942.0,28760.0
CA_3,FOODS,CA,2014-03-10,31350,3.1809132,1,2,29354.0,26499.0,26791.0,28763.0,26985.0
CA_3,FOODS,CA,2014-03-17,27693,3.1767106,0,1,31350.0,29354.0,26499.0,26791.0,24517.0
CA_3,FOODS,CA,2014-03-24,27720,3.176398,0,0,27693.0,31350.0,29354.0,26499.0,23056.0
CA_3,FOODS,CA,2014-03-31,31794,3.179414,6,0,27720.0,27693.0,31350.0,29354.0,29189.0
CA_3,FOODS,CA,2014-04-07,34288,3.182134,4,0,31794.0,27720.0,27693.0,31350.0,27858.0
CA_3,FOODS,CA,2014-04-14,31560,3.1797307,0,1,34288.0,31794.0,27720.0,27693.0,26554.0
CA_3,FOODS,CA,2014-04-21,29563,3.1744158,0,1,31560.0,34288.0,31794.0,27720.0,25387.0
CA_3,FOODS,CA,2014-04-28,32268,3.1774647,4,0,29563.0,31560.0,34288.0,31794.0,28099.0
CA_3,FOODS,CA,2014-05-05,32559,3.1852338,6,2,32268.0,29563.0,31560.0,34288.0,28778.0
CA_3,FOODS,CA,2014-05-12,30938,3.1874042,0,0,32559.0,32268.0,29563.0,31560.0,27803.0
CA_3,FOODS,CA,2014-05-19,27516,3.1817863,0,0,30938.0,32559.0,32268.0,29563.0,24540.0
CA_3,FOODS,CA,2014-05-26,28128,3.182239,1,1,27516.0,30938.0,32559.0,32268.0,27277.0
CA_3,FOODS,CA,2014-06-02,33228,3.1855943,7,1,28128.0,27516.0,30938.0,32559.0,32638.0
CA_3,FOODS,CA,2014-06-09,33553,3.1847742,2,1,33228.0,28128.0,27516.0,30938.0,30768.0
CA_3,FOODS,CA,2014-06-16,31691,3.188936,0,0,33553.0,33228.0,28128.0,27516.0,28393.0
CA_3,FOODS,CA,2014-06-23,29381,3.2036016,0,1,31691.0,33553.0,33228.0,28128.0,31065.0
CA_3,FOODS,CA,2014-06-30,35994,3.2174585,6,1,29381.0,31691.0,33553.0,33228.0,36172.0
CA_3,FOODS,CA,2014-07-07,34487,3.2247927,4,0,35994.0,29381.0,31691.0,33553.0,31638.0
CA_3,FOODS,CA,2014-07-14,30339,3.227557,0,0,34487.0,35994.0,29381.0,31691.0,28771.0
CA_3,FOODS,CA,2014-07-21,30270,3.2277133,0,0,30339.0,34487.0,35994.0,29381.0,29241.0
CA_3,FOODS,CA,2014-07-28,31790,3.2254825,3,1,30270.0,30339.0,34487.0,35994.0,32062.0
CA_3,FOODS,CA,2014-08-04,33902,3.2268312,7,0,31790.0,30270.0,30339.0,34487.0,33159.0
CA_3,FOODS,CA,2014-08-11,31144,3.2258284,0,0,33902.0,31790.0,30270.0,30339.0,31405.0
CA_3,FOODS,CA,2014-08-18,31951,3.2278178,0,0,31144.0,33902.0,31790.0,30270.0,31084.0
CA_3,FOODS,CA,2014-08-25,28320,3.230968,0,0,31951.0,31144.0,33902.0,31790.0,31332.0
CA_3,FOODS,CA,2014-09-01,32403,3.241278,7,1,28320.0,31951.0,31144.0,33902.0,35963.0
CA_3,FOODS,CA,2014-09-08,33364,3.2493777,3,0,32403.0,28320.0,31951.0,31144.0,34698.0
CA_3,FOODS,CA,2014-09-15,30964,3.263067,0,0,33364.0,32403.0,28320.0,31951.0,30109.0
CA_3,FOODS,CA,2014-09-22,29492,3.2618904,0,0,30964.0,33364.0,32403.0,28320.0,28070.0
CA_3,FOODS,CA,2014-09-29,31881,3.2560248,5,1,29492.0,30964.0,33364.0,32403.0,30985.0
CA_3,FOODS,CA,2014-10-06,30902,3.2573907,5,0,31881.0,29492.0,30964.0,33364.0,32453.0
CA_3,FOODS,CA,2014-10-13,27532,3.2751167,0,1,30902.0,31881.0,29492.0,30964.0,28895.0
CA_3,FOODS,CA,2014-10-20,26287,3.2775638,0,0,27532.0,30902.0,31881.0,29492.0,26848.0
CA_3,FOODS,CA,2014-10-27,27891,3.2815337,2,1,26287.0,27532.0,30902.0,31881.0,30071.0
CA_3,FOODS,CA,2014-11-03,30321,3.2807698,7,0,27891.0,26287.0,27532.0,30902.0,32016.0
CA_3,FOODS,CA,2014-11-10,27980,3.2785227,1,1,30321.0,27891.0,26287.0,27532.0,28175.0
CA_3,FOODS,CA,2014-11-17,26360,3.2816663,0,0,27980.0,30321.0,27891.0,26287.0,24720.0
CA_3,FOODS,CA,2014-11-24,25061,3.2827837,0,1,26360.0,27980.0,30321.0,27891.0,22240.0
CA_3,FOODS,CA,2014-12-01,27970,3.2874792,7,0,25061.0,26360.0,27980.0,30321.0,30493.0
CA_3,FOODS,CA,2014-12-08,25884,3.288365,3,0,27970.0,25061.0,26360.0,27980.0,27787.0
CA_3,FOODS,CA,2014-12-15,23632,3.282301,0,0,25884.0,27970.0,25061.0,26360.0,25769.0
CA_3,FOODS,CA,2014-12-22,20781,3.2698548,0,2,23632.0,25884.0,27970.0,25061.0,22509.0
CA_3,FOODS,CA,2014-12-29,25344,3.2672405,4,1,20781.0,23632.0,25884.0,27970.0,29695.0
CA_3,FOODS,CA,2015-01-05,28911,3.2737062,6,1,25344.0,20781.0,23632.0,25884.0,31042.0
CA_3,FOODS,CA,2015-01-12,25744,3.2738872,0,0,28911.0,25344.0,20781.0,23632.0,29008.0
CA_3,FOODS,CA,2015-01-19,27490,3.27196,0,1,25744.0,28911.0,25344.0,20781.0,27925.0
CA_3,FOODS,CA,2015-01-26,26563,3.2682602,1,1,27490.0,25744.0,28911.0,25344.0,25855.0
CA_3,FOODS,CA,2015-02-02,29895,3.2725465,7,0,26563.0,27490.0,25744.0,28911.0,31942.0
CA_3,FOODS,CA,2015-02-09,28810,3.2856472,2,1,29895.0,26563.0,27490.0,25744.0,28763.0
CA_3,FOODS,CA,2015-02-16,24963,3.2915368,0,2,28810.0,29895.0,26563.0,27490.0,26791.0
CA_3,FOODS,CA,2015-02-23,25059,3.296103,1,1,24963.0,28810.0,29895.0,26563.0,26499.0
CA_3,FOODS,CA,2015-03-02,30208,3.2975965,7,1,25059.0,24963.0,28810.0,29895.0,29354.0
CA_3,FOODS,CA,2015-03-09,29068,3.3068528,2,0,30208.0,25059.0,24963.0,28810.0,31350.0
CA_3,FOODS,CA,2015-03-16,27114,3.3046176,0,1,29068.0,30208.0,25059.0,24963.0,27693.0
CA_3,FOODS,CA,2015-03-23,26100,3.2962854,0,0,27114.0,29068.0,30208.0,25059.0,27720.0
CA_3,FOODS,CA,2015-03-30,28870,3.2891166,5,1,26100.0,27114.0,29068.0,30208.0,31794.0
CA_3,FOODS,CA,2015-04-06,28256,3.282608,5,2,28870.0,26100.0,27114.0,29068.0,34288.0
CA_3,FOODS,CA,2015-04-13,25529,3.2899418,0,0,28256.0,28870.0,26100.0,27114.0,31560.0
CA_3,FOODS,CA,2015-04-20,26138,3.2980802,0,0,25529.0,28256.0,28870.0,26100.0,29563.0
CA_3,FOODS,CA,2015-04-27,27705,3.297386,3,0,26138.0,25529.0,28256.0,28870.0,32268.0
CA_3,FOODS,CA,2015-05-04,28509,3.2957573,7,2,27705.0,26138.0,25529.0,28256.0,32559.0
CA_3,FOODS,CA,2015-05-11,26281,3.2961292,0,0,28509.0,27705.0,26138.0,25529.0,30938.0
CA_3,FOODS,CA,2015-05-18,24232,3.2953563,0,0,26281.0,28509.0,27705.0,26138.0,27516.0
CA_3,FOODS,CA,2015-05-25,24403,3.2959034,0,1,24232.0,26281.0,28509.0,27705.0,28128.0
CA_3,FOODS,CA,2015-06-01,31240,3.29971,7,1,24403.0,24232.0,26281.0,28509.0,33228.0
CA_3,FOODS,CA,2015-06-08,32090,3.3017247,3,0,31240.0,24403.0,24232.0,26281.0,33553.0
CA_3,FOODS,CA,2015-06-15,27728,3.3009918,0,3,32090.0,31240.0,24403.0,24232.0,31691.0
CA_3,FOODS,CA,2015-06-22,27612,3.2994742,0,0,27728.0,32090.0,31240.0,24403.0,29381.0
CA_3,FOODS,CA,2015-06-29,30217,3.299767,5,1,27612.0,27728.0,32090.0,31240.0,35994.0
CA_3,FOODS,CA,2015-07-06,30180,3.304067,5,0,30217.0,27612.0,27728.0,32090.0,34487.0
CA_3,FOODS,CA,2015-07-13,29396,3.3049366,0,1,30180.0,30217.0,27612.0,27728.0,30339.0
CA_3,FOODS,CA,2015-07-20,27203,3.3023841,0,0,29396.0,30180.0,30217.0,27612.0,30270.0
CA_3,FOODS,CA,2015-07-27,27859,3.2974858,2,0,27203.0,29396.0,30180.0,30217.0,31790.0
CA_3,FOODS,CA,2015-08-03,31048,3.29563,7,0,27859.0,27203.0,29396.0,30180.0,33902.0
CA_3,FOODS,CA,2015-08-10,30272,3.2916868,1,0,31048.0,27859.0,27203.0,29396.0,31144.0
CA_3,FOODS,CA,2015-08-17,27763,3.2898772,0,0,30272.0,31048.0,27859.0,27203.0,31951.0
CA_3,FOODS,CA,2015-08-24,26195,3.290415,0,0,27763.0,30272.0,31048.0,27859.0,28320.0
CA_3,FOODS,CA,2015-08-31,28062,3.294169,6,0,26195.0,27763.0,30272.0,31048.0,32403.0
CA_3,FOODS,CA,2015-09-07,32137,3.2972894,4,1,28062.0,26195.0,27763.0,30272.0,33364.0
CA_3,FOODS,CA,2015-09-14,28457,3.3062127,0,0,32137.0,28062.0,26195.0,27763.0,30964.0
CA_3,FOODS,CA,2015-09-21,28571,3.3130136,0,1,28457.0,32137.0,28062.0,26195.0,29492.0
CA_3,FOODS,CA,2015-09-28,28597,3.3162858,4,0,28571.0,28457.0,32137.0,28062.0,31881.0
CA_3,FOODS,CA,2015-10-05,29921,3.3199432,6,0,28597.0,28571.0,28457.0,32137.0,30902.0
CA_3,FOODS,CA,2015-10-12,28721,3.3217578,0,1,29921.0,28597.0,28571.0,28457.0,27532.0
CA_3,FOODS,CA,2015-10-19,26353,3.3219235,0,0,28721.0,29921.0,28597.0,28571.0,26287.0
CA_3,FOODS,CA,2015-10-26,25779,3.3174624,1,1,26353.0,28721.0,29921.0,28597.0,27891.0
CA_3,FOODS,CA,2015-11-02,26564,3.3066182,7,0,25779.0,26353.0,28721.0,29921.0,30321.0
CA_3,FOODS,CA,2015-11-09,25060,3.3033977,2,1,26564.0,25779.0,26353.0,28721.0,27980.0
CA_3,FOODS,CA,2015-11-16,23997,3.302461,0,0,25060.0,26564.0,25779.0,26353.0,26360.0
CA_3,FOODS,CA,2015-11-23,21868,3.3014812,0,1,23997.0,25060.0,26564.0,25779.0,25061.0
CA_3,FOODS,CA,2015-11-30,24520,3.298483,6,0,21868.0,23997.0,25060.0,26564.0,27970.0
CA_3,FOODS,CA,2015-12-07,25025,3.2936952,4,0,24520.0,21868.0,23997.0,25060.0,25884.0
CA_3,FOODS,CA,2015-12-14,24559,3.29196,0,1,25025.0,24520.0,21868.0,23997.0,23632.0
CA_3,FOODS,CA,2015-12-21,19561,3.2895348,0,1,24559.0,25025.0,24520.0,21868.0,20781.0
CA_3,FOODS,CA,2015-12-28,24546,3.293475,3,1,19561.0,24559.0,25025.0,24520.0,25344.0
CA_3,FOODS,CA,2016-01-04,29035,3.296358,7,1,24546.0,19561.0,24559.0,25025.0,28911.0
CA_3,FOODS,CA,2016-01-11,27060,3.3049622,0,0,29035.0,24546.0,19561.0,24559.0,25744.0
CA_3,FOODS,CA,2016-01-18,28447,3.3081634,0,1,27060.0,29035.0,24546.0,19561.0,27490.0
CA_3,FOODS,CA,2016-01-25,26635,3.3080103,0,0,28447.0,27060.0,29035.0,24546.0,26563.0
CA_3,FOODS,CA,2016-02-01,28293,3.3097892,7,1,26635.0,28447.0,27060.0,29035.0,29895.0
CA_3,FOODS,CA,2016-02-08,29630,3.312126,3,2,28293.0,26635.0,28447.0,27060.0,28810.0
CA_3,FOODS,CA,2016-02-15,29316,3.3146346,0,2,29630.0,28293.0,26635.0,28447.0,24963.0
CA_3,FOODS,CA,2016-02-22,28182,3.313257,0,0,29316.0,29630.0,28293.0,26635.0,25059.0
CA_3,FOODS,CA,2016-02-29,29249,3.3176918,6,0,28182.0,29316.0,29630.0,28293.0,30208.0
CA_3,FOODS,CA,2016-03-07,29402,3.3207097,4,0,29249.0,28182.0,29316.0,29630.0,29068.0
CA_3,FOODS,CA,2016-03-14,27480,3.3254242,0,1,29402.0,29249.0,28182.0,29316.0,27114.0
CA_3,FOODS,CA,2016-03-21,29253,3.3275316,0,2,27480.0,29402.0,29249.0,28182.0,26100.0
CA_3,FOODS,CA,2016-03-28,27173,3.3286827,3,0,29253.0,27480.0,29402.0,29249.0,28870.0
CA_3,FOODS,CA,2016-04-04,30123,3.3305385,7,0,27173.0,29253.0,27480.0,29402.0,28256.0
CA_3,FOODS,CA,2016-04-11,27546,3.3324335,0,0,30123.0,27173.0,29253.0,27480.0,25529.0
CA_3,FOODS,CA,2016-04-18,26203,3.3349855,0,0,27546.0,30123.0,27173.0,29253.0,26138.0
CA_3,FOODS,CA,2016-04-25,26333,3.3379123,1,2,26203.0,27546.0,30123.0,27173.0,27705.0
CA_3,FOODS,CA,2016-05-02,28256,3.3409665,7,2,26333.0,26203.0,27546.0,30123.0,28509.0
CA_3,FOODS,CA,2016-05-09,28343,3.3425965,2,0,28256.0,26333.0,26203.0,27546.0,26281.0
CA_3,FOODS,CA,2016-05-16,26938,3.3443396,0,0,28343.0,28256.0,26333.0,26203.0,24232.0
CA_3,HOBBIES,CA,2011-01-31,3009,4.577751,6,1,,,,,
CA_3,HOBBIES,CA,2011-02-07,3083,4.537319,4,0,3009.0,,,,
CA_3,HOBBIES,CA,2011-02-14,2411,4.487939,0,1,3083.0,3009.0,,,
CA_3,HOBBIES,CA,2011-02-21,3162,4.481551,0,1,2411.0,3083.0,3009.0,,
CA_3,HOBBIES,CA,2011-02-28,2153,4.4724154,6,0,3162.0,2411.0,3083.0,3009.0,
CA_3,HOBBIES,CA,2011-03-07,3062,4.4885736,4,1,2153.0,3162.0,2411.0,3083.0,
CA_3,HOBBIES,CA,2011-03-14,2768,4.514345,0,3,3062.0,2153.0,3162.0,2411.0,
CA_3,HOBBIES,CA,2011-03-21,3094,4.541869,0,0,2768.0,3062.0,2153.0,3162.0,
CA_3,HOBBIES,CA,2011-03-28,3104,4.588512,3,0,3094.0,2768.0,3062.0,2153.0,
CA_3,HOBBIES,CA,2011-04-04,2946,4.6214604,7,0,3104.0,3094.0,2768.0,3062.0,
CA_3,HOBBIES,CA,2011-04-11,2992,4.672932,0,0,2946.0,3104.0,3094.0,2768.0,
CA_3,HOBBIES,CA,2011-04-18,2785,4.6919026,0,1,2992.0,2946.0,3104.0,3094.0,
CA_3,HOBBIES,CA,2011-04-25,3006,4.693997,1,1,2785.0,2992.0,2946.0,3104.0,
CA_3,HOBBIES,CA,2011-05-02,3349,4.69922,7,2,3006.0,2785.0,2992.0,2946.0,
CA_3,HOBBIES,CA,2011-05-09,3036,4.696992,2,0,3349.0,3006.0,2785.0,2992.0,
CA_3,HOBBIES,CA,2011-05-16,3026,4.713294,0,0,3036.0,3349.0,3006.0,2785.0,
CA_3,HOBBIES,CA,2011-05-23,2944,4.7008276,0,0,3026.0,3036.0,3349.0,3006.0,
CA_3,HOBBIES,CA,2011-05-30,3141,4.6943336,5,2,2944.0,3026.0,3036.0,3349.0,
CA_3,HOBBIES,CA,2011-06-06,3271,4.692473,5,1,3141.0,2944.0,3026.0,3036.0,
CA_3,HOBBIES,CA,2011-06-13,3373,4.7077374,0,1,3271.0,3141.0,2944.0,3026.0,
CA_3,HOBBIES,CA,2011-06-20,3519,4.709426,0,0,3373.0,3271.0,3141.0,2944.0,
CA_3,HOBBIES,CA,2011-06-27,3473,4.708442,3,0,3519.0,3373.0,3271.0,3141.0,
CA_3,HOBBIES,CA,2011-07-04,3066,4.7029276,7,1,3473.0,3519.0,3373.0,3271.0,
CA_3,HOBBIES,CA,2011-07-11,3340,4.6912456,0,0,3066.0,3473.0,3519.0,3373.0,
CA_3,HOBBIES,CA,2011-07-18,3153,4.6812963,0,0,3340.0,3066.0,3473.0,3519.0,
CA_3,HOBBIES,CA,2011-07-25,3211,4.675138,0,0,3153.0,3340.0,3066.0,3473.0,
CA_3,HOBBIES,CA,2011-08-01,3165,4.6650233,7,1,3211.0,3153.0,3340.0,3066.0,
CA_3,HOBBIES,CA,2011-08-08,3297,4.656253,3,0,3165.0,3211.0,3153.0,3340.0,
CA_3,HOBBIES,CA,2011-08-15,3335,4.66186,0,0,3297.0,3165.0,3211.0,3153.0,
CA_3,HOBBIES,CA,2011-08-22,3326,4.6740203,0,0,3335.0,3297.0,3165.0,3211.0,
CA_3,HOBBIES,CA,2011-08-29,2539,4.666501,4,1,3326.0,3335.0,3297.0,3165.0,
CA_3,HOBBIES,CA,2011-09-05,3113,4.665584,6,1,2539.0,3326.0,3335.0,3297.0,
CA_3,HOBBIES,CA,2011-09-12,2207,4.6667905,0,0,3113.0,2539.0,3326.0,3335.0,
CA_3,HOBBIES,CA,2011-09-19,2096,4.6684365,0,0,2207.0,3113.0,2539.0,3326.0,
CA_3,HOBBIES,CA,2011-09-26,3052,4.67234,2,0,2096.0,2207.0,3113.0,2539.0,
CA_3,HOBBIES,CA,2011-10-03,2719,4.6664085,7,0,3052.0,2096.0,2207.0,3113.0,
CA_3,HOBBIES,CA,2011-10-10,2791,4.6533875,1,1,2719.0,3052.0,2096.0,2207.0,
CA_3,HOBBIES,CA,2011-10-17,2710,4.6559114,0,0,2791.0,2719.0,3052.0,2096.0,
CA_3,HOBBIES,CA,2011-10-24,2935,4.6597137,0,0,2710.0,2791.0,2719.0,3052.0,
CA_3,HOBBIES,CA,2011-10-31,2814,4.6610527,6,1,2935.0,2710.0,2791.0,2719.0,
CA_3,HOBBIES,CA,2011-11-07,2799,4.6575665,4,2,2814.0,2935.0,2710.0,2791.0,
CA_3,HOBBIES,CA,2011-11-14,2677,4.6451654,0,0,2799.0,2814.0,2935.0,2710.0,
CA_3,HOBBIES,CA,2011-11-21,2443,4.6359477,0,1,2677.0,2799.0,2814.0,2935.0,
CA_3,HOBBIES,CA,2011-11-28,3634,4.643248,4,0,2443.0,2677.0,2799.0,2814.0,
CA_3,HOBBIES,CA,2011-12-05,2884,4.6629033,6,0,3634.0,2443.0,2677.0,2799.0,
CA_3,HOBBIES,CA,2011-12-12,2928,4.6664915,0,0,2884.0,3634.0,2443.0,2677.0,
CA_3,HOBBIES,CA,2011-12-19,2319,4.6659102,0,1,2928.0,2884.0,3634.0,2443.0,
CA_3,HOBBIES,CA,2011-12-26,2819,4.664378,1,2,2319.0,2928.0,2884.0,3634.0,
CA_3,HOBBIES,CA,2012-01-02,2998,4.666579,7,1,2819.0,2319.0,2928.0,2884.0,
CA_3,HOBBIES,CA,2012-01-09,2851,4.672164,2,0,2998.0,2819.0,2319.0,2928.0,
CA_3,HOBBIES,CA,2012-01-16,2699,4.6797595,0,1,2851.0,2998.0,2819.0,2319.0,
CA_3,HOBBIES,CA,2012-01-23,2970,4.682546,0,0,2699.0,2851.0,2998.0,2819.0,
CA_3,HOBBIES,CA,2012-01-30,3253,4.6866384,5,1,2970.0,2699.0,2851.0,2998.0,3009.0
CA_3,HOBBIES,CA,2012-02-06,3215,4.7070227,5,0,3253.0,2970.0,2699.0,2851.0,3083.0
CA_3,HOBBIES,CA,2012-02-13,3034,4.738548,0,1,3215.0,3253.0,2970.0,2699.0,2411.0
CA_3,HOBBIES,CA,2012-02-20,3429,4.7810273,0,2,3034.0,3215.0,3253.0,2970.0,3162.0
CA_3,HOBBIES,CA,2012-02-27,3553,4.7859697,4,1,3429.0,3034.0,3215.0,3253.0,2153.0
CA_3,HOBBIES,CA,2012-03-05,3235,4.793242,6,1,3553.0,3429.0,3034.0,3215.0,3062.0
CA_3,HOBBIES,CA,2012-03-12,2802,4.8049483,0,1,3235.0,3553.0,3429.0,3034.0,2768.0
CA_3,HOBBIES,CA,2012-03-19,2815,4.8121843,0,0,2802.0,3235.0,3553.0,3429.0,3094.0
CA_3,HOBBIES,CA,2012-03-26,3055,4.820977,1,0,2815.0,2802.0,3235.0,3553.0,3104.0
CA_3,HOBBIES,CA,2012-04-02,3070,4.8262067,7,1,3055.0,2815.0,2802.0,3235.0,2946.0
CA_3,HOBBIES,CA,2012-04-09,2759,4.82555,2,2,3070.0,3055.0,2815.0,2802.0,2992.0
CA_3,HOBBIES,CA,2012-04-16,2598,4.828794,0,0,2759.0,3070.0,3055.0,2815.0,2785.0
CA_3,HOBBIES,CA,2012-04-23,2953,4.826101,0,0,2598.0,2759.0,3070.0,3055.0,3006.0
CA_3,HOBBIES,CA,2012-04-30,2962,4.777285,6,1,2953.0,2598.0,2759.0,3070.0,3349.0
CA_3,HOBBIES,CA,2012-05-07,2258,4.7509804,4,1,2962.0,2953.0,2598.0,2759.0,3036.0
CA_3,HOBBIES,CA,2012-05-14,2335,4.7528415,0,0,2258.0,2962.0,2953.0,2598.0,3026.0
CA_3,HOBBIES,CA,2012-05-21,2338,4.749222,0,0,2335.0,2258.0,2962.0,2953.0,2944.0
CA_3,HOBBIES,CA,2012-05-28,3049,4.762208,3,1,2338.0,2335.0,2258.0,2962.0,3141.0
CA_3,HOBBIES,CA,2012-06-04,3266,4.780734,7,0,3049.0,2338.0,2335.0,2258.0,3271.0
CA_3,HOBBIES,CA,2012-06-11,2935,4.790141,0,2,3266.0,3049.0,2338.0,2335.0,3373.0
CA_3,HOBBIES,CA,2012-06-18,3143,4.8608665,0,1,2935.0,3266.0,3049.0,2338.0,3519.0
CA_3,HOBBIES,CA,2012-06-25,2816,5.0482316,1,0,3143.0,2935.0,3266.0,3049.0,3473.0
CA_3,HOBBIES,CA,2012-07-02,2762,5.1720786,7,1,2816.0,3143.0,2935.0,3266.0,3066.0
CA_3,HOBBIES,CA,2012-07-09,3233,5.2182493,2,0,2762.0,2816.0,3143.0,2935.0,3340.0
CA_3,HOBBIES,CA,2012-07-16,3496,5.2427,0,1,3233.0,2762.0,2816.0,3143.0,3153.0
CA_3,HOBBIES,CA,2012-07-23,2306,5.2361603,0,0,3496.0,3233.0,2762.0,2816.0,3211.0
CA_3,HOBBIES,CA,2012-07-30,2474,5.247315,5,0,2306.0,3496.0,3233.0,2762.0,3165.0
CA_3,HOBBIES,CA,2012-08-06,2203,5.282029,5,0,2474.0,2306.0,3496.0,3233.0,3297.0
CA_3,HOBBIES,CA,2012-08-13,2485,5.2908826,0,1,2203.0,2474.0,2306.0,3496.0,3335.0
CA_3,HOBBIES,CA,2012-08-20,2309,5.287147,0,0,2485.0,2203.0,2474.0,2306.0,3326.0
CA_3,HOBBIES,CA,2012-08-27,2456,5.2711425,2,0,2309.0,2485.0,2203.0,2474.0,2539.0
CA_3,HOBBIES,CA,2012-09-03,2591,5.2620096,7,1,2456.0,2309.0,2485.0,2203.0,3113.0
CA_3,HOBBIES,CA,2012-09-10,2268,5.2561307,1,0,2591.0,2456.0,2309.0,2485.0,2207.0
CA_3,HOBBIES,CA,2012-09-17,2433,5.2646766,0,0,2268.0,2591.0,2456.0,2309.0,2096.0
CA_3,HOBBIES,CA,2012-09-24,2530,5.2923136,0,0,2433.0,2268.0,2591.0,2456.0,3052.0
CA_3,HOBBIES,CA,2012-10-01,2411,5.301202,7,0,2530.0,2433.0,2268.0,2591.0,2719.0
CA_3,HOBBIES,CA,2012-10-08,2615,5.292085,3,1,2411.0,2530.0,2433.0,2268.0,2791.0
CA_3,HOBBIES,CA,2012-10-15,2576,5.308937,0,0,2615.0,2411.0,2530.0,2433.0,2710.0
CA_3,HOBBIES,CA,2012-10-22,2659,5.3092117,0,1,2576.0,2615.0,2411.0,2530.0,2935.0
CA_3,HOBBIES,CA,2012-10-29,2598,5.308431,4,1,2659.0,2576.0,2615.0,2411.0,2814.0
CA_3,HOBBIES,CA,2012-11-05,2590,5.305195,6,1,2598.0,2659.0,2576.0,2615.0,2799.0
CA_3,HOBBIES,CA,2012-11-12,2311,5.302401,0,0,2590.0,2598.0,2659.0,2576.0,2677.0
CA_3,HOBBIES,CA,2012-11-19,2107,5.2945333,0,1,2311.0,2590.0,2598.0,2659.0,2443.0
CA_3,HOBBIES,CA,2012-11-26,2454,5.3098917,2,0,2107.0,2311.0,2590.0,2598.0,3634.0
CA_3,HOBBIES,CA,2012-12-03,2496,5.3240695,7,0,2454.0,2107.0,2311.0,2590.0,2884.0
CA_3,HOBBIES,CA,2012-12-10,2793,5.335143,1,1,2496.0,2454.0,2107.0,2311.0,2928.0
CA_3,HOBBIES,CA,2012-12-17,2382,5.3367352,0,0,2793.0,2496.0,2454.0,2107.0,2319.0
CA_3,HOBBIES,CA,2012-12-24,2093,5.3363833,0,1,2382.0,2793.0,2496.0,2454.0,2819.0
CA_3,HOBBIES,CA,2012-12-31,2596,5.339532,6,1,2093.0,2382.0,2793.0,2496.0,2998.0
CA_3,HOBBIES,CA,2013-01-07,2587,5.361016,4,1,2596.0,2093.0,2382.0,2793.0,2851.0
CA_3,HOBBIES,CA,2013-01-14,2532,5.3637586,0,0,2587.0,2596.0,2093.0,2382.0,2699.0
CA_3,HOBBIES,CA,2013-01-21,3390,5.349363,0,1,2532.0,2587.0,2596.0,2093.0,2970.0
CA_3,HOBBIES,CA,2013-01-28,3604,5.3390417,3,1,3390.0,2532.0,2587.0,2596.0,3253.0
CA_3,HOBBIES,CA,2013-02-04,2923,5.344436,7,0,3604.0,3390.0,2532.0,2587.0,3215.0
CA_3,HOBBIES,CA,2013-02-11,3739,5.339517,0,2,2923.0,3604.0,3390.0,2532.0,3034.0
CA_3,HOBBIES,CA,2013-02-18,3729,5.334319,0,3,3739.0,2923.0,3604.0,3390.0,3429.0
CA_3,HOBBIES,CA,2013-02-25,3590,5.3525314,3,0,3729.0,3739.0,2923.0,3604.0,3553.0
CA_3,HOBBIES,CA,2013-03-04,2664,5.3714767,7,0,3590.0,3729.0,3739.0,2923.0,3235.0
CA_3,HOBBIES,CA,2013-03-11,3564,5.3824377,0,1,2664.0,3590.0,3729.0,3739.0,2802.0
CA_3,HOBBIES,CA,2013-03-18,3369,5.377685,0,0,3564.0,2664.0,3590.0,3729.0,2815.0
CA_3,HOBBIES,CA,2013-03-25,2572,5.3747716,0,1,3369.0,3564.0,2664.0,3590.0,3055.0
CA_3,HOBBIES,CA,2013-04-01,4191,5.364746,7,1,2572.0,3369.0,3564.0,2664.0,3070.0
CA_3,HOBBIES,CA,2013-04-08,4168,5.3670645,3,0,4191.0,2572.0,3369.0,3564.0,2759.0
CA_3,HOBBIES,CA,2013-04-15,4042,5.39824,0,0,4168.0,4191.0,2572.0,3369.0,2598.0
CA_3,HOBBIES,CA,2013-04-22,3548,5.4190173,0,0,4042.0,4168.0,4191.0,2572.0,2953.0
CA_3,HOBBIES,CA,2013-04-29,2908,5.3845725,5,1,3548.0,4042.0,4168.0,4191.0,2962.0
CA_3,HOBBIES,CA,2013-05-06,4095,5.282636,5,1,2908.0,3548.0,4042.0,4168.0,2258.0
CA_3,HOBBIES,CA,2013-05-13,4279,5.2494483,0,0,4095.0,2908.0,3548.0,4042.0,2335.0
CA_3,HOBBIES,CA,2013-05-20,4202,5.254931,0,0,4279.0,4095.0,2908.0,3548.0,2338.0
CA_3,HOBBIES,CA,2013-05-27,4380,5.242524,2,1,4202.0,4279.0,4095.0,2908.0,3049.0
CA_3,HOBBIES,CA,2013-06-03,4590,5.2271166,7,1,4380.0,4202.0,4279.0,4095.0,3266.0
CA_3,HOBBIES,CA,2013-06-10,4015,5.2105074,1,1,4590.0,4380.0,4202.0,4279.0,2935.0
CA_3,HOBBIES,CA,2013-06-17,4451,5.2055783,0,1,4015.0,4590.0,4380.0,4202.0,3143.0
CA_3,HOBBIES,CA,2013-06-24,3996,5.192392,0,0,4451.0,4015.0,4590.0,4380.0,2816.0
CA_3,HOBBIES,CA,2013-07-01,4368,5.2206907,7,1,3996.0,4451.0,4015.0,4590.0,2762.0
CA_3,HOBBIES,CA,2013-07-08,3588,5.2974358,3,1,4368.0,3996.0,4451.0,4015.0,3233.0
CA_3,HOBBIES,CA,2013-07-15,3800,5.311535,0,0,3588.0,4368.0,3996.0,4451.0,3496.0
CA_3,HOBBIES,CA,2013-07-22,3632,5.3415494,0,0,3800.0,3588.0,4368.0,3996.0,2306.0
CA_3,HOBBIES,CA,2013-07-29,4017,5.3377914,4,0,3632.0,3800.0,3588.0,4368.0,2474.0
CA_3,HOBBIES,CA,2013-08-05,3486,5.350743,6,1,4017.0,3632.0,3800.0,3588.0,2203.0
CA_3,HOBBIES,CA,2013-08-12,3800,5.3833203,0,0,3486.0,4017.0,3632.0,3800.0,2485.0
CA_3,HOBBIES,CA,2013-08-19,3977,5.3838162,0,0,3800.0,3486.0,4017.0,3632.0,2309.0
CA_3,HOBBIES,CA,2013-08-26,3789,5.38161,1,0,3977.0,3800.0,3486.0,4017.0,2456.0
CA_3,HOBBIES,CA,2013-09-02,3071,5.382046,7,1,3789.0,3977.0,3800.0,3486.0,2591.0
CA_3,HOBBIES,CA,2013-09-09,3663,5.41077,2,0,3071.0,3789.0,3977.0,3800.0,2268.0
CA_3,HOBBIES,CA,2013-09-16,3967,5.4435325,0,0,3663.0,3071.0,3789.0,3977.0,2433.0
CA_3,HOBBIES,CA,2013-09-23,3965,5.4365964,0,0,3967.0,3663.0,3071.0,3789.0,2530.0
CA_3,HOBBIES,CA,2013-09-30,4239,5.4307356,6,0,3965.0,3967.0,3663.0,3071.0,2411.0
CA_3,HOBBIES,CA,2013-10-07,3927,5.4310074,4,0,4239.0,3965.0,3967.0,3663.0,2615.0
CA_3,HOBBIES,CA,2013-10-14,3793,5.4320097,0,2,3927.0,4239.0,3965.0,3967.0,2576.0
CA_3,HOBBIES,CA,2013-10-21,4071,5.4321527,0,0,3793.0,3927.0,4239.0,3965.0,2659.0
CA_3,HOBBIES,CA,2013-10-28,4087,5.430177,3,1,4071.0,3793.0,3927.0,4239.0,2598.0
CA_3,HOBBIES,CA,2013-11-04,3652,5.42643,7,0,4087.0,4071.0,3793.0,3927.0,2590.0
CA_3,HOBBIES,CA,2013-11-11,4177,5.4230266,0,1,3652.0,4087.0,4071.0,3793.0,2311.0
CA_3,HOBBIES,CA,2013-11-18,3945,5.4316907,0,0,4177.0,3652.0,4087.0,4071.0,2107.0
CA_3,HOBBIES,CA,2013-11-25,3334,5.4373198,1,1,3945.0,4177.0,3652.0,4087.0,2454.0
CA_3,HOBBIES,CA,2013-12-02,4107,5.438194,7,1,3334.0,3945.0,4177.0,3652.0,2496.0
CA_3,HOBBIES,CA,2013-12-09,3745,5.438404,2,0,4107.0,3334.0,3945.0,4177.0,2793.0
CA_3,HOBBIES,CA,2013-12-16,4116,5.433643,0,0,3745.0,4107.0,3334.0,3945.0,2382.0
CA_3,HOBBIES,CA,2013-12-23,3094,5.43115,0,1,4116.0,3745.0,4107.0,3334.0,2093.0
CA_3,HOBBIES,CA,2013-12-30,3860,5.4343367,5,1,3094.0,4116.0,3745.0,4107.0,2596.0
CA_3,HOBBIES,CA,2014-01-06,3921,5.471272,5,1,3860.0,3094.0,4116.0,3745.0,2587.0
CA_3,HOBBIES,CA,2014-01-13,3805,5.496768,0,0,3921.0,3860.0,3094.0,4116.0,2532.0
CA_3,HOBBIES,CA,2014-01-20,3657,5.496509,0,1,3805.0,3921.0,3860.0,3094.0,3390.0
CA_3,HOBBIES,CA,2014-01-27,3503,5.501579,2,1,3657.0,3805.0,3921.0,3860.0,3604.0
CA_3,HOBBIES,CA,2014-02-03,3922,5.501073,7,0,3503.0,3657.0,3805.0,3921.0,2923.0
CA_3,HOBBIES,CA,2014-02-10,3377,5.505946,1,1,3922.0,3503.0,3657.0,3805.0,3739.0
CA_3,HOBBIES,CA,2014-02-17,3864,5.509009,0,1,3377.0,3922.0,3503.0,3657.0,3729.0
CA_3,HOBBIES,CA,2014-02-24,3627,5.533687,2,0,3864.0,3377.0,3922.0,3503.0,3590.0
CA_3,HOBBIES,CA,2014-03-03,3713,5.569314,7,1,3627.0,3864.0,3377.0,3922.0,2664.0
CA_3,HOBBIES,CA,2014-03-10,3593,5.5997553,1,2,3713.0,3627.0,3864.0,3377.0,3564.0
CA_3,HOBBIES,CA,2014-03-17,3394,5.6208115,0,1,3593.0,3713.0,3627.0,3864.0,3369.0
CA_3,HOBBIES,CA,2014-03-24,3424,5.617871,0,0,3394.0,3593.0,3713.0,3627.0,2572.0
CA_3,HOBBIES,CA,2014-03-31,3687,5.607514,6,0,3424.0,3394.0,3593.0,3713.0,4191.0
CA_3,HOBBIES,CA,2014-04-07,3478,5.612111,4,0,3687.0,3424.0,3394.0,3593.0,4168.0
CA_3,HOBBIES,CA,2014-04-14,3949,5.629181,0,1,3478.0,3687.0,3424.0,3394.0,4042.0
CA_3,HOBBIES,CA,2014-04-21,3524,5.607449,0,1,3949.0,3478.0,3687.0,3424.0,3548.0
CA_3,HOBBIES,CA,2014-04-28,3666,5.601386,4,0,3524.0,3949.0,3478.0,3687.0,2908.0
CA_3,HOBBIES,CA,2014-05-05,3724,5.6008143,6,2,3666.0,3524.0,3949.0,3478.0,4095.0
CA_3,HOBBIES,CA,2014-05-12,3892,5.588966,0,0,3724.0,3666.0,3524.0,3949.0,4279.0
CA_3,HOBBIES,CA,2014-05-19,3585,5.5744333,0,0,3892.0,3724.0,3666.0,3524.0,4202.0
CA_3,HOBBIES,CA,2014-05-26,3959,5.566582,1,1,3585.0,3892.0,3724.0,3666.0,4380.0
CA_3,HOBBIES,CA,2014-06-02,4013,5.549382,7,1,3959.0,3585.0,3892.0,3724.0,4590.0
CA_3,HOBBIES,CA,2014-06-09,3679,5.5561676,2,1,4013.0,3959.0,3585.0,3892.0,4015.0
CA_3,HOBBIES,CA,2014-06-16,3884,5.5559,0,0,3679.0,4013.0,3959.0,3585.0,4451.0
CA_3,HOBBIES,CA,2014-06-23,3788,5.552947,0,1,3884.0,3679.0,4013.0,3959.0,3996.0
CA_3,HOBBIES,CA,2014-06-30,4179,5.5461035,6,1,3788.0,3884.0,3679.0,4013.0,4368.0
CA_3,HOBBIES,CA,2014-07-07,3879,5.5377593,4,0,4179.0,3788.0,3884.0,3679.0,3588.0
CA_3,HOBBIES,CA,2014-07-14,3839,5.5376706,0,0,3879.0,4179.0,3788.0,3884.0,3800.0
CA_3,HOBBIES,CA,2014-07-21,3388,5.5557694,0,0,3839.0,3879.0,4179.0,3788.0,3632.0
CA_3,HOBBIES,CA,2014-07-28,3791,5.5516057,3,1,3388.0,3839.0,3879.0,4179.0,4017.0
CA_3,HOBBIES,CA,2014-08-04,3668,5.552777,7,0,3791.0,3388.0,3839.0,3879.0,3486.0
CA_3,HOBBIES,CA,2014-08-11,3725,5.551563,0,0,3668.0,3791.0,3388.0,3839.0,3800.0
CA_3,HOBBIES,CA,2014-08-18,3720,5.5574937,0,0,3725.0,3668.0,3791.0,3388.0,3977.0
CA_3,HOBBIES,CA,2014-08-25,3500,5.5535746,0,0,3720.0,3725.0,3668.0,3791.0,3789.0
CA_3,HOBBIES,CA,2014-09-01,3718,5.5448923,7,1,3500.0,3720.0,3725.0,3668.0,3071.0
CA_3,HOBBIES,CA,2014-09-08,3705,5.5495644,3,0,3718.0,3500.0,3720.0,3725.0,3663.0
CA_3,HOBBIES,CA,2014-09-15,3761,5.5522223,0,0,3705.0,3718.0,3500.0,3720.0,3967.0
CA_3,HOBBIES,CA,2014-09-22,3729,5.5497637,0,0,3761.0,3705.0,3718.0,3500.0,3965.0
CA_3,HOBBIES,CA,2014-09-29,3730,5.546992,5,1,3729.0,3761.0,3705.0,3718.0,4239.0
CA_3,HOBBIES,CA,2014-10-06,3823,5.53876,5,0,3730.0,3729.0,3761.0,3705.0,3927.0
CA_3,HOBBIES,CA,2014-10-13,3670,5.5477977,0,1,3823.0,3730.0,3729.0,3761.0,3793.0
CA_3,HOBBIES,CA,2014-10-20,4062,5.552535,0,0,3670.0,3823.0,3730.0,3729.0,4071.0
CA_3,HOBBIES,CA,2014-10-27,3812,5.55092,2,1,4062.0,3670.0,3823.0,3730.0,4087.0
CA_3,HOBBIES,CA,2014-11-03,3970,5.5476837,7,0,3812.0,4062.0,3670.0,3823.0,3652.0
CA_3,HOBBIES,CA,2014-11-10,3882,5.538892,1,1,3970.0,3812.0,4062.0,3670.0,4177.0
CA_3,HOBBIES,CA,2014-11-17,3980,5.5320687,0,0,3882.0,3970.0,3812.0,4062.0,3945.0
CA_3,HOBBIES,CA,2014-11-24,3350,5.534283,0,1,3980.0,3882.0,3970.0,3812.0,3334.0
CA_3,HOBBIES,CA,2014-12-01,4346,5.53982,7,0,3350.0,3980.0,3882.0,3970.0,4107.0
CA_3,HOBBIES,CA,2014-12-08,3531,5.54768,3,0,4346.0,3350.0,3980.0,3882.0,3745.0
CA_3,HOBBIES,CA,2014-12-15,3613,5.565282,0,0,3531.0,4346.0,3350.0,3980.0,4116.0
CA_3,HOBBIES,CA,2014-12-22,3307,5.558838,0,2,3613.0,3531.0,4346.0,3350.0,3094.0
CA_3,HOBBIES,CA,2014-12-29,3607,5.5587034,4,1,3307.0,3613.0,3531.0,4346.0,3860.0
CA_3,HOBBIES,CA,2015-01-05,3619,5.565677,6,1,3607.0,3307.0,3613.0,3531.0,3921.0
CA_3,HOBBIES,CA,2015-01-12,3723,5.5621367,0,0,3619.0,3607.0,3307.0,3613.0,3805.0
CA_3,HOBBIES,CA,2015-01-19,4172,5.559705,0,1,3723.0,3619.0,3607.0,3307.0,3657.0
CA_3,HOBBIES,CA,2015-01-26,3868,5.5638924,1,1,4172.0,3723.0,3619.0,3607.0,3503.0
CA_3,HOBBIES,CA,2015-02-02,4200,5.5711017,7,0,3868.0,4172.0,3723.0,3619.0,3922.0
CA_3,HOBBIES,CA,2015-02-09,3672,5.5713186,2,1,4200.0,3868.0,4172.0,3723.0,3377.0
CA_3,HOBBIES,CA,2015-02-16,3783,5.577186,0,2,3672.0,4200.0,3868.0,4172.0,3864.0
CA_3,HOBBIES,CA,2015-02-23,4014,5.576844,1,1,3783.0,3672.0,4200.0,3868.0,3627.0
CA_3,HOBBIES,CA,2015-03-02,4466,5.576844,7,1,4014.0,3783.0,3672.0,4200.0,3713.0
CA_3,HOBBIES,CA,2015-03-09,3967,5.579577,2,0,4466.0,4014.0,3783.0,3672.0,3593.0
CA_3,HOBBIES,CA,2015-03-16,4042,5.5863366,0,1,3967.0,4466.0,4014.0,3783.0,3394.0
CA_3,HOBBIES,CA,2015-03-23,4056,5.5862303,0,0,4042.0,3967.0,4466.0,4014.0,3424.0
CA_3,HOBBIES,CA,2015-03-30,4470,5.586407,5,1,4056.0,4042.0,3967.0,4466.0,3687.0
CA_3,HOBBIES,CA,2015-04-06,4449,5.586407,5,2,4470.0,4056.0,4042.0,3967.0,3478.0
CA_3,HOBBIES,CA,2015-04-13,3957,5.5904274,0,0,4449.0,4470.0,4056.0,4042.0,3949.0
CA_3,HOBBIES,CA,2015-04-20,4308,5.600983,0,0,3957.0,4449.0,4470.0,4056.0,3524.0
CA_3,HOBBIES,CA,2015-04-27,4085,5.602607,3,0,4308.0,3957.0,4449.0,4470.0,3666.0
CA_3,HOBBIES,CA,2015-05-04,4399,5.6031504,7,2,4085.0,4308.0,3957.0,4449.0,3724.0
CA_3,HOBBIES,CA,2015-05-11,4294,5.6020226,0,0,4399.0,4085.0,4308.0,3957.0,3892.0
CA_3,HOBBIES,CA,2015-05-18,4250,5.6005816,0,0,4294.0,4399.0,4085.0,4308.0,3585.0
CA_3,HOBBIES,CA,2015-05-25,4515,5.5984955,0,1,4250.0,4294.0,4399.0,4085.0,3959.0
CA_3,HOBBIES,CA,2015-06-01,4420,5.59713,7,1,4515.0,4250.0,4294.0,4399.0,4013.0
CA_3,HOBBIES,CA,2015-06-08,4227,5.593555,3,0,4420.0,4515.0,4250.0,4294.0,3679.0
CA_3,HOBBIES,CA,2015-06-15,4206,5.5922294,0,3,4227.0,4420.0,4515.0,4250.0,3884.0
CA_3,HOBBIES,CA,2015-06-22,3926,5.589929,0,0,4206.0,4227.0,4420.0,4515.0,3788.0
CA_3,HOBBIES,CA,2015-06-29,4690,5.5864906,5,1,3926.0,4206.0,4227.0,4420.0,4179.0
CA_3,HOBBIES,CA,2015-07-06,4012,5.580933,5,0,4690.0,3926.0,4206.0,4227.0,3879.0
CA_3,HOBBIES,CA,2015-07-13,4343,5.588531,0,1,4012.0,4690.0,3926.0,4206.0,3839.0
CA_3,HOBBIES,CA,2015-07-20,4113,5.5847387,0,0,4343.0,4012.0,4690.0,3926.0,3388.0
CA_3,HOBBIES,CA,2015-07-27,4249,5.5745435,2,0,4113.0,4343.0,4012.0,4690.0,3791.0
CA_3,HOBBIES,CA,2015-08-03,4459,5.576503,7,0,4249.0,4113.0,4343.0,4012.0,3668.0
CA_3,HOBBIES,CA,2015-08-10,4163,5.5849276,1,0,4459.0,4249.0,4113.0,4343.0,3725.0
CA_3,HOBBIES,CA,2015-08-17,4392,5.5825005,0,0,4163.0,4459.0,4249.0,4113.0,3720.0
CA_3,HOBBIES,CA,2015-08-24,4409,5.581909,0,0,4392.0,4163.0,4459.0,4249.0,3500.0
CA_3,HOBBIES,CA,2015-08-31,4597,5.5749536,6,0,4409.0,4392.0,4163.0,4459.0,3718.0
CA_3,HOBBIES,CA,2015-09-07,4268,5.562766,4,1,4597.0,4409.0,4392.0,4163.0,3705.0
CA_3,HOBBIES,CA,2015-09-14,4364,5.5725617,0,0,4268.0,4597.0,4409.0,4392.0,3761.0
CA_3,HOBBIES,CA,2015-09-21,4157,5.5803385,0,1,4364.0,4268.0,4597.0,4409.0,3729.0
CA_3,HOBBIES,CA,2015-09-28,4692,5.5827255,4,0,4157.0,4364.0,4268.0,4597.0,3730.0
CA_3,HOBBIES,CA,2015-10-05,4170,5.576243,6,0,4692.0,4157.0,4364.0,4268.0,3823.0
CA_3,HOBBIES,CA,2015-10-12,4380,5.583234,0,1,4170.0,4692.0,4157.0,4364.0,3670.0
CA_3,HOBBIES,CA,2015-10-19,4515,5.5777926,0,0,4380.0,4170.0,4692.0,4157.0,4062.0
CA_3,HOBBIES,CA,2015-10-26,4678,5.576397,1,1,4515.0,4380.0,4170.0,4692.0,3812.0
CA_3,HOBBIES,CA,2015-11-02,4404,5.574379,7,0,4678.0,4515.0,4380.0,4170.0,3970.0
CA_3,HOBBIES,CA,2015-11-09,4368,5.572215,2,1,4404.0,4678.0,4515.0,4380.0,3882.0
CA_3,HOBBIES,CA,2015-11-16,4263,5.5726194,0,0,4368.0,4404.0,4678.0,4515.0,3980.0
CA_3,HOBBIES,CA,2015-11-23,3712,5.571259,0,1,4263.0,4368.0,4404.0,4678.0,3350.0
CA_3,HOBBIES,CA,2015-11-30,4676,5.5692186,6,0,3712.0,4263.0,4368.0,4404.0,4346.0
CA_3,HOBBIES,CA,2015-12-07,4081,5.572215,4,0,4676.0,3712.0,4263.0,4368.0,3531.0
CA_3,HOBBIES,CA,2015-12-14,4549,5.5698385,0,1,4081.0,4676.0,3712.0,4263.0,3613.0
CA_3,HOBBIES,CA,2015-12-21,3771,5.5649076,0,1,4549.0,4081.0,4676.0,3712.0,3307.0
CA_3,HOBBIES,CA,2015-12-28,4084,5.5639977,3,1,3771.0,4549.0,4081.0,4676.0,3607.0
CA_3,HOBBIES,CA,2016-01-04,4312,5.5708394,7,1,4084.0,3771.0,4549.0,4081.0,3619.0
CA_3,HOBBIES,CA,2016-01-11,3908,5.570829,0,0,4312.0,4084.0,3771.0,4549.0,3723.0
CA_3,HOBBIES,CA,2016-01-18,3855,5.572842,0,1,3908.0,4312.0,4084.0,3771.0,4172.0
CA_3,HOBBIES,CA,2016-01-25,4377,5.5702353,0,0,3855.0,3908.0,4312.0,4084.0,3868.0
CA_3,HOBBIES,CA,2016-02-01,4132,5.5666547,7,1,4377.0,3855.0,3908.0,4312.0,4200.0
CA_3,HOBBIES,CA,2016-02-08,4024,5.5708494,3,2,4132.0,4377.0,3855.0,3908.0,3672.0
CA_3,HOBBIES,CA,2016-02-15,4359,5.572346,0,2,4024.0,4132.0,4377.0,3855.0,3783.0
CA_3,HOBBIES,CA,2016-02-22,4043,5.5725894,0,0,4359.0,4024.0,4132.0,4377.0,4014.0
CA_3,HOBBIES,CA,2016-02-29,4018,5.5726905,6,0,4043.0,4359.0,4024.0,4132.0,4466.0
CA_3,HOBBIES,CA,2016-03-07,4103,5.5723414,4,0,4018.0,4043.0,4359.0,4024.0,3967.0
CA_3,HOBBIES,CA,2016-03-14,4266,5.569507,0,1,4103.0,4018.0,4043.0,4359.0,4042.0
CA_3,HOBBIES,CA,2016-03-21,3876,5.564248,0,2,4266.0,4103.0,4018.0,4043.0,4056.0
CA_3,HOBBIES,CA,2016-03-28,4100,5.5634236,3,0,3876.0,4266.0,4103.0,4018.0,4470.0
CA_3,HOBBIES,CA,2016-04-04,3786,5.5638175,7,0,4100.0,3876.0,4266.0,4103.0,4449.0
CA_3,HOBBIES,CA,2016-04-11,3991,5.564425,0,0,3786.0,4100.0,3876.0,4266.0,3957.0
CA_3,HOBBIES,CA,2016-04-18,4162,5.5654364,0,0,3991.0,3786.0,4100.0,3876.0,4308.0
CA_3,HOBBIES,CA,2016-04-25,4246,5.567965,1,2,4162.0,3991.0,3786.0,4100.0,4085.0
CA_3,HOBBIES,CA,2016-05-02,4254,5.5690265,7,2,4246.0,4162.0,3991.0,3786.0,4399.0
CA_3,HOBBIES,CA,2016-05-09,3991,5.5686526,2,0,4254.0,4246.0,4162.0,3991.0,4294.0
CA_3,HOBBIES,CA,2016-05-16,4175,5.5610795,0,0,3991.0,4254.0,4246.0,4162.0,4250.0
CA_3,HOUSEHOLD,CA,2011-01-31,5221,5.619802,6,1,,,,,
CA_3,HOUSEHOLD,CA,2011-02-07,5087,5.6450653,4,0,5221.0,,,,
CA_3,HOUSEHOLD,CA,2011-02-14,5352,5.6733356,0,1,5087.0,5221.0,,,
CA_3,HOUSEHOLD,CA,2011-02-21,5815,5.671527,0,1,5352.0,5087.0,5221.0,,
CA_3,HOUSEHOLD,CA,2011-02-28,5627,5.6867223,6,0,5815.0,5352.0,5087.0,5221.0,
CA_3,HOUSEHOLD,CA,2011-03-07,5701,5.689016,4,1,5627.0,5815.0,5352.0,5087.0,
CA_3,HOUSEHOLD,CA,2011-03-14,6294,5.6926293,0,3,5701.0,5627.0,5815.0,5352.0,
CA_3,HOUSEHOLD,CA,2011-03-21,5584,5.6680818,0,0,6294.0,5701.0,5627.0,5815.0,
CA_3,HOUSEHOLD,CA,2011-03-28,5511,5.660254,3,0,5584.0,6294.0,5701.0,5627.0,
CA_3,HOUSEHOLD,CA,2011-04-04,5845,5.6398816,7,0,5511.0,5584.0,6294.0,5701.0,
CA_3,HOUSEHOLD,CA,2011-04-11,5734,5.6201186,0,0,5845.0,5511.0,5584.0,6294.0,
CA_3,HOUSEHOLD,CA,2011-04-18,5498,5.6234546,0,1,5734.0,5845.0,5511.0,5584.0,
CA_3,HOUSEHOLD,CA,2011-04-25,5338,5.6213126,1,1,5498.0,5734.0,5845.0,5511.0,
CA_3,HOUSEHOLD,CA,2011-05-02,5607,5.6268835,7,2,5338.0,5498.0,5734.0,5845.0,
CA_3,HOUSEHOLD,CA,2011-05-09,5844,5.6173406,2,0,5607.0,5338.0,5498.0,5734.0,
CA_3,HOUSEHOLD,CA,2011-05-16,5543,5.609002,0,0,5844.0,5607.0,5338.0,5498.0,
CA_3,HOUSEHOLD,CA,2011-05-23,5124,5.6028237,0,0,5543.0,5844.0,5607.0,5338.0,
CA_3,HOUSEHOLD,CA,2011-05-30,6651,5.590535,5,2,5124.0,5543.0,5844.0,5607.0,
CA_3,HOUSEHOLD,CA,2011-06-06,6127,5.574261,5,1,6651.0,5124.0,5543.0,5844.0,
CA_3,HOUSEHOLD,CA,2011-06-13,6115,5.5630836,0,1,6127.0,6651.0,5124.0,5543.0,
CA_3,HOUSEHOLD,CA,2011-06-20,6028,5.555552,0,0,6115.0,6127.0,6651.0,5124.0,
CA_3,HOUSEHOLD,CA,2011-06-27,6140,5.5530367,3,0,6028.0,6115.0,6127.0,6651.0,
CA_3,HOUSEHOLD,CA,2011-07-04,6746,5.5722375,7,1,6140.0,6028.0,6115.0,6127.0,
CA_3,HOUSEHOLD,CA,2011-07-11,6457,5.582459,0,0,6746.0,6140.0,6028.0,6115.0,
CA_3,HOUSEHOLD,CA,2011-07-18,6512,5.5658836,0,0,6457.0,6746.0,6140.0,6028.0,
CA_3,HOUSEHOLD,CA,2011-07-25,6604,5.547127,0,0,6512.0,6457.0,6746.0,6140.0,
CA_3,HOUSEHOLD,CA,2011-08-01,7586,5.545513,7,1,6604.0,6512.0,6457.0,6746.0,
CA_3,HOUSEHOLD,CA,2011-08-08,7074,5.545222,3,0,7586.0,6604.0,6512.0,6457.0,
CA_3,HOUSEHOLD,CA,2011-08-15,7919,5.553022,0,0,7074.0,7586.0,6604.0,6512.0,
CA_3,HOUSEHOLD,CA,2011-08-22,7147,5.559131,0,0,7919.0,7074.0,7586.0,6604.0,
CA_3,HOUSEHOLD,CA,2011-08-29,7136,5.556758,4,1,7147.0,7919.0,7074.0,7586.0,
CA_3,HOUSEHOLD,CA,2011-09-05,8011,5.555448,6,1,7136.0,7147.0,7919.0,7074.0,
CA_3,HOUSEHOLD,CA,2011-09-12,7016,5.5442634,0,0,8011.0,7136.0,7147.0,7919.0,
CA_3,HOUSEHOLD,CA,2011-09-19,7210,5.5324016,0,0,7016.0,8011.0,7136.0,7147.0,
CA_3,HOUSEHOLD,CA,2011-09-26,7185,5.5311403,2,0,7210.0,7016.0,8011.0,7136.0,
CA_3,HOUSEHOLD,CA,2011-10-03,7297,5.534064,7,0,7185.0,7210.0,7016.0,8011.0,
CA_3,HOUSEHOLD,CA,2011-10-10,7386,5.5331206,1,1,7297.0,7185.0,7210.0,7016.0,
CA_3,HOUSEHOLD,CA,2011-10-17,7233,5.5251365,0,0,7386.0,7297.0,7185.0,7210.0,
CA_3,HOUSEHOLD,CA,2011-10-24,6960,5.519417,0,0,7233.0,7386.0,7297.0,7185.0,
CA_3,HOUSEHOLD,CA,2011-10-31,7416,5.520289,6,1,6960.0,7233.0,7386.0,7297.0,
CA_3,HOUSEHOLD,CA,2011-11-07,6996,5.5158486,4,2,7416.0,6960.0,7233.0,7386.0,
CA_3,HOUSEHOLD,CA,2011-11-14,6913,5.5049577,0,0,6996.0,7416.0,6960.0,7233.0,
CA_3,HOUSEHOLD,CA,2011-11-21,6077,5.5029078,0,1,6913.0,6996.0,7416.0,6960.0,
CA_3,HOUSEHOLD,CA,2011-11-28,6555,5.4991846,4,0,6077.0,6913.0,6996.0,7416.0,
CA_3,HOUSEHOLD,CA,2011-12-05,6518,5.4996467,6,0,6555.0,6077.0,6913.0,6996.0,
CA_3,HOUSEHOLD,CA,2011-12-12,6291,5.506583,0,0,6518.0,6555.0,6077.0,6913.0,
CA_3,HOUSEHOLD,CA,2011-12-19,4831,5.507113,0,1,6291.0,6518.0,6555.0,6077.0,
CA_3,HOUSEHOLD,CA,2011-12-26,6664,5.5004926,1,2,4831.0,6291.0,6518.0,6555.0,
CA_3,HOUSEHOLD,CA,2012-01-02,7319,5.4969125,7,1,6664.0,4831.0,6291.0,6518.0,
CA_3,HOUSEHOLD,CA,2012-01-09,6884,5.4921536,2,0,7319.0,6664.0,4831.0,6291.0,
CA_3,HOUSEHOLD,CA,2012-01-16,6626,5.5024176,0,1,6884.0,7319.0,6664.0,4831.0,
CA_3,HOUSEHOLD,CA,2012-01-23,6263,5.5243797,0,0,6626.0,6884.0,7319.0,6664.0,
CA_3,HOUSEHOLD,CA,2012-01-30,7586,5.5565443,5,1,6263.0,6626.0,6884.0,7319.0,5221.0
CA_3,HOUSEHOLD,CA,2012-02-06,7853,5.5848336,5,0,7586.0,6263.0,6626.0,6884.0,5087.0
CA_3,HOUSEHOLD,CA,2012-02-13,7267,5.595218,0,1,7853.0,7586.0,6263.0,6626.0,5352.0
CA_3,HOUSEHOLD,CA,2012-02-20,7861,5.5900187,0,2,7267.0,7853.0,7586.0,6263.0,5815.0
CA_3,HOUSEHOLD,CA,2012-02-27,7840,5.6079755,4,1,7861.0,7267.0,7853.0,7586.0,5627.0
CA_3,HOUSEHOLD,CA,2012-03-05,7976,5.624602,6,1,7840.0,7861.0,7267.0,7853.0,5701.0
CA_3,HOUSEHOLD,CA,2012-03-12,7710,5.6147966,0,1,7976.0,7840.0,7861.0,7267.0,6294.0
CA_3,HOUSEHOLD,CA,2012-03-19,7455,5.6136427,0,0,7710.0,7976.0,7840.0,7861.0,5584.0
CA_3,HOUSEHOLD,CA,2012-03-26,7121,5.6115036,1,0,7455.0,7710.0,7976.0,7840.0,5511.0
CA_3,HOUSEHOLD,CA,2012-04-02,7309,5.601101,7,1,7121.0,7455.0,7710.0,7976.0,5845.0
CA_3,HOUSEHOLD,CA,2012-04-09,7222,5.5974884,2,2,7309.0,7121.0,7455.0,7710.0,5734.0
CA_3,HOUSEHOLD,CA,2012-04-16,6910,5.5900106,0,0,7222.0,7309.0,7121.0,7455.0,5498.0
CA_3,HOUSEHOLD,CA,2012-04-23,6523,5.578228,0,0,6910.0,7222.0,7309.0,7121.0,5338.0
CA_3,HOUSEHOLD,CA,2012-04-30,6682,5.5729823,6,1,6523.0,6910.0,7222.0,7309.0,5607.0
CA_3,HOUSEHOLD,CA,2012-05-07,6187,5.5716224,4,1,6682.0,6523.0,6910.0,7222.0,5844.0
CA_3,HOUSEHOLD,CA,2012-05-14,6756,5.568673,0,0,6187.0,6682.0,6523.0,6910.0,5543.0
CA_3,HOUSEHOLD,CA,2012-05-21,6654,5.5523696,0,0,6756.0,6187.0,6682.0,6523.0,5124.0
CA_3,HOUSEHOLD,CA,2012-05-28,8188,5.517384,3,1,6654.0,6756.0,6187.0,6682.0,6651.0
CA_3,HOUSEHOLD,CA,2012-06-04,7407,5.511954,7,0,8188.0,6654.0,6756.0,6187.0,6127.0
CA_3,HOUSEHOLD,CA,2012-06-11,9392,5.503839,0,2,7407.0,8188.0,6654.0,6756.0,6115.0
CA_3,HOUSEHOLD,CA,2012-06-18,9464,5.501086,0,1,9392.0,7407.0,8188.0,6654.0,6028.0
CA_3,HOUSEHOLD,CA,2012-06-25,8771,5.499751,1,0,9464.0,9392.0,7407.0,8188.0,6140.0
CA_3,HOUSEHOLD,CA,2012-07-02,8726,5.497993,7,1,8771.0,9464.0,9392.0,7407.0,6746.0
CA_3,HOUSEHOLD,CA,2012-07-09,9023,5.4924035,2,0,8726.0,8771.0,9464.0,9392.0,6457.0
CA_3,HOUSEHOLD,CA,2012-07-16,8888,5.487941,0,1,9023.0,8726.0,8771.0,9464.0,6512.0
CA_3,HOUSEHOLD,CA,2012-07-23,8819,5.482849,0,0,8888.0,9023.0,8726.0,8771.0,6604.0
CA_3,HOUSEHOLD,CA,2012-07-30,9521,5.4880853,5,0,8819.0,8888.0,9023.0,8726.0,7586.0
CA_3,HOUSEHOLD,CA,2012-08-06,10587,5.5190663,5,0,9521.0,8819.0,8888.0,9023.0,7074.0
CA_3,HOUSEHOLD,CA,2012-08-13,10014,5.5416274,0,1,10587.0,9521.0,8819.0,8888.0,7919.0
CA_3,HOUSEHOLD,CA,2012-08-20,9728,5.540104,0,0,10014.0,10587.0,9521.0,8819.0,7147.0
CA_3,HOUSEHOLD,CA,2012-08-27,10057,5.541564,2,0,9728.0,10014.0,10587.0,9521.0,7136.0
CA_3,HOUSEHOLD,CA,2012-09-03,11288,5.543949,7,1,10057.0,9728.0,10014.0,10587.0,8011.0
CA_3,HOUSEHOLD,CA,2012-09-10,10505,5.5448027,1,0,11288.0,10057.0,9728.0,10014.0,7016.0
CA_3,HOUSEHOLD,CA,2012-09-17,10489,5.542156,0,0,10505.0,11288.0,10057.0,9728.0,7210.0
CA_3,HOUSEHOLD,CA,2012-09-24,9964,5.5366983,0,0,10489.0,10505.0,11288.0,10057.0,7185.0
CA_3,HOUSEHOLD,CA,2012-10-01,10909,5.5431542,7,0,9964.0,10489.0,10505.0,11288.0,7297.0
CA_3,HOUSEHOLD,CA,2012-10-08,10375,5.543672,3,1,10909.0,9964.0,10489.0,10505.0,7386.0
CA_3,HOUSEHOLD,CA,2012-10-15,10160,5.5432143,0,0,10375.0,10909.0,9964.0,10489.0,7233.0
CA_3,HOUSEHOLD,CA,2012-10-22,9593,5.546485,0,1,10160.0,10375.0,10909.0,9964.0,6960.0
CA_3,HOUSEHOLD,CA,2012-10-29,9797,5.546765,4,1,9593.0,10160.0,10375.0,10909.0,7416.0
CA_3,HOUSEHOLD,CA,2012-11-05,9401,5.5399866,6,1,9797.0,9593.0,10160.0,10375.0,6996.0
CA_3,HOUSEHOLD,CA,2012-11-12,8999,5.5265365,0,0,9401.0,9797.0,9593.0,10160.0,6913.0
CA_3,HOUSEHOLD,CA,2012-11-19,8401,5.520054,0,1,8999.0,9401.0,9797.0,9593.0,6077.0
CA_3,HOUSEHOLD,CA,2012-11-26,9124,5.523059,2,0,8401.0,8999.0,9401.0,9797.0,6555.0
CA_3,HOUSEHOLD,CA,2012-12-03,8800,5.524929,7,0,9124.0,8401.0,8999.0,9401.0,6518.0
CA_3,HOUSEHOLD,CA,2012-12-10,8275,5.522138,1,1,8800.0,9124.0,8401.0,8999.0,6291.0
CA_3,HOUSEHOLD,CA,2012-12-17,8733,5.52571,0,0,8275.0,8800.0,9124.0,8401.0,4831.0
CA_3,HOUSEHOLD,CA,2012-12-24,9008,5.5244956,0,1,8733.0,8275.0,8800.0,9124.0,6664.0
CA_3,HOUSEHOLD,CA,2012-12-31,8657,5.519553,6,1,9008.0,8733.0,8275.0,8800.0,7319.0
CA_3,HOUSEHOLD,CA,2013-01-07,7791,5.513469,4,1,8657.0,9008.0,8733.0,8275.0,6884.0
CA_3,HOUSEHOLD,CA,2013-01-14,8389,5.510213,0,0,7791.0,8657.0,9008.0,8733.0,6626.0
CA_3,HOUSEHOLD,CA,2013-01-21,8668,5.4926896,0,1,8389.0,7791.0,8657.0,9008.0,6263.0
CA_3,HOUSEHOLD,CA,2013-01-28,8589,5.480758,3,1,8668.0,8389.0,7791.0,8657.0,7586.0
CA_3,HOUSEHOLD,CA,2013-02-04,8148,5.486731,7,0,8589.0,8668.0,8389.0,7791.0,7853.0
CA_3,HOUSEHOLD,CA,2013-02-11,10051,5.4678493,0,2,8148.0,8589.0,8668.0,8389.0,7267.0
CA_3,HOUSEHOLD,CA,2013-02-18,10334,5.4399753,0,3,10051.0,8148.0,8589.0,8668.0,7861.0
CA_3,HOUSEHOLD,CA,2013-02-25,11190,5.426885,3,0,10334.0,10051.0,8148.0,8589.0,7840.0
CA_3,HOUSEHOLD,CA,2013-03-04,9880,5.4290233,7,0,11190.0,10334.0,10051.0,8148.0,7976.0
CA_3,HOUSEHOLD,CA,2013-03-11,10467,5.4237823,0,1,9880.0,11190.0,10334.0,10051.0,7710.0
CA_3,HOUSEHOLD,CA,2013-03-18,10532,5.420215,0,0,10467.0,9880.0,11190.0,10334.0,7455.0
CA_3,HOUSEHOLD,CA,2013-03-25,10210,5.4169126,0,1,10532.0,10467.0,9880.0,11190.0,7121.0
CA_3,HOUSEHOLD,CA,2013-04-01,11733,5.4111342,7,1,10210.0,10532.0,10467.0,9880.0,7309.0
CA_3,HOUSEHOLD,CA,2013-04-08,11589,5.4084487,3,0,11733.0,10210.0,10532.0,10467.0,7222.0
CA_3,HOUSEHOLD,CA,2013-04-15,11319,5.3982825,0,0,11589.0,11733.0,10210.0,10532.0,6910.0
CA_3,HOUSEHOLD,CA,2013-04-22,10862,5.3984604,0,0,11319.0,11589.0,11733.0,10210.0,6523.0
CA_3,HOUSEHOLD,CA,2013-04-29,11053,5.4035425,5,1,10862.0,11319.0,11589.0,11733.0,6682.0
CA_3,HOUSEHOLD,CA,2013-05-06,10993,5.395049,5,1,11053.0,10862.0,11319.0,11589.0,6187.0
CA_3,HOUSEHOLD,CA,2013-05-13,11530,5.3869286,0,0,10993.0,11053.0,10862.0,11319.0,6756.0
CA_3,HOUSEHOLD,CA,2013-05-20,10706,5.383085,0,0,11530.0,10993.0,11053.0,10862.0,6654.0
CA_3,HOUSEHOLD,CA,2013-05-27,11302,5.379662,2,1,10706.0,11530.0,10993.0,11053.0,8188.0
CA_3,HOUSEHOLD,CA,2013-06-03,11556,5.379058,7,1,11302.0,10706.0,11530.0,10993.0,7407.0
CA_3,HOUSEHOLD,CA,2013-06-10,11086,5.3807817,1,1,11556.0,11302.0,10706.0,11530.0,9392.0
CA_3,HOUSEHOLD,CA,2013-06-17,11667,5.38189,0,1,11086.0,11556.0,11302.0,10706.0,9464.0
CA_3,HOUSEHOLD,CA,2013-06-24,10804,5.3819385,0,0,11667.0,11086.0,11556.0,11302.0,8771.0
CA_3,HOUSEHOLD,CA,2013-07-01,11814,5.3828917,7,1,10804.0,11667.0,11086.0,11556.0,8726.0
CA_3,HOUSEHOLD,CA,2013-07-08,12043,5.3807626,3,1,11814.0,10804.0,11667.0,11086.0,9023.0
CA_3,HOUSEHOLD,CA,2013-07-15,11804,5.3709297,0,0,12043.0,11814.0,10804.0,11667.0,8888.0
CA_3,HOUSEHOLD,CA,2013-07-22,11492,5.356588,0,0,11804.0,12043.0,11814.0,10804.0,8819.0
CA_3,HOUSEHOLD,CA,2013-07-29,10970,5.360823,4,0,11492.0,11804.0,12043.0,11814.0,9521.0
CA_3,HOUSEHOLD,CA,2013-08-05,12141,5.3597527,6,1,10970.0,11492.0,11804.0,12043.0,10587.0
CA_3,HOUSEHOLD,CA,2013-08-12,11559,5.3561697,0,0,12141.0,10970.0,11492.0,11804.0,10014.0
CA_3,HOUSEHOLD,CA,2013-08-19,11965,5.34985,0,0,11559.0,12141.0,10970.0,11492.0,9728.0
CA_3,HOUSEHOLD,CA,2013-08-26,11639,5.3442755,1,0,11965.0,11559.0,12141.0,10970.0,10057.0
CA_3,HOUSEHOLD,CA,2013-09-02,12567,5.337081,7,1,11639.0,11965.0,11559.0,12141.0,11288.0
CA_3,HOUSEHOLD,CA,2013-09-09,11966,5.3368936,2,0,12567.0,11639.0,11965.0,11559.0,10505.0
CA_3,HOUSEHOLD,CA,2013-09-16,12974,5.3336225,0,0,11966.0,12567.0,11639.0,11965.0,10489.0
CA_3,HOUSEHOLD,CA,2013-09-23,11736,5.329875,0,0,12974.0,11966.0,12567.0,11639.0,9964.0
CA_3,HOUSEHOLD,CA,2013-09-30,12559,5.32832,6,0,11736.0,12974.0,11966.0,12567.0,10909.0
CA_3,HOUSEHOLD,CA,2013-10-07,11536,5.3271585,4,0,12559.0,11736.0,12974.0,11966.0,10375.0
CA_3,HOUSEHOLD,CA,2013-10-14,11514,5.329575,0,2,11536.0,12559.0,11736.0,12974.0,10160.0
CA_3,HOUSEHOLD,CA,2013-10-21,11263,5.3316464,0,0,11514.0,11536.0,12559.0,11736.0,9593.0
CA_3,HOUSEHOLD,CA,2013-10-28,11330,5.3307676,3,1,11263.0,11514.0,11536.0,12559.0,9797.0
CA_3,HOUSEHOLD,CA,2013-11-04,10970,5.331582,7,0,11330.0,11263.0,11514.0,11536.0,9401.0
CA_3,HOUSEHOLD,CA,2013-11-11,10792,5.3316846,0,1,10970.0,11330.0,11263.0,11514.0,8999.0
CA_3,HOUSEHOLD,CA,2013-11-18,10152,5.3324113,0,0,10792.0,10970.0,11330.0,11263.0,8401.0
CA_3,HOUSEHOLD,CA,2013-11-25,9434,5.3344793,1,1,10152.0,10792.0,10970.0,11330.0,9124.0
CA_3,HOUSEHOLD,CA,2013-12-02,10304,5.3372693,7,1,9434.0,10152.0,10792.0,10970.0,8800.0
CA_3,HOUSEHOLD,CA,2013-12-09,9499,5.337404,2,0,10304.0,9434.0,10152.0,10792.0,8275.0
CA_3,HOUSEHOLD,CA,2013-12-16,9260,5.3372574,0,0,9499.0,10304.0,9434.0,10152.0,8733.0
CA_3,HOUSEHOLD,CA,2013-12-23,8510,5.341611,0,1,9260.0,9499.0,10304.0,9434.0,9008.0
CA_3,HOUSEHOLD,CA,2013-12-30,9671,5.3378897,5,1,8510.0,9260.0,9499.0,10304.0,8657.0
CA_3,HOUSEHOLD,CA,2014-01-06,9768,5.336404,5,1,9671.0,8510.0,9260.0,9499.0,7791.0
CA_3,HOUSEHOLD,CA,2014-01-13,9599,5.339756,0,0,9768.0,9671.0,8510.0,9260.0,8389.0
CA_3,HOUSEHOLD,CA,2014-01-20,10222,5.348653,0,1,9599.0,9768.0,9671.0,8510.0,8668.0
CA_3,HOUSEHOLD,CA,2014-01-27,9294,5.354221,2,1,10222.0,9599.0,9768.0,9671.0,8589.0
CA_3,HOUSEHOLD,CA,2014-02-03,10853,5.360862,7,0,9294.0,10222.0,9599.0,9768.0,8148.0
CA_3,HOUSEHOLD,CA,2014-02-10,10371,5.3750854,1,1,10853.0,9294.0,10222.0,9599.0,10051.0
CA_3,HOUSEHOLD,CA,2014-02-17,11319,5.3996825,0,1,10371.0,10853.0,9294.0,10222.0,10334.0
CA_3,HOUSEHOLD,CA,2014-02-24,10331,5.4355497,2,0,11319.0,10371.0,10853.0,9294.0,11190.0
CA_3,HOUSEHOLD,CA,2014-03-03,10051,5.425851,7,1,10331.0,11319.0,10371.0,10853.0,9880.0
CA_3,HOUSEHOLD,CA,2014-03-10,10879,5.427119,1,2,10051.0,10331.0,11319.0,10371.0,10467.0
CA_3,HOUSEHOLD,CA,2014-03-17,10027,5.424713,0,1,10879.0,10051.0,10331.0,11319.0,10532.0
CA_3,HOUSEHOLD,CA,2014-03-24,9754,5.425347,0,0,10027.0,10879.0,10051.0,10331.0,10210.0
CA_3,HOUSEHOLD,CA,2014-03-31,11200,5.4263873,6,0,9754.0,10027.0,10879.0,10051.0,11733.0
CA_3,HOUSEHOLD,CA,2014-04-07,11079,5.4245925,4,0,11200.0,9754.0,10027.0,10879.0,11589.0
CA_3,HOUSEHOLD,CA,2014-04-14,10444,5.4230094,0,1,11079.0,11200.0,9754.0,10027.0,11319.0
CA_3,HOUSEHOLD,CA,2014-04-21,10852,5.418505,0,1,10444.0,11079.0,11200.0,9754.0,10862.0
CA_3,HOUSEHOLD,CA,2014-04-28,11014,5.4236593,4,0,10852.0,10444.0,11079.0,11200.0,11053.0
CA_3,HOUSEHOLD,CA,2014-05-05,10229,5.441849,6,2,11014.0,10852.0,10444.0,11079.0,10993.0
CA_3,HOUSEHOLD,CA,2014-05-12,10739,5.434459,0,0,10229.0,11014.0,10852.0,10444.0,11530.0
CA_3,HOUSEHOLD,CA,2014-05-19,9955,5.4271502,0,0,10739.0,10229.0,11014.0,10852.0,10706.0
CA_3,HOUSEHOLD,CA,2014-05-26,10921,5.42195,1,1,9955.0,10739.0,10229.0,11014.0,11302.0
CA_3,HOUSEHOLD,CA,2014-06-02,11322,5.424427,7,1,10921.0,9955.0,10739.0,10229.0,11556.0
CA_3,HOUSEHOLD,CA,2014-06-09,10420,5.421012,2,1,11322.0,10921.0,9955.0,10739.0,11086.0
CA_3,HOUSEHOLD,CA,2014-06-16,11335,5.4319296,0,0,10420.0,11322.0,10921.0,9955.0,11667.0
CA_3,HOUSEHOLD,CA,2014-06-23,10910,5.4323034,0,1,11335.0,10420.0,11322.0,10921.0,10804.0
CA_3,HOUSEHOLD,CA,2014-06-30,11772,5.4255776,6,1,10910.0,11335.0,10420.0,11322.0,11814.0
CA_3,HOUSEHOLD,CA,2014-07-07,11679,5.425908,4,0,11772.0,10910.0,11335.0,10420.0,12043.0
CA_3,HOUSEHOLD,CA,2014-07-14,11550,5.424329,0,0,11679.0,11772.0,10910.0,11335.0,11804.0
CA_3,HOUSEHOLD,CA,2014-07-21,12102,5.4168625,0,0,11550.0,11679.0,11772.0,10910.0,11492.0
CA_3,HOUSEHOLD,CA,2014-07-28,12499,5.4098687,3,1,12102.0,11550.0,11679.0,11772.0,10970.0
CA_3,HOUSEHOLD,CA,2014-08-04,12402,5.400246,7,0,12499.0,12102.0,11550.0,11679.0,12141.0
CA_3,HOUSEHOLD,CA,2014-08-11,12285,5.400107,0,0,12402.0,12499.0,12102.0,11550.0,11559.0
CA_3,HOUSEHOLD,CA,2014-08-18,13403,5.399947,0,0,12285.0,12402.0,12499.0,12102.0,11965.0
CA_3,HOUSEHOLD,CA,2014-08-25,11828,5.397015,0,0,13403.0,12285.0,12402.0,12499.0,11639.0
CA_3,HOUSEHOLD,CA,2014-09-01,12863,5.396515,7,1,11828.0,13403.0,12285.0,12402.0,12567.0
CA_3,HOUSEHOLD,CA,2014-09-08,11815,5.4016085,3,0,12863.0,11828.0,13403.0,12285.0,11966.0
CA_3,HOUSEHOLD,CA,2014-09-15,12205,5.4064307,0,0,11815.0,12863.0,11828.0,13403.0,12974.0
CA_3,HOUSEHOLD,CA,2014-09-22,12253,5.403783,0,0,12205.0,11815.0,12863.0,11828.0,11736.0
CA_3,HOUSEHOLD,CA,2014-09-29,12881,5.4112105,5,1,12253.0,12205.0,11815.0,12863.0,12559.0
CA_3,HOUSEHOLD,CA,2014-10-06,12107,5.420111,5,0,12881.0,12253.0,12205.0,11815.0,11536.0
CA_3,HOUSEHOLD,CA,2014-10-13,11848,5.4188614,0,1,12107.0,12881.0,12253.0,12205.0,11514.0
CA_3,HOUSEHOLD,CA,2014-10-20,11175,5.4121165,0,0,11848.0,12107.0,12881.0,12253.0,11263.0
CA_3,HOUSEHOLD,CA,2014-10-27,10573,5.4067693,2,1,11175.0,11848.0,12107.0,12881.0,11330.0
CA_3,HOUSEHOLD,CA,2014-11-03,11985,5.406939,7,0,10573.0,11175.0,11848.0,12107.0,10970.0
CA_3,HOUSEHOLD,CA,2014-11-10,10498,5.4083734,1,1,11985.0,10573.0,11175.0,11848.0,10792.0
CA_3,HOUSEHOLD,CA,2014-11-17,10971,5.407876,0,0,10498.0,11985.0,10573.0,11175.0,10152.0
CA_3,HOUSEHOLD,CA,2014-11-24,9858,5.40809,0,1,10971.0,10498.0,11985.0,10573.0,9434.0
CA_3,HOUSEHOLD,CA,2014-12-01,11060,5.4062653,7,0,9858.0,10971.0,10498.0,11985.0,10304.0
CA_3,HOUSEHOLD,CA,2014-12-08,9440,5.4051666,3,0,11060.0,9858.0,10971.0,10498.0,9499.0
CA_3,HOUSEHOLD,CA,2014-12-15,8808,5.400352,0,0,9440.0,11060.0,9858.0,10971.0,9260.0
CA_3,HOUSEHOLD,CA,2014-12-22,8480,5.389933,0,2,8808.0,9440.0,11060.0,9858.0,8510.0
CA_3,HOUSEHOLD,CA,2014-12-29,10079,5.3857994,4,1,8480.0,8808.0,9440.0,11060.0,9671.0
CA_3,HOUSEHOLD,CA,2015-01-05,9265,5.3894615,6,1,10079.0,8480.0,8808.0,9440.0,9768.0
CA_3,HOUSEHOLD,CA,2015-01-12,10238,5.3920608,0,0,9265.0,10079.0,8480.0,8808.0,9599.0
CA_3,HOUSEHOLD,CA,2015-01-19,11232,5.395555,0,1,10238.0,9265.0,10079.0,8480.0,10222.0
CA_3,HOUSEHOLD,CA,2015-01-26,10782,5.3969407,1,1,11232.0,10238.0,9265.0,10079.0,9294.0
CA_3,HOUSEHOLD,CA,2015-02-02,12303,5.40118,7,0,10782.0,11232.0,10238.0,9265.0,10853.0
CA_3,HOUSEHOLD,CA,2015-02-09,11639,5.4020705,2,1,12303.0,10782.0,11232.0,10238.0,10371.0
CA_3,HOUSEHOLD,CA,2015-02-16,11730,5.4024043,0,2,11639.0,12303.0,10782.0,11232.0,11319.0
CA_3,HOUSEHOLD,CA,2015-02-23,12269,5.403579,1,1,11730.0,11639.0,12303.0,10782.0,10331.0
CA_3,HOUSEHOLD,CA,2015-03-02,11353,5.4050136,7,1,12269.0,11730.0,11639.0,12303.0,10051.0
CA_3,HOUSEHOLD,CA,2015-03-09,12757,5.4057164,2,0,11353.0,12269.0,11730.0,11639.0,10879.0
CA_3,HOUSEHOLD,CA,2015-03-16,11910,5.4158773,0,1,12757.0,11353.0,12269.0,11730.0,10027.0
CA_3,HOUSEHOLD,CA,2015-03-23,11874,5.4363875,0,0,11910.0,12757.0,11353.0,12269.0,9754.0
CA_3,HOUSEHOLD,CA,2015-03-30,12782,5.442603,5,1,11874.0,11910.0,12757.0,11353.0,11200.0
CA_3,HOUSEHOLD,CA,2015-04-06,12986,5.4537444,5,2,12782.0,11874.0,11910.0,12757.0,11079.0
CA_3,HOUSEHOLD,CA,2015-04-13,11672,5.4535103,0,0,12986.0,12782.0,11874.0,11910.0,10444.0
CA_3,HOUSEHOLD,CA,2015-04-20,12304,5.4575534,0,0,11672.0,12986.0,12782.0,11874.0,10852.0
CA_3,HOUSEHOLD,CA,2015-04-27,11482,5.4568253,3,0,12304.0,11672.0,12986.0,12782.0,11014.0
CA_3,HOUSEHOLD,CA,2015-05-04,11725,5.4543233,7,2,11482.0,12304.0,11672.0,12986.0,10229.0
CA_3,HOUSEHOLD,CA,2015-05-11,12828,5.45266,0,0,11725.0,11482.0,12304.0,11672.0,10739.0
CA_3,HOUSEHOLD,CA,2015-05-18,11823,5.4537387,0,0,12828.0,11725.0,11482.0,12304.0,9955.0
CA_3,HOUSEHOLD,CA,2015-05-25,13311,5.455003,0,1,11823.0,12828.0,11725.0,11482.0,10921.0
CA_3,HOUSEHOLD,CA,2015-06-01,13113,5.4543543,7,1,13311.0,11823.0,12828.0,11725.0,11322.0
CA_3,HOUSEHOLD,CA,2015-06-08,12482,5.454142,3,0,13113.0,13311.0,11823.0,12828.0,10420.0
CA_3,HOUSEHOLD,CA,2015-06-15,11455,5.455936,0,3,12482.0,13113.0,13311.0,11823.0,11335.0
CA_3,HOUSEHOLD,CA,2015-06-22,12141,5.457356,0,0,11455.0,12482.0,13113.0,13311.0,10910.0
CA_3,HOUSEHOLD,CA,2015-06-29,13401,5.458782,5,1,12141.0,11455.0,12482.0,13113.0,11772.0
CA_3,HOUSEHOLD,CA,2015-07-06,12607,5.4578285,5,0,13401.0,12141.0,11455.0,12482.0,11679.0
CA_3,HOUSEHOLD,CA,2015-07-13,13280,5.4574714,0,1,12607.0,13401.0,12141.0,11455.0,11550.0
CA_3,HOUSEHOLD,CA,2015-07-20,13127,5.4589396,0,0,13280.0,12607.0,13401.0,12141.0,12102.0
CA_3,HOUSEHOLD,CA,2015-07-27,13745,5.453102,2,0,13127.0,13280.0,12607.0,13401.0,12499.0
CA_3,HOUSEHOLD,CA,2015-08-03,14397,5.451928,7,0,13745.0,13127.0,13280.0,12607.0,12402.0
CA_3,HOUSEHOLD,CA,2015-08-10,14487,5.454304,1,0,14397.0,13745.0,13127.0,13280.0,12285.0
CA_3,HOUSEHOLD,CA,2015-08-17,15095,5.4505954,0,0,14487.0,14397.0,13745.0,13127.0,13403.0
CA_3,HOUSEHOLD,CA,2015-08-24,13539,5.4474597,0,0,15095.0,14487.0,14397.0,13745.0,11828.0
CA_3,HOUSEHOLD,CA,2015-08-31,12845,5.4470143,6,0,13539.0,15095.0,14487.0,14397.0,12863.0
CA_3,HOUSEHOLD,CA,2015-09-07,14217,5.447647,4,1,12845.0,13539.0,15095.0,14487.0,11815.0
CA_3,HOUSEHOLD,CA,2015-09-14,12869,5.4529734,0,0,14217.0,12845.0,13539.0,15095.0,12205.0
CA_3,HOUSEHOLD,CA,2015-09-21,12703,5.456365,0,1,12869.0,14217.0,12845.0,13539.0,12253.0
CA_3,HOUSEHOLD,CA,2015-09-28,13029,5.4582334,4,0,12703.0,12869.0,14217.0,12845.0,12881.0
CA_3,HOUSEHOLD,CA,2015-10-05,12377,5.4572344,6,0,13029.0,12703.0,12869.0,14217.0,12107.0
CA_3,HOUSEHOLD,CA,2015-10-12,12406,5.4566727,0,1,12377.0,13029.0,12703.0,12869.0,11848.0
CA_3,HOUSEHOLD,CA,2015-10-19,11364,5.455148,0,0,12406.0,12377.0,13029.0,12703.0,11175.0
CA_3,HOUSEHOLD,CA,2015-10-26,11924,5.455996,1,1,11364.0,12406.0,12377.0,13029.0,10573.0
CA_3,HOUSEHOLD,CA,2015-11-02,12356,5.458325,7,0,11924.0,11364.0,12406.0,12377.0,11985.0
CA_3,HOUSEHOLD,CA,2015-11-09,11009,5.4610443,2,1,12356.0,11924.0,11364.0,12406.0,10498.0
CA_3,HOUSEHOLD,CA,2015-11-16,10525,5.4662423,0,0,11009.0,12356.0,11924.0,11364.0,10971.0
CA_3,HOUSEHOLD,CA,2015-11-23,9795,5.4668107,0,1,10525.0,11009.0,12356.0,11924.0,9858.0
CA_3,HOUSEHOLD,CA,2015-11-30,11742,5.469673,6,0,9795.0,10525.0,11009.0,12356.0,11060.0
CA_3,HOUSEHOLD,CA,2015-12-07,10420,5.4693055,4,0,11742.0,9795.0,10525.0,11009.0,9440.0
CA_3,HOUSEHOLD,CA,2015-12-14,10207,5.4684377,0,1,10420.0,11742.0,9795.0,10525.0,8808.0
CA_3,HOUSEHOLD,CA,2015-12-21,8284,5.4644403,0,1,10207.0,10420.0,11742.0,9795.0,8480.0
CA_3,HOUSEHOLD,CA,2015-12-28,10444,5.4668746,3,1,8284.0,10207.0,10420.0,11742.0,10079.0
CA_3,HOUSEHOLD,CA,2016-01-04,10595,5.466003,7,1,10444.0,8284.0,10207.0,10420.0,9265.0
CA_3,HOUSEHOLD,CA,2016-01-11,10071,5.4663553,0,0,10595.0,10444.0,8284.0,10207.0,10238.0
CA_3,HOUSEHOLD,CA,2016-01-18,10810,5.468301,0,1,10071.0,10595.0,10444.0,8284.0,11232.0
CA_3,HOUSEHOLD,CA,2016-01-25,12121,5.470965,0,0,10810.0,10071.0,10595.0,10444.0,10782.0
CA_3,HOUSEHOLD,CA,2016-02-01,11463,5.4674296,7,1,12121.0,10810.0,10071.0,10595.0,12303.0
CA_3,HOUSEHOLD,CA,2016-02-08,11827,5.468671,3,2,11463.0,12121.0,10810.0,10071.0,11639.0
CA_3,HOUSEHOLD,CA,2016-02-15,12475,5.4702334,0,2,11827.0,11463.0,12121.0,10810.0,11730.0
CA_3,HOUSEHOLD,CA,2016-02-22,11787,5.4684668,0,0,12475.0,11827.0,11463.0,12121.0,12269.0
CA_3,HOUSEHOLD,CA,2016-02-29,13068,5.463366,6,0,11787.0,12475.0,11827.0,11463.0,11353.0
CA_3,HOUSEHOLD,CA,2016-03-07,12307,5.4662437,4,0,13068.0,11787.0,12475.0,11827.0,12757.0
CA_3,HOUSEHOLD,CA,2016-03-14,12089,5.4643555,0,1,12307.0,13068.0,11787.0,12475.0,11910.0
CA_3,HOUSEHOLD,CA,2016-03-21,11874,5.4630647,0,2,12089.0,12307.0,13068.0,11787.0,11874.0
CA_3,HOUSEHOLD,CA,2016-03-28,12559,5.4655805,3,0,11874.0,12089.0,12307.0,13068.0,12782.0
CA_3,HOUSEHOLD,CA,2016-04-04,12829,5.466045,7,0,12559.0,11874.0,12089.0,12307.0,12986.0
CA_3,HOUSEHOLD,CA,2016-04-11,12098,5.4659896,0,0,12829.0,12559.0,11874.0,12089.0,11672.0
CA_3,HOUSEHOLD,CA,2016-04-18,12402,5.466145,0,0,12098.0,12829.0,12559.0,11874.0,12304.0
CA_3,HOUSEHOLD,CA,2016-04-25,11739,5.464639,1,2,12402.0,12098.0,12829.0,12559.0,11482.0
CA_3,HOUSEHOLD,CA,2016-05-02,12519,5.4660225,7,2,11739.0,12402.0,12098.0,12829.0,11725.0
CA_3,HOUSEHOLD,CA,2016-05-09,12551,5.4678483,2,0,12519.0,11739.0,12402.0,12098.0,12828.0
CA_3,HOUSEHOLD,CA,2016-05-16,12015,5.469274,0,0,12551.0,12519.0,11739.0,12402.0,11823.0
CA_4,FOODS,CA,2011-01-31,8005,2.9811103,6,1,,,,,
CA_4,FOODS,CA,2011-02-07,7460,3.052879,4,0,8005.0,,,,
CA_4,FOODS,CA,2011-02-14,6823,3.0601642,0,1,7460.0,8005.0,,,
CA_4,FOODS,CA,2011-02-21,6986,3.066323,0,1,6823.0,7460.0,8005.0,,
CA_4,FOODS,CA,2011-02-28,7626,3.0676212,6,0,6986.0,6823.0,7460.0,8005.0,
CA_4,FOODS,CA,2011-03-07,7469,3.0602353,4,1,7626.0,6986.0,6823.0,7460.0,
CA_4,FOODS,CA,2011-03-14,6937,3.0605469,0,3,7469.0,7626.0,6986.0,6823.0,
CA_4,FOODS,CA,2011-03-21,6459,3.0726109,0,0,6937.0,7469.0,7626.0,6986.0,
CA_4,FOODS,CA,2011-03-28,7386,3.0809042,3,0,6459.0,6937.0,7469.0,7626.0,
CA_4,FOODS,CA,2011-04-04,7766,3.0826724,7,0,7386.0,6459.0,6937.0,7469.0,
CA_4,FOODS,CA,2011-04-11,7259,3.089901,0,0,7766.0,7386.0,6459.0,6937.0,
CA_4,FOODS,CA,2011-04-18,7008,3.099748,0,1,7259.0,7766.0,7386.0,6459.0,
CA_4,FOODS,CA,2011-04-25,6467,3.1038115,1,1,7008.0,7259.0,7766.0,7386.0,
CA_4,FOODS,CA,2011-05-02,7126,3.1086078,7,2,6467.0,7008.0,7259.0,7766.0,
CA_4,FOODS,CA,2011-05-09,7543,3.100862,2,0,7126.0,6467.0,7008.0,7259.0,
CA_4,FOODS,CA,2011-05-16,6520,3.0925725,0,0,7543.0,7126.0,6467.0,7008.0,
CA_4,FOODS,CA,2011-05-23,6662,3.0939069,0,0,6520.0,7543.0,7126.0,6467.0,
CA_4,FOODS,CA,2011-05-30,7341,3.107578,5,2,6662.0,6520.0,7543.0,7126.0,
CA_4,FOODS,CA,2011-06-06,7622,3.1382732,5,1,7341.0,6662.0,6520.0,7543.0,
CA_4,FOODS,CA,2011-06-13,7178,3.1514418,0,1,7622.0,7341.0,6662.0,6520.0,
CA_4,FOODS,CA,2011-06-20,6820,3.1519687,0,0,7178.0,7622.0,7341.0,6662.0,
CA_4,FOODS,CA,2011-06-27,7234,3.151874,3,0,6820.0,7178.0,7622.0,7341.0,
CA_4,FOODS,CA,2011-07-04,7906,3.1511328,7,1,7234.0,6820.0,7178.0,7622.0,
CA_4,FOODS,CA,2011-07-11,7129,3.1581056,0,0,7906.0,7234.0,6820.0,7178.0,
CA_4,FOODS,CA,2011-07-18,7123,3.176403,0,0,7129.0,7906.0,7234.0,6820.0,
CA_4,FOODS,CA,2011-07-25,7236,3.1943393,0,0,7123.0,7129.0,7906.0,7234.0,
CA_4,FOODS,CA,2011-08-01,7037,3.215926,7,1,7236.0,7123.0,7129.0,7906.0,
CA_4,FOODS,CA,2011-08-08,7691,3.2078164,3,0,7037.0,7236.0,7123.0,7129.0,
CA_4,FOODS,CA,2011-08-15,7744,3.1992228,0,0,7691.0,7037.0,7236.0,7123.0,
CA_4,FOODS,CA,2011-08-22,7619,3.204934,0,0,7744.0,7691.0,7037.0,7236.0,
CA_4,FOODS,CA,2011-08-29,7395,3.2071612,4,1,7619.0,7744.0,7691.0,7037.0,
CA_4,FOODS,CA,2011-09-05,8369,3.2081866,6,1,7395.0,7619.0,7744.0,7691.0,
CA_4,FOODS,CA,2011-09-12,8434,3.2120655,0,0,8369.0,7395.0,7619.0,7744.0,
CA_4,FOODS,CA,2011-09-19,9055,3.215472,0,0,8434.0,8369.0,7395.0,7619.0,
CA_4,FOODS,CA,2011-09-26,9786,3.224079,2,0,9055.0,8434.0,8369.0,7395.0,
CA_4,FOODS,CA,2011-10-03,9635,3.2316492,7,0,9786.0,9055.0,8434.0,8369.0,
CA_4,FOODS,CA,2011-10-10,10001,3.2341008,1,1,9635.0,9786.0,9055.0,8434.0,
CA_4,FOODS,CA,2011-10-17,9493,3.2390869,0,0,10001.0,9635.0,9786.0,9055.0,
CA_4,FOODS,CA,2011-10-24,9256,3.2526715,0,0,9493.0,10001.0,9635.0,9786.0,
CA_4,FOODS,CA,2011-10-31,9326,3.255837,6,1,9256.0,9493.0,10001.0,9635.0,
CA_4,FOODS,CA,2011-11-07,9327,3.2614672,4,2,9326.0,9256.0,9493.0,10001.0,
CA_4,FOODS,CA,2011-11-14,9030,3.2640274,0,0,9327.0,9326.0,9256.0,9493.0,
CA_4,FOODS,CA,2011-11-21,8438,3.2617385,0,1,9030.0,9327.0,9326.0,9256.0,
CA_4,FOODS,CA,2011-11-28,9807,3.2574317,4,0,8438.0,9030.0,9327.0,9326.0,
CA_4,FOODS,CA,2011-12-05,9702,3.2541254,6,0,9807.0,8438.0,9030.0,9327.0,
CA_4,FOODS,CA,2011-12-12,9319,3.2556806,0,0,9702.0,9807.0,8438.0,9030.0,
CA_4,FOODS,CA,2011-12-19,8418,3.254036,0,1,9319.0,9702.0,9807.0,8438.0,
CA_4,FOODS,CA,2011-12-26,8214,3.255031,1,2,8418.0,9319.0,9702.0,9807.0,
CA_4,FOODS,CA,2012-01-02,10002,3.2584374,7,1,8214.0,8418.0,9319.0,9702.0,
CA_4,FOODS,CA,2012-01-09,9949,3.2594202,2,0,10002.0,8214.0,8418.0,9319.0,
CA_4,FOODS,CA,2012-01-16,9966,3.2552497,0,1,9949.0,10002.0,8214.0,8418.0,
CA_4,FOODS,CA,2012-01-23,9784,3.2544858,0,0,9966.0,9949.0,10002.0,8214.0,
CA_4,FOODS,CA,2012-01-30,11032,3.2573495,5,1,9784.0,9966.0,9949.0,10002.0,8005.0
CA_4,FOODS,CA,2012-02-06,10896,3.2552006,5,0,11032.0,9784.0,9966.0,9949.0,7460.0
CA_4,FOODS,CA,2012-02-13,9197,3.2543063,0,1,10896.0,11032.0,9784.0,9966.0,6823.0
CA_4,FOODS,CA,2012-02-20,9171,3.2628536,0,2,9197.0,10896.0,11032.0,9784.0,6986.0
CA_4,FOODS,CA,2012-02-27,9816,3.269304,4,1,9171.0,9197.0,10896.0,11032.0,7626.0
CA_4,FOODS,CA,2012-03-05,10732,3.275039,6,1,9816.0,9171.0,9197.0,10896.0,7469.0
CA_4,FOODS,CA,2012-03-12,9472,3.2729974,0,1,10732.0,9816.0,9171.0,9197.0,6937.0
CA_4,FOODS,CA,2012-03-19,9808,3.2712288,0,0,9472.0,10732.0,9816.0,9171.0,6459.0
CA_4,FOODS,CA,2012-03-26,10565,3.271664,1,0,9808.0,9472.0,10732.0,9816.0,7386.0
CA_4,FOODS,CA,2012-04-02,11526,3.2719667,7,1,10565.0,9808.0,9472.0,10732.0,7766.0
CA_4,FOODS,CA,2012-04-09,9886,3.2826412,2,2,11526.0,10565.0,9808.0,9472.0,7259.0
CA_4,FOODS,CA,2012-04-16,9942,3.2869055,0,0,9886.0,11526.0,10565.0,9808.0,7008.0
CA_4,FOODS,CA,2012-04-23,9592,3.2881255,0,0,9942.0,9886.0,11526.0,10565.0,6467.0
CA_4,FOODS,CA,2012-04-30,10720,3.2921169,6,1,9592.0,9942.0,9886.0,11526.0,7126.0
CA_4,FOODS,CA,2012-05-07,10679,3.2929742,4,1,10720.0,9592.0,9942.0,9886.0,7543.0
CA_4,FOODS,CA,2012-05-14,11130,3.289873,0,0,10679.0,10720.0,9592.0,9942.0,6520.0
CA_4,FOODS,CA,2012-05-21,9935,3.2911892,0,0,11130.0,10679.0,10720.0,9592.0,6662.0
CA_4,FOODS,CA,2012-05-28,11723,3.291635,3,1,9935.0,11130.0,10679.0,10720.0,7341.0
CA_4,FOODS,CA,2012-06-04,11312,3.2982783,7,0,11723.0,9935.0,11130.0,10679.0,7622.0
CA_4,FOODS,CA,2012-06-11,11100,3.3073475,0,2,11312.0,11723.0,9935.0,11130.0,7178.0
CA_4,FOODS,CA,2012-06-18,10160,3.308808,0,1,11100.0,11312.0,11723.0,9935.0,6820.0
CA_4,FOODS,CA,2012-06-25,10189,3.307237,1,0,10160.0,11100.0,11312.0,11723.0,7234.0
CA_4,FOODS,CA,2012-07-02,10100,3.3059928,7,1,10189.0,10160.0,11100.0,11312.0,7906.0
CA_4,FOODS,CA,2012-07-09,10628,3.303936,2,0,10100.0,10189.0,10160.0,11100.0,7129.0
CA_4,FOODS,CA,2012-07-16,9882,3.3001838,0,1,10628.0,10100.0,10189.0,10160.0,7123.0
CA_4,FOODS,CA,2012-07-23,9708,3.2967598,0,0,9882.0,10628.0,10100.0,10189.0,7236.0
CA_4,FOODS,CA,2012-07-30,10526,3.2949336,5,0,9708.0,9882.0,10628.0,10100.0,7037.0
CA_4,FOODS,CA,2012-08-06,11320,3.2919846,5,0,10526.0,9708.0,9882.0,10628.0,7691.0
CA_4,FOODS,CA,2012-08-13,11292,3.2856708,0,1,11320.0,10526.0,9708.0,9882.0,7744.0
CA_4,FOODS,CA,2012-08-20,10479,3.2879395,0,0,11292.0,11320.0,10526.0,9708.0,7619.0
CA_4,FOODS,CA,2012-08-27,10493,3.291908,2,0,10479.0,11292.0,11320.0,10526.0,7395.0
CA_4,FOODS,CA,2012-09-03,11183,3.2966542,7,1,10493.0,10479.0,11292.0,11320.0,8369.0
CA_4,FOODS,CA,2012-09-10,10964,3.3011177,1,0,11183.0,10493.0,10479.0,11292.0,8434.0
CA_4,FOODS,CA,2012-09-17,10664,3.3050501,0,0,10964.0,11183.0,10493.0,10479.0,9055.0
CA_4,FOODS,CA,2012-09-24,10706,3.3137555,0,0,10664.0,10964.0,11183.0,10493.0,9786.0
CA_4,FOODS,CA,2012-10-01,11106,3.3227527,7,0,10706.0,10664.0,10964.0,11183.0,9635.0
CA_4,FOODS,CA,2012-10-08,10230,3.321834,3,1,11106.0,10706.0,10664.0,10964.0,10001.0
CA_4,FOODS,CA,2012-10-15,9352,3.3188145,0,0,10230.0,11106.0,10706.0,10664.0,9493.0
CA_4,FOODS,CA,2012-10-22,8967,3.315904,0,1,9352.0,10230.0,11106.0,10706.0,9256.0
CA_4,FOODS,CA,2012-10-29,9485,3.3160846,4,1,8967.0,9352.0,10230.0,11106.0,9326.0
CA_4,FOODS,CA,2012-11-05,9783,3.3154438,6,1,9485.0,8967.0,9352.0,10230.0,9327.0
CA_4,FOODS,CA,2012-11-12,9411,3.3168175,0,0,9783.0,9485.0,8967.0,9352.0,9030.0
CA_4,FOODS,CA,2012-11-19,8971,3.3185403,0,1,9411.0,9783.0,9485.0,8967.0,8438.0
CA_4,FOODS,CA,2012-11-26,9275,3.321979,2,0,8971.0,9411.0,9783.0,9485.0,9807.0
CA_4,FOODS,CA,2012-12-03,10050,3.3209648,7,0,9275.0,8971.0,9411.0,9783.0,9702.0
CA_4,FOODS,CA,2012-12-10,10105,3.3202133,1,1,10050.0,9275.0,8971.0,9411.0,9319.0
CA_4,FOODS,CA,2012-12-17,10069,3.321312,0,0,10105.0,10050.0,9275.0,8971.0,8418.0
CA_4,FOODS,CA,2012-12-24,7852,3.3158488,0,1,10069.0,10105.0,10050.0,9275.0,8214.0
CA_4,FOODS,CA,2012-12-31,9940,3.303862,6,1,7852.0,10069.0,10105.0,10050.0,10002.0
CA_4,FOODS,CA,2013-01-07,10101,3.2935126,4,1,9940.0,7852.0,10069.0,10105.0,9949.0
CA_4,FOODS,CA,2013-01-14,9851,3.2938957,0,0,10101.0,9940.0,7852.0,10069.0,9966.0
CA_4,FOODS,CA,2013-01-21,9445,3.298764,0,1,9851.0,10101.0,9940.0,7852.0,9784.0
CA_4,FOODS,CA,2013-01-28,10625,3.3133378,3,1,9445.0,9851.0,10101.0,9940.0,11032.0
CA_4,FOODS,CA,2013-02-04,9602,3.3153846,7,0,10625.0,9445.0,9851.0,10101.0,10896.0
CA_4,FOODS,CA,2013-02-11,10065,3.306866,0,2,9602.0,10625.0,9445.0,9851.0,9197.0
CA_4,FOODS,CA,2013-02-18,9746,3.2943828,0,3,10065.0,9602.0,10625.0,9445.0,9171.0
CA_4,FOODS,CA,2013-02-25,10337,3.2903938,3,0,9746.0,10065.0,9602.0,10625.0,9816.0
CA_4,FOODS,CA,2013-03-04,9997,3.290383,7,0,10337.0,9746.0,10065.0,9602.0,10732.0
CA_4,FOODS,CA,2013-03-11,10290,3.290693,0,1,9997.0,10337.0,9746.0,10065.0,9472.0
CA_4,FOODS,CA,2013-03-18,9692,3.289249,0,0,10290.0,9997.0,10337.0,9746.0,9808.0
CA_4,FOODS,CA,2013-03-25,10915,3.282896,0,1,9692.0,10290.0,9997.0,10337.0,10565.0
CA_4,FOODS,CA,2013-04-01,10667,3.2751267,7,1,10915.0,9692.0,10290.0,9997.0,11526.0
CA_4,FOODS,CA,2013-04-08,10618,3.2731273,3,0,10667.0,10915.0,9692.0,10290.0,9886.0
CA_4,FOODS,CA,2013-04-15,10430,3.269686,0,0,10618.0,10667.0,10915.0,9692.0,9942.0
CA_4,FOODS,CA,2013-04-22,9803,3.2707975,0,0,10430.0,10618.0,10667.0,10915.0,9592.0
CA_4,FOODS,CA,2013-04-29,11249,3.2751045,5,1,9803.0,10430.0,10618.0,10667.0,10720.0
CA_4,FOODS,CA,2013-05-06,10485,3.2754538,5,1,11249.0,9803.0,10430.0,10618.0,10679.0
CA_4,FOODS,CA,2013-05-13,10956,3.2721608,0,0,10485.0,11249.0,9803.0,10430.0,11130.0
CA_4,FOODS,CA,2013-05-20,10545,3.2654815,0,0,10956.0,10485.0,11249.0,9803.0,9935.0
CA_4,FOODS,CA,2013-05-27,11585,3.265075,2,1,10545.0,10956.0,10485.0,11249.0,11723.0
CA_4,FOODS,CA,2013-06-03,11478,3.265658,7,1,11585.0,10545.0,10956.0,10485.0,11312.0
CA_4,FOODS,CA,2013-06-10,11571,3.2672029,1,1,11478.0,11585.0,10545.0,10956.0,11100.0
CA_4,FOODS,CA,2013-06-17,11012,3.266206,0,1,11571.0,11478.0,11585.0,10545.0,10160.0
CA_4,FOODS,CA,2013-06-24,12638,3.2634625,0,0,11012.0,11571.0,11478.0,11585.0,10189.0
CA_4,FOODS,CA,2013-07-01,12866,3.262998,7,1,12638.0,11012.0,11571.0,11478.0,10100.0
CA_4,FOODS,CA,2013-07-08,11955,3.2655203,3,1,12866.0,12638.0,11012.0,11571.0,10628.0
CA_4,FOODS,CA,2013-07-15,11535,3.2680783,0,0,11955.0,12866.0,12638.0,11012.0,9882.0
CA_4,FOODS,CA,2013-07-22,11793,3.26897,0,0,11535.0,11955.0,12866.0,12638.0,9708.0
CA_4,FOODS,CA,2013-07-29,11432,3.2677536,4,0,11793.0,11535.0,11955.0,12866.0,10526.0
CA_4,FOODS,CA,2013-08-05,11846,3.2654648,6,1,11432.0,11793.0,11535.0,11955.0,11320.0
CA_4,FOODS,CA,2013-08-12,12023,3.2619514,0,0,11846.0,11432.0,11793.0,11535.0,11292.0
CA_4,FOODS,CA,2013-08-19,12123,3.2576864,0,0,12023.0,11846.0,11432.0,11793.0,10479.0
CA_4,FOODS,CA,2013-08-26,12263,3.2594185,1,0,12123.0,12023.0,11846.0,11432.0,10493.0
CA_4,FOODS,CA,2013-09-02,13374,3.2608387,7,1,12263.0,12123.0,12023.0,11846.0,11183.0
CA_4,FOODS,CA,2013-09-09,12445,3.25837,2,0,13374.0,12263.0,12123.0,12023.0,10964.0
CA_4,FOODS,CA,2013-09-16,12178,3.2576969,0,0,12445.0,13374.0,12263.0,12123.0,10664.0
CA_4,FOODS,CA,2013-09-23,11666,3.2587357,0,0,12178.0,12445.0,13374.0,12263.0,10706.0
CA_4,FOODS,CA,2013-09-30,11827,3.2590942,6,0,11666.0,12178.0,12445.0,13374.0,11106.0
CA_4,FOODS,CA,2013-10-07,11673,3.2609534,4,0,11827.0,11666.0,12178.0,12445.0,10230.0
CA_4,FOODS,CA,2013-10-14,11359,3.261413,0,2,11673.0,11827.0,11666.0,12178.0,9352.0
CA_4,FOODS,CA,2013-10-21,11003,3.2612264,0,0,11359.0,11673.0,11827.0,11666.0,8967.0
CA_4,FOODS,CA,2013-10-28,11566,3.2600381,3,1,11003.0,11359.0,11673.0,11827.0,9485.0
CA_4,FOODS,CA,2013-11-04,11009,3.2571454,7,0,11566.0,11003.0,11359.0,11673.0,9783.0
CA_4,FOODS,CA,2013-11-11,10427,3.2538822,0,1,11009.0,11566.0,11003.0,11359.0,9411.0
CA_4,FOODS,CA,2013-11-18,9956,3.2542903,0,0,10427.0,11009.0,11566.0,11003.0,8971.0
CA_4,FOODS,CA,2013-11-25,9267,3.25273,1,1,9956.0,10427.0,11009.0,11566.0,9275.0
CA_4,FOODS,CA,2013-12-02,11001,3.2524447,7,1,9267.0,9956.0,10427.0,11009.0,10050.0
CA_4,FOODS,CA,2013-12-09,9865,3.251782,2,0,11001.0,9267.0,9956.0,10427.0,10105.0
CA_4,FOODS,CA,2013-12-16,10006,3.2497914,0,0,9865.0,11001.0,9267.0,9956.0,10069.0
CA_4,FOODS,CA,2013-12-23,8696,3.2495723,0,1,10006.0,9865.0,11001.0,9267.0,7852.0
CA_4,FOODS,CA,2013-12-30,10287,3.247158,5,1,8696.0,10006.0,9865.0,11001.0,9940.0
CA_4,FOODS,CA,2014-01-06,11184,3.2437418,5,1,10287.0,8696.0,10006.0,9865.0,10101.0
CA_4,FOODS,CA,2014-01-13,11010,3.2442906,0,0,11184.0,10287.0,8696.0,10006.0,9851.0
CA_4,FOODS,CA,2014-01-20,10649,3.2419555,0,1,11010.0,11184.0,10287.0,8696.0,9445.0
CA_4,FOODS,CA,2014-01-27,11282,3.2358909,2,1,10649.0,11010.0,11184.0,10287.0,10625.0
CA_4,FOODS,CA,2014-02-03,11242,3.2408354,7,0,11282.0,10649.0,11010.0,11184.0,9602.0
CA_4,FOODS,CA,2014-02-10,10296,3.24267,1,1,11242.0,11282.0,10649.0,11010.0,10065.0
CA_4,FOODS,CA,2014-02-17,10073,3.2429833,0,1,10296.0,11242.0,11282.0,10649.0,9746.0
CA_4,FOODS,CA,2014-02-24,10888,3.2436354,2,0,10073.0,10296.0,11242.0,11282.0,10337.0
CA_4,FOODS,CA,2014-03-03,10766,3.237756,7,1,10888.0,10073.0,10296.0,11242.0,9997.0
CA_4,FOODS,CA,2014-03-10,11019,3.2365644,1,2,10766.0,10888.0,10073.0,10296.0,10290.0
CA_4,FOODS,CA,2014-03-17,10921,3.2399905,0,1,11019.0,10766.0,10888.0,10073.0,9692.0
CA_4,FOODS,CA,2014-03-24,10737,3.2410884,0,0,10921.0,11019.0,10766.0,10888.0,10915.0
CA_4,FOODS,CA,2014-03-31,11542,3.241453,6,0,10737.0,10921.0,11019.0,10766.0,10667.0
CA_4,FOODS,CA,2014-04-07,12364,3.2408557,4,0,11542.0,10737.0,10921.0,11019.0,10618.0
CA_4,FOODS,CA,2014-04-14,11535,3.2389386,0,1,12364.0,11542.0,10737.0,10921.0,10430.0
CA_4,FOODS,CA,2014-04-21,10249,3.2364595,0,1,11535.0,12364.0,11542.0,10737.0,9803.0
CA_4,FOODS,CA,2014-04-28,10724,3.2328622,4,0,10249.0,11535.0,12364.0,11542.0,11249.0
CA_4,FOODS,CA,2014-05-05,10652,3.235272,6,2,10724.0,10249.0,11535.0,12364.0,10485.0
CA_4,FOODS,CA,2014-05-12,11467,3.2376468,0,0,10652.0,10724.0,10249.0,11535.0,10956.0
CA_4,FOODS,CA,2014-05-19,10478,3.2372177,0,0,11467.0,10652.0,10724.0,10249.0,10545.0
CA_4,FOODS,CA,2014-05-26,11266,3.2390296,1,1,10478.0,11467.0,10652.0,10724.0,11585.0
CA_4,FOODS,CA,2014-06-02,11922,3.2405486,7,1,11266.0,10478.0,11467.0,10652.0,11478.0
CA_4,FOODS,CA,2014-06-09,12160,3.2415292,2,1,11922.0,11266.0,10478.0,11467.0,11571.0
CA_4,FOODS,CA,2014-06-16,11633,3.2453554,0,0,12160.0,11922.0,11266.0,10478.0,11012.0
CA_4,FOODS,CA,2014-06-23,11008,3.2513936,0,1,11633.0,12160.0,11922.0,11266.0,12638.0
CA_4,FOODS,CA,2014-06-30,11960,3.261958,6,1,11008.0,11633.0,12160.0,11922.0,12866.0
CA_4,FOODS,CA,2014-07-07,12082,3.2690914,4,0,11960.0,11008.0,11633.0,12160.0,11955.0
CA_4,FOODS,CA,2014-07-14,10968,3.2692714,0,0,12082.0,11960.0,11008.0,11633.0,11535.0
CA_4,FOODS,CA,2014-07-21,11122,3.2696915,0,0,10968.0,12082.0,11960.0,11008.0,11793.0
CA_4,FOODS,CA,2014-07-28,11415,3.2691448,3,1,11122.0,10968.0,12082.0,11960.0,11432.0
CA_4,FOODS,CA,2014-08-04,11655,3.2675912,7,0,11415.0,11122.0,10968.0,12082.0,11846.0
CA_4,FOODS,CA,2014-08-11,11525,3.2673223,0,0,11655.0,11415.0,11122.0,10968.0,12023.0
CA_4,FOODS,CA,2014-08-18,11408,3.2676868,0,0,11525.0,11655.0,11415.0,11122.0,12123.0
CA_4,FOODS,CA,2014-08-25,10836,3.267398,0,0,11408.0,11525.0,11655.0,11415.0,12263.0
CA_4,FOODS,CA,2014-09-01,12215,3.2733097,7,1,10836.0,11408.0,11525.0,11655.0,13374.0
CA_4,FOODS,CA,2014-09-08,11617,3.2871082,3,0,12215.0,10836.0,11408.0,11525.0,12445.0
CA_4,FOODS,CA,2014-09-15,11293,3.2877922,0,0,11617.0,12215.0,10836.0,11408.0,12178.0
CA_4,FOODS,CA,2014-09-22,11096,3.2836683,0,0,11293.0,11617.0,12215.0,10836.0,11666.0
CA_4,FOODS,CA,2014-09-29,12368,3.2769983,5,1,11096.0,11293.0,11617.0,12215.0,11827.0
CA_4,FOODS,CA,2014-10-06,11874,3.2822535,5,0,12368.0,11096.0,11293.0,11617.0,11673.0
CA_4,FOODS,CA,2014-10-13,11535,3.296617,0,1,11874.0,12368.0,11096.0,11293.0,11359.0
CA_4,FOODS,CA,2014-10-20,10910,3.296818,0,0,11535.0,11874.0,12368.0,11096.0,11003.0
CA_4,FOODS,CA,2014-10-27,11155,3.2966762,2,1,10910.0,11535.0,11874.0,12368.0,11566.0
CA_4,FOODS,CA,2014-11-03,11276,3.2950542,7,0,11155.0,10910.0,11535.0,11874.0,11009.0
CA_4,FOODS,CA,2014-11-10,11029,3.3005521,1,1,11276.0,11155.0,10910.0,11535.0,10427.0
CA_4,FOODS,CA,2014-11-17,10444,3.3026261,0,0,11029.0,11276.0,11155.0,10910.0,9956.0
CA_4,FOODS,CA,2014-11-24,9665,3.3064554,0,1,10444.0,11029.0,11276.0,11155.0,9267.0
CA_4,FOODS,CA,2014-12-01,10699,3.3074663,7,0,9665.0,10444.0,11029.0,11276.0,11001.0
CA_4,FOODS,CA,2014-12-08,10265,3.3074887,3,0,10699.0,9665.0,10444.0,11029.0,9865.0
CA_4,FOODS,CA,2014-12-15,9739,3.3055456,0,0,10265.0,10699.0,9665.0,10444.0,10006.0
CA_4,FOODS,CA,2014-12-22,8316,3.3027978,0,2,9739.0,10265.0,10699.0,9665.0,8696.0
CA_4,FOODS,CA,2014-12-29,10188,3.3022392,4,1,8316.0,9739.0,10265.0,10699.0,10287.0
CA_4,FOODS,CA,2015-01-05,10999,3.304495,6,1,10188.0,8316.0,9739.0,10265.0,11184.0
CA_4,FOODS,CA,2015-01-12,10522,3.3020136,0,0,10999.0,10188.0,8316.0,9739.0,11010.0
CA_4,FOODS,CA,2015-01-19,10476,3.3020096,0,1,10522.0,10999.0,10188.0,8316.0,10649.0
CA_4,FOODS,CA,2015-01-26,11044,3.304867,1,1,10476.0,10522.0,10999.0,10188.0,11282.0
CA_4,FOODS,CA,2015-02-02,11442,3.3120239,7,0,11044.0,10476.0,10522.0,10999.0,11242.0
CA_4,FOODS,CA,2015-02-09,10810,3.31839,2,1,11442.0,11044.0,10476.0,10522.0,10296.0
CA_4,FOODS,CA,2015-02-16,10090,3.3201766,0,2,10810.0,11442.0,11044.0,10476.0,10073.0
CA_4,FOODS,CA,2015-02-23,10248,3.324739,1,1,10090.0,10810.0,11442.0,11044.0,10888.0
CA_4,FOODS,CA,2015-03-02,10709,3.3304744,7,1,10248.0,10090.0,10810.0,11442.0,10766.0
CA_4,FOODS,CA,2015-03-09,10911,3.3395932,2,0,10709.0,10248.0,10090.0,10810.0,11019.0
CA_4,FOODS,CA,2015-03-16,10497,3.3428855,0,1,10911.0,10709.0,10248.0,10090.0,10921.0
CA_4,FOODS,CA,2015-03-23,11029,3.3421333,0,0,10497.0,10911.0,10709.0,10248.0,10737.0
CA_4,FOODS,CA,2015-03-30,11393,3.3388863,5,1,11029.0,10497.0,10911.0,10709.0,11542.0
CA_4,FOODS,CA,2015-04-06,10419,3.3401623,5,2,11393.0,11029.0,10497.0,10911.0,12364.0
CA_4,FOODS,CA,2015-04-13,11066,3.3440597,0,0,10419.0,11393.0,11029.0,10497.0,11535.0
CA_4,FOODS,CA,2015-04-20,10816,3.3423417,0,0,11066.0,10419.0,11393.0,11029.0,10249.0
CA_4,FOODS,CA,2015-04-27,11526,3.3427072,3,0,10816.0,11066.0,10419.0,11393.0,10724.0
CA_4,FOODS,CA,2015-05-04,11404,3.343063,7,2,11526.0,10816.0,11066.0,10419.0,10652.0
CA_4,FOODS,CA,2015-05-11,10665,3.3430212,0,0,11404.0,11526.0,10816.0,11066.0,11467.0
CA_4,FOODS,CA,2015-05-18,10453,3.3426147,0,0,10665.0,11404.0,11526.0,10816.0,10478.0
CA_4,FOODS,CA,2015-05-25,10412,3.343696,0,1,10453.0,10665.0,11404.0,11526.0,11266.0
CA_4,FOODS,CA,2015-06-01,10973,3.345301,7,1,10412.0,10453.0,10665.0,11404.0,11922.0
CA_4,FOODS,CA,2015-06-08,10939,3.3451447,3,0,10973.0,10412.0,10453.0,10665.0,12160.0
CA_4,FOODS,CA,2015-06-15,11113,3.3428328,0,3,10939.0,10973.0,10412.0,10453.0,11633.0
CA_4,FOODS,CA,2015-06-22,10852,3.3429706,0,0,11113.0,10939.0,10973.0,10412.0,11008.0
CA_4,FOODS,CA,2015-06-29,11289,3.342163,5,1,10852.0,11113.0,10939.0,10973.0,11960.0
CA_4,FOODS,CA,2015-07-06,11475,3.3409054,5,0,11289.0,10852.0,11113.0,10939.0,12082.0
CA_4,FOODS,CA,2015-07-13,11328,3.3413937,0,1,11475.0,11289.0,10852.0,11113.0,10968.0
CA_4,FOODS,CA,2015-07-20,11045,3.3393471,0,0,11328.0,11475.0,11289.0,10852.0,11122.0
CA_4,FOODS,CA,2015-07-27,11136,3.3343384,2,0,11045.0,11328.0,11475.0,11289.0,11415.0
CA_4,FOODS,CA,2015-08-03,11467,3.3349278,7,0,11136.0,11045.0,11328.0,11475.0,11655.0
CA_4,FOODS,CA,2015-08-10,11440,3.3371608,1,0,11467.0,11136.0,11045.0,11328.0,11525.0
CA_4,FOODS,CA,2015-08-17,11215,3.3372433,0,0,11440.0,11467.0,11136.0,11045.0,11408.0
CA_4,FOODS,CA,2015-08-24,11140,3.3364303,0,0,11215.0,11440.0,11467.0,11136.0,10836.0
CA_4,FOODS,CA,2015-08-31,11215,3.336348,6,0,11140.0,11215.0,11440.0,11467.0,12215.0
CA_4,FOODS,CA,2015-09-07,12197,3.3388932,4,1,11215.0,11140.0,11215.0,11440.0,11617.0
CA_4,FOODS,CA,2015-09-14,11359,3.3398628,0,0,12197.0,11215.0,11140.0,11215.0,11293.0
CA_4,FOODS,CA,2015-09-21,12199,3.3412669,0,1,11359.0,12197.0,11215.0,11140.0,11096.0
CA_4,FOODS,CA,2015-09-28,11721,3.3417687,4,0,12199.0,11359.0,12197.0,11215.0,12368.0
CA_4,FOODS,CA,2015-10-05,12157,3.3437488,6,0,11721.0,12199.0,11359.0,12197.0,11874.0
CA_4,FOODS,CA,2015-10-12,11504,3.3444443,0,1,12157.0,11721.0,12199.0,11359.0,11535.0
CA_4,FOODS,CA,2015-10-19,11291,3.3449385,0,0,11504.0,12157.0,11721.0,12199.0,10910.0
CA_4,FOODS,CA,2015-10-26,11019,3.343884,1,1,11291.0,11504.0,12157.0,11721.0,11155.0
CA_4,FOODS,CA,2015-11-02,10841,3.3436787,7,0,11019.0,11291.0,11504.0,12157.0,11276.0
CA_4,FOODS,CA,2015-11-09,10392,3.3444881,2,1,10841.0,11019.0,11291.0,11504.0,11029.0
CA_4,FOODS,CA,2015-11-16,10412,3.3442528,0,0,10392.0,10841.0,11019.0,11291.0,10444.0
CA_4,FOODS,CA,2015-11-23,9184,3.344666,0,1,10412.0,10392.0,10841.0,11019.0,9665.0
CA_4,FOODS,CA,2015-11-30,10035,3.3466995,6,0,9184.0,10412.0,10392.0,10841.0,10699.0
CA_4,FOODS,CA,2015-12-07,9990,3.3475933,4,0,10035.0,9184.0,10412.0,10392.0,10265.0
CA_4,FOODS,CA,2015-12-14,9743,3.3482873,0,1,9990.0,10035.0,9184.0,10412.0,9739.0
CA_4,FOODS,CA,2015-12-21,8186,3.3498523,0,1,9743.0,9990.0,10035.0,9184.0,8316.0
CA_4,FOODS,CA,2015-12-28,9552,3.3527286,3,1,8186.0,9743.0,9990.0,10035.0,10188.0
CA_4,FOODS,CA,2016-01-04,11025,3.3529813,7,1,9552.0,8186.0,9743.0,9990.0,10999.0
CA_4,FOODS,CA,2016-01-11,10570,3.3527238,0,0,11025.0,9552.0,8186.0,9743.0,10522.0
CA_4,FOODS,CA,2016-01-18,11502,3.352908,0,1,10570.0,11025.0,9552.0,8186.0,10476.0
CA_4,FOODS,CA,2016-01-25,11174,3.3524125,0,0,11502.0,10570.0,11025.0,9552.0,11044.0
CA_4,FOODS,CA,2016-02-01,11589,3.3509028,7,1,11174.0,11502.0,10570.0,11025.0,11442.0
CA_4,FOODS,CA,2016-02-08,11048,3.3486722,3,2,11589.0,11174.0,11502.0,10570.0,10810.0
CA_4,FOODS,CA,2016-02-15,11091,3.3476806,0,2,11048.0,11589.0,11174.0,11502.0,10090.0
CA_4,FOODS,CA,2016-02-22,11205,3.346464,0,0,11091.0,11048.0,11589.0,11174.0,10248.0
CA_4,FOODS,CA,2016-02-29,11930,3.3451328,6,0,11205.0,11091.0,11048.0,11589.0,10709.0
CA_4,FOODS,CA,2016-03-07,11736,3.3458545,4,0,11930.0,11205.0,11091.0,11048.0,10911.0
CA_4,FOODS,CA,2016-03-14,11963,3.3452537,0,1,11736.0,11930.0,11205.0,11091.0,10497.0
CA_4,FOODS,CA,2016-03-21,12531,3.345405,0,2,11963.0,11736.0,11930.0,11205.0,11029.0
CA_4,FOODS,CA,2016-03-28,11652,3.3454728,3,0,12531.0,11963.0,11736.0,11930.0,11393.0
CA_4,FOODS,CA,2016-04-04,12536,3.3458438,7,0,11652.0,12531.0,11963.0,11736.0,10419.0
CA_4,FOODS,CA,2016-04-11,11587,3.346622,0,0,12536.0,11652.0,12531.0,11963.0,11066.0
CA_4,FOODS,CA,2016-04-18,12576,3.3466778,0,0,11587.0,12536.0,11652.0,12531.0,10816.0
CA_4,FOODS,CA,2016-04-25,12555,3.3462918,1,2,12576.0,11587.0,12536.0,11652.0,11526.0
CA_4,FOODS,CA,2016-05-02,12670,3.3463902,7,2,12555.0,12576.0,11587.0,12536.0,11404.0
CA_4,FOODS,CA,2016-05-09,13288,3.3469927,2,0,12670.0,12555.0,12576.0,11587.0,10665.0
CA_4,FOODS,CA,2016-05-16,13127,3.348088,0,0,13288.0,12670.0,12555.0,12576.0,10453.0
CA_4,HOBBIES,CA,2011-01-31,1615,5.070543,6,1,,,,,
CA_4,HOBBIES,CA,2011-02-07,1440,5.0816717,4,0,1615.0,,,,
CA_4,HOBBIES,CA,2011-02-14,1421,5.014498,0,1,1440.0,1615.0,,,
CA_4,HOBBIES,CA,2011-02-21,1624,5.00908,0,1,1421.0,1440.0,1615.0,,
CA_4,HOBBIES,CA,2011-02-28,1564,5.0116396,6,0,1624.0,1421.0,1440.0,1615.0,
CA_4,HOBBIES,CA,2011-03-07,1579,5.0058775,4,1,1564.0,1624.0,1421.0,1440.0,
CA_4,HOBBIES,CA,2011-03-14,1529,4.9307604,0,3,1579.0,1564.0,1624.0,1421.0,
CA_4,HOBBIES,CA,2011-03-21,1557,4.896833,0,0,1529.0,1579.0,1564.0,1624.0,
CA_4,HOBBIES,CA,2011-03-28,1681,4.8940477,3,0,1557.0,1529.0,1579.0,1564.0,
CA_4,HOBBIES,CA,2011-04-04,1551,4.919454,7,0,1681.0,1557.0,1529.0,1579.0,
CA_4,HOBBIES,CA,2011-04-11,1637,4.9252963,0,0,1551.0,1681.0,1557.0,1529.0,
CA_4,HOBBIES,CA,2011-04-18,1252,4.938922,0,1,1637.0,1551.0,1681.0,1557.0,
CA_4,HOBBIES,CA,2011-04-25,1434,4.970389,1,1,1252.0,1637.0,1551.0,1681.0,
CA_4,HOBBIES,CA,2011-05-02,1389,4.9820743,7,2,1434.0,1252.0,1637.0,1551.0,
CA_4,HOBBIES,CA,2011-05-09,1783,4.9965215,2,0,1389.0,1434.0,1252.0,1637.0,
CA_4,HOBBIES,CA,2011-05-16,1400,4.985163,0,0,1783.0,1389.0,1434.0,1252.0,
CA_4,HOBBIES,CA,2011-05-23,1454,4.971479,0,0,1400.0,1783.0,1389.0,1434.0,
CA_4,HOBBIES,CA,2011-05-30,1277,4.9574065,5,2,1454.0,1400.0,1783.0,1389.0,
CA_4,HOBBIES,CA,2011-06-06,1438,4.95673,5,1,1277.0,1454.0,1400.0,1783.0,
CA_4,HOBBIES,CA,2011-06-13,1394,4.949576,0,1,1438.0,1277.0,1454.0,1400.0,
CA_4,HOBBIES,CA,2011-06-20,1347,4.934742,0,0,1394.0,1438.0,1277.0,1454.0,
CA_4,HOBBIES,CA,2011-06-27,1525,4.937501,3,0,1347.0,1394.0,1438.0,1277.0,
CA_4,HOBBIES,CA,2011-07-04,1387,4.9111667,7,1,1525.0,1347.0,1394.0,1438.0,
CA_4,HOBBIES,CA,2011-07-11,1465,4.8805327,0,0,1387.0,1525.0,1347.0,1394.0,
CA_4,HOBBIES,CA,2011-07-18,1455,4.8802075,0,0,1465.0,1387.0,1525.0,1347.0,
CA_4,HOBBIES,CA,2011-07-25,1423,4.8503036,0,0,1455.0,1465.0,1387.0,1525.0,
CA_4,HOBBIES,CA,2011-08-01,1343,4.8478417,7,1,1423.0,1455.0,1465.0,1387.0,
CA_4,HOBBIES,CA,2011-08-08,1309,4.836822,3,0,1343.0,1423.0,1455.0,1465.0,
CA_4,HOBBIES,CA,2011-08-15,1440,4.841369,0,0,1309.0,1343.0,1423.0,1455.0,
CA_4,HOBBIES,CA,2011-08-22,1479,4.868687,0,0,1440.0,1309.0,1343.0,1423.0,
CA_4,HOBBIES,CA,2011-08-29,1537,4.8771744,4,1,1479.0,1440.0,1309.0,1343.0,
CA_4,HOBBIES,CA,2011-09-05,1625,4.844949,6,1,1537.0,1479.0,1440.0,1309.0,
CA_4,HOBBIES,CA,2011-09-12,1421,4.885087,0,0,1625.0,1537.0,1479.0,1440.0,
CA_4,HOBBIES,CA,2011-09-19,1581,4.874658,0,0,1421.0,1625.0,1537.0,1479.0,
CA_4,HOBBIES,CA,2011-09-26,1588,4.868564,2,0,1581.0,1421.0,1625.0,1537.0,
CA_4,HOBBIES,CA,2011-10-03,1722,4.8930993,7,0,1588.0,1581.0,1421.0,1625.0,
CA_4,HOBBIES,CA,2011-10-10,1556,4.885296,1,1,1722.0,1588.0,1581.0,1421.0,
CA_4,HOBBIES,CA,2011-10-17,1608,4.850515,0,0,1556.0,1722.0,1588.0,1581.0,
CA_4,HOBBIES,CA,2011-10-24,1749,4.8408523,0,0,1608.0,1556.0,1722.0,1588.0,
CA_4,HOBBIES,CA,2011-10-31,1683,4.8311124,6,1,1749.0,1608.0,1556.0,1722.0,
CA_4,HOBBIES,CA,2011-11-07,1551,4.8042274,4,2,1683.0,1749.0,1608.0,1556.0,
CA_4,HOBBIES,CA,2011-11-14,1702,4.799945,0,0,1551.0,1683.0,1749.0,1608.0,
CA_4,HOBBIES,CA,2011-11-21,1491,4.789519,0,1,1702.0,1551.0,1683.0,1749.0,
CA_4,HOBBIES,CA,2011-11-28,1680,4.7748,4,0,1491.0,1702.0,1551.0,1683.0,
CA_4,HOBBIES,CA,2011-12-05,1707,4.770862,6,0,1680.0,1491.0,1702.0,1551.0,
CA_4,HOBBIES,CA,2011-12-12,1590,4.7579527,0,0,1707.0,1680.0,1491.0,1702.0,
CA_4,HOBBIES,CA,2011-12-19,1564,4.732388,0,1,1590.0,1707.0,1680.0,1491.0,
CA_4,HOBBIES,CA,2011-12-26,1589,4.735368,1,2,1564.0,1590.0,1707.0,1680.0,
CA_4,HOBBIES,CA,2012-01-02,1692,4.7366548,7,1,1589.0,1564.0,1590.0,1707.0,
CA_4,HOBBIES,CA,2012-01-09,1726,4.747917,2,0,1692.0,1589.0,1564.0,1590.0,
CA_4,HOBBIES,CA,2012-01-16,1648,4.7676263,0,1,1726.0,1692.0,1589.0,1564.0,
CA_4,HOBBIES,CA,2012-01-23,1788,4.7473483,0,0,1648.0,1726.0,1692.0,1589.0,
CA_4,HOBBIES,CA,2012-01-30,1703,4.7537017,5,1,1788.0,1648.0,1726.0,1692.0,1615.0
CA_4,HOBBIES,CA,2012-02-06,1834,4.7621408,5,0,1703.0,1788.0,1648.0,1726.0,1440.0
CA_4,HOBBIES,CA,2012-02-13,1665,4.763314,0,1,1834.0,1703.0,1788.0,1648.0,1421.0
CA_4,HOBBIES,CA,2012-02-20,1598,4.719546,0,2,1665.0,1834.0,1703.0,1788.0,1624.0
CA_4,HOBBIES,CA,2012-02-27,1752,4.7180676,4,1,1598.0,1665.0,1834.0,1703.0,1564.0
CA_4,HOBBIES,CA,2012-03-05,1898,4.7222524,6,1,1752.0,1598.0,1665.0,1834.0,1579.0
CA_4,HOBBIES,CA,2012-03-12,1777,4.737722,0,1,1898.0,1752.0,1598.0,1665.0,1529.0
CA_4,HOBBIES,CA,2012-03-19,1629,4.743579,0,0,1777.0,1898.0,1752.0,1598.0,1557.0
CA_4,HOBBIES,CA,2012-03-26,1703,4.7779493,1,0,1629.0,1777.0,1898.0,1752.0,1681.0
CA_4,HOBBIES,CA,2012-04-02,1986,4.774582,7,1,1703.0,1629.0,1777.0,1898.0,1551.0
CA_4,HOBBIES,CA,2012-04-09,1696,4.753305,2,2,1986.0,1703.0,1629.0,1777.0,1637.0
CA_4,HOBBIES,CA,2012-04-16,1681,4.755981,0,0,1696.0,1986.0,1703.0,1629.0,1252.0
CA_4,HOBBIES,CA,2012-04-23,1838,4.766291,0,0,1681.0,1696.0,1986.0,1703.0,1434.0
CA_4,HOBBIES,CA,2012-04-30,1656,4.770123,6,1,1838.0,1681.0,1696.0,1986.0,1389.0
CA_4,HOBBIES,CA,2012-05-07,1146,4.747536,4,1,1656.0,1838.0,1681.0,1696.0,1783.0
CA_4,HOBBIES,CA,2012-05-14,1358,4.7321806,0,0,1146.0,1656.0,1838.0,1681.0,1400.0
CA_4,HOBBIES,CA,2012-05-21,1243,4.694527,0,0,1358.0,1146.0,1656.0,1838.0,1454.0
CA_4,HOBBIES,CA,2012-05-28,1656,4.690088,3,1,1243.0,1358.0,1146.0,1656.0,1277.0
CA_4,HOBBIES,CA,2012-06-04,1943,4.700841,7,0,1656.0,1243.0,1358.0,1146.0,1438.0
CA_4,HOBBIES,CA,2012-06-11,1763,4.7254148,0,2,1943.0,1656.0,1243.0,1358.0,1394.0
CA_4,HOBBIES,CA,2012-06-18,1846,4.760283,0,1,1763.0,1943.0,1656.0,1243.0,1347.0
CA_4,HOBBIES,CA,2012-06-25,1920,4.8883896,1,0,1846.0,1763.0,1943.0,1656.0,1525.0
CA_4,HOBBIES,CA,2012-07-02,1513,5.0578837,7,1,1920.0,1846.0,1763.0,1943.0,1387.0
CA_4,HOBBIES,CA,2012-07-09,1909,5.1820035,2,0,1513.0,1920.0,1846.0,1763.0,1465.0
CA_4,HOBBIES,CA,2012-07-16,2348,5.2050333,0,1,1909.0,1513.0,1920.0,1846.0,1455.0
CA_4,HOBBIES,CA,2012-07-23,1475,5.2137475,0,0,2348.0,1909.0,1513.0,1920.0,1423.0
CA_4,HOBBIES,CA,2012-07-30,1390,5.263764,5,0,1475.0,2348.0,1909.0,1513.0,1343.0
CA_4,HOBBIES,CA,2012-08-06,1472,5.3182197,5,0,1390.0,1475.0,2348.0,1909.0,1309.0
CA_4,HOBBIES,CA,2012-08-13,1463,5.322534,0,1,1472.0,1390.0,1475.0,2348.0,1440.0
CA_4,HOBBIES,CA,2012-08-20,1309,5.324282,0,0,1463.0,1472.0,1390.0,1475.0,1479.0
CA_4,HOBBIES,CA,2012-08-27,1467,5.324692,2,0,1309.0,1463.0,1472.0,1390.0,1537.0
CA_4,HOBBIES,CA,2012-09-03,1420,5.326098,7,1,1467.0,1309.0,1463.0,1472.0,1625.0
CA_4,HOBBIES,CA,2012-09-10,1618,5.320832,1,0,1420.0,1467.0,1309.0,1463.0,1421.0
CA_4,HOBBIES,CA,2012-09-17,1571,5.3053885,0,0,1618.0,1420.0,1467.0,1309.0,1581.0
CA_4,HOBBIES,CA,2012-09-24,1510,5.305631,0,0,1571.0,1618.0,1420.0,1467.0,1588.0
CA_4,HOBBIES,CA,2012-10-01,1543,5.3044286,7,0,1510.0,1571.0,1618.0,1420.0,1722.0
CA_4,HOBBIES,CA,2012-10-08,1451,5.301421,3,1,1543.0,1510.0,1571.0,1618.0,1556.0
CA_4,HOBBIES,CA,2012-10-15,1440,5.3016014,0,0,1451.0,1543.0,1510.0,1571.0,1608.0
CA_4,HOBBIES,CA,2012-10-22,1352,5.3020525,0,1,1440.0,1451.0,1543.0,1510.0,1749.0
CA_4,HOBBIES,CA,2012-10-29,1384,5.300304,4,1,1352.0,1440.0,1451.0,1543.0,1683.0
CA_4,HOBBIES,CA,2012-11-05,1459,5.2980165,6,1,1384.0,1352.0,1440.0,1451.0,1551.0
CA_4,HOBBIES,CA,2012-11-12,1345,5.2955427,0,0,1459.0,1384.0,1352.0,1440.0,1702.0
CA_4,HOBBIES,CA,2012-11-19,1321,5.2836123,0,1,1345.0,1459.0,1384.0,1352.0,1491.0
CA_4,HOBBIES,CA,2012-11-26,1478,5.30378,2,0,1321.0,1345.0,1459.0,1384.0,1680.0
CA_4,HOBBIES,CA,2012-12-03,1450,5.311596,7,0,1478.0,1321.0,1345.0,1459.0,1707.0
CA_4,HOBBIES,CA,2012-12-10,1571,5.3185267,1,1,1450.0,1478.0,1321.0,1345.0,1590.0
CA_4,HOBBIES,CA,2012-12-17,1611,5.3173766,0,0,1571.0,1450.0,1478.0,1321.0,1564.0
CA_4,HOBBIES,CA,2012-12-24,1148,5.319286,0,1,1611.0,1571.0,1450.0,1478.0,1589.0
CA_4,HOBBIES,CA,2012-12-31,1367,5.331661,6,1,1148.0,1611.0,1571.0,1450.0,1692.0
CA_4,HOBBIES,CA,2013-01-07,1366,5.356957,4,1,1367.0,1148.0,1611.0,1571.0,1726.0
CA_4,HOBBIES,CA,2013-01-14,1489,5.3771653,0,0,1366.0,1367.0,1148.0,1611.0,1648.0
CA_4,HOBBIES,CA,2013-01-21,2094,5.3684235,0,1,1489.0,1366.0,1367.0,1148.0,1788.0
CA_4,HOBBIES,CA,2013-01-28,2278,5.3697047,3,1,2094.0,1489.0,1366.0,1367.0,1703.0
CA_4,HOBBIES,CA,2013-02-04,2461,5.374793,7,0,2278.0,2094.0,1489.0,1366.0,1834.0
CA_4,HOBBIES,CA,2013-02-11,2229,5.369181,0,2,2461.0,2278.0,2094.0,1489.0,1665.0
CA_4,HOBBIES,CA,2013-02-18,2166,5.363005,0,3,2229.0,2461.0,2278.0,2094.0,1598.0
CA_4,HOBBIES,CA,2013-02-25,2525,5.381813,3,0,2166.0,2229.0,2461.0,2278.0,1752.0
CA_4,HOBBIES,CA,2013-03-04,2052,5.3895917,7,0,2525.0,2166.0,2229.0,2461.0,1898.0
CA_4,HOBBIES,CA,2013-03-11,2314,5.3788514,0,1,2052.0,2525.0,2166.0,2229.0,1777.0
CA_4,HOBBIES,CA,2013-03-18,2383,5.388061,0,0,2314.0,2052.0,2525.0,2166.0,1629.0
CA_4,HOBBIES,CA,2013-03-25,1810,5.403001,0,1,2383.0,2314.0,2052.0,2525.0,1703.0
CA_4,HOBBIES,CA,2013-04-01,2228,5.4029245,7,1,1810.0,2383.0,2314.0,2052.0,1986.0
CA_4,HOBBIES,CA,2013-04-08,2187,5.40166,3,0,2228.0,1810.0,2383.0,2314.0,1696.0
CA_4,HOBBIES,CA,2013-04-15,2330,5.3895154,0,0,2187.0,2228.0,1810.0,2383.0,1681.0
CA_4,HOBBIES,CA,2013-04-22,2462,5.363494,0,0,2330.0,2187.0,2228.0,1810.0,1838.0
CA_4,HOBBIES,CA,2013-04-29,2234,5.3147254,5,1,2462.0,2330.0,2187.0,2228.0,1656.0
CA_4,HOBBIES,CA,2013-05-06,2146,5.2730455,5,1,2234.0,2462.0,2330.0,2187.0,1146.0
CA_4,HOBBIES,CA,2013-05-13,2354,5.2564116,0,0,2146.0,2234.0,2462.0,2330.0,1358.0
CA_4,HOBBIES,CA,2013-05-20,2434,5.261504,0,0,2354.0,2146.0,2234.0,2462.0,1243.0
CA_4,HOBBIES,CA,2013-05-27,2411,5.2550883,2,1,2434.0,2354.0,2146.0,2234.0,1656.0
CA_4,HOBBIES,CA,2013-06-03,2173,5.245786,7,1,2411.0,2434.0,2354.0,2146.0,1943.0
CA_4,HOBBIES,CA,2013-06-10,2252,5.2428064,1,1,2173.0,2411.0,2434.0,2354.0,1763.0
CA_4,HOBBIES,CA,2013-06-17,2180,5.226552,0,1,2252.0,2173.0,2411.0,2434.0,1846.0
CA_4,HOBBIES,CA,2013-06-24,2243,5.214933,0,0,2180.0,2252.0,2173.0,2411.0,1920.0
CA_4,HOBBIES,CA,2013-07-01,1973,5.2383986,7,1,2243.0,2180.0,2252.0,2173.0,1513.0
CA_4,HOBBIES,CA,2013-07-08,2064,5.2584314,3,1,1973.0,2243.0,2180.0,2252.0,1909.0
CA_4,HOBBIES,CA,2013-07-15,2257,5.322228,0,0,2064.0,1973.0,2243.0,2180.0,2348.0
CA_4,HOBBIES,CA,2013-07-22,2058,5.3145494,0,0,2257.0,2064.0,1973.0,2243.0,1475.0
CA_4,HOBBIES,CA,2013-07-29,2139,5.306601,4,0,2058.0,2257.0,2064.0,1973.0,1390.0
CA_4,HOBBIES,CA,2013-08-05,1705,5.3040175,6,1,2139.0,2058.0,2257.0,2064.0,1472.0
CA_4,HOBBIES,CA,2013-08-12,2057,5.3060503,0,0,1705.0,2139.0,2058.0,2257.0,1463.0
CA_4,HOBBIES,CA,2013-08-19,1850,5.3111334,0,0,2057.0,1705.0,2139.0,2058.0,1309.0
CA_4,HOBBIES,CA,2013-08-26,1859,5.3111334,1,0,1850.0,2057.0,1705.0,2139.0,1467.0
CA_4,HOBBIES,CA,2013-09-02,1574,5.3196073,7,1,1859.0,1850.0,2057.0,1705.0,1420.0
CA_4,HOBBIES,CA,2013-09-09,2074,5.3457026,2,0,1574.0,1859.0,1850.0,2057.0,1618.0
CA_4,HOBBIES,CA,2013-09-16,2295,5.3553476,0,0,2074.0,1574.0,1859.0,1850.0,1571.0
CA_4,HOBBIES,CA,2013-09-23,2496,5.351349,0,0,2295.0,2074.0,1574.0,1859.0,1510.0
CA_4,HOBBIES,CA,2013-09-30,2271,5.374743,6,0,2496.0,2295.0,2074.0,1574.0,1543.0
CA_4,HOBBIES,CA,2013-10-07,2238,5.4171243,4,0,2271.0,2496.0,2295.0,2074.0,1451.0
CA_4,HOBBIES,CA,2013-10-14,2195,5.4162254,0,2,2238.0,2271.0,2496.0,2295.0,1440.0
CA_4,HOBBIES,CA,2013-10-21,2505,5.413413,0,0,2195.0,2238.0,2271.0,2496.0,1352.0
CA_4,HOBBIES,CA,2013-10-28,2491,5.409466,3,1,2505.0,2195.0,2238.0,2271.0,1384.0
CA_4,HOBBIES,CA,2013-11-04,2544,5.405255,7,0,2491.0,2505.0,2195.0,2238.0,1459.0
CA_4,HOBBIES,CA,2013-11-11,2272,5.40873,0,1,2544.0,2491.0,2505.0,2195.0,1345.0
CA_4,HOBBIES,CA,2013-11-18,2557,5.4053407,0,0,2272.0,2544.0,2491.0,2505.0,1321.0
CA_4,HOBBIES,CA,2013-11-25,2235,5.410188,1,1,2557.0,2272.0,2544.0,2491.0,1478.0
CA_4,HOBBIES,CA,2013-12-02,2547,5.4148264,7,1,2235.0,2557.0,2272.0,2544.0,1450.0
CA_4,HOBBIES,CA,2013-12-09,2259,5.4157863,2,0,2547.0,2235.0,2557.0,2272.0,1571.0
CA_4,HOBBIES,CA,2013-12-16,2486,5.415009,0,0,2259.0,2547.0,2235.0,2557.0,1611.0
CA_4,HOBBIES,CA,2013-12-23,2083,5.405417,0,1,2486.0,2259.0,2547.0,2235.0,1148.0
CA_4,HOBBIES,CA,2013-12-30,2228,5.40092,5,1,2083.0,2486.0,2259.0,2547.0,1367.0
CA_4,HOBBIES,CA,2014-01-06,2347,5.4100213,5,1,2228.0,2083.0,2486.0,2259.0,1366.0
CA_4,HOBBIES,CA,2014-01-13,2490,5.4360175,0,0,2347.0,2228.0,2083.0,2486.0,1489.0
CA_4,HOBBIES,CA,2014-01-20,2386,5.4380765,0,1,2490.0,2347.0,2228.0,2083.0,2094.0
CA_4,HOBBIES,CA,2014-01-27,2390,5.437329,2,1,2386.0,2490.0,2347.0,2228.0,2278.0
CA_4,HOBBIES,CA,2014-02-03,2615,5.4630995,7,0,2390.0,2386.0,2490.0,2347.0,2461.0
CA_4,HOBBIES,CA,2014-02-10,2170,5.5394692,1,1,2615.0,2390.0,2386.0,2490.0,2229.0
CA_4,HOBBIES,CA,2014-02-17,2062,5.571968,0,1,2170.0,2615.0,2390.0,2386.0,2166.0
CA_4,HOBBIES,CA,2014-02-24,2424,5.575295,2,0,2062.0,2170.0,2615.0,2390.0,2525.0
CA_4,HOBBIES,CA,2014-03-03,2247,5.5653596,7,1,2424.0,2062.0,2170.0,2615.0,2052.0
CA_4,HOBBIES,CA,2014-03-10,2245,5.5721292,1,2,2247.0,2424.0,2062.0,2170.0,2314.0
CA_4,HOBBIES,CA,2014-03-17,2083,5.617927,0,1,2245.0,2247.0,2424.0,2062.0,2383.0
CA_4,HOBBIES,CA,2014-03-24,2113,5.6672378,0,0,2083.0,2245.0,2247.0,2424.0,1810.0
CA_4,HOBBIES,CA,2014-03-31,2175,5.678524,6,0,2113.0,2083.0,2245.0,2247.0,2228.0
CA_4,HOBBIES,CA,2014-04-07,2308,5.689632,4,0,2175.0,2113.0,2083.0,2245.0,2187.0
CA_4,HOBBIES,CA,2014-04-14,2118,5.716312,0,1,2308.0,2175.0,2113.0,2083.0,2330.0
CA_4,HOBBIES,CA,2014-04-21,2448,5.691119,0,1,2118.0,2308.0,2175.0,2113.0,2462.0
CA_4,HOBBIES,CA,2014-04-28,2216,5.605967,4,0,2448.0,2118.0,2308.0,2175.0,2234.0
CA_4,HOBBIES,CA,2014-05-05,2281,5.5638814,6,2,2216.0,2448.0,2118.0,2308.0,2146.0
CA_4,HOBBIES,CA,2014-05-12,2084,5.563012,0,0,2281.0,2216.0,2448.0,2118.0,2354.0
CA_4,HOBBIES,CA,2014-05-19,2126,5.555776,0,0,2084.0,2281.0,2216.0,2448.0,2434.0
CA_4,HOBBIES,CA,2014-05-26,2109,5.5421944,1,1,2126.0,2084.0,2281.0,2216.0,2411.0
CA_4,HOBBIES,CA,2014-06-02,2659,5.542236,7,1,2109.0,2126.0,2084.0,2281.0,2173.0
CA_4,HOBBIES,CA,2014-06-09,2365,5.5478396,2,1,2659.0,2109.0,2126.0,2084.0,2252.0
CA_4,HOBBIES,CA,2014-06-16,2389,5.5420012,0,0,2365.0,2659.0,2109.0,2126.0,2180.0
CA_4,HOBBIES,CA,2014-06-23,2142,5.5311503,0,1,2389.0,2365.0,2659.0,2109.0,2243.0
CA_4,HOBBIES,CA,2014-06-30,2274,5.5352674,6,1,2142.0,2389.0,2365.0,2659.0,1973.0
CA_4,HOBBIES,CA,2014-07-07,2232,5.5327115,4,0,2274.0,2142.0,2389.0,2365.0,2064.0
CA_4,HOBBIES,CA,2014-07-14,2183,5.5343256,0,0,2232.0,2274.0,2142.0,2389.0,2257.0
CA_4,HOBBIES,CA,2014-07-21,1924,5.537823,0,0,2183.0,2232.0,2274.0,2142.0,2058.0
CA_4,HOBBIES,CA,2014-07-28,2294,5.5364785,3,1,1924.0,2183.0,2232.0,2274.0,2139.0
CA_4,HOBBIES,CA,2014-08-04,2343,5.5389132,7,0,2294.0,1924.0,2183.0,2232.0,1705.0
CA_4,HOBBIES,CA,2014-08-11,2033,5.544887,0,0,2343.0,2294.0,1924.0,2183.0,2057.0
CA_4,HOBBIES,CA,2014-08-18,1991,5.544084,0,0,2033.0,2343.0,2294.0,1924.0,1850.0
CA_4,HOBBIES,CA,2014-08-25,1935,5.540765,0,0,1991.0,2033.0,2343.0,2294.0,1859.0
CA_4,HOBBIES,CA,2014-09-01,2160,5.535275,7,1,1935.0,1991.0,2033.0,2343.0,1574.0
CA_4,HOBBIES,CA,2014-09-08,2042,5.5341573,3,0,2160.0,1935.0,1991.0,2033.0,2074.0
CA_4,HOBBIES,CA,2014-09-15,2080,5.5317273,0,0,2042.0,2160.0,1935.0,1991.0,2295.0
CA_4,HOBBIES,CA,2014-09-22,1806,5.525861,0,0,2080.0,2042.0,2160.0,1935.0,2496.0
CA_4,HOBBIES,CA,2014-09-29,2194,5.524154,5,1,1806.0,2080.0,2042.0,2160.0,2271.0
CA_4,HOBBIES,CA,2014-10-06,2107,5.5177217,5,0,2194.0,1806.0,2080.0,2042.0,2238.0
CA_4,HOBBIES,CA,2014-10-13,2206,5.512571,0,1,2107.0,2194.0,1806.0,2080.0,2195.0
CA_4,HOBBIES,CA,2014-10-20,2178,5.504783,0,0,2206.0,2107.0,2194.0,1806.0,2505.0
CA_4,HOBBIES,CA,2014-10-27,2192,5.5038943,2,1,2178.0,2206.0,2107.0,2194.0,2491.0
CA_4,HOBBIES,CA,2014-11-03,2181,5.503791,7,0,2192.0,2178.0,2206.0,2107.0,2544.0
CA_4,HOBBIES,CA,2014-11-10,2037,5.503963,1,1,2181.0,2192.0,2178.0,2206.0,2272.0
CA_4,HOBBIES,CA,2014-11-17,2048,5.503963,0,0,2037.0,2181.0,2192.0,2178.0,2557.0
CA_4,HOBBIES,CA,2014-11-24,1913,5.5055194,0,1,2048.0,2037.0,2181.0,2192.0,2235.0
CA_4,HOBBIES,CA,2014-12-01,2370,5.50941,7,0,1913.0,2048.0,2037.0,2181.0,2547.0
CA_4,HOBBIES,CA,2014-12-08,2071,5.508619,3,0,2370.0,1913.0,2048.0,2037.0,2259.0
CA_4,HOBBIES,CA,2014-12-15,2089,5.5066423,0,0,2071.0,2370.0,1913.0,2048.0,2486.0
CA_4,HOBBIES,CA,2014-12-22,1841,5.513732,0,2,2089.0,2071.0,2370.0,1913.0,2083.0
CA_4,HOBBIES,CA,2014-12-29,2127,5.5269585,4,1,1841.0,2089.0,2071.0,2370.0,2228.0
CA_4,HOBBIES,CA,2015-01-05,2057,5.516095,6,1,2127.0,1841.0,2089.0,2071.0,2347.0
CA_4,HOBBIES,CA,2015-01-12,2205,5.523214,0,0,2057.0,2127.0,1841.0,2089.0,2490.0
CA_4,HOBBIES,CA,2015-01-19,2233,5.544307,0,1,2205.0,2057.0,2127.0,1841.0,2386.0
CA_4,HOBBIES,CA,2015-01-26,2432,5.557869,1,1,2233.0,2205.0,2057.0,2127.0,2390.0
CA_4,HOBBIES,CA,2015-02-02,2447,5.559014,7,0,2432.0,2233.0,2205.0,2057.0,2615.0
CA_4,HOBBIES,CA,2015-02-09,2523,5.571064,2,1,2447.0,2432.0,2233.0,2205.0,2170.0
CA_4,HOBBIES,CA,2015-02-16,2465,5.582598,0,2,2523.0,2447.0,2432.0,2233.0,2062.0
CA_4,HOBBIES,CA,2015-02-23,2511,5.576775,1,1,2465.0,2523.0,2447.0,2432.0,2424.0
CA_4,HOBBIES,CA,2015-03-02,2342,5.576775,7,1,2511.0,2465.0,2523.0,2447.0,2247.0
CA_4,HOBBIES,CA,2015-03-09,2660,5.576775,2,0,2342.0,2511.0,2465.0,2523.0,2245.0
CA_4,HOBBIES,CA,2015-03-16,2259,5.580938,0,1,2660.0,2342.0,2511.0,2465.0,2083.0
CA_4,HOBBIES,CA,2015-03-23,2359,5.5884256,0,0,2259.0,2660.0,2342.0,2511.0,2113.0
CA_4,HOBBIES,CA,2015-03-30,2421,5.5775533,5,1,2359.0,2259.0,2660.0,2342.0,2175.0
CA_4,HOBBIES,CA,2015-04-06,2717,5.5672455,5,2,2421.0,2359.0,2259.0,2660.0,2308.0
CA_4,HOBBIES,CA,2015-04-13,2141,5.567688,0,0,2717.0,2421.0,2359.0,2259.0,2118.0
CA_4,HOBBIES,CA,2015-04-20,2509,5.577736,0,0,2141.0,2717.0,2421.0,2359.0,2448.0
CA_4,HOBBIES,CA,2015-04-27,2795,5.5809884,3,0,2509.0,2141.0,2717.0,2421.0,2216.0
CA_4,HOBBIES,CA,2015-05-04,2657,5.58646,7,2,2795.0,2509.0,2141.0,2717.0,2281.0
CA_4,HOBBIES,CA,2015-05-11,2444,5.5850396,0,0,2657.0,2795.0,2509.0,2141.0,2084.0
CA_4,HOBBIES,CA,2015-05-18,2607,5.5871096,0,0,2444.0,2657.0,2795.0,2509.0,2126.0
CA_4,HOBBIES,CA,2015-05-25,2811,5.5909805,0,1,2607.0,2444.0,2657.0,2795.0,2109.0
CA_4,HOBBIES,CA,2015-06-01,2841,5.590533,7,1,2811.0,2607.0,2444.0,2657.0,2659.0
CA_4,HOBBIES,CA,2015-06-08,2463,5.587766,3,0,2841.0,2811.0,2607.0,2444.0,2365.0
CA_4,HOBBIES,CA,2015-06-15,2698,5.5840106,0,3,2463.0,2841.0,2811.0,2607.0,2389.0
CA_4,HOBBIES,CA,2015-06-22,2377,5.5844994,0,0,2698.0,2463.0,2841.0,2811.0,2142.0
CA_4,HOBBIES,CA,2015-06-29,2692,5.58245,5,1,2377.0,2698.0,2463.0,2841.0,2274.0
CA_4,HOBBIES,CA,2015-07-06,2743,5.5796113,5,0,2692.0,2377.0,2698.0,2463.0,2232.0
CA_4,HOBBIES,CA,2015-07-13,2771,5.5791306,0,1,2743.0,2692.0,2377.0,2698.0,2183.0
CA_4,HOBBIES,CA,2015-07-20,2468,5.5785117,0,0,2771.0,2743.0,2692.0,2377.0,1924.0
CA_4,HOBBIES,CA,2015-07-27,2706,5.5742383,2,0,2468.0,2771.0,2743.0,2692.0,2294.0
CA_4,HOBBIES,CA,2015-08-03,2665,5.567819,7,0,2706.0,2468.0,2771.0,2743.0,2343.0
CA_4,HOBBIES,CA,2015-08-10,2553,5.5650053,1,0,2665.0,2706.0,2468.0,2771.0,2033.0
CA_4,HOBBIES,CA,2015-08-17,2696,5.564296,0,0,2553.0,2665.0,2706.0,2468.0,1991.0
CA_4,HOBBIES,CA,2015-08-24,2554,5.563804,0,0,2696.0,2553.0,2665.0,2706.0,1935.0
CA_4,HOBBIES,CA,2015-08-31,2570,5.563209,6,0,2554.0,2696.0,2553.0,2665.0,2160.0
CA_4,HOBBIES,CA,2015-09-07,2681,5.563209,4,1,2570.0,2554.0,2696.0,2553.0,2042.0
CA_4,HOBBIES,CA,2015-09-14,2721,5.562064,0,0,2681.0,2570.0,2554.0,2696.0,2080.0
CA_4,HOBBIES,CA,2015-09-21,2655,5.560443,0,1,2721.0,2681.0,2570.0,2554.0,1806.0
CA_4,HOBBIES,CA,2015-09-28,2834,5.563546,4,0,2655.0,2721.0,2681.0,2570.0,2194.0
CA_4,HOBBIES,CA,2015-10-05,2587,5.563546,6,0,2834.0,2655.0,2721.0,2681.0,2107.0
CA_4,HOBBIES,CA,2015-10-12,2525,5.5630393,0,1,2587.0,2834.0,2655.0,2721.0,2206.0
CA_4,HOBBIES,CA,2015-10-19,2664,5.561687,0,0,2525.0,2587.0,2834.0,2655.0,2178.0
CA_4,HOBBIES,CA,2015-10-26,3282,5.567534,1,1,2664.0,2525.0,2587.0,2834.0,2192.0
CA_4,HOBBIES,CA,2015-11-02,3101,5.582913,7,0,3282.0,2664.0,2525.0,2587.0,2181.0
CA_4,HOBBIES,CA,2015-11-09,2835,5.5826902,2,1,3101.0,3282.0,2664.0,2525.0,2037.0
CA_4,HOBBIES,CA,2015-11-16,3092,5.580531,0,0,2835.0,3101.0,3282.0,2664.0,2048.0
CA_4,HOBBIES,CA,2015-11-23,2676,5.5799994,0,1,3092.0,2835.0,3101.0,3282.0,1913.0
CA_4,HOBBIES,CA,2015-11-30,3127,5.5799994,6,0,2676.0,3092.0,2835.0,3101.0,2370.0
CA_4,HOBBIES,CA,2015-12-07,2870,5.579595,4,0,3127.0,2676.0,3092.0,2835.0,2071.0
CA_4,HOBBIES,CA,2015-12-14,2997,5.5785837,0,1,2870.0,3127.0,2676.0,3092.0,2089.0
CA_4,HOBBIES,CA,2015-12-21,2251,5.5785837,0,1,2997.0,2870.0,3127.0,2676.0,1841.0
CA_4,HOBBIES,CA,2015-12-28,2717,5.5785837,3,1,2251.0,2997.0,2870.0,3127.0,2127.0
CA_4,HOBBIES,CA,2016-01-04,2884,5.57822,7,1,2717.0,2251.0,2997.0,2870.0,2057.0
CA_4,HOBBIES,CA,2016-01-11,2621,5.57821,0,0,2884.0,2717.0,2251.0,2997.0,2205.0
CA_4,HOBBIES,CA,2016-01-18,2710,5.5802226,0,1,2621.0,2884.0,2717.0,2251.0,2233.0
CA_4,HOBBIES,CA,2016-01-25,3001,5.578617,0,0,2710.0,2621.0,2884.0,2717.0,2432.0
CA_4,HOBBIES,CA,2016-02-01,2871,5.575097,7,1,3001.0,2710.0,2621.0,2884.0,2447.0
CA_4,HOBBIES,CA,2016-02-08,2770,5.572948,3,2,2871.0,3001.0,2710.0,2621.0,2523.0
CA_4,HOBBIES,CA,2016-02-15,2556,5.57381,0,2,2770.0,2871.0,3001.0,2710.0,2465.0
CA_4,HOBBIES,CA,2016-02-22,2497,5.573325,0,0,2556.0,2770.0,2871.0,3001.0,2511.0
CA_4,HOBBIES,CA,2016-02-29,2930,5.571858,6,0,2497.0,2556.0,2770.0,2871.0,2342.0
CA_4,HOBBIES,CA,2016-03-07,2368,5.5718985,4,0,2930.0,2497.0,2556.0,2770.0,2660.0
CA_4,HOBBIES,CA,2016-03-14,2615,5.571879,0,1,2368.0,2930.0,2497.0,2556.0,2259.0
CA_4,HOBBIES,CA,2016-03-21,2291,5.5705895,0,2,2615.0,2368.0,2930.0,2497.0,2359.0
CA_4,HOBBIES,CA,2016-03-28,2502,5.568685,3,0,2291.0,2615.0,2368.0,2930.0,2421.0
CA_4,HOBBIES,CA,2016-04-04,2562,5.5695624,7,0,2502.0,2291.0,2615.0,2368.0,2717.0
CA_4,HOBBIES,CA,2016-04-11,2444,5.569077,0,0,2562.0,2502.0,2291.0,2615.0,2141.0
CA_4,HOBBIES,CA,2016-04-18,2810,5.5706854,0,0,2444.0,2562.0,2502.0,2291.0,2509.0
CA_4,HOBBIES,CA,2016-04-25,2633,5.5695224,1,2,2810.0,2444.0,2562.0,2502.0,2795.0
CA_4,HOBBIES,CA,2016-05-02,2783,5.5686173,7,2,2633.0,2810.0,2444.0,2562.0,2657.0
CA_4,HOBBIES,CA,2016-05-09,2860,5.5643964,2,0,2783.0,2633.0,2810.0,2444.0,2444.0
CA_4,HOBBIES,CA,2016-05-16,2800,5.5598273,0,0,2860.0,2783.0,2633.0,2810.0,2607.0
CA_4,HOUSEHOLD,CA,2011-01-31,1406,5.502843,6,1,,,,,
CA_4,HOUSEHOLD,CA,2011-02-07,1529,5.6185236,4,0,1406.0,,,,
CA_4,HOUSEHOLD,CA,2011-02-14,1390,5.637153,0,1,1529.0,1406.0,,,
CA_4,HOUSEHOLD,CA,2011-02-21,1424,5.6677976,0,1,1390.0,1529.0,1406.0,,
CA_4,HOUSEHOLD,CA,2011-02-28,1496,5.6692033,6,0,1424.0,1390.0,1529.0,1406.0,
CA_4,HOUSEHOLD,CA,2011-03-07,1521,5.688667,4,1,1496.0,1424.0,1390.0,1529.0,
CA_4,HOUSEHOLD,CA,2011-03-14,1651,5.703775,0,3,1521.0,1496.0,1424.0,1390.0,
CA_4,HOUSEHOLD,CA,2011-03-21,1666,5.664229,0,0,1651.0,1521.0,1496.0,1424.0,
CA_4,HOUSEHOLD,CA,2011-03-28,1599,5.6378326,3,0,1666.0,1651.0,1521.0,1496.0,
CA_4,HOUSEHOLD,CA,2011-04-04,1622,5.635831,7,0,1599.0,1666.0,1651.0,1521.0,
CA_4,HOUSEHOLD,CA,2011-04-11,1618,5.628038,0,0,1622.0,1599.0,1666.0,1651.0,
CA_4,HOUSEHOLD,CA,2011-04-18,1575,5.623029,0,1,1618.0,1622.0,1599.0,1666.0,
CA_4,HOUSEHOLD,CA,2011-04-25,1467,5.634647,1,1,1575.0,1618.0,1622.0,1599.0,
CA_4,HOUSEHOLD,CA,2011-05-02,1451,5.630199,7,2,1467.0,1575.0,1618.0,1622.0,
CA_4,HOUSEHOLD,CA,2011-05-09,1648,5.619195,2,0,1451.0,1467.0,1575.0,1618.0,
CA_4,HOUSEHOLD,CA,2011-05-16,1571,5.613197,0,0,1648.0,1451.0,1467.0,1575.0,
CA_4,HOUSEHOLD,CA,2011-05-23,1443,5.615485,0,0,1571.0,1648.0,1451.0,1467.0,
CA_4,HOUSEHOLD,CA,2011-05-30,1691,5.6124945,5,2,1443.0,1571.0,1648.0,1451.0,
CA_4,HOUSEHOLD,CA,2011-06-06,1613,5.6074777,5,1,1691.0,1443.0,1571.0,1648.0,
CA_4,HOUSEHOLD,CA,2011-06-13,1528,5.5944014,0,1,1613.0,1691.0,1443.0,1571.0,
CA_4,HOUSEHOLD,CA,2011-06-20,1508,5.5956836,0,0,1528.0,1613.0,1691.0,1443.0,
CA_4,HOUSEHOLD,CA,2011-06-27,1611,5.598155,3,0,1508.0,1528.0,1613.0,1691.0,
CA_4,HOUSEHOLD,CA,2011-07-04,1772,5.5977287,7,1,1611.0,1508.0,1528.0,1613.0,
CA_4,HOUSEHOLD,CA,2011-07-11,1686,5.582511,0,0,1772.0,1611.0,1508.0,1528.0,
CA_4,HOUSEHOLD,CA,2011-07-18,1688,5.59272,0,0,1686.0,1772.0,1611.0,1508.0,
CA_4,HOUSEHOLD,CA,2011-07-25,1687,5.5939875,0,0,1688.0,1686.0,1772.0,1611.0,
CA_4,HOUSEHOLD,CA,2011-08-01,1750,5.586487,7,1,1687.0,1688.0,1686.0,1772.0,
CA_4,HOUSEHOLD,CA,2011-08-08,1778,5.5847955,3,0,1750.0,1687.0,1688.0,1686.0,
CA_4,HOUSEHOLD,CA,2011-08-15,1821,5.5874853,0,0,1778.0,1750.0,1687.0,1688.0,
CA_4,HOUSEHOLD,CA,2011-08-22,1801,5.5893083,0,0,1821.0,1778.0,1750.0,1687.0,
CA_4,HOUSEHOLD,CA,2011-08-29,1870,5.5885,4,1,1801.0,1821.0,1778.0,1750.0,
CA_4,HOUSEHOLD,CA,2011-09-05,1941,5.5860095,6,1,1870.0,1801.0,1821.0,1778.0,
CA_4,HOUSEHOLD,CA,2011-09-12,1934,5.5873446,0,0,1941.0,1870.0,1801.0,1821.0,
CA_4,HOUSEHOLD,CA,2011-09-19,1869,5.58183,0,0,1934.0,1941.0,1870.0,1801.0,
CA_4,HOUSEHOLD,CA,2011-09-26,1946,5.5830107,2,0,1869.0,1934.0,1941.0,1870.0,
CA_4,HOUSEHOLD,CA,2011-10-03,1894,5.5911856,7,0,1946.0,1869.0,1934.0,1941.0,
CA_4,HOUSEHOLD,CA,2011-10-10,1889,5.588,1,1,1894.0,1946.0,1869.0,1934.0,
CA_4,HOUSEHOLD,CA,2011-10-17,1780,5.584994,0,0,1889.0,1894.0,1946.0,1869.0,
CA_4,HOUSEHOLD,CA,2011-10-24,1933,5.584354,0,0,1780.0,1889.0,1894.0,1946.0,
CA_4,HOUSEHOLD,CA,2011-10-31,1928,5.5870376,6,1,1933.0,1780.0,1889.0,1894.0,
CA_4,HOUSEHOLD,CA,2011-11-07,1832,5.5829544,4,2,1928.0,1933.0,1780.0,1889.0,
CA_4,HOUSEHOLD,CA,2011-11-14,1832,5.5816793,0,0,1832.0,1928.0,1933.0,1780.0,
CA_4,HOUSEHOLD,CA,2011-11-21,1648,5.5818725,0,1,1832.0,1832.0,1928.0,1933.0,
CA_4,HOUSEHOLD,CA,2011-11-28,1773,5.5754137,4,0,1648.0,1832.0,1832.0,1928.0,
CA_4,HOUSEHOLD,CA,2011-12-05,1770,5.5757966,6,0,1773.0,1648.0,1832.0,1832.0,
CA_4,HOUSEHOLD,CA,2011-12-12,1693,5.5850873,0,0,1770.0,1773.0,1648.0,1832.0,
CA_4,HOUSEHOLD,CA,2011-12-19,1479,5.5896173,0,1,1693.0,1770.0,1773.0,1648.0,
CA_4,HOUSEHOLD,CA,2011-12-26,1770,5.586364,1,2,1479.0,1693.0,1770.0,1773.0,
CA_4,HOUSEHOLD,CA,2012-01-02,1737,5.578303,7,1,1770.0,1479.0,1693.0,1770.0,
CA_4,HOUSEHOLD,CA,2012-01-09,1728,5.5770354,2,0,1737.0,1770.0,1479.0,1693.0,
CA_4,HOUSEHOLD,CA,2012-01-16,1881,5.574444,0,1,1728.0,1737.0,1770.0,1479.0,
CA_4,HOUSEHOLD,CA,2012-01-23,1744,5.582004,0,0,1881.0,1728.0,1737.0,1770.0,
CA_4,HOUSEHOLD,CA,2012-01-30,1883,5.592134,5,1,1744.0,1881.0,1728.0,1737.0,1406.0
CA_4,HOUSEHOLD,CA,2012-02-06,1800,5.5958147,5,0,1883.0,1744.0,1881.0,1728.0,1529.0
CA_4,HOUSEHOLD,CA,2012-02-13,1787,5.6229157,0,1,1800.0,1883.0,1744.0,1881.0,1390.0
CA_4,HOUSEHOLD,CA,2012-02-20,1889,5.6357946,0,2,1787.0,1800.0,1883.0,1744.0,1424.0
CA_4,HOUSEHOLD,CA,2012-02-27,2003,5.6576333,4,1,1889.0,1787.0,1800.0,1883.0,1496.0
CA_4,HOUSEHOLD,CA,2012-03-05,2102,5.678628,6,1,2003.0,1889.0,1787.0,1800.0,1521.0
CA_4,HOUSEHOLD,CA,2012-03-12,1860,5.682519,0,1,2102.0,2003.0,1889.0,1787.0,1651.0
CA_4,HOUSEHOLD,CA,2012-03-19,1865,5.681234,0,0,1860.0,2102.0,2003.0,1889.0,1666.0
CA_4,HOUSEHOLD,CA,2012-03-26,1886,5.6773725,1,0,1865.0,1860.0,2102.0,2003.0,1599.0
CA_4,HOUSEHOLD,CA,2012-04-02,1875,5.6744895,7,1,1886.0,1865.0,1860.0,2102.0,1622.0
CA_4,HOUSEHOLD,CA,2012-04-09,1920,5.672829,2,2,1875.0,1886.0,1865.0,1860.0,1618.0
CA_4,HOUSEHOLD,CA,2012-04-16,1895,5.666626,0,0,1920.0,1875.0,1886.0,1865.0,1575.0
CA_4,HOUSEHOLD,CA,2012-04-23,1954,5.6609106,0,0,1895.0,1920.0,1875.0,1886.0,1467.0
CA_4,HOUSEHOLD,CA,2012-04-30,2009,5.6500974,6,1,1954.0,1895.0,1920.0,1875.0,1451.0
CA_4,HOUSEHOLD,CA,2012-05-07,1792,5.625749,4,1,2009.0,1954.0,1895.0,1920.0,1648.0
CA_4,HOUSEHOLD,CA,2012-05-14,1997,5.6233087,0,0,1792.0,2009.0,1954.0,1895.0,1571.0
CA_4,HOUSEHOLD,CA,2012-05-21,1901,5.611912,0,0,1997.0,1792.0,2009.0,1954.0,1443.0
CA_4,HOUSEHOLD,CA,2012-05-28,2159,5.597505,3,1,1901.0,1997.0,1792.0,2009.0,1691.0
CA_4,HOUSEHOLD,CA,2012-06-04,1911,5.5855565,7,0,2159.0,1901.0,1997.0,1792.0,1613.0
CA_4,HOUSEHOLD,CA,2012-06-11,2269,5.552835,0,2,1911.0,2159.0,1901.0,1997.0,1528.0
CA_4,HOUSEHOLD,CA,2012-06-18,2184,5.5491166,0,1,2269.0,1911.0,2159.0,1901.0,1508.0
CA_4,HOUSEHOLD,CA,2012-06-25,2305,5.545072,1,0,2184.0,2269.0,1911.0,2159.0,1611.0
CA_4,HOUSEHOLD,CA,2012-07-02,2334,5.5469346,7,1,2305.0,2184.0,2269.0,1911.0,1772.0
CA_4,HOUSEHOLD,CA,2012-07-09,2335,5.541222,2,0,2334.0,2305.0,2184.0,2269.0,1686.0
CA_4,HOUSEHOLD,CA,2012-07-16,2368,5.530194,0,1,2335.0,2334.0,2305.0,2184.0,1688.0
CA_4,HOUSEHOLD,CA,2012-07-23,2296,5.5271716,0,0,2368.0,2335.0,2334.0,2305.0,1687.0
CA_4,HOUSEHOLD,CA,2012-07-30,2550,5.5289617,5,0,2296.0,2368.0,2335.0,2334.0,1750.0
CA_4,HOUSEHOLD,CA,2012-08-06,2321,5.54053,5,0,2550.0,2296.0,2368.0,2335.0,1778.0
CA_4,HOUSEHOLD,CA,2012-08-13,2604,5.5484695,0,1,2321.0,2550.0,2296.0,2368.0,1821.0
CA_4,HOUSEHOLD,CA,2012-08-20,2588,5.556888,0,0,2604.0,2321.0,2550.0,2296.0,1801.0
CA_4,HOUSEHOLD,CA,2012-08-27,2315,5.5723233,2,0,2588.0,2604.0,2321.0,2550.0,1870.0
CA_4,HOUSEHOLD,CA,2012-09-03,2538,5.5741878,7,1,2315.0,2588.0,2604.0,2321.0,1941.0
CA_4,HOUSEHOLD,CA,2012-09-10,2419,5.578495,1,0,2538.0,2315.0,2588.0,2604.0,1934.0
CA_4,HOUSEHOLD,CA,2012-09-17,2554,5.582855,0,0,2419.0,2538.0,2315.0,2588.0,1869.0
CA_4,HOUSEHOLD,CA,2012-09-24,2425,5.57886,0,0,2554.0,2419.0,2538.0,2315.0,1946.0
CA_4,HOUSEHOLD,CA,2012-10-01,2560,5.5751343,7,0,2425.0,2554.0,2419.0,2538.0,1894.0
CA_4,HOUSEHOLD,CA,2012-10-08,2423,5.5735283,3,1,2560.0,2425.0,2554.0,2419.0,1889.0
CA_4,HOUSEHOLD,CA,2012-10-15,2542,5.5732155,0,0,2423.0,2560.0,2425.0,2554.0,1780.0
CA_4,HOUSEHOLD,CA,2012-10-22,2367,5.5732155,0,1,2542.0,2423.0,2560.0,2425.0,1933.0
CA_4,HOUSEHOLD,CA,2012-10-29,2418,5.5732155,4,1,2367.0,2542.0,2423.0,2560.0,1928.0
CA_4,HOUSEHOLD,CA,2012-11-05,2311,5.5708966,6,1,2418.0,2367.0,2542.0,2423.0,1832.0
CA_4,HOUSEHOLD,CA,2012-11-12,2277,5.566829,0,0,2311.0,2418.0,2367.0,2542.0,1832.0
CA_4,HOUSEHOLD,CA,2012-11-19,2091,5.5713305,0,1,2277.0,2311.0,2418.0,2367.0,1648.0
CA_4,HOUSEHOLD,CA,2012-11-26,2414,5.5699577,2,0,2091.0,2277.0,2311.0,2418.0,1773.0
CA_4,HOUSEHOLD,CA,2012-12-03,2361,5.564512,7,0,2414.0,2091.0,2277.0,2311.0,1770.0
CA_4,HOUSEHOLD,CA,2012-12-10,2179,5.5648103,1,1,2361.0,2414.0,2091.0,2277.0,1693.0
CA_4,HOUSEHOLD,CA,2012-12-17,2283,5.570594,0,0,2179.0,2361.0,2414.0,2091.0,1479.0
CA_4,HOUSEHOLD,CA,2012-12-24,2005,5.5676203,0,1,2283.0,2179.0,2361.0,2414.0,1770.0
CA_4,HOUSEHOLD,CA,2012-12-31,2262,5.5651727,6,1,2005.0,2283.0,2179.0,2361.0,1737.0
CA_4,HOUSEHOLD,CA,2013-01-07,2095,5.564196,4,1,2262.0,2005.0,2283.0,2179.0,1728.0
CA_4,HOUSEHOLD,CA,2013-01-14,2225,5.555453,0,0,2095.0,2262.0,2005.0,2283.0,1881.0
CA_4,HOUSEHOLD,CA,2013-01-21,2401,5.543552,0,1,2225.0,2095.0,2262.0,2005.0,1744.0
CA_4,HOUSEHOLD,CA,2013-01-28,2333,5.5347314,3,1,2401.0,2225.0,2095.0,2262.0,1883.0
CA_4,HOUSEHOLD,CA,2013-02-04,2373,5.5208373,7,0,2333.0,2401.0,2225.0,2095.0,1800.0
CA_4,HOUSEHOLD,CA,2013-02-11,2034,5.517091,0,2,2373.0,2333.0,2401.0,2225.0,1787.0
CA_4,HOUSEHOLD,CA,2013-02-18,2218,5.504101,0,3,2034.0,2373.0,2333.0,2401.0,1889.0
CA_4,HOUSEHOLD,CA,2013-02-25,2520,5.4805937,3,0,2218.0,2034.0,2373.0,2333.0,2003.0
CA_4,HOUSEHOLD,CA,2013-03-04,2399,5.4694247,7,0,2520.0,2218.0,2034.0,2373.0,2102.0
CA_4,HOUSEHOLD,CA,2013-03-11,2438,5.457691,0,1,2399.0,2520.0,2218.0,2034.0,1860.0
CA_4,HOUSEHOLD,CA,2013-03-18,2713,5.4485674,0,0,2438.0,2399.0,2520.0,2218.0,1865.0
CA_4,HOUSEHOLD,CA,2013-03-25,2456,5.4487658,0,1,2713.0,2438.0,2399.0,2520.0,1886.0
CA_4,HOUSEHOLD,CA,2013-04-01,2591,5.447545,7,1,2456.0,2713.0,2438.0,2399.0,1875.0
CA_4,HOUSEHOLD,CA,2013-04-08,2595,5.440988,3,0,2591.0,2456.0,2713.0,2438.0,1920.0
CA_4,HOUSEHOLD,CA,2013-04-15,2571,5.4334564,0,0,2595.0,2591.0,2456.0,2713.0,1895.0
CA_4,HOUSEHOLD,CA,2013-04-22,2664,5.427803,0,0,2571.0,2595.0,2591.0,2456.0,1954.0
CA_4,HOUSEHOLD,CA,2013-04-29,2874,5.425778,5,1,2664.0,2571.0,2595.0,2591.0,2009.0
CA_4,HOUSEHOLD,CA,2013-05-06,2752,5.4297843,5,1,2874.0,2664.0,2571.0,2595.0,1792.0
CA_4,HOUSEHOLD,CA,2013-05-13,2842,5.4337716,0,0,2752.0,2874.0,2664.0,2571.0,1997.0
CA_4,HOUSEHOLD,CA,2013-05-20,2832,5.428376,0,0,2842.0,2752.0,2874.0,2664.0,1901.0
CA_4,HOUSEHOLD,CA,2013-05-27,3089,5.426711,2,1,2832.0,2842.0,2752.0,2874.0,2159.0
CA_4,HOUSEHOLD,CA,2013-06-03,2758,5.4237375,7,1,3089.0,2832.0,2842.0,2752.0,1911.0
CA_4,HOUSEHOLD,CA,2013-06-10,2945,5.4233127,1,1,2758.0,3089.0,2832.0,2842.0,2269.0
CA_4,HOUSEHOLD,CA,2013-06-17,3008,5.4307275,0,1,2945.0,2758.0,3089.0,2832.0,2184.0
CA_4,HOUSEHOLD,CA,2013-06-24,2924,5.454328,0,0,3008.0,2945.0,2758.0,3089.0,2305.0
CA_4,HOUSEHOLD,CA,2013-07-01,2943,5.458354,7,1,2924.0,3008.0,2945.0,2758.0,2334.0
CA_4,HOUSEHOLD,CA,2013-07-08,2914,5.455261,3,1,2943.0,2924.0,3008.0,2945.0,2335.0
CA_4,HOUSEHOLD,CA,2013-07-15,3068,5.4497995,0,0,2914.0,2943.0,2924.0,3008.0,2368.0
CA_4,HOUSEHOLD,CA,2013-07-22,2928,5.4422493,0,0,3068.0,2914.0,2943.0,2924.0,2296.0
CA_4,HOUSEHOLD,CA,2013-07-29,2986,5.431764,4,0,2928.0,3068.0,2914.0,2943.0,2550.0
CA_4,HOUSEHOLD,CA,2013-08-05,3058,5.426444,6,1,2986.0,2928.0,3068.0,2914.0,2321.0
CA_4,HOUSEHOLD,CA,2013-08-12,3141,5.426114,0,0,3058.0,2986.0,2928.0,3068.0,2604.0
CA_4,HOUSEHOLD,CA,2013-08-19,3177,5.4278574,0,0,3141.0,3058.0,2986.0,2928.0,2588.0
CA_4,HOUSEHOLD,CA,2013-08-26,3050,5.4263043,1,0,3177.0,3141.0,3058.0,2986.0,2315.0
CA_4,HOUSEHOLD,CA,2013-09-02,3067,5.422471,7,1,3050.0,3177.0,3141.0,3058.0,2538.0
CA_4,HOUSEHOLD,CA,2013-09-09,2910,5.4207225,2,0,3067.0,3050.0,3177.0,3141.0,2419.0
CA_4,HOUSEHOLD,CA,2013-09-16,2954,5.4140697,0,0,2910.0,3067.0,3050.0,3177.0,2554.0
CA_4,HOUSEHOLD,CA,2013-09-23,2635,5.408578,0,0,2954.0,2910.0,3067.0,3050.0,2425.0
CA_4,HOUSEHOLD,CA,2013-09-30,2937,5.4070563,6,0,2635.0,2954.0,2910.0,3067.0,2560.0
CA_4,HOUSEHOLD,CA,2013-10-07,2908,5.4055543,4,0,2937.0,2635.0,2954.0,2910.0,2423.0
CA_4,HOUSEHOLD,CA,2013-10-14,2731,5.402887,0,2,2908.0,2937.0,2635.0,2954.0,2542.0
CA_4,HOUSEHOLD,CA,2013-10-21,2725,5.404274,0,0,2731.0,2908.0,2937.0,2635.0,2367.0
CA_4,HOUSEHOLD,CA,2013-10-28,2827,5.4045596,3,1,2725.0,2731.0,2908.0,2937.0,2418.0
CA_4,HOUSEHOLD,CA,2013-11-04,2695,5.403935,7,0,2827.0,2725.0,2731.0,2908.0,2311.0
CA_4,HOUSEHOLD,CA,2013-11-11,2669,5.401931,0,1,2695.0,2827.0,2725.0,2731.0,2277.0
CA_4,HOUSEHOLD,CA,2013-11-18,2657,5.4030232,0,0,2669.0,2695.0,2827.0,2725.0,2091.0
CA_4,HOUSEHOLD,CA,2013-11-25,2346,5.405655,1,1,2657.0,2669.0,2695.0,2827.0,2414.0
CA_4,HOUSEHOLD,CA,2013-12-02,2731,5.405313,7,1,2346.0,2657.0,2669.0,2695.0,2361.0
CA_4,HOUSEHOLD,CA,2013-12-09,2342,5.4053335,2,0,2731.0,2346.0,2657.0,2669.0,2179.0
CA_4,HOUSEHOLD,CA,2013-12-16,2430,5.405498,0,0,2342.0,2731.0,2346.0,2657.0,2283.0
CA_4,HOUSEHOLD,CA,2013-12-23,2222,5.4069695,0,1,2430.0,2342.0,2731.0,2346.0,2005.0
CA_4,HOUSEHOLD,CA,2013-12-30,2466,5.4063797,5,1,2222.0,2430.0,2342.0,2731.0,2262.0
CA_4,HOUSEHOLD,CA,2014-01-06,2694,5.39776,5,1,2466.0,2222.0,2430.0,2342.0,2095.0
CA_4,HOUSEHOLD,CA,2014-01-13,2567,5.3986297,0,0,2694.0,2466.0,2222.0,2430.0,2225.0
CA_4,HOUSEHOLD,CA,2014-01-20,2682,5.407959,0,1,2567.0,2694.0,2466.0,2222.0,2401.0
CA_4,HOUSEHOLD,CA,2014-01-27,2707,5.4176292,2,1,2682.0,2567.0,2694.0,2466.0,2333.0
CA_4,HOUSEHOLD,CA,2014-02-03,2856,5.4163713,7,0,2707.0,2682.0,2567.0,2694.0,2373.0
CA_4,HOUSEHOLD,CA,2014-02-10,2734,5.4139814,1,1,2856.0,2707.0,2682.0,2567.0,2034.0
CA_4,HOUSEHOLD,CA,2014-02-17,2726,5.4208884,0,1,2734.0,2856.0,2707.0,2682.0,2218.0
CA_4,HOUSEHOLD,CA,2014-02-24,2886,5.4424934,2,0,2726.0,2734.0,2856.0,2707.0,2520.0
CA_4,HOUSEHOLD,CA,2014-03-03,2797,5.4480143,7,1,2886.0,2726.0,2734.0,2856.0,2399.0
CA_4,HOUSEHOLD,CA,2014-03-10,2832,5.44832,1,2,2797.0,2886.0,2726.0,2734.0,2438.0
CA_4,HOUSEHOLD,CA,2014-03-17,2986,5.448113,0,1,2832.0,2797.0,2886.0,2726.0,2713.0
CA_4,HOUSEHOLD,CA,2014-03-24,3001,5.446857,0,0,2986.0,2832.0,2797.0,2886.0,2456.0
CA_4,HOUSEHOLD,CA,2014-03-31,2953,5.4473267,6,0,3001.0,2986.0,2832.0,2797.0,2591.0
CA_4,HOUSEHOLD,CA,2014-04-07,2875,5.45159,4,0,2953.0,3001.0,2986.0,2832.0,2595.0
CA_4,HOUSEHOLD,CA,2014-04-14,2962,5.458635,0,1,2875.0,2953.0,3001.0,2986.0,2571.0
CA_4,HOUSEHOLD,CA,2014-04-21,2965,5.458365,0,1,2962.0,2875.0,2953.0,3001.0,2664.0
CA_4,HOUSEHOLD,CA,2014-04-28,2908,5.4578986,4,0,2965.0,2962.0,2875.0,2953.0,2874.0
CA_4,HOUSEHOLD,CA,2014-05-05,2770,5.4574203,6,2,2908.0,2965.0,2962.0,2875.0,2752.0
CA_4,HOUSEHOLD,CA,2014-05-12,2947,5.458925,0,0,2770.0,2908.0,2965.0,2962.0,2842.0
CA_4,HOUSEHOLD,CA,2014-05-19,2795,5.4565287,0,0,2947.0,2770.0,2908.0,2965.0,2832.0
CA_4,HOUSEHOLD,CA,2014-05-26,3165,5.4604297,1,1,2795.0,2947.0,2770.0,2908.0,3089.0
CA_4,HOUSEHOLD,CA,2014-06-02,3168,5.472786,7,1,3165.0,2795.0,2947.0,2770.0,2758.0
CA_4,HOUSEHOLD,CA,2014-06-09,2976,5.4746923,2,1,3168.0,3165.0,2795.0,2947.0,2945.0
CA_4,HOUSEHOLD,CA,2014-06-16,3097,5.4816146,0,0,2976.0,3168.0,3165.0,2795.0,3008.0
CA_4,HOUSEHOLD,CA,2014-06-23,3166,5.484712,0,1,3097.0,2976.0,3168.0,3165.0,2924.0
CA_4,HOUSEHOLD,CA,2014-06-30,3276,5.485115,6,1,3166.0,3097.0,2976.0,3168.0,2943.0
CA_4,HOUSEHOLD,CA,2014-07-07,3076,5.4841733,4,0,3276.0,3166.0,3097.0,2976.0,2914.0
CA_4,HOUSEHOLD,CA,2014-07-14,3141,5.479901,0,0,3076.0,3276.0,3166.0,3097.0,3068.0
CA_4,HOUSEHOLD,CA,2014-07-21,2982,5.4783792,0,0,3141.0,3076.0,3276.0,3166.0,2928.0
CA_4,HOUSEHOLD,CA,2014-07-28,2999,5.4715047,3,1,2982.0,3141.0,3076.0,3276.0,2986.0
CA_4,HOUSEHOLD,CA,2014-08-04,3111,5.4639826,7,0,2999.0,2982.0,3141.0,3076.0,3058.0
CA_4,HOUSEHOLD,CA,2014-08-11,3172,5.4638405,0,0,3111.0,2999.0,2982.0,3141.0,3141.0
CA_4,HOUSEHOLD,CA,2014-08-18,3187,5.4598794,0,0,3172.0,3111.0,2999.0,2982.0,3177.0
CA_4,HOUSEHOLD,CA,2014-08-25,3087,5.458407,0,0,3187.0,3172.0,3111.0,2999.0,3050.0
CA_4,HOUSEHOLD,CA,2014-09-01,3313,5.4455614,7,1,3087.0,3187.0,3172.0,3111.0,3067.0
CA_4,HOUSEHOLD,CA,2014-09-08,3069,5.4394507,3,0,3313.0,3087.0,3187.0,3172.0,2910.0
CA_4,HOUSEHOLD,CA,2014-09-15,3155,5.4439735,0,0,3069.0,3313.0,3087.0,3187.0,2954.0
CA_4,HOUSEHOLD,CA,2014-09-22,2977,5.4555893,0,0,3155.0,3069.0,3313.0,3087.0,2635.0
CA_4,HOUSEHOLD,CA,2014-09-29,3205,5.458591,5,1,2977.0,3155.0,3069.0,3313.0,2937.0
CA_4,HOUSEHOLD,CA,2014-10-06,3212,5.455606,5,0,3205.0,2977.0,3155.0,3069.0,2908.0
CA_4,HOUSEHOLD,CA,2014-10-13,3179,5.4478993,0,1,3212.0,3205.0,2977.0,3155.0,2731.0
CA_4,HOUSEHOLD,CA,2014-10-20,3113,5.448154,0,0,3179.0,3212.0,3205.0,2977.0,2725.0
CA_4,HOUSEHOLD,CA,2014-10-27,3052,5.4565134,2,1,3113.0,3179.0,3212.0,3205.0,2827.0
CA_4,HOUSEHOLD,CA,2014-11-03,3263,5.457875,7,0,3052.0,3113.0,3179.0,3212.0,2695.0
CA_4,HOUSEHOLD,CA,2014-11-10,2763,5.458474,1,1,3263.0,3052.0,3113.0,3179.0,2669.0
CA_4,HOUSEHOLD,CA,2014-11-17,2987,5.4598327,0,0,2763.0,3263.0,3052.0,3113.0,2657.0
CA_4,HOUSEHOLD,CA,2014-11-24,2757,5.4596076,0,1,2987.0,2763.0,3263.0,3052.0,2346.0
CA_4,HOUSEHOLD,CA,2014-12-01,2968,5.459324,7,0,2757.0,2987.0,2763.0,3263.0,2731.0
CA_4,HOUSEHOLD,CA,2014-12-08,2792,5.4598737,3,0,2968.0,2757.0,2987.0,2763.0,2342.0
CA_4,HOUSEHOLD,CA,2014-12-15,3158,5.4595056,0,0,2792.0,2968.0,2757.0,2987.0,2430.0
CA_4,HOUSEHOLD,CA,2014-12-22,2559,5.4568434,0,2,3158.0,2792.0,2968.0,2757.0,2222.0
CA_4,HOUSEHOLD,CA,2014-12-29,2849,5.453515,4,1,2559.0,3158.0,2792.0,2968.0,2466.0
CA_4,HOUSEHOLD,CA,2015-01-05,2781,5.4636064,6,1,2849.0,2559.0,3158.0,2792.0,2694.0
CA_4,HOUSEHOLD,CA,2015-01-12,3090,5.4688234,0,0,2781.0,2849.0,2559.0,3158.0,2567.0
CA_4,HOUSEHOLD,CA,2015-01-19,2929,5.47094,0,1,3090.0,2781.0,2849.0,2559.0,2682.0
CA_4,HOUSEHOLD,CA,2015-01-26,2962,5.470662,1,1,2929.0,3090.0,2781.0,2849.0,2707.0
CA_4,HOUSEHOLD,CA,2015-02-02,3167,5.468343,7,0,2962.0,2929.0,3090.0,2781.0,2856.0
CA_4,HOUSEHOLD,CA,2015-02-09,2830,5.4705954,2,1,3167.0,2962.0,2929.0,3090.0,2734.0
CA_4,HOUSEHOLD,CA,2015-02-16,3186,5.470711,0,2,2830.0,3167.0,2962.0,2929.0,2726.0
CA_4,HOUSEHOLD,CA,2015-02-23,3150,5.472463,1,1,3186.0,2830.0,3167.0,2962.0,2886.0
CA_4,HOUSEHOLD,CA,2015-03-02,3130,5.4721236,7,1,3150.0,3186.0,2830.0,3167.0,2797.0
CA_4,HOUSEHOLD,CA,2015-03-09,3248,5.471588,2,0,3130.0,3150.0,3186.0,2830.0,2832.0
CA_4,HOUSEHOLD,CA,2015-03-16,3127,5.4727745,0,1,3248.0,3130.0,3150.0,3186.0,2986.0
CA_4,HOUSEHOLD,CA,2015-03-23,3198,5.473708,0,0,3127.0,3248.0,3130.0,3150.0,3001.0
CA_4,HOUSEHOLD,CA,2015-03-30,3328,5.4730687,5,1,3198.0,3127.0,3248.0,3130.0,2953.0
CA_4,HOUSEHOLD,CA,2015-04-06,3287,5.472857,5,2,3328.0,3198.0,3127.0,3248.0,2875.0
CA_4,HOUSEHOLD,CA,2015-04-13,3226,5.474133,0,0,3287.0,3328.0,3198.0,3127.0,2962.0
CA_4,HOUSEHOLD,CA,2015-04-20,3411,5.473677,0,0,3226.0,3287.0,3328.0,3198.0,2965.0
CA_4,HOUSEHOLD,CA,2015-04-27,3327,5.4684997,3,0,3411.0,3226.0,3287.0,3328.0,2908.0
CA_4,HOUSEHOLD,CA,2015-05-04,3305,5.4669986,7,2,3327.0,3411.0,3226.0,3287.0,2770.0
CA_4,HOUSEHOLD,CA,2015-05-11,3433,5.4672995,0,0,3305.0,3327.0,3411.0,3226.0,2947.0
CA_4,HOUSEHOLD,CA,2015-05-18,3222,5.4666038,0,0,3433.0,3305.0,3327.0,3411.0,2795.0
CA_4,HOUSEHOLD,CA,2015-05-25,3379,5.4655275,0,1,3222.0,3433.0,3305.0,3327.0,3165.0
CA_4,HOUSEHOLD,CA,2015-06-01,3479,5.463333,7,1,3379.0,3222.0,3433.0,3305.0,3168.0
CA_4,HOUSEHOLD,CA,2015-06-08,3184,5.4673347,3,0,3479.0,3379.0,3222.0,3433.0,2976.0
CA_4,HOUSEHOLD,CA,2015-06-15,3467,5.470369,0,3,3184.0,3479.0,3379.0,3222.0,3097.0
CA_4,HOUSEHOLD,CA,2015-06-22,3407,5.4759765,0,0,3467.0,3184.0,3479.0,3379.0,3166.0
CA_4,HOUSEHOLD,CA,2015-06-29,3434,5.4786935,5,1,3407.0,3467.0,3184.0,3479.0,3276.0
CA_4,HOUSEHOLD,CA,2015-07-06,3576,5.4800563,5,0,3434.0,3407.0,3467.0,3184.0,3076.0
CA_4,HOUSEHOLD,CA,2015-07-13,3640,5.479661,0,1,3576.0,3434.0,3407.0,3467.0,3141.0
CA_4,HOUSEHOLD,CA,2015-07-20,3480,5.480662,0,0,3640.0,3576.0,3434.0,3407.0,2982.0
CA_4,HOUSEHOLD,CA,2015-07-27,3502,5.4805794,2,0,3480.0,3640.0,3576.0,3434.0,2999.0
CA_4,HOUSEHOLD,CA,2015-08-03,3578,5.479714,7,0,3502.0,3480.0,3640.0,3576.0,3111.0
CA_4,HOUSEHOLD,CA,2015-08-10,3481,5.478343,1,0,3578.0,3502.0,3480.0,3640.0,3172.0
CA_4,HOUSEHOLD,CA,2015-08-17,3607,5.478028,0,0,3481.0,3578.0,3502.0,3480.0,3187.0
CA_4,HOUSEHOLD,CA,2015-08-24,3445,5.4761243,0,0,3607.0,3481.0,3578.0,3502.0,3087.0
CA_4,HOUSEHOLD,CA,2015-08-31,3449,5.4777017,6,0,3445.0,3607.0,3481.0,3578.0,3313.0
CA_4,HOUSEHOLD,CA,2015-09-07,3479,5.4775968,4,1,3449.0,3445.0,3607.0,3481.0,3069.0
CA_4,HOUSEHOLD,CA,2015-09-14,3463,5.475848,0,0,3479.0,3449.0,3445.0,3607.0,3155.0
CA_4,HOUSEHOLD,CA,2015-09-21,3535,5.4718475,0,1,3463.0,3479.0,3449.0,3445.0,2977.0
CA_4,HOUSEHOLD,CA,2015-09-28,3555,5.4712863,4,0,3535.0,3463.0,3479.0,3449.0,3205.0
CA_4,HOUSEHOLD,CA,2015-10-05,3522,5.4716253,6,0,3555.0,3535.0,3463.0,3479.0,3212.0
CA_4,HOUSEHOLD,CA,2015-10-12,3366,5.472248,0,1,3522.0,3555.0,3535.0,3463.0,3179.0
CA_4,HOUSEHOLD,CA,2015-10-19,3481,5.4725738,0,0,3366.0,3522.0,3555.0,3535.0,3113.0
CA_4,HOUSEHOLD,CA,2015-10-26,3427,5.469479,1,1,3481.0,3366.0,3522.0,3555.0,3052.0
CA_4,HOUSEHOLD,CA,2015-11-02,3364,5.4709573,7,0,3427.0,3481.0,3366.0,3522.0,3263.0
CA_4,HOUSEHOLD,CA,2015-11-09,3197,5.477172,2,1,3364.0,3427.0,3481.0,3366.0,2763.0
CA_4,HOUSEHOLD,CA,2015-11-16,3340,5.483703,0,0,3197.0,3364.0,3427.0,3481.0,2987.0
CA_4,HOUSEHOLD,CA,2015-11-23,2971,5.4828963,0,1,3340.0,3197.0,3364.0,3427.0,2757.0
CA_4,HOUSEHOLD,CA,2015-11-30,3450,5.4818373,6,0,2971.0,3340.0,3197.0,3364.0,2968.0
CA_4,HOUSEHOLD,CA,2015-12-07,3227,5.481564,4,0,3450.0,2971.0,3340.0,3197.0,2792.0
CA_4,HOUSEHOLD,CA,2015-12-14,3100,5.4808803,0,1,3227.0,3450.0,2971.0,3340.0,3158.0
CA_4,HOUSEHOLD,CA,2015-12-21,2635,5.4809046,0,1,3100.0,3227.0,3450.0,2971.0,2559.0
CA_4,HOUSEHOLD,CA,2015-12-28,3467,5.4815435,3,1,2635.0,3100.0,3227.0,3450.0,2849.0
CA_4,HOUSEHOLD,CA,2016-01-04,3347,5.482534,7,1,3467.0,2635.0,3100.0,3227.0,2781.0
CA_4,HOUSEHOLD,CA,2016-01-11,3268,5.480867,0,0,3347.0,3467.0,2635.0,3100.0,3090.0
CA_4,HOUSEHOLD,CA,2016-01-18,3405,5.4785466,0,1,3268.0,3347.0,3467.0,2635.0,2929.0
CA_4,HOUSEHOLD,CA,2016-01-25,3373,5.477029,0,0,3405.0,3268.0,3347.0,3467.0,2962.0
CA_4,HOUSEHOLD,CA,2016-02-01,3405,5.4785194,7,1,3373.0,3405.0,3268.0,3347.0,3167.0
CA_4,HOUSEHOLD,CA,2016-02-08,3273,5.476533,3,2,3405.0,3373.0,3405.0,3268.0,2830.0
CA_4,HOUSEHOLD,CA,2016-02-15,3557,5.4764934,0,2,3273.0,3405.0,3373.0,3405.0,3186.0
CA_4,HOUSEHOLD,CA,2016-02-22,3520,5.4735665,0,0,3557.0,3273.0,3405.0,3373.0,3150.0
CA_4,HOUSEHOLD,CA,2016-02-29,3732,5.4671946,6,0,3520.0,3557.0,3273.0,3405.0,3130.0
CA_4,HOUSEHOLD,CA,2016-03-07,3428,5.469384,4,0,3732.0,3520.0,3557.0,3273.0,3248.0
CA_4,HOUSEHOLD,CA,2016-03-14,3692,5.4745245,0,1,3428.0,3732.0,3520.0,3557.0,3127.0
CA_4,HOUSEHOLD,CA,2016-03-21,3660,5.4746947,0,2,3692.0,3428.0,3732.0,3520.0,3198.0
CA_4,HOUSEHOLD,CA,2016-03-28,4087,5.4756026,3,0,3660.0,3692.0,3428.0,3732.0,3328.0
CA_4,HOUSEHOLD,CA,2016-04-04,3774,5.475426,7,0,4087.0,3660.0,3692.0,3428.0,3287.0
CA_4,HOUSEHOLD,CA,2016-04-11,3772,5.4750714,0,0,3774.0,4087.0,3660.0,3692.0,3226.0
CA_4,HOUSEHOLD,CA,2016-04-18,3911,5.475224,0,0,3772.0,3774.0,4087.0,3660.0,3411.0
CA_4,HOUSEHOLD,CA,2016-04-25,3694,5.475396,1,2,3911.0,3772.0,3774.0,4087.0,3327.0
CA_4,HOUSEHOLD,CA,2016-05-02,3888,5.474969,7,2,3694.0,3911.0,3772.0,3774.0,3305.0
CA_4,HOUSEHOLD,CA,2016-05-09,4238,5.4753294,2,0,3888.0,3694.0,3911.0,3772.0,3433.0
CA_4,HOUSEHOLD,CA,2016-05-16,4322,5.4756165,0,0,4238.0,3888.0,3694.0,3911.0,3222.0
TX_1,FOODS,TX,2011-01-31,11756,2.9586296,4,1,,,,,
TX_1,FOODS,TX,2011-02-07,12133,2.9834552,5,0,11756.0,,,,
TX_1,FOODS,TX,2011-02-14,10538,2.9849322,1,1,12133.0,11756.0,,,
TX_1,FOODS,TX,2011-02-21,9948,2.9814627,0,1,10538.0,12133.0,11756.0,,
TX_1,FOODS,TX,2011-02-28,11242,2.9723363,4,0,9948.0,10538.0,12133.0,11756.0,
TX_1,FOODS,TX,2011-03-07,11581,2.9671884,5,1,11242.0,9948.0,10538.0,12133.0,
TX_1,FOODS,TX,2011-03-14,11746,2.9627264,1,3,11581.0,11242.0,9948.0,10538.0,
TX_1,FOODS,TX,2011-03-21,10382,2.965723,0,0,11746.0,11581.0,11242.0,9948.0,
TX_1,FOODS,TX,2011-03-28,10904,2.9739835,2,0,10382.0,11746.0,11581.0,11242.0,
TX_1,FOODS,TX,2011-04-04,12236,2.9839337,4,0,10904.0,10382.0,11746.0,11581.0,
TX_1,FOODS,TX,2011-04-11,12070,3.002524,4,0,12236.0,10904.0,10382.0,11746.0,
TX_1,FOODS,TX,2011-04-18,10318,3.0032506,0,1,12070.0,12236.0,10904.0,10382.0,
TX_1,FOODS,TX,2011-04-25,9807,3.012497,1,1,10318.0,12070.0,12236.0,10904.0,
TX_1,FOODS,TX,2011-05-02,12070,3.0518353,4,2,9807.0,10318.0,12070.0,12236.0,
TX_1,FOODS,TX,2011-05-09,12574,3.048031,5,0,12070.0,9807.0,10318.0,12070.0,
TX_1,FOODS,TX,2011-05-16,10404,3.0443065,0,0,12574.0,12070.0,9807.0,10318.0,
TX_1,FOODS,TX,2011-05-23,9700,3.0497224,0,0,10404.0,12574.0,12070.0,9807.0,
TX_1,FOODS,TX,2011-05-30,12021,3.0675752,3,2,9700.0,10404.0,12574.0,12070.0,
TX_1,FOODS,TX,2011-06-06,13171,3.0830772,5,1,12021.0,9700.0,10404.0,12574.0,
TX_1,FOODS,TX,2011-06-13,12298,3.093068,2,1,13171.0,12021.0,9700.0,10404.0,
TX_1,FOODS,TX,2011-06-20,11298,3.097016,0,0,12298.0,13171.0,12021.0,9700.0,
TX_1,FOODS,TX,2011-06-27,11969,3.0983832,2,0,11298.0,12298.0,13171.0,12021.0,
TX_1,FOODS,TX,2011-07-04,13402,3.1037407,4,1,11969.0,11298.0,12298.0,13171.0,
TX_1,FOODS,TX,2011-07-11,13767,3.1132114,4,0,13402.0,11969.0,11298.0,12298.0,
TX_1,FOODS,TX,2011-07-18,11438,3.122734,0,0,13767.0,13402.0,11969.0,11298.0,
TX_1,FOODS,TX,2011-07-25,10509,3.1262193,0,0,11438.0,13767.0,13402.0,11969.0,
TX_1,FOODS,TX,2011-08-01,14227,3.1304708,5,1,10509.0,11438.0,13767.0,13402.0,
TX_1,FOODS,TX,2011-08-08,14219,3.1250217,4,0,14227.0,10509.0,11438.0,13767.0,
TX_1,FOODS,TX,2011-08-15,14971,3.1117318,1,0,14219.0,14227.0,10509.0,11438.0,
TX_1,FOODS,TX,2011-08-22,12223,3.11999,0,0,14971.0,14219.0,14227.0,10509.0,
TX_1,FOODS,TX,2011-08-29,12455,3.1231062,2,1,12223.0,14971.0,14219.0,14227.0,
TX_1,FOODS,TX,2011-09-05,13996,3.1304123,5,1,12455.0,12223.0,14971.0,14219.0,
TX_1,FOODS,TX,2011-09-12,14085,3.1385643,3,0,13996.0,12455.0,12223.0,14971.0,
TX_1,FOODS,TX,2011-09-19,11908,3.139246,0,0,14085.0,13996.0,12455.0,12223.0,
TX_1,FOODS,TX,2011-09-26,12971,3.1500607,1,0,11908.0,14085.0,13996.0,12455.0,
TX_1,FOODS,TX,2011-10-03,14302,3.161515,5,0,12971.0,11908.0,14085.0,13996.0,
TX_1,FOODS,TX,2011-10-10,14856,3.1631982,4,1,14302.0,12971.0,11908.0,14085.0,
TX_1,FOODS,TX,2011-10-17,11604,3.168741,0,0,14856.0,14302.0,12971.0,11908.0,
TX_1,FOODS,TX,2011-10-24,10943,3.1903846,0,0,11604.0,14856.0,14302.0,12971.0,
TX_1,FOODS,TX,2011-10-31,12397,3.192797,4,1,10943.0,11604.0,14856.0,14302.0,
TX_1,FOODS,TX,2011-11-07,13277,3.2031307,5,2,12397.0,10943.0,11604.0,14856.0,
TX_1,FOODS,TX,2011-11-14,12268,3.199669,1,0,13277.0,12397.0,10943.0,11604.0,
TX_1,FOODS,TX,2011-11-21,11438,3.202669,0,1,12268.0,13277.0,12397.0,10943.0,
TX_1,FOODS,TX,2011-11-28,11674,3.2077072,2,0,11438.0,12268.0,13277.0,12397.0,
TX_1,FOODS,TX,2011-12-05,13637,3.2089515,5,0,11674.0,11438.0,12268.0,13277.0,
TX_1,FOODS,TX,2011-12-12,14356,3.2080185,3,0,13637.0,11674.0,11438.0,12268.0,
TX_1,FOODS,TX,2011-12-19,11618,3.2074113,0,1,14356.0,13637.0,11674.0,11438.0,
TX_1,FOODS,TX,2011-12-26,12352,3.207404,1,2,11618.0,14356.0,13637.0,11674.0,
TX_1,FOODS,TX,2012-01-02,14604,3.210509,4,1,12352.0,11618.0,14356.0,13637.0,
TX_1,FOODS,TX,2012-01-09,14129,3.2100766,5,0,14604.0,12352.0,11618.0,14356.0,
TX_1,FOODS,TX,2012-01-16,12802,3.203027,0,1,14129.0,14604.0,12352.0,11618.0,
TX_1,FOODS,TX,2012-01-23,11056,3.1960015,0,0,12802.0,14129.0,14604.0,12352.0,
TX_1,FOODS,TX,2012-01-30,13878,3.194458,3,1,11056.0,12802.0,14129.0,14604.0,11756.0
TX_1,FOODS,TX,2012-02-06,13928,3.1974628,5,0,13878.0,11056.0,12802.0,14129.0,12133.0
TX_1,FOODS,TX,2012-02-13,12955,3.18936,2,1,13928.0,13878.0,11056.0,12802.0,10538.0
TX_1,FOODS,TX,2012-02-20,12394,3.1865864,0,2,12955.0,13928.0,13878.0,11056.0,9948.0
TX_1,FOODS,TX,2012-02-27,13339,3.1957622,2,1,12394.0,12955.0,13928.0,13878.0,11242.0
TX_1,FOODS,TX,2012-03-05,14186,3.2071767,5,1,13339.0,12394.0,12955.0,13928.0,11581.0
TX_1,FOODS,TX,2012-03-12,16545,3.204983,3,1,14186.0,13339.0,12394.0,12955.0,11746.0
TX_1,FOODS,TX,2012-03-19,13357,3.1958988,0,0,16545.0,14186.0,13339.0,12394.0,10382.0
TX_1,FOODS,TX,2012-03-26,13355,3.201114,1,0,13357.0,16545.0,14186.0,13339.0,10904.0
TX_1,FOODS,TX,2012-04-02,17644,3.2074382,4,1,13355.0,13357.0,16545.0,14186.0,12236.0
TX_1,FOODS,TX,2012-04-09,16060,3.2125652,5,2,17644.0,13355.0,13357.0,16545.0,12070.0
TX_1,FOODS,TX,2012-04-16,14031,3.2121947,0,0,16060.0,17644.0,13355.0,13357.0,10318.0
TX_1,FOODS,TX,2012-04-23,14243,3.2141533,0,0,14031.0,16060.0,17644.0,13355.0,9807.0
TX_1,FOODS,TX,2012-04-30,17132,3.221991,4,1,14243.0,14031.0,16060.0,17644.0,12070.0
TX_1,FOODS,TX,2012-05-07,16485,3.221545,5,1,17132.0,14243.0,14031.0,16060.0,12574.0
TX_1,FOODS,TX,2012-05-14,15618,3.2166314,1,0,16485.0,17132.0,14243.0,14031.0,10404.0
TX_1,FOODS,TX,2012-05-21,14835,3.2234652,0,0,15618.0,16485.0,17132.0,14243.0,9700.0
TX_1,FOODS,TX,2012-05-28,16191,3.2288964,2,1,14835.0,15618.0,16485.0,17132.0,12021.0
TX_1,FOODS,TX,2012-06-04,16742,3.2353463,4,0,16191.0,14835.0,15618.0,16485.0,13171.0
TX_1,FOODS,TX,2012-06-11,17187,3.239405,4,2,16742.0,16191.0,14835.0,15618.0,12298.0
TX_1,FOODS,TX,2012-06-18,14580,3.2350392,0,1,17187.0,16742.0,16191.0,14835.0,11298.0
TX_1,FOODS,TX,2012-06-25,13955,3.2308059,1,0,14580.0,17187.0,16742.0,16191.0,11969.0
TX_1,FOODS,TX,2012-07-02,16503,3.2296183,4,1,13955.0,14580.0,17187.0,16742.0,13402.0
TX_1,FOODS,TX,2012-07-09,15643,3.215115,5,0,16503.0,13955.0,14580.0,17187.0,13767.0
TX_1,FOODS,TX,2012-07-16,14227,3.2030694,0,1,15643.0,16503.0,13955.0,14580.0,11438.0
TX_1,FOODS,TX,2012-07-23,12919,3.20245,0,0,14227.0,15643.0,16503.0,13955.0,10509.0
TX_1,FOODS,TX,2012-07-30,15094,3.2050357,3,0,12919.0,14227.0,15643.0,16503.0,14227.0
TX_1,FOODS,TX,2012-08-06,16186,3.2038658,5,0,15094.0,12919.0,14227.0,15643.0,14219.0
TX_1,FOODS,TX,2012-08-13,16317,3.2020009,2,1,16186.0,15094.0,12919.0,14227.0,14971.0
TX_1,FOODS,TX,2012-08-20,14600,3.1985557,0,0,16317.0,16186.0,15094.0,12919.0,12223.0
TX_1,FOODS,TX,2012-08-27,14414,3.1999707,1,0,14600.0,16317.0,16186.0,15094.0,12455.0
TX_1,FOODS,TX,2012-09-03,16281,3.2121606,5,1,14414.0,14600.0,16317.0,16186.0,13996.0
TX_1,FOODS,TX,2012-09-10,15229,3.2173653,4,0,16281.0,14414.0,14600.0,16317.0,14085.0
TX_1,FOODS,TX,2012-09-17,14122,3.221683,0,0,15229.0,16281.0,14414.0,14600.0,11908.0
TX_1,FOODS,TX,2012-09-24,12673,3.2259612,0,0,14122.0,15229.0,16281.0,14414.0,12971.0
TX_1,FOODS,TX,2012-10-01,15218,3.2338893,5,0,12673.0,14122.0,15229.0,16281.0,14302.0
TX_1,FOODS,TX,2012-10-08,15363,3.2307625,4,1,15218.0,12673.0,14122.0,15229.0,14856.0
TX_1,FOODS,TX,2012-10-15,13663,3.2357717,1,0,15363.0,15218.0,12673.0,14122.0,11604.0
TX_1,FOODS,TX,2012-10-22,11862,3.2342389,0,1,13663.0,15363.0,15218.0,12673.0,10943.0
TX_1,FOODS,TX,2012-10-29,12450,3.2366798,2,1,11862.0,13663.0,15363.0,15218.0,12397.0
TX_1,FOODS,TX,2012-11-05,14351,3.2402,5,1,12450.0,11862.0,13663.0,15363.0,13277.0
TX_1,FOODS,TX,2012-11-12,13848,3.2416248,3,0,14351.0,12450.0,11862.0,13663.0,12268.0
TX_1,FOODS,TX,2012-11-19,13572,3.2394173,0,1,13848.0,14351.0,12450.0,11862.0,11438.0
TX_1,FOODS,TX,2012-11-26,11899,3.2419412,1,0,13572.0,13848.0,14351.0,12450.0,11674.0
TX_1,FOODS,TX,2012-12-03,14733,3.2379286,5,0,11899.0,13572.0,13848.0,14351.0,13637.0
TX_1,FOODS,TX,2012-12-10,14409,3.2293935,4,1,14733.0,11899.0,13572.0,13848.0,14356.0
TX_1,FOODS,TX,2012-12-17,14600,3.2287579,0,0,14409.0,14733.0,11899.0,13572.0,11618.0
TX_1,FOODS,TX,2012-12-24,11278,3.2265582,0,1,14600.0,14409.0,14733.0,11899.0,12352.0
TX_1,FOODS,TX,2012-12-31,13581,3.2151642,4,1,11278.0,14600.0,14409.0,14733.0,14604.0
TX_1,FOODS,TX,2013-01-07,14737,3.2240326,5,1,13581.0,11278.0,14600.0,14409.0,14129.0
TX_1,FOODS,TX,2013-01-14,12869,3.2155194,1,0,14737.0,13581.0,11278.0,14600.0,12802.0
TX_1,FOODS,TX,2013-01-21,11786,3.2104218,0,1,12869.0,14737.0,13581.0,11278.0,11056.0
TX_1,FOODS,TX,2013-01-28,13390,3.226666,2,1,11786.0,12869.0,14737.0,13581.0,13878.0
TX_1,FOODS,TX,2013-02-04,14225,3.2354646,4,0,13390.0,11786.0,12869.0,14737.0,13928.0
TX_1,FOODS,TX,2013-02-11,15017,3.2161937,4,2,14225.0,13390.0,11786.0,12869.0,12955.0
TX_1,FOODS,TX,2013-02-18,13465,3.2122543,0,3,15017.0,14225.0,13390.0,11786.0,12394.0
TX_1,FOODS,TX,2013-02-25,14024,3.2164707,2,0,13465.0,15017.0,14225.0,13390.0,13339.0
TX_1,FOODS,TX,2013-03-04,13167,3.2160907,4,0,14024.0,13465.0,15017.0,14225.0,14186.0
TX_1,FOODS,TX,2013-03-11,14137,3.2189903,4,1,13167.0,14024.0,13465.0,15017.0,16545.0
TX_1,FOODS,TX,2013-03-18,12185,3.2176547,0,0,14137.0,13167.0,14024.0,13465.0,13357.0
TX_1,FOODS,TX,2013-03-25,13568,3.208252,0,1,12185.0,14137.0,13167.0,14024.0,13355.0
TX_1,FOODS,TX,2013-04-01,14177,3.2036328,5,1,13568.0,12185.0,14137.0,13167.0,17644.0
TX_1,FOODS,TX,2013-04-08,14753,3.1981487,4,0,14177.0,13568.0,12185.0,14137.0,16060.0
TX_1,FOODS,TX,2013-04-15,13023,3.1967933,1,0,14753.0,14177.0,13568.0,12185.0,14031.0
TX_1,FOODS,TX,2013-04-22,11808,3.1957188,0,0,13023.0,14753.0,14177.0,13568.0,14243.0
TX_1,FOODS,TX,2013-04-29,12766,3.1992264,3,1,11808.0,13023.0,14753.0,14177.0,17132.0
TX_1,FOODS,TX,2013-05-06,13746,3.2117448,5,1,12766.0,11808.0,13023.0,14753.0,16485.0
TX_1,FOODS,TX,2013-05-13,15406,3.2096236,2,0,13746.0,12766.0,11808.0,13023.0,15618.0
TX_1,FOODS,TX,2013-05-20,12927,3.205646,0,0,15406.0,13746.0,12766.0,11808.0,14835.0
TX_1,FOODS,TX,2013-05-27,13078,3.2053616,1,1,12927.0,15406.0,13746.0,12766.0,16191.0
TX_1,FOODS,TX,2013-06-03,14985,3.206187,5,1,13078.0,12927.0,15406.0,13746.0,16742.0
TX_1,FOODS,TX,2013-06-10,16293,3.2093275,4,1,14985.0,13078.0,12927.0,15406.0,17187.0
TX_1,FOODS,TX,2013-06-17,14713,3.200537,0,1,16293.0,14985.0,13078.0,12927.0,14580.0
TX_1,FOODS,TX,2013-06-24,14303,3.2014098,0,0,14713.0,16293.0,14985.0,13078.0,13955.0
TX_1,FOODS,TX,2013-07-01,16422,3.2006166,5,1,14303.0,14713.0,16293.0,14985.0,16503.0
TX_1,FOODS,TX,2013-07-08,15969,3.2066839,4,1,16422.0,14303.0,14713.0,16293.0,15643.0
TX_1,FOODS,TX,2013-07-15,13030,3.2129304,1,0,15969.0,16422.0,14303.0,14713.0,14227.0
TX_1,FOODS,TX,2013-07-22,13251,3.2148669,0,0,13030.0,15969.0,16422.0,14303.0,12919.0
TX_1,FOODS,TX,2013-07-29,15175,3.210751,2,0,13251.0,13030.0,15969.0,16422.0,15094.0
TX_1,FOODS,TX,2013-08-05,16263,3.2129283,5,1,15175.0,13251.0,13030.0,15969.0,16186.0
TX_1,FOODS,TX,2013-08-12,14839,3.2137759,3,0,16263.0,15175.0,13251.0,13030.0,16317.0
TX_1,FOODS,TX,2013-08-19,16106,3.21036,0,0,14839.0,16263.0,15175.0,13251.0,14600.0
TX_1,FOODS,TX,2013-08-26,15901,3.211784,1,0,16106.0,14839.0,16263.0,15175.0,14414.0
TX_1,FOODS,TX,2013-09-02,17390,3.2126625,4,1,15901.0,16106.0,14839.0,16263.0,16281.0
TX_1,FOODS,TX,2013-09-09,17770,3.2110813,5,0,17390.0,15901.0,16106.0,14839.0,15229.0
TX_1,FOODS,TX,2013-09-16,14637,3.2142107,0,0,17770.0,17390.0,15901.0,16106.0,14122.0
TX_1,FOODS,TX,2013-09-23,13884,3.2192461,0,0,14637.0,17770.0,17390.0,15901.0,12673.0
TX_1,FOODS,TX,2013-09-30,14873,3.2175276,4,0,13884.0,14637.0,17770.0,17390.0,15218.0
TX_1,FOODS,TX,2013-10-07,16092,3.2199233,5,0,14873.0,13884.0,14637.0,17770.0,15363.0
TX_1,FOODS,TX,2013-10-14,14285,3.220982,1,2,16092.0,14873.0,13884.0,14637.0,13663.0
TX_1,FOODS,TX,2013-10-21,12872,3.2209918,0,0,14285.0,16092.0,14873.0,13884.0,11862.0
TX_1,FOODS,TX,2013-10-28,14047,3.2185588,2,1,12872.0,14285.0,16092.0,14873.0,12450.0
TX_1,FOODS,TX,2013-11-04,13972,3.2167294,4,0,14047.0,12872.0,14285.0,16092.0,14351.0
TX_1,FOODS,TX,2013-11-11,14441,3.2181334,4,1,13972.0,14047.0,12872.0,14285.0,13848.0
TX_1,FOODS,TX,2013-11-18,11496,3.2194684,0,0,14441.0,13972.0,14047.0,12872.0,13572.0
TX_1,FOODS,TX,2013-11-25,11634,3.2221131,1,1,11496.0,14441.0,13972.0,14047.0,11899.0
TX_1,FOODS,TX,2013-12-02,14652,3.221384,4,1,11634.0,11496.0,14441.0,13972.0,14733.0
TX_1,FOODS,TX,2013-12-09,14326,3.2189007,5,0,14652.0,11634.0,11496.0,14441.0,14409.0
TX_1,FOODS,TX,2013-12-16,13739,3.2193906,0,0,14326.0,14652.0,11634.0,11496.0,14600.0
TX_1,FOODS,TX,2013-12-23,11236,3.2172437,0,1,13739.0,14326.0,14652.0,11634.0,11278.0
TX_1,FOODS,TX,2013-12-30,13866,3.2165256,3,1,11236.0,13739.0,14326.0,14652.0,13581.0
TX_1,FOODS,TX,2014-01-06,15161,3.2170413,5,1,13866.0,11236.0,13739.0,14326.0,14737.0
TX_1,FOODS,TX,2014-01-13,14370,3.2157714,2,0,15161.0,13866.0,11236.0,13739.0,12869.0
TX_1,FOODS,TX,2014-01-20,12677,3.211468,0,1,14370.0,15161.0,13866.0,11236.0,11786.0
TX_1,FOODS,TX,2014-01-27,12629,3.2055838,1,1,12677.0,14370.0,15161.0,13866.0,13390.0
TX_1,FOODS,TX,2014-02-03,13459,3.2046669,5,0,12629.0,12677.0,14370.0,15161.0,14225.0
TX_1,FOODS,TX,2014-02-10,15730,3.2025168,4,1,13459.0,12629.0,12677.0,14370.0,15017.0
TX_1,FOODS,TX,2014-02-17,13307,3.1961064,0,1,15730.0,13459.0,12629.0,12677.0,13465.0
TX_1,FOODS,TX,2014-02-24,13274,3.1806371,1,0,13307.0,15730.0,13459.0,12629.0,14024.0
TX_1,FOODS,TX,2014-03-03,14751,3.186795,5,1,13274.0,13307.0,15730.0,13459.0,13167.0
TX_1,FOODS,TX,2014-03-10,15507,3.1863723,4,2,14751.0,13274.0,13307.0,15730.0,14137.0
TX_1,FOODS,TX,2014-03-17,13740,3.1851995,0,1,15507.0,14751.0,13274.0,13307.0,12185.0
TX_1,FOODS,TX,2014-03-24,13151,3.1781678,0,0,13740.0,15507.0,14751.0,13274.0,13568.0
TX_1,FOODS,TX,2014-03-31,15331,3.1779666,4,0,13151.0,13740.0,15507.0,14751.0,14177.0
TX_1,FOODS,TX,2014-04-07,16158,3.1835263,5,0,15331.0,13151.0,13740.0,15507.0,14753.0
TX_1,FOODS,TX,2014-04-14,16734,3.182635,1,1,16158.0,15331.0,13151.0,13740.0,13023.0
TX_1,FOODS,TX,2014-04-21,14634,3.1730518,0,1,16734.0,16158.0,15331.0,13151.0,11808.0
TX_1,FOODS,TX,2014-04-28,14603,3.176634,2,0,14634.0,16734.0,16158.0,15331.0,12766.0
TX_1,FOODS,TX,2014-05-05,15590,3.1755733,5,2,14603.0,14634.0,16734.0,16158.0,13746.0
TX_1,FOODS,TX,2014-05-12,15488,3.1762624,3,0,15590.0,14603.0,14634.0,16734.0,15406.0
TX_1,FOODS,TX,2014-05-19,13626,3.1795604,0,0,15488.0,15590.0,14603.0,14634.0,12927.0
TX_1,FOODS,TX,2014-05-26,13314,3.1785655,1,1,13626.0,15488.0,15590.0,14603.0,13078.0
TX_1,FOODS,TX,2014-06-02,16354,3.1837735,4,1,13314.0,13626.0,15488.0,15590.0,14985.0
TX_1,FOODS,TX,2014-06-09,15859,3.1940482,5,1,16354.0,13314.0,13626.0,15488.0,16293.0
TX_1,FOODS,TX,2014-06-16,15511,3.2028282,0,0,15859.0,16354.0,13314.0,13626.0,14713.0
TX_1,FOODS,TX,2014-06-23,12555,3.2106214,0,1,15511.0,15859.0,16354.0,13314.0,14303.0
TX_1,FOODS,TX,2014-06-30,16278,3.2269173,4,1,12555.0,15511.0,15859.0,16354.0,16422.0
TX_1,FOODS,TX,2014-07-07,17159,3.238312,5,0,16278.0,12555.0,15511.0,15859.0,15969.0
TX_1,FOODS,TX,2014-07-14,14902,3.2431505,1,0,17159.0,16278.0,12555.0,15511.0,13030.0
TX_1,FOODS,TX,2014-07-21,13846,3.243438,0,0,14902.0,17159.0,16278.0,12555.0,13251.0
TX_1,FOODS,TX,2014-07-28,15304,3.2425983,2,1,13846.0,14902.0,17159.0,16278.0,15175.0
TX_1,FOODS,TX,2014-08-04,15822,3.2328217,4,0,15304.0,13846.0,14902.0,17159.0,16263.0
TX_1,FOODS,TX,2014-08-11,16417,3.2369494,4,0,15822.0,15304.0,13846.0,14902.0,14839.0
TX_1,FOODS,TX,2014-08-18,14978,3.239945,0,0,16417.0,15822.0,15304.0,13846.0,16106.0
TX_1,FOODS,TX,2014-08-25,13436,3.2392657,0,0,14978.0,16417.0,15822.0,15304.0,15901.0
TX_1,FOODS,TX,2014-09-01,15218,3.2382052,5,1,13436.0,14978.0,16417.0,15822.0,17390.0
TX_1,FOODS,TX,2014-09-08,15308,3.241388,4,0,15218.0,13436.0,14978.0,16417.0,17770.0
TX_1,FOODS,TX,2014-09-15,13977,3.2439582,1,0,15308.0,15218.0,13436.0,14978.0,14637.0
TX_1,FOODS,TX,2014-09-22,12794,3.246023,0,0,13977.0,15308.0,15218.0,13436.0,13884.0
TX_1,FOODS,TX,2014-09-29,14343,3.2483838,3,1,12794.0,13977.0,15308.0,15218.0,14873.0
TX_1,FOODS,TX,2014-10-06,14199,3.252849,5,0,14343.0,12794.0,13977.0,15308.0,16092.0
TX_1,FOODS,TX,2014-10-13,13973,3.2543318,2,1,14199.0,14343.0,12794.0,13977.0,14285.0
TX_1,FOODS,TX,2014-10-20,12202,3.2557368,0,0,13973.0,14199.0,14343.0,12794.0,12872.0
TX_1,FOODS,TX,2014-10-27,13074,3.2564468,1,1,12202.0,13973.0,14199.0,14343.0,14047.0
TX_1,FOODS,TX,2014-11-03,14216,3.2592854,5,0,13074.0,12202.0,13973.0,14199.0,13972.0
TX_1,FOODS,TX,2014-11-10,14082,3.2637737,4,1,14216.0,13074.0,12202.0,13973.0,14441.0
TX_1,FOODS,TX,2014-11-17,12670,3.264053,0,0,14082.0,14216.0,13074.0,12202.0,11496.0
TX_1,FOODS,TX,2014-11-24,13098,3.2634628,0,1,12670.0,14082.0,14216.0,13074.0,11634.0
TX_1,FOODS,TX,2014-12-01,13834,3.267969,5,0,13098.0,12670.0,14082.0,14216.0,14652.0
TX_1,FOODS,TX,2014-12-08,13729,3.2738361,4,0,13834.0,13098.0,12670.0,14082.0,14326.0
TX_1,FOODS,TX,2014-12-15,14523,3.277654,1,0,13729.0,13834.0,13098.0,12670.0,13739.0
TX_1,FOODS,TX,2014-12-22,10956,3.2751176,0,2,14523.0,13729.0,13834.0,13098.0,11236.0
TX_1,FOODS,TX,2014-12-29,13024,3.2755544,2,1,10956.0,14523.0,13729.0,13834.0,13866.0
TX_1,FOODS,TX,2015-01-05,14623,3.2809837,5,1,13024.0,10956.0,14523.0,13729.0,15161.0
TX_1,FOODS,TX,2015-01-12,14706,3.2784085,3,0,14623.0,13024.0,10956.0,14523.0,14370.0
TX_1,FOODS,TX,2015-01-19,13431,3.2750225,0,1,14706.0,14623.0,13024.0,10956.0,12677.0
TX_1,FOODS,TX,2015-01-26,13856,3.2744753,1,1,13431.0,14706.0,14623.0,13024.0,12629.0
TX_1,FOODS,TX,2015-02-02,15132,3.2831142,4,0,13856.0,13431.0,14706.0,14623.0,13459.0
TX_1,FOODS,TX,2015-02-09,15535,3.2883286,5,1,15132.0,13856.0,13431.0,14706.0,15730.0
TX_1,FOODS,TX,2015-02-16,12492,3.2843785,0,2,15535.0,15132.0,13856.0,13431.0,13307.0
TX_1,FOODS,TX,2015-02-23,12228,3.2885022,1,1,12492.0,15535.0,15132.0,13856.0,13274.0
TX_1,FOODS,TX,2015-03-02,13657,3.2977846,4,1,12228.0,12492.0,15535.0,15132.0,14751.0
TX_1,FOODS,TX,2015-03-09,14780,3.3013346,5,0,13657.0,12228.0,12492.0,15535.0,15507.0
TX_1,FOODS,TX,2015-03-16,14048,3.3018975,0,1,14780.0,13657.0,12228.0,12492.0,13740.0
TX_1,FOODS,TX,2015-03-23,12324,3.2988346,0,0,14048.0,14780.0,13657.0,12228.0,13151.0
TX_1,FOODS,TX,2015-03-30,15156,3.3001149,3,1,12324.0,14048.0,14780.0,13657.0,15331.0
TX_1,FOODS,TX,2015-04-06,14253,3.2976327,5,2,15156.0,12324.0,14048.0,14780.0,16158.0
TX_1,FOODS,TX,2015-04-13,13702,3.3005745,2,0,14253.0,15156.0,12324.0,14048.0,16734.0
TX_1,FOODS,TX,2015-04-20,13009,3.2983851,0,0,13702.0,14253.0,15156.0,12324.0,14634.0
TX_1,FOODS,TX,2015-04-27,13785,3.30046,2,0,13009.0,13702.0,14253.0,15156.0,14603.0
TX_1,FOODS,TX,2015-05-04,14062,3.3062918,4,2,13785.0,13009.0,13702.0,14253.0,15590.0
TX_1,FOODS,TX,2015-05-11,14287,3.3121808,4,0,14062.0,13785.0,13009.0,13702.0,15488.0
TX_1,FOODS,TX,2015-05-18,12957,3.3115463,0,0,14287.0,14062.0,13785.0,13009.0,13626.0
TX_1,FOODS,TX,2015-05-25,12612,3.3141434,0,1,12957.0,14287.0,14062.0,13785.0,13314.0
TX_1,FOODS,TX,2015-06-01,15373,3.3143933,5,1,12612.0,12957.0,14287.0,14062.0,16354.0
TX_1,FOODS,TX,2015-06-08,15745,3.3169038,4,0,15373.0,12612.0,12957.0,14287.0,15859.0
TX_1,FOODS,TX,2015-06-15,16090,3.3175054,1,3,15745.0,15373.0,12612.0,12957.0,15511.0
TX_1,FOODS,TX,2015-06-22,13026,3.316866,0,0,16090.0,15745.0,15373.0,12612.0,12555.0
TX_1,FOODS,TX,2015-06-29,14658,3.3154426,3,1,13026.0,16090.0,15745.0,15373.0,16278.0
TX_1,FOODS,TX,2015-07-06,15650,3.3150678,5,0,14658.0,13026.0,16090.0,15745.0,17159.0
TX_1,FOODS,TX,2015-07-13,16282,3.3159883,2,1,15650.0,14658.0,13026.0,16090.0,14902.0
TX_1,FOODS,TX,2015-07-20,15135,3.312586,0,0,16282.0,15650.0,14658.0,13026.0,13846.0
TX_1,FOODS,TX,2015-07-27,14715,3.307636,1,0,15135.0,16282.0,15650.0,14658.0,15304.0
TX_1,FOODS,TX,2015-08-03,16823,3.305797,5,0,14715.0,15135.0,16282.0,15650.0,15822.0
TX_1,FOODS,TX,2015-08-10,15237,3.308498,4,0,16823.0,14715.0,15135.0,16282.0,16417.0
TX_1,FOODS,TX,2015-08-17,13236,3.306807,0,0,15237.0,16823.0,14715.0,15135.0,14978.0
TX_1,FOODS,TX,2015-08-24,12114,3.308637,0,0,13236.0,15237.0,16823.0,14715.0,13436.0
TX_1,FOODS,TX,2015-08-31,13072,3.3047695,4,0,12114.0,13236.0,15237.0,16823.0,15218.0
TX_1,FOODS,TX,2015-09-07,14471,3.300869,5,1,13072.0,12114.0,13236.0,15237.0,15308.0
TX_1,FOODS,TX,2015-09-14,14185,3.3052514,1,0,14471.0,13072.0,12114.0,13236.0,13977.0
TX_1,FOODS,TX,2015-09-21,13171,3.3054793,0,1,14185.0,14471.0,13072.0,12114.0,12794.0
TX_1,FOODS,TX,2015-09-28,13356,3.307113,2,0,13171.0,14185.0,14471.0,13072.0,14343.0
TX_1,FOODS,TX,2015-10-05,14940,3.3081422,5,0,13356.0,13171.0,14185.0,14471.0,14199.0
TX_1,FOODS,TX,2015-10-12,14113,3.311378,3,1,14940.0,13356.0,13171.0,14185.0,13973.0
TX_1,FOODS,TX,2015-10-19,12392,3.3130028,0,0,14113.0,14940.0,13356.0,13171.0,12202.0
TX_1,FOODS,TX,2015-10-26,11900,3.3150935,1,1,12392.0,14113.0,14940.0,13356.0,13074.0
TX_1,FOODS,TX,2015-11-02,12044,3.3160176,4,0,11900.0,12392.0,14113.0,14940.0,14216.0
TX_1,FOODS,TX,2015-11-09,12640,3.3153014,5,1,12044.0,11900.0,12392.0,14113.0,14082.0
TX_1,FOODS,TX,2015-11-16,12358,3.315387,0,0,12640.0,12044.0,11900.0,12392.0,12670.0
TX_1,FOODS,TX,2015-11-23,11798,3.317683,0,1,12358.0,12640.0,12044.0,11900.0,13098.0
TX_1,FOODS,TX,2015-11-30,11871,3.3207586,4,0,11798.0,12358.0,12640.0,12044.0,13834.0
TX_1,FOODS,TX,2015-12-07,12490,3.3224566,5,0,11871.0,11798.0,12358.0,12640.0,13729.0
TX_1,FOODS,TX,2015-12-14,13281,3.3224945,1,1,12490.0,11871.0,11798.0,12358.0,14523.0
TX_1,FOODS,TX,2015-12-21,10667,3.3225224,0,1,13281.0,12490.0,11871.0,11798.0,10956.0
TX_1,FOODS,TX,2015-12-28,11795,3.3226695,2,1,10667.0,13281.0,12490.0,11871.0,13024.0
TX_1,FOODS,TX,2016-01-04,13146,3.3222606,4,1,11795.0,10667.0,13281.0,12490.0,14623.0
TX_1,FOODS,TX,2016-01-11,14512,3.3223512,4,0,13146.0,11795.0,10667.0,13281.0,14706.0
TX_1,FOODS,TX,2016-01-18,12615,3.3230212,0,1,14512.0,13146.0,11795.0,10667.0,13431.0
TX_1,FOODS,TX,2016-01-25,11723,3.3220253,0,0,12615.0,14512.0,13146.0,11795.0,13856.0
TX_1,FOODS,TX,2016-02-01,14090,3.3208232,5,1,11723.0,12615.0,14512.0,13146.0,15132.0
TX_1,FOODS,TX,2016-02-08,14655,3.3207228,4,2,14090.0,11723.0,12615.0,14512.0,15535.0
TX_1,FOODS,TX,2016-02-15,14520,3.3202446,1,2,14655.0,14090.0,11723.0,12615.0,12492.0
TX_1,FOODS,TX,2016-02-22,12706,3.3184183,0,0,14520.0,14655.0,14090.0,11723.0,12228.0
TX_1,FOODS,TX,2016-02-29,13893,3.318131,4,0,12706.0,14520.0,14655.0,14090.0,13657.0
TX_1,FOODS,TX,2016-03-07,14194,3.3199255,5,0,13893.0,12706.0,14520.0,14655.0,14780.0
TX_1,FOODS,TX,2016-03-14,14821,3.318781,1,1,14194.0,13893.0,12706.0,14520.0,14048.0
TX_1,FOODS,TX,2016-03-21,14737,3.3175385,0,2,14821.0,14194.0,13893.0,12706.0,12324.0
TX_1,FOODS,TX,2016-03-28,13652,3.320191,2,0,14737.0,14821.0,14194.0,13893.0,15156.0
TX_1,FOODS,TX,2016-04-04,15400,3.3202357,4,0,13652.0,14737.0,14821.0,14194.0,14253.0
TX_1,FOODS,TX,2016-04-11,14792,3.3196044,4,0,15400.0,13652.0,14737.0,14821.0,13702.0
TX_1,FOODS,TX,2016-04-18,14890,3.3227081,0,0,14792.0,15400.0,13652.0,14737.0,13009.0
TX_1,FOODS,TX,2016-04-25,14954,3.3232837,1,2,14890.0,14792.0,15400.0,13652.0,13785.0
TX_1,FOODS,TX,2016-05-02,14712,3.3249738,4,2,14954.0,14890.0,14792.0,15400.0,14062.0
TX_1,FOODS,TX,2016-05-09,16884,3.3234177,5,0,14712.0,14954.0,14890.0,14792.0,14287.0
TX_1,FOODS,TX,2016-05-16,15795,3.3171391,0,0,16884.0,14712.0,14954.0,14890.0,12957.0
TX_1,HOBBIES,TX,2011-01-31,1344,4.673028,4,1,,,,,
TX_1,HOBBIES,TX,2011-02-07,1370,4.64458,5,0,1344.0,,,,
TX_1,HOBBIES,TX,2011-02-14,1274,4.5724607,1,1,1370.0,1344.0,,,
TX_1,HOBBIES,TX,2011-02-21,1268,4.54468,0,1,1274.0,1370.0,1344.0,,
TX_1,HOBBIES,TX,2011-02-28,1035,4.556955,4,0,1268.0,1274.0,1370.0,1344.0,
TX_1,HOBBIES,TX,2011-03-07,1249,4.589547,5,1,1035.0,1268.0,1274.0,1370.0,
TX_1,HOBBIES,TX,2011-03-14,1225,4.639872,1,3,1249.0,1035.0,1268.0,1274.0,
TX_1,HOBBIES,TX,2011-03-21,1228,4.626058,0,0,1225.0,1249.0,1035.0,1268.0,
TX_1,HOBBIES,TX,2011-03-28,1530,4.608178,2,0,1228.0,1225.0,1249.0,1035.0,
TX_1,HOBBIES,TX,2011-04-04,1270,4.6385064,4,0,1530.0,1228.0,1225.0,1249.0,
TX_1,HOBBIES,TX,2011-04-11,1265,4.6322227,4,0,1270.0,1530.0,1228.0,1225.0,
TX_1,HOBBIES,TX,2011-04-18,1196,4.627575,0,1,1265.0,1270.0,1530.0,1228.0,
TX_1,HOBBIES,TX,2011-04-25,1376,4.636056,1,1,1196.0,1265.0,1270.0,1530.0,
TX_1,HOBBIES,TX,2011-05-02,1215,4.670305,4,2,1376.0,1196.0,1265.0,1270.0,
TX_1,HOBBIES,TX,2011-05-09,1325,4.7104006,5,0,1215.0,1376.0,1196.0,1265.0,
TX_1,HOBBIES,TX,2011-05-16,1408,4.7000475,0,0,1325.0,1215.0,1376.0,1196.0,
TX_1,HOBBIES,TX,2011-05-23,1221,4.695885,0,0,1408.0,1325.0,1215.0,1376.0,
TX_1,HOBBIES,TX,2011-05-30,1468,4.6813045,3,2,1221.0,1408.0,1325.0,1215.0,
TX_1,HOBBIES,TX,2011-06-06,1282,4.6779485,5,1,1468.0,1221.0,1408.0,1325.0,
TX_1,HOBBIES,TX,2011-06-13,1328,4.674919,2,1,1282.0,1468.0,1221.0,1408.0,
TX_1,HOBBIES,TX,2011-06-20,1245,4.6615853,0,0,1328.0,1282.0,1468.0,1221.0,
TX_1,HOBBIES,TX,2011-06-27,1317,4.642799,2,0,1245.0,1328.0,1282.0,1468.0,
TX_1,HOBBIES,TX,2011-07-04,1424,4.6268616,4,1,1317.0,1245.0,1328.0,1282.0,
TX_1,HOBBIES,TX,2011-07-11,1295,4.605975,4,0,1424.0,1317.0,1245.0,1328.0,
TX_1,HOBBIES,TX,2011-07-18,1451,4.5848413,0,0,1295.0,1424.0,1317.0,1245.0,
TX_1,HOBBIES,TX,2011-07-25,1469,4.5848413,0,0,1451.0,1295.0,1424.0,1317.0,
TX_1,HOBBIES,TX,2011-08-01,1455,4.5853662,5,1,1469.0,1451.0,1295.0,1424.0,
TX_1,HOBBIES,TX,2011-08-08,1439,4.582648,4,0,1455.0,1469.0,1451.0,1295.0,
TX_1,HOBBIES,TX,2011-08-15,1296,4.575465,1,0,1439.0,1455.0,1469.0,1451.0,
TX_1,HOBBIES,TX,2011-08-22,1145,4.589058,0,0,1296.0,1439.0,1455.0,1469.0,
TX_1,HOBBIES,TX,2011-08-29,1348,4.6092877,2,1,1145.0,1296.0,1439.0,1455.0,
TX_1,HOBBIES,TX,2011-09-05,1242,4.6181536,5,1,1348.0,1145.0,1296.0,1439.0,
TX_1,HOBBIES,TX,2011-09-12,1156,4.6131973,3,0,1242.0,1348.0,1145.0,1296.0,
TX_1,HOBBIES,TX,2011-09-19,1080,4.61415,0,0,1156.0,1242.0,1348.0,1145.0,
TX_1,HOBBIES,TX,2011-09-26,1262,4.6179075,1,0,1080.0,1156.0,1242.0,1348.0,
TX_1,HOBBIES,TX,2011-10-03,1282,4.615544,5,0,1262.0,1080.0,1156.0,1242.0,
TX_1,HOBBIES,TX,2011-10-10,1234,4.5881333,4,1,1282.0,1262.0,1080.0,1156.0,
TX_1,HOBBIES,TX,2011-10-17,1505,4.552903,0,0,1234.0,1282.0,1262.0,1080.0,
TX_1,HOBBIES,TX,2011-10-24,1346,4.546197,0,0,1505.0,1234.0,1282.0,1262.0,
TX_1,HOBBIES,TX,2011-10-31,1599,4.5475316,4,1,1346.0,1505.0,1234.0,1282.0,
TX_1,HOBBIES,TX,2011-11-07,1292,4.546304,5,2,1599.0,1346.0,1505.0,1234.0,
TX_1,HOBBIES,TX,2011-11-14,1182,4.5427966,1,0,1292.0,1599.0,1346.0,1505.0,
TX_1,HOBBIES,TX,2011-11-21,1151,4.534379,0,1,1182.0,1292.0,1599.0,1346.0,
TX_1,HOBBIES,TX,2011-11-28,1445,4.534379,2,0,1151.0,1182.0,1292.0,1599.0,
TX_1,HOBBIES,TX,2011-12-05,1186,4.5355744,5,0,1445.0,1151.0,1182.0,1292.0,
TX_1,HOBBIES,TX,2011-12-12,1322,4.53982,3,0,1186.0,1445.0,1151.0,1182.0,
TX_1,HOBBIES,TX,2011-12-19,1057,4.542964,0,1,1322.0,1186.0,1445.0,1151.0,
TX_1,HOBBIES,TX,2011-12-26,1286,4.5442414,1,2,1057.0,1322.0,1186.0,1445.0,
TX_1,HOBBIES,TX,2012-01-02,1308,4.548075,4,1,1286.0,1057.0,1322.0,1186.0,
TX_1,HOBBIES,TX,2012-01-09,1122,4.555686,5,0,1308.0,1286.0,1057.0,1322.0,
TX_1,HOBBIES,TX,2012-01-16,1271,4.567485,0,1,1122.0,1308.0,1286.0,1057.0,
TX_1,HOBBIES,TX,2012-01-23,1260,4.5598702,0,0,1271.0,1122.0,1308.0,1286.0,
TX_1,HOBBIES,TX,2012-01-30,1489,4.561216,3,1,1260.0,1271.0,1122.0,1308.0,1344.0
TX_1,HOBBIES,TX,2012-02-06,1283,4.5680394,5,0,1489.0,1260.0,1271.0,1122.0,1370.0
TX_1,HOBBIES,TX,2012-02-13,1466,4.592318,2,1,1283.0,1489.0,1260.0,1271.0,1274.0
TX_1,HOBBIES,TX,2012-02-20,1527,4.62415,0,2,1466.0,1283.0,1489.0,1260.0,1268.0
TX_1,HOBBIES,TX,2012-02-27,1336,4.6643987,2,1,1527.0,1466.0,1283.0,1489.0,1035.0
TX_1,HOBBIES,TX,2012-03-05,1414,4.7079787,5,1,1336.0,1527.0,1466.0,1283.0,1249.0
TX_1,HOBBIES,TX,2012-03-12,1313,4.7348547,3,1,1414.0,1336.0,1527.0,1466.0,1225.0
TX_1,HOBBIES,TX,2012-03-19,1380,4.750994,0,0,1313.0,1414.0,1336.0,1527.0,1228.0
TX_1,HOBBIES,TX,2012-03-26,1336,4.750299,1,0,1380.0,1313.0,1414.0,1336.0,1530.0
TX_1,HOBBIES,TX,2012-04-02,1622,4.7424073,4,1,1336.0,1380.0,1313.0,1414.0,1270.0
TX_1,HOBBIES,TX,2012-04-09,1510,4.743392,5,2,1622.0,1336.0,1380.0,1313.0,1265.0
TX_1,HOBBIES,TX,2012-04-16,1492,4.7292314,0,0,1510.0,1622.0,1336.0,1380.0,1196.0
TX_1,HOBBIES,TX,2012-04-23,1544,4.681557,0,0,1492.0,1510.0,1622.0,1336.0,1376.0
TX_1,HOBBIES,TX,2012-04-30,1507,4.6417437,4,1,1544.0,1492.0,1510.0,1622.0,1215.0
TX_1,HOBBIES,TX,2012-05-07,1287,4.624728,5,1,1507.0,1544.0,1492.0,1510.0,1325.0
TX_1,HOBBIES,TX,2012-05-14,1305,4.632053,1,0,1287.0,1507.0,1544.0,1492.0,1408.0
TX_1,HOBBIES,TX,2012-05-21,1244,4.6261644,0,0,1305.0,1287.0,1507.0,1544.0,1221.0
TX_1,HOBBIES,TX,2012-05-28,1381,4.615583,2,1,1244.0,1305.0,1287.0,1507.0,1468.0
TX_1,HOBBIES,TX,2012-06-04,1648,4.6342773,4,0,1381.0,1244.0,1305.0,1287.0,1282.0
TX_1,HOBBIES,TX,2012-06-11,1380,4.6455984,4,2,1648.0,1381.0,1244.0,1305.0,1328.0
TX_1,HOBBIES,TX,2012-06-18,1530,4.667106,0,1,1380.0,1648.0,1381.0,1244.0,1245.0
TX_1,HOBBIES,TX,2012-06-25,1492,4.754241,1,0,1530.0,1380.0,1648.0,1381.0,1317.0
TX_1,HOBBIES,TX,2012-07-02,1210,4.921857,4,1,1492.0,1530.0,1380.0,1648.0,1424.0
TX_1,HOBBIES,TX,2012-07-09,1423,4.967972,5,0,1210.0,1492.0,1530.0,1380.0,1295.0
TX_1,HOBBIES,TX,2012-07-16,1440,5.0311065,0,1,1423.0,1210.0,1492.0,1530.0,1451.0
TX_1,HOBBIES,TX,2012-07-23,1237,5.0365243,0,0,1440.0,1423.0,1210.0,1492.0,1469.0
TX_1,HOBBIES,TX,2012-07-30,1212,5.0566773,3,0,1237.0,1440.0,1423.0,1210.0,1455.0
TX_1,HOBBIES,TX,2012-08-06,1230,5.1263022,5,0,1212.0,1237.0,1440.0,1423.0,1439.0
TX_1,HOBBIES,TX,2012-08-13,1296,5.150651,2,1,1230.0,1212.0,1237.0,1440.0,1296.0
TX_1,HOBBIES,TX,2012-08-20,1252,5.1457696,0,0,1296.0,1230.0,1212.0,1237.0,1145.0
TX_1,HOBBIES,TX,2012-08-27,1183,5.15176,1,0,1252.0,1296.0,1230.0,1212.0,1348.0
TX_1,HOBBIES,TX,2012-09-03,1302,5.1635194,5,1,1183.0,1252.0,1296.0,1230.0,1242.0
TX_1,HOBBIES,TX,2012-09-10,1150,5.157191,4,0,1302.0,1183.0,1252.0,1296.0,1156.0
TX_1,HOBBIES,TX,2012-09-17,1329,5.1645427,0,0,1150.0,1302.0,1183.0,1252.0,1080.0
TX_1,HOBBIES,TX,2012-09-24,1163,5.1927986,0,0,1329.0,1150.0,1302.0,1183.0,1262.0
TX_1,HOBBIES,TX,2012-10-01,1240,5.2099833,5,0,1163.0,1329.0,1150.0,1302.0,1282.0
TX_1,HOBBIES,TX,2012-10-08,1276,5.2065725,4,1,1240.0,1163.0,1329.0,1150.0,1234.0
TX_1,HOBBIES,TX,2012-10-15,1319,5.203045,1,0,1276.0,1240.0,1163.0,1329.0,1505.0
TX_1,HOBBIES,TX,2012-10-22,1123,5.2092586,0,1,1319.0,1276.0,1240.0,1163.0,1346.0
TX_1,HOBBIES,TX,2012-10-29,1289,5.210096,2,1,1123.0,1319.0,1276.0,1240.0,1599.0
TX_1,HOBBIES,TX,2012-11-05,1136,5.2089,5,1,1289.0,1123.0,1319.0,1276.0,1292.0
TX_1,HOBBIES,TX,2012-11-12,1117,5.213168,3,0,1136.0,1289.0,1123.0,1319.0,1182.0
TX_1,HOBBIES,TX,2012-11-19,1071,5.227112,0,1,1117.0,1136.0,1289.0,1123.0,1151.0
TX_1,HOBBIES,TX,2012-11-26,1151,5.220132,1,0,1071.0,1117.0,1136.0,1289.0,1445.0
TX_1,HOBBIES,TX,2012-12-03,1275,5.2314315,5,0,1151.0,1071.0,1117.0,1136.0,1186.0
TX_1,HOBBIES,TX,2012-12-10,1174,5.2376246,4,1,1275.0,1151.0,1071.0,1117.0,1322.0
TX_1,HOBBIES,TX,2012-12-17,1257,5.2376246,0,0,1174.0,1275.0,1151.0,1071.0,1057.0
TX_1,HOBBIES,TX,2012-12-24,909,5.233417,0,1,1257.0,1174.0,1275.0,1151.0,1286.0
TX_1,HOBBIES,TX,2012-12-31,942,5.2317114,4,1,909.0,1257.0,1174.0,1275.0,1308.0
TX_1,HOBBIES,TX,2013-01-07,1068,5.252498,5,1,942.0,909.0,1257.0,1174.0,1122.0
TX_1,HOBBIES,TX,2013-01-14,1028,5.2479825,1,0,1068.0,942.0,909.0,1257.0,1271.0
TX_1,HOBBIES,TX,2013-01-21,1451,5.2449756,0,1,1028.0,1068.0,942.0,909.0,1260.0
TX_1,HOBBIES,TX,2013-01-28,1394,5.245066,2,1,1451.0,1028.0,1068.0,942.0,1489.0
TX_1,HOBBIES,TX,2013-02-04,1278,5.238485,4,0,1394.0,1451.0,1028.0,1068.0,1283.0
TX_1,HOBBIES,TX,2013-02-11,1421,5.229655,4,2,1278.0,1394.0,1451.0,1028.0,1466.0
TX_1,HOBBIES,TX,2013-02-18,1604,5.2371936,0,3,1421.0,1278.0,1394.0,1451.0,1527.0
TX_1,HOBBIES,TX,2013-02-25,1413,5.249049,2,0,1604.0,1421.0,1278.0,1394.0,1336.0
TX_1,HOBBIES,TX,2013-03-04,1274,5.246485,4,0,1413.0,1604.0,1421.0,1278.0,1414.0
TX_1,HOBBIES,TX,2013-03-11,1656,5.267939,4,1,1274.0,1413.0,1604.0,1421.0,1313.0
TX_1,HOBBIES,TX,2013-03-18,1557,5.2605658,0,0,1656.0,1274.0,1413.0,1604.0,1380.0
TX_1,HOBBIES,TX,2013-03-25,1362,5.231625,0,1,1557.0,1656.0,1274.0,1413.0,1336.0
TX_1,HOBBIES,TX,2013-04-01,1568,5.218533,5,1,1362.0,1557.0,1656.0,1274.0,1622.0
TX_1,HOBBIES,TX,2013-04-08,1613,5.221297,4,0,1568.0,1362.0,1557.0,1656.0,1510.0
TX_1,HOBBIES,TX,2013-04-15,1651,5.2255397,1,0,1613.0,1568.0,1362.0,1557.0,1492.0
TX_1,HOBBIES,TX,2013-04-22,1676,5.2163177,0,0,1651.0,1613.0,1568.0,1362.0,1544.0
TX_1,HOBBIES,TX,2013-04-29,1459,5.2034364,3,1,1676.0,1651.0,1613.0,1568.0,1507.0
TX_1,HOBBIES,TX,2013-05-06,1765,5.188857,5,1,1459.0,1676.0,1651.0,1613.0,1287.0
TX_1,HOBBIES,TX,2013-05-13,1927,5.188269,2,0,1765.0,1459.0,1676.0,1651.0,1305.0
TX_1,HOBBIES,TX,2013-05-20,1783,5.1783104,0,0,1927.0,1765.0,1459.0,1676.0,1244.0
TX_1,HOBBIES,TX,2013-05-27,1685,5.1721625,1,1,1783.0,1927.0,1765.0,1459.0,1381.0
TX_1,HOBBIES,TX,2013-06-03,1807,5.205432,5,1,1685.0,1783.0,1927.0,1765.0,1648.0
TX_1,HOBBIES,TX,2013-06-10,1771,5.2892613,4,1,1807.0,1685.0,1783.0,1927.0,1380.0
TX_1,HOBBIES,TX,2013-06-17,1719,5.301744,0,1,1771.0,1807.0,1685.0,1783.0,1530.0
TX_1,HOBBIES,TX,2013-06-24,1828,5.2949057,0,0,1719.0,1771.0,1807.0,1685.0,1492.0
TX_1,HOBBIES,TX,2013-07-01,1691,5.341163,5,1,1828.0,1719.0,1771.0,1807.0,1210.0
TX_1,HOBBIES,TX,2013-07-08,1828,5.373756,4,1,1691.0,1828.0,1719.0,1771.0,1423.0
TX_1,HOBBIES,TX,2013-07-15,1668,5.367191,1,0,1828.0,1691.0,1828.0,1719.0,1440.0
TX_1,HOBBIES,TX,2013-07-22,1746,5.3576775,0,0,1668.0,1828.0,1691.0,1828.0,1237.0
TX_1,HOBBIES,TX,2013-07-29,1709,5.343709,2,0,1746.0,1668.0,1828.0,1691.0,1212.0
TX_1,HOBBIES,TX,2013-08-05,1848,5.350377,5,1,1709.0,1746.0,1668.0,1828.0,1230.0
TX_1,HOBBIES,TX,2013-08-12,1557,5.3503804,3,0,1848.0,1709.0,1746.0,1668.0,1296.0
TX_1,HOBBIES,TX,2013-08-19,1782,5.3600574,0,0,1557.0,1848.0,1709.0,1746.0,1252.0
TX_1,HOBBIES,TX,2013-08-26,1421,5.37649,1,0,1782.0,1557.0,1848.0,1709.0,1183.0
TX_1,HOBBIES,TX,2013-09-02,1317,5.369825,4,1,1421.0,1782.0,1557.0,1848.0,1302.0
TX_1,HOBBIES,TX,2013-09-09,1534,5.3787146,5,0,1317.0,1421.0,1782.0,1557.0,1150.0
TX_1,HOBBIES,TX,2013-09-16,1403,5.3943105,0,0,1534.0,1317.0,1421.0,1782.0,1329.0
TX_1,HOBBIES,TX,2013-09-23,1708,5.390235,0,0,1403.0,1534.0,1317.0,1421.0,1163.0
TX_1,HOBBIES,TX,2013-09-30,1666,5.390822,4,0,1708.0,1403.0,1534.0,1317.0,1240.0
TX_1,HOBBIES,TX,2013-10-07,1584,5.4333296,5,0,1666.0,1708.0,1403.0,1534.0,1276.0
TX_1,HOBBIES,TX,2013-10-14,1674,5.43151,1,2,1584.0,1666.0,1708.0,1403.0,1319.0
TX_1,HOBBIES,TX,2013-10-21,1606,5.427434,0,0,1674.0,1584.0,1666.0,1708.0,1123.0
TX_1,HOBBIES,TX,2013-10-28,1541,5.4259534,2,1,1606.0,1674.0,1584.0,1666.0,1289.0
TX_1,HOBBIES,TX,2013-11-04,1562,5.425115,4,0,1541.0,1606.0,1674.0,1584.0,1136.0
TX_1,HOBBIES,TX,2013-11-11,1623,5.426558,4,1,1562.0,1541.0,1606.0,1674.0,1117.0
TX_1,HOBBIES,TX,2013-11-18,1574,5.4275527,0,0,1623.0,1562.0,1541.0,1606.0,1071.0
TX_1,HOBBIES,TX,2013-11-25,1576,5.428941,1,1,1574.0,1623.0,1562.0,1541.0,1151.0
TX_1,HOBBIES,TX,2013-12-02,1512,5.4321632,4,1,1576.0,1574.0,1623.0,1562.0,1275.0
TX_1,HOBBIES,TX,2013-12-09,1554,5.427756,5,0,1512.0,1576.0,1574.0,1623.0,1174.0
TX_1,HOBBIES,TX,2013-12-16,1639,5.435282,0,0,1554.0,1512.0,1576.0,1574.0,1257.0
TX_1,HOBBIES,TX,2013-12-23,1406,5.4415026,0,1,1639.0,1554.0,1512.0,1576.0,909.0
TX_1,HOBBIES,TX,2013-12-30,1384,5.457492,3,1,1406.0,1639.0,1554.0,1512.0,942.0
TX_1,HOBBIES,TX,2014-01-06,1362,5.452872,5,1,1384.0,1406.0,1639.0,1554.0,1068.0
TX_1,HOBBIES,TX,2014-01-13,1545,5.432888,2,0,1362.0,1384.0,1406.0,1639.0,1028.0
TX_1,HOBBIES,TX,2014-01-20,1375,5.4376454,0,1,1545.0,1362.0,1384.0,1406.0,1451.0
TX_1,HOBBIES,TX,2014-01-27,1524,5.452126,1,1,1375.0,1545.0,1362.0,1384.0,1394.0
TX_1,HOBBIES,TX,2014-02-03,1598,5.4789453,5,0,1524.0,1375.0,1545.0,1362.0,1278.0
TX_1,HOBBIES,TX,2014-02-10,1713,5.4869766,4,1,1598.0,1524.0,1375.0,1545.0,1421.0
TX_1,HOBBIES,TX,2014-02-17,1356,5.5089087,0,1,1713.0,1598.0,1524.0,1375.0,1604.0
TX_1,HOBBIES,TX,2014-02-24,1458,5.523422,1,0,1356.0,1713.0,1598.0,1524.0,1413.0
TX_1,HOBBIES,TX,2014-03-03,1617,5.5515304,5,1,1458.0,1356.0,1713.0,1598.0,1274.0
TX_1,HOBBIES,TX,2014-03-10,1399,5.54263,4,2,1617.0,1458.0,1356.0,1713.0,1656.0
TX_1,HOBBIES,TX,2014-03-17,1522,5.583875,0,1,1399.0,1617.0,1458.0,1356.0,1557.0
TX_1,HOBBIES,TX,2014-03-24,1563,5.6145196,0,0,1522.0,1399.0,1617.0,1458.0,1362.0
TX_1,HOBBIES,TX,2014-03-31,1429,5.609446,4,0,1563.0,1522.0,1399.0,1617.0,1568.0
TX_1,HOBBIES,TX,2014-04-07,1485,5.59883,5,0,1429.0,1563.0,1522.0,1399.0,1613.0
TX_1,HOBBIES,TX,2014-04-14,1483,5.5926757,1,1,1485.0,1429.0,1563.0,1522.0,1651.0
TX_1,HOBBIES,TX,2014-04-21,1556,5.573163,0,1,1483.0,1485.0,1429.0,1563.0,1676.0
TX_1,HOBBIES,TX,2014-04-28,1420,5.5590005,2,0,1556.0,1483.0,1485.0,1429.0,1459.0
TX_1,HOBBIES,TX,2014-05-05,1385,5.55539,5,2,1420.0,1556.0,1483.0,1485.0,1765.0
TX_1,HOBBIES,TX,2014-05-12,1474,5.528076,3,0,1385.0,1420.0,1556.0,1483.0,1927.0
TX_1,HOBBIES,TX,2014-05-19,1552,5.484732,0,0,1474.0,1385.0,1420.0,1556.0,1783.0
TX_1,HOBBIES,TX,2014-05-26,1785,5.4675393,1,1,1552.0,1474.0,1385.0,1420.0,1685.0
TX_1,HOBBIES,TX,2014-06-02,1528,5.449833,4,1,1785.0,1552.0,1474.0,1385.0,1807.0
TX_1,HOBBIES,TX,2014-06-09,1640,5.4487305,5,1,1528.0,1785.0,1552.0,1474.0,1771.0
TX_1,HOBBIES,TX,2014-06-16,1574,5.447608,0,0,1640.0,1528.0,1785.0,1552.0,1719.0
TX_1,HOBBIES,TX,2014-06-23,1604,5.446751,0,1,1574.0,1640.0,1528.0,1785.0,1828.0
TX_1,HOBBIES,TX,2014-06-30,1671,5.447219,4,1,1604.0,1574.0,1640.0,1528.0,1691.0
TX_1,HOBBIES,TX,2014-07-07,1536,5.4404607,5,0,1671.0,1604.0,1574.0,1640.0,1828.0
TX_1,HOBBIES,TX,2014-07-14,1682,5.437257,1,0,1536.0,1671.0,1604.0,1574.0,1668.0
TX_1,HOBBIES,TX,2014-07-21,1542,5.4358625,0,0,1682.0,1536.0,1671.0,1604.0,1746.0
TX_1,HOBBIES,TX,2014-07-28,1703,5.441896,2,1,1542.0,1682.0,1536.0,1671.0,1709.0
TX_1,HOBBIES,TX,2014-08-04,1590,5.4559293,4,0,1703.0,1542.0,1682.0,1536.0,1848.0
TX_1,HOBBIES,TX,2014-08-11,1494,5.4512963,4,0,1590.0,1703.0,1542.0,1682.0,1557.0
TX_1,HOBBIES,TX,2014-08-18,1575,5.442922,0,0,1494.0,1590.0,1703.0,1542.0,1782.0
TX_1,HOBBIES,TX,2014-08-25,1536,5.4466653,0,0,1575.0,1494.0,1590.0,1703.0,1421.0
TX_1,HOBBIES,TX,2014-09-01,1624,5.4430475,5,1,1536.0,1575.0,1494.0,1590.0,1317.0
TX_1,HOBBIES,TX,2014-09-08,1543,5.4354277,4,0,1624.0,1536.0,1575.0,1494.0,1534.0
TX_1,HOBBIES,TX,2014-09-15,1568,5.437986,1,0,1543.0,1624.0,1536.0,1575.0,1403.0
TX_1,HOBBIES,TX,2014-09-22,1428,5.4417505,0,0,1568.0,1543.0,1624.0,1536.0,1708.0
TX_1,HOBBIES,TX,2014-09-29,1667,5.4503846,3,1,1428.0,1568.0,1543.0,1624.0,1666.0
TX_1,HOBBIES,TX,2014-10-06,1527,5.448443,5,0,1667.0,1428.0,1568.0,1543.0,1584.0
TX_1,HOBBIES,TX,2014-10-13,1622,5.450114,2,1,1527.0,1667.0,1428.0,1568.0,1674.0
TX_1,HOBBIES,TX,2014-10-20,1843,5.4481955,0,0,1622.0,1527.0,1667.0,1428.0,1606.0
TX_1,HOBBIES,TX,2014-10-27,1779,5.4412866,1,1,1843.0,1622.0,1527.0,1667.0,1541.0
TX_1,HOBBIES,TX,2014-11-03,1619,5.445853,5,0,1779.0,1843.0,1622.0,1527.0,1562.0
TX_1,HOBBIES,TX,2014-11-10,1866,5.441195,4,1,1619.0,1779.0,1843.0,1622.0,1623.0
TX_1,HOBBIES,TX,2014-11-17,1667,5.435842,0,0,1866.0,1619.0,1779.0,1843.0,1574.0
TX_1,HOBBIES,TX,2014-11-24,1663,5.4391303,0,1,1667.0,1866.0,1619.0,1779.0,1576.0
TX_1,HOBBIES,TX,2014-12-01,1753,5.4440656,5,0,1663.0,1667.0,1866.0,1619.0,1512.0
TX_1,HOBBIES,TX,2014-12-08,1720,5.448784,4,0,1753.0,1663.0,1667.0,1866.0,1554.0
TX_1,HOBBIES,TX,2014-12-15,1562,5.4660826,1,0,1720.0,1753.0,1663.0,1667.0,1639.0
TX_1,HOBBIES,TX,2014-12-22,1384,5.4678893,0,2,1562.0,1720.0,1753.0,1663.0,1406.0
TX_1,HOBBIES,TX,2014-12-29,1686,5.479909,2,1,1384.0,1562.0,1720.0,1753.0,1384.0
TX_1,HOBBIES,TX,2015-01-05,1539,5.498818,5,1,1686.0,1384.0,1562.0,1720.0,1362.0
TX_1,HOBBIES,TX,2015-01-12,1698,5.496642,3,0,1539.0,1686.0,1384.0,1562.0,1545.0
TX_1,HOBBIES,TX,2015-01-19,1801,5.4909945,0,1,1698.0,1539.0,1686.0,1384.0,1375.0
TX_1,HOBBIES,TX,2015-01-26,1772,5.4922357,1,1,1801.0,1698.0,1539.0,1686.0,1524.0
TX_1,HOBBIES,TX,2015-02-02,2023,5.500492,4,0,1772.0,1801.0,1698.0,1539.0,1598.0
TX_1,HOBBIES,TX,2015-02-09,1849,5.5255365,5,1,2023.0,1772.0,1801.0,1698.0,1713.0
TX_1,HOBBIES,TX,2015-02-16,1831,5.5259748,0,2,1849.0,2023.0,1772.0,1801.0,1356.0
TX_1,HOBBIES,TX,2015-02-23,2102,5.5237536,1,1,1831.0,1849.0,2023.0,1772.0,1458.0
TX_1,HOBBIES,TX,2015-03-02,1814,5.521981,4,1,2102.0,1831.0,1849.0,2023.0,1617.0
TX_1,HOBBIES,TX,2015-03-09,1931,5.5196915,5,0,1814.0,2102.0,1831.0,1849.0,1399.0
TX_1,HOBBIES,TX,2015-03-16,1845,5.522705,0,1,1931.0,1814.0,2102.0,1831.0,1522.0
TX_1,HOBBIES,TX,2015-03-23,1851,5.5239615,0,0,1845.0,1931.0,1814.0,2102.0,1563.0
TX_1,HOBBIES,TX,2015-03-30,1914,5.5239363,3,1,1851.0,1845.0,1931.0,1814.0,1429.0
TX_1,HOBBIES,TX,2015-04-06,2055,5.5241036,5,2,1914.0,1851.0,1845.0,1931.0,1485.0
TX_1,HOBBIES,TX,2015-04-13,1882,5.5277634,2,0,2055.0,1914.0,1851.0,1845.0,1483.0
TX_1,HOBBIES,TX,2015-04-20,1903,5.535676,0,0,1882.0,2055.0,1914.0,1851.0,1556.0
TX_1,HOBBIES,TX,2015-04-27,1946,5.535504,2,0,1903.0,1882.0,2055.0,1914.0,1420.0
TX_1,HOBBIES,TX,2015-05-04,2068,5.5320506,4,2,1946.0,1903.0,1882.0,2055.0,1385.0
TX_1,HOBBIES,TX,2015-05-11,2121,5.521694,4,0,2068.0,1946.0,1903.0,1882.0,1474.0
TX_1,HOBBIES,TX,2015-05-18,2100,5.5224147,0,0,2121.0,2068.0,1946.0,1903.0,1552.0
TX_1,HOBBIES,TX,2015-05-25,2010,5.523062,0,1,2100.0,2121.0,2068.0,1946.0,1785.0
TX_1,HOBBIES,TX,2015-06-01,2006,5.5231633,5,1,2010.0,2100.0,2121.0,2068.0,1528.0
TX_1,HOBBIES,TX,2015-06-08,1977,5.5223994,4,0,2006.0,2010.0,2100.0,2121.0,1640.0
TX_1,HOBBIES,TX,2015-06-15,1880,5.5219445,1,3,1977.0,2006.0,2010.0,2100.0,1574.0
TX_1,HOBBIES,TX,2015-06-22,1931,5.5216284,0,0,1880.0,1977.0,2006.0,2010.0,1604.0
TX_1,HOBBIES,TX,2015-06-29,1903,5.51998,3,1,1931.0,1880.0,1977.0,2006.0,1671.0
TX_1,HOBBIES,TX,2015-07-06,1944,5.517684,5,0,1903.0,1931.0,1880.0,1977.0,1536.0
TX_1,HOBBIES,TX,2015-07-13,1982,5.521115,2,1,1944.0,1903.0,1931.0,1880.0,1682.0
TX_1,HOBBIES,TX,2015-07-20,2080,5.5187488,0,0,1982.0,1944.0,1903.0,1931.0,1542.0
TX_1,HOBBIES,TX,2015-07-27,2022,5.5190115,1,0,2080.0,1982.0,1944.0,1903.0,1703.0
TX_1,HOBBIES,TX,2015-08-03,2009,5.5145917,5,0,2022.0,2080.0,1982.0,1944.0,1590.0
TX_1,HOBBIES,TX,2015-08-10,2173,5.5090013,4,0,2009.0,2022.0,2080.0,1982.0,1494.0
TX_1,HOBBIES,TX,2015-08-17,1910,5.5084176,0,0,2173.0,2009.0,2022.0,2080.0,1575.0
TX_1,HOBBIES,TX,2015-08-24,1958,5.507525,0,0,1910.0,2173.0,2009.0,2022.0,1536.0
TX_1,HOBBIES,TX,2015-08-31,1894,5.5062346,4,0,1958.0,1910.0,2173.0,2009.0,1624.0
TX_1,HOBBIES,TX,2015-09-07,1797,5.505982,5,1,1894.0,1958.0,1910.0,2173.0,1543.0
TX_1,HOBBIES,TX,2015-09-14,2058,5.504187,1,0,1797.0,1894.0,1958.0,1910.0,1568.0
TX_1,HOBBIES,TX,2015-09-21,1858,5.5017824,0,1,2058.0,1797.0,1894.0,1958.0,1428.0
TX_1,HOBBIES,TX,2015-09-28,1954,5.506915,2,0,1858.0,2058.0,1797.0,1894.0,1667.0
TX_1,HOBBIES,TX,2015-10-05,1729,5.5064173,5,0,1954.0,1858.0,2058.0,1797.0,1527.0
TX_1,HOBBIES,TX,2015-10-12,1995,5.50514,3,1,1729.0,1954.0,1858.0,2058.0,1622.0
TX_1,HOBBIES,TX,2015-10-19,1974,5.50422,0,0,1995.0,1729.0,1954.0,1858.0,1843.0
TX_1,HOBBIES,TX,2015-10-26,2068,5.505079,1,1,1974.0,1995.0,1729.0,1954.0,1779.0
TX_1,HOBBIES,TX,2015-11-02,2244,5.5045786,4,0,2068.0,1974.0,1995.0,1729.0,1619.0
TX_1,HOBBIES,TX,2015-11-09,2274,5.5036206,5,1,2244.0,2068.0,1974.0,1995.0,1866.0
TX_1,HOBBIES,TX,2015-11-16,2283,5.5044246,0,0,2274.0,2244.0,2068.0,1974.0,1667.0
TX_1,HOBBIES,TX,2015-11-23,2040,5.504738,0,1,2283.0,2274.0,2244.0,2068.0,1663.0
TX_1,HOBBIES,TX,2015-11-30,2207,5.5055747,4,0,2040.0,2283.0,2274.0,2244.0,1753.0
TX_1,HOBBIES,TX,2015-12-07,2051,5.506814,5,0,2207.0,2040.0,2283.0,2274.0,1720.0
TX_1,HOBBIES,TX,2015-12-14,2041,5.5070467,1,1,2051.0,2207.0,2040.0,2283.0,1562.0
TX_1,HOBBIES,TX,2015-12-21,1970,5.5076284,0,1,2041.0,2051.0,2207.0,2040.0,1384.0
TX_1,HOBBIES,TX,2015-12-28,1758,5.50685,2,1,1970.0,2041.0,2051.0,2207.0,1686.0
TX_1,HOBBIES,TX,2016-01-04,2100,5.5047717,4,1,1758.0,1970.0,2041.0,2051.0,1539.0
TX_1,HOBBIES,TX,2016-01-11,1790,5.5047913,4,0,2100.0,1758.0,1970.0,2041.0,1698.0
TX_1,HOBBIES,TX,2016-01-18,1801,5.5054054,0,1,1790.0,2100.0,1758.0,1970.0,1801.0
TX_1,HOBBIES,TX,2016-01-25,1995,5.502875,0,0,1801.0,1790.0,2100.0,1758.0,1772.0
TX_1,HOBBIES,TX,2016-02-01,2159,5.4947557,5,1,1995.0,1801.0,1790.0,2100.0,2023.0
TX_1,HOBBIES,TX,2016-02-08,1980,5.4900503,4,2,2159.0,1995.0,1801.0,1790.0,1849.0
TX_1,HOBBIES,TX,2016-02-15,2066,5.499583,1,2,1980.0,2159.0,1995.0,1801.0,1831.0
TX_1,HOBBIES,TX,2016-02-22,1798,5.499115,0,0,2066.0,1980.0,2159.0,1995.0,2102.0
TX_1,HOBBIES,TX,2016-02-29,1996,5.494961,4,0,1798.0,2066.0,1980.0,2159.0,1814.0
TX_1,HOBBIES,TX,2016-03-07,1845,5.4878936,5,0,1996.0,1798.0,2066.0,1980.0,1931.0
TX_1,HOBBIES,TX,2016-03-14,2005,5.48798,1,1,1845.0,1996.0,1798.0,2066.0,1845.0
TX_1,HOBBIES,TX,2016-03-21,1757,5.4882097,0,2,2005.0,1845.0,1996.0,1798.0,1851.0
TX_1,HOBBIES,TX,2016-03-28,2086,5.4883432,2,0,1757.0,2005.0,1845.0,1996.0,1914.0
TX_1,HOBBIES,TX,2016-04-04,2005,5.488584,4,0,2086.0,1757.0,2005.0,1845.0,2055.0
TX_1,HOBBIES,TX,2016-04-11,2020,5.490475,4,0,2005.0,2086.0,1757.0,2005.0,1882.0
TX_1,HOBBIES,TX,2016-04-18,1932,5.495229,0,0,2020.0,2005.0,2086.0,1757.0,1903.0
TX_1,HOBBIES,TX,2016-04-25,2129,5.4951506,1,2,1932.0,2020.0,2005.0,2086.0,1946.0
TX_1,HOBBIES,TX,2016-05-02,1876,5.495656,4,2,2129.0,1932.0,2020.0,2005.0,2068.0
TX_1,HOBBIES,TX,2016-05-09,2032,5.496839,5,0,1876.0,2129.0,1932.0,2020.0,2121.0
TX_1,HOBBIES,TX,2016-05-16,2312,5.4944243,0,0,2032.0,1876.0,2129.0,1932.0,2100.0
TX_1,HOUSEHOLD,TX,2011-01-31,2806,5.3536935,4,1,,,,,
TX_1,HOUSEHOLD,TX,2011-02-07,2954,5.4490113,5,0,2806.0,,,,
TX_1,HOUSEHOLD,TX,2011-02-14,3441,5.4715524,1,1,2954.0,2806.0,,,
TX_1,HOUSEHOLD,TX,2011-02-21,3539,5.493534,0,1,3441.0,2954.0,2806.0,,
TX_1,HOUSEHOLD,TX,2011-02-28,3013,5.545634,4,0,3539.0,3441.0,2954.0,2806.0,
TX_1,HOUSEHOLD,TX,2011-03-07,2799,5.582882,5,1,3013.0,3539.0,3441.0,2954.0,
TX_1,HOUSEHOLD,TX,2011-03-14,3237,5.6254525,1,3,2799.0,3013.0,3539.0,3441.0,
TX_1,HOUSEHOLD,TX,2011-03-21,3152,5.6172442,0,0,3237.0,2799.0,3013.0,3539.0,
TX_1,HOUSEHOLD,TX,2011-03-28,2950,5.6022744,2,0,3152.0,3237.0,2799.0,3013.0,
TX_1,HOUSEHOLD,TX,2011-04-04,2797,5.6019797,4,0,2950.0,3152.0,3237.0,2799.0,
TX_1,HOUSEHOLD,TX,2011-04-11,2902,5.590427,4,0,2797.0,2950.0,3152.0,3237.0,
TX_1,HOUSEHOLD,TX,2011-04-18,2858,5.5911765,0,1,2902.0,2797.0,2950.0,3152.0,
TX_1,HOUSEHOLD,TX,2011-04-25,2995,5.6105046,1,1,2858.0,2902.0,2797.0,2950.0,
TX_1,HOUSEHOLD,TX,2011-05-02,2650,5.606877,4,2,2995.0,2858.0,2902.0,2797.0,
TX_1,HOUSEHOLD,TX,2011-05-09,3118,5.6022415,5,0,2650.0,2995.0,2858.0,2902.0,
TX_1,HOUSEHOLD,TX,2011-05-16,2822,5.5940104,0,0,3118.0,2650.0,2995.0,2858.0,
TX_1,HOUSEHOLD,TX,2011-05-23,2519,5.5849686,0,0,2822.0,3118.0,2650.0,2995.0,
TX_1,HOUSEHOLD,TX,2011-05-30,3134,5.578561,3,2,2519.0,2822.0,3118.0,2650.0,
TX_1,HOUSEHOLD,TX,2011-06-06,3152,5.5689216,5,1,3134.0,2519.0,2822.0,3118.0,
TX_1,HOUSEHOLD,TX,2011-06-13,2903,5.542105,2,1,3152.0,3134.0,2519.0,2822.0,
TX_1,HOUSEHOLD,TX,2011-06-20,2986,5.5401163,0,0,2903.0,3152.0,3134.0,2519.0,
TX_1,HOUSEHOLD,TX,2011-06-27,2729,5.543447,2,0,2986.0,2903.0,3152.0,3134.0,
TX_1,HOUSEHOLD,TX,2011-07-04,3189,5.5586853,4,1,2729.0,2986.0,2903.0,3152.0,
TX_1,HOUSEHOLD,TX,2011-07-11,2949,5.5557604,4,0,3189.0,2729.0,2986.0,2903.0,
TX_1,HOUSEHOLD,TX,2011-07-18,2921,5.5419836,0,0,2949.0,3189.0,2729.0,2986.0,
TX_1,HOUSEHOLD,TX,2011-07-25,2923,5.531635,0,0,2921.0,2949.0,3189.0,2729.0,
TX_1,HOUSEHOLD,TX,2011-08-01,3151,5.535324,5,1,2923.0,2921.0,2949.0,3189.0,
TX_1,HOUSEHOLD,TX,2011-08-08,3393,5.531299,4,0,3151.0,2923.0,2921.0,2949.0,
TX_1,HOUSEHOLD,TX,2011-08-15,3484,5.5347033,1,0,3393.0,3151.0,2923.0,2921.0,
TX_1,HOUSEHOLD,TX,2011-08-22,3155,5.534172,0,0,3484.0,3393.0,3151.0,2923.0,
TX_1,HOUSEHOLD,TX,2011-08-29,3182,5.531972,2,1,3155.0,3484.0,3393.0,3151.0,
TX_1,HOUSEHOLD,TX,2011-09-05,3531,5.5295615,5,1,3182.0,3155.0,3484.0,3393.0,
TX_1,HOUSEHOLD,TX,2011-09-12,3414,5.5302324,3,0,3531.0,3182.0,3155.0,3484.0,
TX_1,HOUSEHOLD,TX,2011-09-19,3146,5.5212317,0,0,3414.0,3531.0,3182.0,3155.0,
TX_1,HOUSEHOLD,TX,2011-09-26,3411,5.5167074,1,0,3146.0,3414.0,3531.0,3182.0,
TX_1,HOUSEHOLD,TX,2011-10-03,3201,5.515779,5,0,3411.0,3146.0,3414.0,3531.0,
TX_1,HOUSEHOLD,TX,2011-10-10,3320,5.5094156,4,1,3201.0,3411.0,3146.0,3414.0,
TX_1,HOUSEHOLD,TX,2011-10-17,3457,5.502708,0,0,3320.0,3201.0,3411.0,3146.0,
TX_1,HOUSEHOLD,TX,2011-10-24,3292,5.496658,0,0,3457.0,3320.0,3201.0,3411.0,
TX_1,HOUSEHOLD,TX,2011-10-31,3354,5.4897585,4,1,3292.0,3457.0,3320.0,3201.0,
TX_1,HOUSEHOLD,TX,2011-11-07,3356,5.488205,5,2,3354.0,3292.0,3457.0,3320.0,
TX_1,HOUSEHOLD,TX,2011-11-14,3401,5.4925165,1,0,3356.0,3354.0,3292.0,3457.0,
TX_1,HOUSEHOLD,TX,2011-11-21,3148,5.49132,0,1,3401.0,3356.0,3354.0,3292.0,
TX_1,HOUSEHOLD,TX,2011-11-28,3182,5.4957757,2,0,3148.0,3401.0,3356.0,3354.0,
TX_1,HOUSEHOLD,TX,2011-12-05,3104,5.4955916,5,0,3182.0,3148.0,3401.0,3356.0,
TX_1,HOUSEHOLD,TX,2011-12-12,3173,5.499559,3,0,3104.0,3182.0,3148.0,3401.0,
TX_1,HOUSEHOLD,TX,2011-12-19,2554,5.510118,0,1,3173.0,3104.0,3182.0,3148.0,
TX_1,HOUSEHOLD,TX,2011-12-26,3439,5.50298,1,2,2554.0,3173.0,3104.0,3182.0,
TX_1,HOUSEHOLD,TX,2012-01-02,3656,5.4848475,4,1,3439.0,2554.0,3173.0,3104.0,
TX_1,HOUSEHOLD,TX,2012-01-09,3141,5.476102,5,0,3656.0,3439.0,2554.0,3173.0,
TX_1,HOUSEHOLD,TX,2012-01-16,3299,5.4753947,0,1,3141.0,3656.0,3439.0,2554.0,
TX_1,HOUSEHOLD,TX,2012-01-23,3192,5.4830017,0,0,3299.0,3141.0,3656.0,3439.0,
TX_1,HOUSEHOLD,TX,2012-01-30,3997,5.505782,3,1,3192.0,3299.0,3141.0,3656.0,2806.0
TX_1,HOUSEHOLD,TX,2012-02-06,3852,5.507507,5,0,3997.0,3192.0,3299.0,3141.0,2954.0
TX_1,HOUSEHOLD,TX,2012-02-13,3843,5.507888,2,1,3852.0,3997.0,3192.0,3299.0,3441.0
TX_1,HOUSEHOLD,TX,2012-02-20,4145,5.517813,0,2,3843.0,3852.0,3997.0,3192.0,3539.0
TX_1,HOUSEHOLD,TX,2012-02-27,3996,5.552536,2,1,4145.0,3843.0,3852.0,3997.0,3013.0
TX_1,HOUSEHOLD,TX,2012-03-05,3811,5.5691376,5,1,3996.0,4145.0,3843.0,3852.0,2799.0
TX_1,HOUSEHOLD,TX,2012-03-12,3776,5.5714273,3,1,3811.0,3996.0,4145.0,3843.0,3237.0
TX_1,HOUSEHOLD,TX,2012-03-19,4044,5.5782657,0,0,3776.0,3811.0,3996.0,4145.0,3152.0
TX_1,HOUSEHOLD,TX,2012-03-26,3713,5.567403,1,0,4044.0,3776.0,3811.0,3996.0,2950.0
TX_1,HOUSEHOLD,TX,2012-04-02,4187,5.558253,4,1,3713.0,4044.0,3776.0,3811.0,2797.0
TX_1,HOUSEHOLD,TX,2012-04-09,4004,5.5609784,5,2,4187.0,3713.0,4044.0,3776.0,2902.0
TX_1,HOUSEHOLD,TX,2012-04-16,3648,5.5568643,0,0,4004.0,4187.0,3713.0,4044.0,2858.0
TX_1,HOUSEHOLD,TX,2012-04-23,4000,5.5479016,0,0,3648.0,4004.0,4187.0,3713.0,2995.0
TX_1,HOUSEHOLD,TX,2012-04-30,4255,5.5372443,4,1,4000.0,3648.0,4004.0,4187.0,2650.0
TX_1,HOUSEHOLD,TX,2012-05-07,3529,5.52235,5,1,4255.0,4000.0,3648.0,4004.0,3118.0
TX_1,HOUSEHOLD,TX,2012-05-14,3829,5.5206594,1,0,3529.0,4255.0,4000.0,3648.0,2822.0
TX_1,HOUSEHOLD,TX,2012-05-21,3756,5.5108447,0,0,3829.0,3529.0,4255.0,4000.0,2519.0
TX_1,HOUSEHOLD,TX,2012-05-28,4518,5.494656,2,1,3756.0,3829.0,3529.0,4255.0,3134.0
TX_1,HOUSEHOLD,TX,2012-06-04,4259,5.5152054,4,0,4518.0,3756.0,3829.0,3529.0,3152.0
TX_1,HOUSEHOLD,TX,2012-06-11,5061,5.4775047,4,2,4259.0,4518.0,3756.0,3829.0,2903.0
TX_1,HOUSEHOLD,TX,2012-06-18,5316,5.4619875,0,1,5061.0,4259.0,4518.0,3756.0,2986.0
TX_1,HOUSEHOLD,TX,2012-06-25,4625,5.461751,1,0,5316.0,5061.0,4259.0,4518.0,2729.0
TX_1,HOUSEHOLD,TX,2012-07-02,4693,5.471336,4,1,4625.0,5316.0,5061.0,4259.0,3189.0
TX_1,HOUSEHOLD,TX,2012-07-09,4771,5.4811263,5,0,4693.0,4625.0,5316.0,5061.0,2949.0
TX_1,HOUSEHOLD,TX,2012-07-16,4428,5.5111,0,1,4771.0,4693.0,4625.0,5316.0,2921.0
TX_1,HOUSEHOLD,TX,2012-07-23,3919,5.5133514,0,0,4428.0,4771.0,4693.0,4625.0,2923.0
TX_1,HOUSEHOLD,TX,2012-07-30,4600,5.5130286,3,0,3919.0,4428.0,4771.0,4693.0,3151.0
TX_1,HOUSEHOLD,TX,2012-08-06,5168,5.4807,5,0,4600.0,3919.0,4428.0,4771.0,3393.0
TX_1,HOUSEHOLD,TX,2012-08-13,5157,5.484775,2,1,5168.0,4600.0,3919.0,4428.0,3484.0
TX_1,HOUSEHOLD,TX,2012-08-20,5444,5.4928737,0,0,5157.0,5168.0,4600.0,3919.0,3155.0
TX_1,HOUSEHOLD,TX,2012-08-27,5300,5.4886107,1,0,5444.0,5157.0,5168.0,4600.0,3182.0
TX_1,HOUSEHOLD,TX,2012-09-03,6051,5.4510713,5,1,5300.0,5444.0,5157.0,5168.0,3531.0
TX_1,HOUSEHOLD,TX,2012-09-10,5975,5.4727426,4,0,6051.0,5300.0,5444.0,5157.0,3414.0
TX_1,HOUSEHOLD,TX,2012-09-17,6097,5.494269,0,0,5975.0,6051.0,5300.0,5444.0,3146.0
TX_1,HOUSEHOLD,TX,2012-09-24,5749,5.447966,0,0,6097.0,5975.0,6051.0,5300.0,3411.0
TX_1,HOUSEHOLD,TX,2012-10-01,5543,5.45934,5,0,5749.0,6097.0,5975.0,6051.0,3201.0
TX_1,HOUSEHOLD,TX,2012-10-08,5418,5.475187,4,1,5543.0,5749.0,6097.0,5975.0,3320.0
TX_1,HOUSEHOLD,TX,2012-10-15,5373,5.4389224,1,0,5418.0,5543.0,5749.0,6097.0,3457.0
TX_1,HOUSEHOLD,TX,2012-10-22,4874,5.4264884,0,1,5373.0,5418.0,5543.0,5749.0,3292.0
TX_1,HOUSEHOLD,TX,2012-10-29,5193,5.4341364,2,1,4874.0,5373.0,5418.0,5543.0,3354.0
TX_1,HOUSEHOLD,TX,2012-11-05,5062,5.4834213,5,1,5193.0,4874.0,5373.0,5418.0,3356.0
TX_1,HOUSEHOLD,TX,2012-11-12,4948,5.496123,3,0,5062.0,5193.0,4874.0,5373.0,3401.0
TX_1,HOUSEHOLD,TX,2012-11-19,4920,5.4898834,0,1,4948.0,5062.0,5193.0,4874.0,3148.0
TX_1,HOUSEHOLD,TX,2012-11-26,4910,5.487641,1,0,4920.0,4948.0,5062.0,5193.0,3182.0
TX_1,HOUSEHOLD,TX,2012-12-03,5119,5.481803,5,0,4910.0,4920.0,4948.0,5062.0,3104.0
TX_1,HOUSEHOLD,TX,2012-12-10,4769,5.4790597,4,1,5119.0,4910.0,4920.0,4948.0,3173.0
TX_1,HOUSEHOLD,TX,2012-12-17,5364,5.474252,0,0,4769.0,5119.0,4910.0,4920.0,2554.0
TX_1,HOUSEHOLD,TX,2012-12-24,5471,5.4721303,0,1,5364.0,4769.0,5119.0,4910.0,3439.0
TX_1,HOUSEHOLD,TX,2012-12-31,5557,5.47104,4,1,5471.0,5364.0,4769.0,5119.0,3656.0
TX_1,HOUSEHOLD,TX,2013-01-07,4508,5.4676924,5,1,5557.0,5471.0,5364.0,4769.0,3141.0
TX_1,HOUSEHOLD,TX,2013-01-14,4781,5.4637446,1,0,4508.0,5557.0,5471.0,5364.0,3299.0
TX_1,HOUSEHOLD,TX,2013-01-21,4996,5.435349,0,1,4781.0,4508.0,5557.0,5471.0,3192.0
TX_1,HOUSEHOLD,TX,2013-01-28,5086,5.3867273,2,1,4996.0,4781.0,4508.0,5557.0,3997.0
TX_1,HOUSEHOLD,TX,2013-02-04,5756,5.4014497,4,0,5086.0,4996.0,4781.0,4508.0,3852.0
TX_1,HOUSEHOLD,TX,2013-02-11,6195,5.4108276,4,2,5756.0,5086.0,4996.0,4781.0,3843.0
TX_1,HOUSEHOLD,TX,2013-02-18,6734,5.4278383,0,3,6195.0,5756.0,5086.0,4996.0,4145.0
TX_1,HOUSEHOLD,TX,2013-02-25,6568,5.430199,2,0,6734.0,6195.0,5756.0,5086.0,3996.0
TX_1,HOUSEHOLD,TX,2013-03-04,6200,5.409288,4,0,6568.0,6734.0,6195.0,5756.0,3811.0
TX_1,HOUSEHOLD,TX,2013-03-11,6397,5.4090614,4,1,6200.0,6568.0,6734.0,6195.0,3776.0
TX_1,HOUSEHOLD,TX,2013-03-18,6167,5.418331,0,0,6397.0,6200.0,6568.0,6734.0,4044.0
TX_1,HOUSEHOLD,TX,2013-03-25,5697,5.414337,0,1,6167.0,6397.0,6200.0,6568.0,3713.0
TX_1,HOUSEHOLD,TX,2013-04-01,6116,5.4165125,5,1,5697.0,6167.0,6397.0,6200.0,4187.0
TX_1,HOUSEHOLD,TX,2013-04-08,5518,5.4051566,4,0,6116.0,5697.0,6167.0,6397.0,4004.0
TX_1,HOUSEHOLD,TX,2013-04-15,5885,5.40479,1,0,5518.0,6116.0,5697.0,6167.0,3648.0
TX_1,HOUSEHOLD,TX,2013-04-22,5553,5.395988,0,0,5885.0,5518.0,6116.0,5697.0,4000.0
TX_1,HOUSEHOLD,TX,2013-04-29,5628,5.4048643,3,1,5553.0,5885.0,5518.0,6116.0,4255.0
TX_1,HOUSEHOLD,TX,2013-05-06,5167,5.408883,5,1,5628.0,5553.0,5885.0,5518.0,3529.0
TX_1,HOUSEHOLD,TX,2013-05-13,5992,5.391139,2,0,5167.0,5628.0,5553.0,5885.0,3829.0
TX_1,HOUSEHOLD,TX,2013-05-20,5624,5.3928275,0,0,5992.0,5167.0,5628.0,5553.0,3756.0
TX_1,HOUSEHOLD,TX,2013-05-27,5710,5.3896737,1,1,5624.0,5992.0,5167.0,5628.0,4518.0
TX_1,HOUSEHOLD,TX,2013-06-03,6561,5.408384,5,1,5710.0,5624.0,5992.0,5167.0,4259.0
TX_1,HOUSEHOLD,TX,2013-06-10,5881,5.4250865,4,1,6561.0,5710.0,5624.0,5992.0,5061.0
TX_1,HOUSEHOLD,TX,2013-06-17,5696,5.390948,0,1,5881.0,6561.0,5710.0,5624.0,5316.0
TX_1,HOUSEHOLD,TX,2013-06-24,5346,5.3984075,0,0,5696.0,5881.0,6561.0,5710.0,4625.0
TX_1,HOUSEHOLD,TX,2013-07-01,5399,5.3973436,5,1,5346.0,5696.0,5881.0,6561.0,4693.0
TX_1,HOUSEHOLD,TX,2013-07-08,5880,5.406617,4,1,5399.0,5346.0,5696.0,5881.0,4771.0
TX_1,HOUSEHOLD,TX,2013-07-15,5298,5.420529,1,0,5880.0,5399.0,5346.0,5696.0,4428.0
TX_1,HOUSEHOLD,TX,2013-07-22,5109,5.418938,0,0,5298.0,5880.0,5399.0,5346.0,3919.0
TX_1,HOUSEHOLD,TX,2013-07-29,5473,5.4131637,2,0,5109.0,5298.0,5880.0,5399.0,4600.0
TX_1,HOUSEHOLD,TX,2013-08-05,5925,5.4181695,5,1,5473.0,5109.0,5298.0,5880.0,5168.0
TX_1,HOUSEHOLD,TX,2013-08-12,5525,5.411523,3,0,5925.0,5473.0,5109.0,5298.0,5157.0
TX_1,HOUSEHOLD,TX,2013-08-19,5115,5.4025035,0,0,5525.0,5925.0,5473.0,5109.0,5444.0
TX_1,HOUSEHOLD,TX,2013-08-26,5031,5.406337,1,0,5115.0,5525.0,5925.0,5473.0,5300.0
TX_1,HOUSEHOLD,TX,2013-09-02,5218,5.410294,4,1,5031.0,5115.0,5525.0,5925.0,6051.0
TX_1,HOUSEHOLD,TX,2013-09-09,5342,5.4006376,5,0,5218.0,5031.0,5115.0,5525.0,5975.0
TX_1,HOUSEHOLD,TX,2013-09-16,5610,5.392818,0,0,5342.0,5218.0,5031.0,5115.0,6097.0
TX_1,HOUSEHOLD,TX,2013-09-23,5371,5.393616,0,0,5610.0,5342.0,5218.0,5031.0,5749.0
TX_1,HOUSEHOLD,TX,2013-09-30,5958,5.390103,4,0,5371.0,5610.0,5342.0,5218.0,5543.0
TX_1,HOUSEHOLD,TX,2013-10-07,5313,5.382624,5,0,5958.0,5371.0,5610.0,5342.0,5418.0
TX_1,HOUSEHOLD,TX,2013-10-14,5112,5.3788495,1,2,5313.0,5958.0,5371.0,5610.0,5373.0
TX_1,HOUSEHOLD,TX,2013-10-21,5115,5.3848023,0,0,5112.0,5313.0,5958.0,5371.0,4874.0
TX_1,HOUSEHOLD,TX,2013-10-28,5064,5.383662,2,1,5115.0,5112.0,5313.0,5958.0,5193.0
TX_1,HOUSEHOLD,TX,2013-11-04,5252,5.379467,4,0,5064.0,5115.0,5112.0,5313.0,5062.0
TX_1,HOUSEHOLD,TX,2013-11-11,5121,5.380395,4,1,5252.0,5064.0,5115.0,5112.0,4948.0
TX_1,HOUSEHOLD,TX,2013-11-18,4927,5.3853226,0,0,5121.0,5252.0,5064.0,5115.0,4920.0
TX_1,HOUSEHOLD,TX,2013-11-25,4837,5.384383,1,1,4927.0,5121.0,5252.0,5064.0,4910.0
TX_1,HOUSEHOLD,TX,2013-12-02,5071,5.3909616,4,1,4837.0,4927.0,5121.0,5252.0,5119.0
TX_1,HOUSEHOLD,TX,2013-12-09,4789,5.4091706,5,0,5071.0,4837.0,4927.0,5121.0,4769.0
TX_1,HOUSEHOLD,TX,2013-12-16,5114,5.4074516,0,0,4789.0,5071.0,4837.0,4927.0,5364.0
TX_1,HOUSEHOLD,TX,2013-12-23,4269,5.4032145,0,1,5114.0,4789.0,5071.0,4837.0,5471.0
TX_1,HOUSEHOLD,TX,2013-12-30,4388,5.3936906,3,1,4269.0,5114.0,4789.0,5071.0,5557.0
TX_1,HOUSEHOLD,TX,2014-01-06,4587,5.391425,5,1,4388.0,4269.0,5114.0,4789.0,4508.0
TX_1,HOUSEHOLD,TX,2014-01-13,4660,5.395508,2,0,4587.0,4388.0,4269.0,5114.0,4781.0
TX_1,HOUSEHOLD,TX,2014-01-20,4208,5.408931,0,1,4660.0,4587.0,4388.0,4269.0,4996.0
TX_1,HOUSEHOLD,TX,2014-01-27,4550,5.4164414,1,1,4208.0,4660.0,4587.0,4388.0,5086.0
TX_1,HOUSEHOLD,TX,2014-02-03,5032,5.429607,5,0,4550.0,4208.0,4660.0,4587.0,5756.0
TX_1,HOUSEHOLD,TX,2014-02-10,6168,5.435473,4,1,5032.0,4550.0,4208.0,4660.0,6195.0
TX_1,HOUSEHOLD,TX,2014-02-17,6208,5.4471207,0,1,6168.0,5032.0,4550.0,4208.0,6734.0
TX_1,HOUSEHOLD,TX,2014-02-24,5532,5.4599533,1,0,6208.0,6168.0,5032.0,4550.0,6568.0
TX_1,HOUSEHOLD,TX,2014-03-03,5507,5.479958,5,1,5532.0,6208.0,6168.0,5032.0,6200.0
TX_1,HOUSEHOLD,TX,2014-03-10,5969,5.4389567,4,2,5507.0,5532.0,6208.0,6168.0,6397.0
TX_1,HOUSEHOLD,TX,2014-03-17,5370,5.431495,0,1,5969.0,5507.0,5532.0,6208.0,6167.0
TX_1,HOUSEHOLD,TX,2014-03-24,5137,5.4286,0,0,5370.0,5969.0,5507.0,5532.0,5697.0
TX_1,HOUSEHOLD,TX,2014-03-31,5841,5.4299827,4,0,5137.0,5370.0,5969.0,5507.0,6116.0
TX_1,HOUSEHOLD,TX,2014-04-07,6322,5.433536,5,0,5841.0,5137.0,5370.0,5969.0,5518.0
TX_1,HOUSEHOLD,TX,2014-04-14,5477,5.4327626,1,1,6322.0,5841.0,5137.0,5370.0,5885.0
TX_1,HOUSEHOLD,TX,2014-04-21,5176,5.430785,0,1,5477.0,6322.0,5841.0,5137.0,5553.0
TX_1,HOUSEHOLD,TX,2014-04-28,5399,5.432254,2,0,5176.0,5477.0,6322.0,5841.0,5628.0
TX_1,HOUSEHOLD,TX,2014-05-05,4819,5.4357677,5,2,5399.0,5176.0,5477.0,6322.0,5167.0
TX_1,HOUSEHOLD,TX,2014-05-12,4908,5.4420514,3,0,4819.0,5399.0,5176.0,5477.0,5992.0
TX_1,HOUSEHOLD,TX,2014-05-19,4891,5.442449,0,0,4908.0,4819.0,5399.0,5176.0,5624.0
TX_1,HOUSEHOLD,TX,2014-05-26,5259,5.4504704,1,1,4891.0,4908.0,4819.0,5399.0,5710.0
TX_1,HOUSEHOLD,TX,2014-06-02,5249,5.456531,4,1,5259.0,4891.0,4908.0,4819.0,6561.0
TX_1,HOUSEHOLD,TX,2014-06-09,5051,5.45709,5,1,5249.0,5259.0,4891.0,4908.0,5881.0
TX_1,HOUSEHOLD,TX,2014-06-16,5272,5.476542,0,0,5051.0,5249.0,5259.0,4891.0,5696.0
TX_1,HOUSEHOLD,TX,2014-06-23,5020,5.4740143,0,1,5272.0,5051.0,5249.0,5259.0,5346.0
TX_1,HOUSEHOLD,TX,2014-06-30,5632,5.474628,4,1,5020.0,5272.0,5051.0,5249.0,5399.0
TX_1,HOUSEHOLD,TX,2014-07-07,5231,5.474849,5,0,5632.0,5020.0,5272.0,5051.0,5880.0
TX_1,HOUSEHOLD,TX,2014-07-14,5287,5.476715,1,0,5231.0,5632.0,5020.0,5272.0,5298.0
TX_1,HOUSEHOLD,TX,2014-07-21,5050,5.4702506,0,0,5287.0,5231.0,5632.0,5020.0,5109.0
TX_1,HOUSEHOLD,TX,2014-07-28,5544,5.463099,2,1,5050.0,5287.0,5231.0,5632.0,5473.0
TX_1,HOUSEHOLD,TX,2014-08-04,5380,5.4556384,4,0,5544.0,5050.0,5287.0,5231.0,5925.0
TX_1,HOUSEHOLD,TX,2014-08-11,5644,5.455406,4,0,5380.0,5544.0,5050.0,5287.0,5525.0
TX_1,HOUSEHOLD,TX,2014-08-18,5830,5.4565053,0,0,5644.0,5380.0,5544.0,5050.0,5115.0
TX_1,HOUSEHOLD,TX,2014-08-25,5419,5.470887,0,0,5830.0,5644.0,5380.0,5544.0,5031.0
TX_1,HOUSEHOLD,TX,2014-09-01,4990,5.4668574,5,1,5419.0,5830.0,5644.0,5380.0,5218.0
TX_1,HOUSEHOLD,TX,2014-09-08,5552,5.466307,4,0,4990.0,5419.0,5830.0,5644.0,5342.0
TX_1,HOUSEHOLD,TX,2014-09-15,5258,5.4678254,1,0,5552.0,4990.0,5419.0,5830.0,5610.0
TX_1,HOUSEHOLD,TX,2014-09-22,5003,5.465917,0,0,5258.0,5552.0,4990.0,5419.0,5371.0
TX_1,HOUSEHOLD,TX,2014-09-29,5716,5.46796,3,1,5003.0,5258.0,5552.0,4990.0,5958.0
TX_1,HOUSEHOLD,TX,2014-10-06,5445,5.467471,5,0,5716.0,5003.0,5258.0,5552.0,5313.0
TX_1,HOUSEHOLD,TX,2014-10-13,5046,5.4636106,2,1,5445.0,5716.0,5003.0,5258.0,5112.0
TX_1,HOUSEHOLD,TX,2014-10-20,4968,5.456019,0,0,5046.0,5445.0,5716.0,5003.0,5115.0
TX_1,HOUSEHOLD,TX,2014-10-27,4952,5.456144,1,1,4968.0,5046.0,5445.0,5716.0,5064.0
TX_1,HOUSEHOLD,TX,2014-11-03,5442,5.4535613,5,0,4952.0,4968.0,5046.0,5445.0,5252.0
TX_1,HOUSEHOLD,TX,2014-11-10,5141,5.4523726,4,1,5442.0,4952.0,4968.0,5046.0,5121.0
TX_1,HOUSEHOLD,TX,2014-11-17,5147,5.4513245,0,0,5141.0,5442.0,4952.0,4968.0,4927.0
TX_1,HOUSEHOLD,TX,2014-11-24,4932,5.451607,0,1,5147.0,5141.0,5442.0,4952.0,4837.0
TX_1,HOUSEHOLD,TX,2014-12-01,5449,5.46161,5,0,4932.0,5147.0,5141.0,5442.0,5071.0
TX_1,HOUSEHOLD,TX,2014-12-08,5013,5.4810386,4,0,5449.0,4932.0,5147.0,5141.0,4789.0
TX_1,HOUSEHOLD,TX,2014-12-15,5233,5.479648,1,0,5013.0,5449.0,4932.0,5147.0,5114.0
TX_1,HOUSEHOLD,TX,2014-12-22,4831,5.4864187,0,2,5233.0,5013.0,5449.0,4932.0,4269.0
TX_1,HOUSEHOLD,TX,2014-12-29,5594,5.4911346,2,1,4831.0,5233.0,5013.0,5449.0,4388.0
TX_1,HOUSEHOLD,TX,2015-01-05,5163,5.4872065,5,1,5594.0,4831.0,5233.0,5013.0,4587.0
TX_1,HOUSEHOLD,TX,2015-01-12,5590,5.488364,3,0,5163.0,5594.0,4831.0,5233.0,4660.0
TX_1,HOUSEHOLD,TX,2015-01-19,5722,5.488636,0,1,5590.0,5163.0,5594.0,4831.0,4208.0
TX_1,HOUSEHOLD,TX,2015-01-26,5785,5.4904037,1,1,5722.0,5590.0,5163.0,5594.0,4550.0
TX_1,HOUSEHOLD,TX,2015-02-02,5947,5.488333,4,0,5785.0,5722.0,5590.0,5163.0,5032.0
TX_1,HOUSEHOLD,TX,2015-02-09,6753,5.4750543,5,1,5947.0,5785.0,5722.0,5590.0,6168.0
TX_1,HOUSEHOLD,TX,2015-02-16,7038,5.439717,0,2,6753.0,5947.0,5785.0,5722.0,6208.0
TX_1,HOUSEHOLD,TX,2015-02-23,6427,5.4466324,1,1,7038.0,6753.0,5947.0,5785.0,5532.0
TX_1,HOUSEHOLD,TX,2015-03-02,6435,5.4435525,4,1,6427.0,7038.0,6753.0,5947.0,5507.0
TX_1,HOUSEHOLD,TX,2015-03-09,6967,5.452813,5,0,6435.0,6427.0,7038.0,6753.0,5969.0
TX_1,HOUSEHOLD,TX,2015-03-16,6591,5.468361,0,1,6967.0,6435.0,6427.0,7038.0,5370.0
TX_1,HOUSEHOLD,TX,2015-03-23,5985,5.44297,0,0,6591.0,6967.0,6435.0,6427.0,5137.0
TX_1,HOUSEHOLD,TX,2015-03-30,6555,5.4458165,3,1,5985.0,6591.0,6967.0,6435.0,5841.0
TX_1,HOUSEHOLD,TX,2015-04-06,6606,5.453784,5,2,6555.0,5985.0,6591.0,6967.0,6322.0
TX_1,HOUSEHOLD,TX,2015-04-13,6219,5.461224,2,0,6606.0,6555.0,5985.0,6591.0,5477.0
TX_1,HOUSEHOLD,TX,2015-04-20,5875,5.442478,0,0,6219.0,6606.0,6555.0,5985.0,5176.0
TX_1,HOUSEHOLD,TX,2015-04-27,6181,5.4495187,2,0,5875.0,6219.0,6606.0,6555.0,5399.0
TX_1,HOUSEHOLD,TX,2015-05-04,5997,5.450425,4,2,6181.0,5875.0,6219.0,6606.0,4819.0
TX_1,HOUSEHOLD,TX,2015-05-11,7062,5.4552765,4,0,5997.0,6181.0,5875.0,6219.0,4908.0
TX_1,HOUSEHOLD,TX,2015-05-18,6695,5.4597387,0,0,7062.0,5997.0,6181.0,5875.0,4891.0
TX_1,HOUSEHOLD,TX,2015-05-25,6039,5.444634,0,1,6695.0,7062.0,5997.0,6181.0,5259.0
TX_1,HOUSEHOLD,TX,2015-06-01,6456,5.450058,5,1,6039.0,6695.0,7062.0,5997.0,5249.0
TX_1,HOUSEHOLD,TX,2015-06-08,6262,5.450406,4,0,6456.0,6039.0,6695.0,7062.0,5051.0
TX_1,HOUSEHOLD,TX,2015-06-15,6290,5.45436,1,3,6262.0,6456.0,6039.0,6695.0,5272.0
TX_1,HOUSEHOLD,TX,2015-06-22,6597,5.461718,0,0,6290.0,6262.0,6456.0,6039.0,5020.0
TX_1,HOUSEHOLD,TX,2015-06-29,7155,5.4641733,3,1,6597.0,6290.0,6262.0,6456.0,5632.0
TX_1,HOUSEHOLD,TX,2015-07-06,6588,5.4622765,5,0,7155.0,6597.0,6290.0,6262.0,5231.0
TX_1,HOUSEHOLD,TX,2015-07-13,6911,5.464554,2,1,6588.0,7155.0,6597.0,6290.0,5287.0
TX_1,HOUSEHOLD,TX,2015-07-20,6790,5.4638696,0,0,6911.0,6588.0,7155.0,6597.0,5050.0
TX_1,HOUSEHOLD,TX,2015-07-27,6660,5.460397,1,0,6790.0,6911.0,6588.0,7155.0,5544.0
TX_1,HOUSEHOLD,TX,2015-08-03,7028,5.4551573,5,0,6660.0,6790.0,6911.0,6588.0,5380.0
TX_1,HOUSEHOLD,TX,2015-08-10,6998,5.463304,4,0,7028.0,6660.0,6790.0,6911.0,5644.0
TX_1,HOUSEHOLD,TX,2015-08-17,6914,5.4609838,0,0,6998.0,7028.0,6660.0,6790.0,5830.0
TX_1,HOUSEHOLD,TX,2015-08-24,6251,5.4591002,0,0,6914.0,6998.0,7028.0,6660.0,5419.0
TX_1,HOUSEHOLD,TX,2015-08-31,6778,5.462147,4,0,6251.0,6914.0,6998.0,7028.0,4990.0
TX_1,HOUSEHOLD,TX,2015-09-07,6445,5.461512,5,1,6778.0,6251.0,6914.0,6998.0,5552.0
TX_1,HOUSEHOLD,TX,2015-09-14,6638,5.4579306,1,0,6445.0,6778.0,6251.0,6914.0,5258.0
TX_1,HOUSEHOLD,TX,2015-09-21,6393,5.460269,0,1,6638.0,6445.0,6778.0,6251.0,5003.0
TX_1,HOUSEHOLD,TX,2015-09-28,6339,5.460688,2,0,6393.0,6638.0,6445.0,6778.0,5716.0
TX_1,HOUSEHOLD,TX,2015-10-05,6203,5.459408,5,0,6339.0,6393.0,6638.0,6445.0,5445.0
TX_1,HOUSEHOLD,TX,2015-10-12,6265,5.462397,3,1,6203.0,6339.0,6393.0,6638.0,5046.0
TX_1,HOUSEHOLD,TX,2015-10-19,5954,5.464144,0,0,6265.0,6203.0,6339.0,6393.0,4968.0
TX_1,HOUSEHOLD,TX,2015-10-26,6265,5.464928,1,1,5954.0,6265.0,6203.0,6339.0,4952.0
TX_1,HOUSEHOLD,TX,2015-11-02,6530,5.4649935,4,0,6265.0,5954.0,6265.0,6203.0,5442.0
TX_1,HOUSEHOLD,TX,2015-11-09,6006,5.468154,5,1,6530.0,6265.0,5954.0,6265.0,5141.0
TX_1,HOUSEHOLD,TX,2015-11-16,6079,5.4754972,0,0,6006.0,6530.0,6265.0,5954.0,5147.0
TX_1,HOUSEHOLD,TX,2015-11-23,6070,5.4742746,0,1,6079.0,6006.0,6530.0,6265.0,4932.0
TX_1,HOUSEHOLD,TX,2015-11-30,6376,5.4731436,4,0,6070.0,6079.0,6006.0,6530.0,5449.0
TX_1,HOUSEHOLD,TX,2015-12-07,5969,5.475381,5,0,6376.0,6070.0,6079.0,6006.0,5013.0
TX_1,HOUSEHOLD,TX,2015-12-14,6094,5.4746985,1,1,5969.0,6376.0,6070.0,6079.0,5233.0
TX_1,HOUSEHOLD,TX,2015-12-21,5520,5.473203,0,1,6094.0,5969.0,6376.0,6070.0,4831.0
TX_1,HOUSEHOLD,TX,2015-12-28,6424,5.464316,2,1,5520.0,6094.0,5969.0,6376.0,5594.0
TX_1,HOUSEHOLD,TX,2016-01-04,6178,5.456261,4,1,6424.0,5520.0,6094.0,5969.0,5163.0
TX_1,HOUSEHOLD,TX,2016-01-11,6142,5.4683695,4,0,6178.0,6424.0,5520.0,6094.0,5590.0
TX_1,HOUSEHOLD,TX,2016-01-18,6291,5.4698157,0,1,6142.0,6178.0,6424.0,5520.0,5722.0
TX_1,HOUSEHOLD,TX,2016-01-25,5995,5.472197,0,0,6291.0,6142.0,6178.0,6424.0,5785.0
TX_1,HOUSEHOLD,TX,2016-02-01,6293,5.4774323,5,1,5995.0,6291.0,6142.0,6178.0,5947.0
TX_1,HOUSEHOLD,TX,2016-02-08,6723,5.4952245,4,2,6293.0,5995.0,6291.0,6142.0,6753.0
TX_1,HOUSEHOLD,TX,2016-02-15,7096,5.484204,1,2,6723.0,6293.0,5995.0,6291.0,7038.0
TX_1,HOUSEHOLD,TX,2016-02-22,6604,5.4608803,0,0,7096.0,6723.0,6293.0,5995.0,6427.0
TX_1,HOUSEHOLD,TX,2016-02-29,6807,5.4619412,4,0,6604.0,7096.0,6723.0,6293.0,6435.0
TX_1,HOUSEHOLD,TX,2016-03-07,6738,5.4716563,5,0,6807.0,6604.0,7096.0,6723.0,6967.0
TX_1,HOUSEHOLD,TX,2016-03-14,7208,5.482099,1,1,6738.0,6807.0,6604.0,7096.0,6591.0
TX_1,HOUSEHOLD,TX,2016-03-21,6661,5.4631953,0,2,7208.0,6738.0,6807.0,6604.0,5985.0
TX_1,HOUSEHOLD,TX,2016-03-28,6901,5.4654717,2,0,6661.0,7208.0,6738.0,6807.0,6555.0
TX_1,HOUSEHOLD,TX,2016-04-04,6660,5.4645433,4,0,6901.0,6661.0,7208.0,6738.0,6606.0
TX_1,HOUSEHOLD,TX,2016-04-11,6161,5.4633894,4,0,6660.0,6901.0,6661.0,7208.0,6219.0
TX_1,HOUSEHOLD,TX,2016-04-18,6277,5.4699197,0,0,6161.0,6660.0,6901.0,6661.0,5875.0
TX_1,HOUSEHOLD,TX,2016-04-25,6645,5.491464,1,2,6277.0,6161.0,6660.0,6901.0,6181.0
TX_1,HOUSEHOLD,TX,2016-05-02,6244,5.4835477,4,2,6645.0,6277.0,6161.0,6660.0,5997.0
TX_1,HOUSEHOLD,TX,2016-05-09,6687,5.4631815,5,0,6244.0,6645.0,6277.0,6161.0,7062.0
TX_1,HOUSEHOLD,TX,2016-05-16,7261,5.4636045,0,0,6687.0,6244.0,6645.0,6277.0,6695.0
TX_2,FOODS,TX,2011-01-31,16451,2.9653962,4,1,,,,,
TX_2,FOODS,TX,2011-02-07,16795,2.9875882,5,0,16451.0,,,,
TX_2,FOODS,TX,2011-02-14,14700,2.9883783,1,1,16795.0,16451.0,,,
TX_2,FOODS,TX,2011-02-21,14296,2.9892857,0,1,14700.0,16795.0,16451.0,,
TX_2,FOODS,TX,2011-02-28,15661,2.9807603,4,0,14296.0,14700.0,16795.0,16451.0,
TX_2,FOODS,TX,2011-03-07,15845,2.9739718,5,1,15661.0,14296.0,14700.0,16795.0,
TX_2,FOODS,TX,2011-03-14,15653,2.9861915,1,3,15845.0,15661.0,14296.0,14700.0,
TX_2,FOODS,TX,2011-03-21,13658,2.9946806,0,0,15653.0,15845.0,15661.0,14296.0,
TX_2,FOODS,TX,2011-03-28,14168,3.0003588,2,0,13658.0,15653.0,15845.0,15661.0,
TX_2,FOODS,TX,2011-04-04,15190,3.0184975,4,0,14168.0,13658.0,15653.0,15845.0,
TX_2,FOODS,TX,2011-04-11,15309,3.0213275,4,0,15190.0,14168.0,13658.0,15653.0,
TX_2,FOODS,TX,2011-04-18,14162,3.0212576,0,1,15309.0,15190.0,14168.0,13658.0,
TX_2,FOODS,TX,2011-04-25,13136,3.0289936,1,1,14162.0,15309.0,15190.0,14168.0,
TX_2,FOODS,TX,2011-05-02,13217,3.0571938,4,2,13136.0,14162.0,15309.0,15190.0,
TX_2,FOODS,TX,2011-05-09,15329,3.053681,5,0,13217.0,13136.0,14162.0,15309.0,
TX_2,FOODS,TX,2011-05-16,12973,3.0533843,0,0,15329.0,13217.0,13136.0,14162.0,
TX_2,FOODS,TX,2011-05-23,12797,3.0577304,0,0,12973.0,15329.0,13217.0,13136.0,
TX_2,FOODS,TX,2011-05-30,14862,3.0758514,3,2,12797.0,12973.0,15329.0,13217.0,
TX_2,FOODS,TX,2011-06-06,17323,3.0939617,5,1,14862.0,12797.0,12973.0,15329.0,
TX_2,FOODS,TX,2011-06-13,15902,3.1036754,2,1,17323.0,14862.0,12797.0,12973.0,
TX_2,FOODS,TX,2011-06-20,13781,3.1092744,0,0,15902.0,17323.0,14862.0,12797.0,
TX_2,FOODS,TX,2011-06-27,14825,3.1159246,2,0,13781.0,15902.0,17323.0,14862.0,
TX_2,FOODS,TX,2011-07-04,16698,3.1150944,4,1,14825.0,13781.0,15902.0,17323.0,
TX_2,FOODS,TX,2011-07-11,16775,3.1252196,4,0,16698.0,14825.0,13781.0,15902.0,
TX_2,FOODS,TX,2011-07-18,14667,3.1343381,0,0,16775.0,16698.0,14825.0,13781.0,
TX_2,FOODS,TX,2011-07-25,14410,3.139014,0,0,14667.0,16775.0,16698.0,14825.0,
TX_2,FOODS,TX,2011-08-01,17325,3.1364458,5,1,14410.0,14667.0,16775.0,16698.0,
TX_2,FOODS,TX,2011-08-08,18450,3.1342998,4,0,17325.0,14410.0,14667.0,16775.0,
TX_2,FOODS,TX,2011-08-15,18824,3.119081,1,0,18450.0,17325.0,14410.0,14667.0,
TX_2,FOODS,TX,2011-08-22,15703,3.1279297,0,0,18824.0,18450.0,17325.0,14410.0,
TX_2,FOODS,TX,2011-08-29,14940,3.1334684,2,1,15703.0,18824.0,18450.0,17325.0,
TX_2,FOODS,TX,2011-09-05,17796,3.1370366,5,1,14940.0,15703.0,18824.0,18450.0,
TX_2,FOODS,TX,2011-09-12,19002,3.1441066,3,0,17796.0,14940.0,15703.0,18824.0,
TX_2,FOODS,TX,2011-09-19,16554,3.152026,0,0,19002.0,17796.0,14940.0,15703.0,
TX_2,FOODS,TX,2011-09-26,17859,3.1640205,1,0,16554.0,19002.0,17796.0,14940.0,
TX_2,FOODS,TX,2011-10-03,18294,3.1672852,5,0,17859.0,16554.0,19002.0,17796.0,
TX_2,FOODS,TX,2011-10-10,20227,3.1675467,4,1,18294.0,17859.0,16554.0,19002.0,
TX_2,FOODS,TX,2011-10-17,17390,3.1771815,0,0,20227.0,18294.0,17859.0,16554.0,
TX_2,FOODS,TX,2011-10-24,16143,3.1996026,0,0,17390.0,20227.0,18294.0,17859.0,
TX_2,FOODS,TX,2011-10-31,17784,3.2013495,4,1,16143.0,17390.0,20227.0,18294.0,
TX_2,FOODS,TX,2011-11-07,18144,3.207507,5,2,17784.0,16143.0,17390.0,20227.0,
TX_2,FOODS,TX,2011-11-14,16621,3.2124193,1,0,18144.0,17784.0,16143.0,17390.0,
TX_2,FOODS,TX,2011-11-21,16434,3.210525,0,1,16621.0,18144.0,17784.0,16143.0,
TX_2,FOODS,TX,2011-11-28,15868,3.2083895,2,0,16434.0,16621.0,18144.0,17784.0,
TX_2,FOODS,TX,2011-12-05,17993,3.2073262,5,0,15868.0,16434.0,16621.0,18144.0,
TX_2,FOODS,TX,2011-12-12,19465,3.2092893,3,0,17993.0,15868.0,16434.0,16621.0,
TX_2,FOODS,TX,2011-12-19,15596,3.2092588,0,1,19465.0,17993.0,15868.0,16434.0,
TX_2,FOODS,TX,2011-12-26,16802,3.2037108,1,2,15596.0,19465.0,17993.0,15868.0,
TX_2,FOODS,TX,2012-01-02,19230,3.205351,4,1,16802.0,15596.0,19465.0,17993.0,
TX_2,FOODS,TX,2012-01-09,19412,3.201566,5,0,19230.0,16802.0,15596.0,19465.0,
TX_2,FOODS,TX,2012-01-16,17521,3.2013433,0,1,19412.0,19230.0,16802.0,15596.0,
TX_2,FOODS,TX,2012-01-23,16309,3.1943622,0,0,17521.0,19412.0,19230.0,16802.0,
TX_2,FOODS,TX,2012-01-30,19713,3.193201,3,1,16309.0,17521.0,19412.0,19230.0,16451.0
TX_2,FOODS,TX,2012-02-06,20452,3.1941893,5,0,19713.0,16309.0,17521.0,19412.0,16795.0
TX_2,FOODS,TX,2012-02-13,20035,3.1857076,2,1,20452.0,19713.0,16309.0,17521.0,14700.0
TX_2,FOODS,TX,2012-02-20,17785,3.1840024,0,2,20035.0,20452.0,19713.0,16309.0,14296.0
TX_2,FOODS,TX,2012-02-27,19456,3.19147,2,1,17785.0,20035.0,20452.0,19713.0,15661.0
TX_2,FOODS,TX,2012-03-05,21592,3.2078402,5,1,19456.0,17785.0,20035.0,20452.0,15845.0
TX_2,FOODS,TX,2012-03-12,22249,3.2070389,3,1,21592.0,19456.0,17785.0,20035.0,15653.0
TX_2,FOODS,TX,2012-03-19,19379,3.2054398,0,0,22249.0,21592.0,19456.0,17785.0,13658.0
TX_2,FOODS,TX,2012-03-26,19400,3.19281,1,0,19379.0,22249.0,21592.0,19456.0,14168.0
TX_2,FOODS,TX,2012-04-02,22975,3.2016602,4,1,19400.0,19379.0,22249.0,21592.0,15190.0
TX_2,FOODS,TX,2012-04-09,22005,3.2080877,5,2,22975.0,19400.0,19379.0,22249.0,15309.0
TX_2,FOODS,TX,2012-04-16,19090,3.214069,0,0,22005.0,22975.0,19400.0,19379.0,14162.0
TX_2,FOODS,TX,2012-04-23,19034,3.2137675,0,0,19090.0,22005.0,22975.0,19400.0,13136.0
TX_2,FOODS,TX,2012-04-30,21810,3.2190936,4,1,19034.0,19090.0,22005.0,22975.0,13217.0
TX_2,FOODS,TX,2012-05-07,22148,3.218099,5,1,21810.0,19034.0,19090.0,22005.0,15329.0
TX_2,FOODS,TX,2012-05-14,21526,3.2233405,1,0,22148.0,21810.0,19034.0,19090.0,12973.0
TX_2,FOODS,TX,2012-05-21,21458,3.2259068,0,0,21526.0,22148.0,21810.0,19034.0,12797.0
TX_2,FOODS,TX,2012-05-28,22527,3.2283857,2,1,21458.0,21526.0,22148.0,21810.0,14862.0
TX_2,FOODS,TX,2012-06-04,24427,3.2284586,4,0,22527.0,21458.0,21526.0,22148.0,17323.0
TX_2,FOODS,TX,2012-06-11,24485,3.2385275,4,2,24427.0,22527.0,21458.0,21526.0,15902.0
TX_2,FOODS,TX,2012-06-18,21801,3.2388594,0,1,24485.0,24427.0,22527.0,21458.0,13781.0
TX_2,FOODS,TX,2012-06-25,20748,3.2371032,1,0,21801.0,24485.0,24427.0,22527.0,14825.0
TX_2,FOODS,TX,2012-07-02,22916,3.2283032,4,1,20748.0,21801.0,24485.0,24427.0,16698.0
TX_2,FOODS,TX,2012-07-09,21580,3.2153015,5,0,22916.0,20748.0,21801.0,24485.0,16775.0
TX_2,FOODS,TX,2012-07-16,20633,3.2012954,0,1,21580.0,22916.0,20748.0,21801.0,14667.0
TX_2,FOODS,TX,2012-07-23,20029,3.1985,0,0,20633.0,21580.0,22916.0,20748.0,14410.0
TX_2,FOODS,TX,2012-07-30,21844,3.2013316,3,0,20029.0,20633.0,21580.0,22916.0,17325.0
TX_2,FOODS,TX,2012-08-06,22946,3.2090147,5,0,21844.0,20029.0,20633.0,21580.0,18450.0
TX_2,FOODS,TX,2012-08-13,22695,3.2079666,2,1,22946.0,21844.0,20029.0,20633.0,18824.0
TX_2,FOODS,TX,2012-08-20,20822,3.2106373,0,0,22695.0,22946.0,21844.0,20029.0,15703.0
TX_2,FOODS,TX,2012-08-27,20889,3.215442,1,0,20822.0,22695.0,22946.0,21844.0,14940.0
TX_2,FOODS,TX,2012-09-03,21624,3.223166,5,1,20889.0,20822.0,22695.0,22946.0,17796.0
TX_2,FOODS,TX,2012-09-10,20653,3.2259119,4,0,21624.0,20889.0,20822.0,22695.0,19002.0
TX_2,FOODS,TX,2012-09-17,19279,3.2236335,0,0,20653.0,21624.0,20889.0,20822.0,16554.0
TX_2,FOODS,TX,2012-09-24,17988,3.2347908,0,0,19279.0,20653.0,21624.0,20889.0,17859.0
TX_2,FOODS,TX,2012-10-01,20579,3.2342632,5,0,17988.0,19279.0,20653.0,21624.0,18294.0
TX_2,FOODS,TX,2012-10-08,20788,3.2344055,4,1,20579.0,17988.0,19279.0,20653.0,20227.0
TX_2,FOODS,TX,2012-10-15,18983,3.233968,1,0,20788.0,20579.0,17988.0,19279.0,17390.0
TX_2,FOODS,TX,2012-10-22,18401,3.2368312,0,1,18983.0,20788.0,20579.0,17988.0,16143.0
TX_2,FOODS,TX,2012-10-29,18825,3.2332532,2,1,18401.0,18983.0,20788.0,20579.0,17784.0
TX_2,FOODS,TX,2012-11-05,19954,3.2359993,5,1,18825.0,18401.0,18983.0,20788.0,18144.0
TX_2,FOODS,TX,2012-11-12,18947,3.2372339,3,0,19954.0,18825.0,18401.0,18983.0,16621.0
TX_2,FOODS,TX,2012-11-19,18304,3.2361372,0,1,18947.0,19954.0,18825.0,18401.0,16434.0
TX_2,FOODS,TX,2012-11-26,17055,3.2417793,1,0,18304.0,18947.0,19954.0,18825.0,15868.0
TX_2,FOODS,TX,2012-12-03,20299,3.2371583,5,0,17055.0,18304.0,18947.0,19954.0,17993.0
TX_2,FOODS,TX,2012-12-10,20115,3.2335553,4,1,20299.0,17055.0,18304.0,18947.0,19465.0
TX_2,FOODS,TX,2012-12-17,21118,3.2255619,0,0,20115.0,20299.0,17055.0,18304.0,15596.0
TX_2,FOODS,TX,2012-12-24,16553,3.2296479,0,1,21118.0,20115.0,20299.0,17055.0,16802.0
TX_2,FOODS,TX,2012-12-31,20601,3.2238123,4,1,16553.0,21118.0,20115.0,20299.0,19230.0
TX_2,FOODS,TX,2013-01-07,20163,3.2290306,5,1,20601.0,16553.0,21118.0,20115.0,19412.0
TX_2,FOODS,TX,2013-01-14,18482,3.229671,1,0,20163.0,20601.0,16553.0,21118.0,17521.0
TX_2,FOODS,TX,2013-01-21,16297,3.227464,0,1,18482.0,20163.0,20601.0,16553.0,16309.0
TX_2,FOODS,TX,2013-01-28,18657,3.231594,2,1,16297.0,18482.0,20163.0,20601.0,19713.0
TX_2,FOODS,TX,2013-02-04,20215,3.2437804,4,0,18657.0,16297.0,18482.0,20163.0,20452.0
TX_2,FOODS,TX,2013-02-11,21859,3.2346194,4,2,20215.0,18657.0,16297.0,18482.0,20035.0
TX_2,FOODS,TX,2013-02-18,19505,3.2254586,0,3,21859.0,20215.0,18657.0,16297.0,17785.0
TX_2,FOODS,TX,2013-02-25,19576,3.215372,2,0,19505.0,21859.0,20215.0,18657.0,19456.0
TX_2,FOODS,TX,2013-03-04,20755,3.2157772,4,0,19576.0,19505.0,21859.0,20215.0,21592.0
TX_2,FOODS,TX,2013-03-11,21472,3.2258327,4,1,20755.0,19576.0,19505.0,21859.0,22249.0
TX_2,FOODS,TX,2013-03-18,19112,3.2242303,0,0,21472.0,20755.0,19576.0,19505.0,19379.0
TX_2,FOODS,TX,2013-03-25,20607,3.2206833,0,1,19112.0,21472.0,20755.0,19576.0,19400.0
TX_2,FOODS,TX,2013-04-01,20482,3.214788,5,1,20607.0,19112.0,21472.0,20755.0,22975.0
TX_2,FOODS,TX,2013-04-08,20507,3.2167428,4,0,20482.0,20607.0,19112.0,21472.0,22005.0
TX_2,FOODS,TX,2013-04-15,18590,3.2131436,1,0,20507.0,20482.0,20607.0,19112.0,19090.0
TX_2,FOODS,TX,2013-04-22,16335,3.2120302,0,0,18590.0,20507.0,20482.0,20607.0,19034.0
TX_2,FOODS,TX,2013-04-29,17451,3.2179923,3,1,16335.0,18590.0,20507.0,20482.0,21810.0
TX_2,FOODS,TX,2013-05-06,19344,3.2218382,5,1,17451.0,16335.0,18590.0,20507.0,22148.0
TX_2,FOODS,TX,2013-05-13,20214,3.219874,2,0,19344.0,17451.0,16335.0,18590.0,21526.0
TX_2,FOODS,TX,2013-05-20,19977,3.217424,0,0,20214.0,19344.0,17451.0,16335.0,21458.0
TX_2,FOODS,TX,2013-05-27,20051,3.216912,1,1,19977.0,20214.0,19344.0,17451.0,22527.0
TX_2,FOODS,TX,2013-06-03,22304,3.2248578,5,1,20051.0,19977.0,20214.0,19344.0,24427.0
TX_2,FOODS,TX,2013-06-10,23268,3.2310765,4,1,22304.0,20051.0,19977.0,20214.0,24485.0
TX_2,FOODS,TX,2013-06-17,20870,3.226223,0,1,23268.0,22304.0,20051.0,19977.0,21801.0
TX_2,FOODS,TX,2013-06-24,21335,3.2264025,0,0,20870.0,23268.0,22304.0,20051.0,20748.0
TX_2,FOODS,TX,2013-07-01,24106,3.2250214,5,1,21335.0,20870.0,23268.0,22304.0,22916.0
TX_2,FOODS,TX,2013-07-08,23295,3.2259402,4,1,24106.0,21335.0,20870.0,23268.0,21580.0
TX_2,FOODS,TX,2013-07-15,21128,3.2275317,1,0,23295.0,24106.0,21335.0,20870.0,20633.0
TX_2,FOODS,TX,2013-07-22,21125,3.2303975,0,0,21128.0,23295.0,24106.0,21335.0,20029.0
TX_2,FOODS,TX,2013-07-29,22593,3.2322927,2,0,21125.0,21128.0,23295.0,24106.0,21844.0
TX_2,FOODS,TX,2013-08-05,24484,3.227823,5,1,22593.0,21125.0,21128.0,23295.0,22946.0
TX_2,FOODS,TX,2013-08-12,22443,3.2250137,3,0,24484.0,22593.0,21125.0,21128.0,22695.0
TX_2,FOODS,TX,2013-08-19,21198,3.2183132,0,0,22443.0,24484.0,22593.0,21125.0,20822.0
TX_2,FOODS,TX,2013-08-26,21354,3.2164268,1,0,21198.0,22443.0,24484.0,22593.0,20889.0
TX_2,FOODS,TX,2013-09-02,24956,3.2175412,4,1,21354.0,21198.0,22443.0,24484.0,21624.0
TX_2,FOODS,TX,2013-09-09,23749,3.2158601,5,0,24956.0,21354.0,21198.0,22443.0,20653.0
TX_2,FOODS,TX,2013-09-16,19860,3.2149339,0,0,23749.0,24956.0,21354.0,21198.0,19279.0
TX_2,FOODS,TX,2013-09-23,20176,3.21547,0,0,19860.0,23749.0,24956.0,21354.0,17988.0
TX_2,FOODS,TX,2013-09-30,20728,3.2178733,4,0,20176.0,19860.0,23749.0,24956.0,20579.0
TX_2,FOODS,TX,2013-10-07,20961,3.221644,5,0,20728.0,20176.0,19860.0,23749.0,20788.0
TX_2,FOODS,TX,2013-10-14,19615,3.2244112,1,2,20961.0,20728.0,20176.0,19860.0,18983.0
TX_2,FOODS,TX,2013-10-21,17833,3.2261364,0,0,19615.0,20961.0,20728.0,20176.0,18401.0
TX_2,FOODS,TX,2013-10-28,19388,3.2227318,2,1,17833.0,19615.0,20961.0,20728.0,18825.0
TX_2,FOODS,TX,2013-11-04,19145,3.217221,4,0,19388.0,17833.0,19615.0,20961.0,19954.0
TX_2,FOODS,TX,2013-11-11,19083,3.2157834,4,1,19145.0,19388.0,17833.0,19615.0,18947.0
TX_2,FOODS,TX,2013-11-18,16988,3.2193072,0,0,19083.0,19145.0,19388.0,17833.0,18304.0
TX_2,FOODS,TX,2013-11-25,15508,3.2204897,1,1,16988.0,19083.0,19145.0,19388.0,17055.0
TX_2,FOODS,TX,2013-12-02,20273,3.2195725,4,1,15508.0,16988.0,19083.0,19145.0,20299.0
TX_2,FOODS,TX,2013-12-09,18932,3.2164266,5,0,20273.0,15508.0,16988.0,19083.0,20115.0
TX_2,FOODS,TX,2013-12-16,18008,3.2230625,0,0,18932.0,20273.0,15508.0,16988.0,21118.0
TX_2,FOODS,TX,2013-12-23,15838,3.2235832,0,1,18008.0,18932.0,20273.0,15508.0,16553.0
TX_2,FOODS,TX,2013-12-30,20455,3.2205188,3,1,15838.0,18008.0,18932.0,20273.0,20601.0
TX_2,FOODS,TX,2014-01-06,19769,3.2173164,5,1,20455.0,15838.0,18008.0,18932.0,20163.0
TX_2,FOODS,TX,2014-01-13,17639,3.2144372,2,0,19769.0,20455.0,15838.0,18008.0,18482.0
TX_2,FOODS,TX,2014-01-20,15447,3.2039363,0,1,17639.0,19769.0,20455.0,15838.0,16297.0
TX_2,FOODS,TX,2014-01-27,16121,3.201553,1,1,15447.0,17639.0,19769.0,20455.0,18657.0
TX_2,FOODS,TX,2014-02-03,17289,3.20818,5,0,16121.0,15447.0,17639.0,19769.0,20215.0
TX_2,FOODS,TX,2014-02-10,18298,3.2060158,4,1,17289.0,16121.0,15447.0,17639.0,21859.0
TX_2,FOODS,TX,2014-02-17,16526,3.1938765,0,1,18298.0,17289.0,16121.0,15447.0,19505.0
TX_2,FOODS,TX,2014-02-24,16796,3.1851442,1,0,16526.0,18298.0,17289.0,16121.0,19576.0
TX_2,FOODS,TX,2014-03-03,17983,3.187434,5,1,16796.0,16526.0,18298.0,17289.0,20755.0
TX_2,FOODS,TX,2014-03-10,18866,3.1890924,4,2,17983.0,16796.0,16526.0,18298.0,21472.0
TX_2,FOODS,TX,2014-03-17,16738,3.1882954,0,1,18866.0,17983.0,16796.0,16526.0,19112.0
TX_2,FOODS,TX,2014-03-24,16188,3.1875076,0,0,16738.0,18866.0,17983.0,16796.0,20607.0
TX_2,FOODS,TX,2014-03-31,17708,3.19072,4,0,16188.0,16738.0,18866.0,17983.0,20482.0
TX_2,FOODS,TX,2014-04-07,19235,3.188446,5,0,17708.0,16188.0,16738.0,18866.0,20507.0
TX_2,FOODS,TX,2014-04-14,20026,3.1826894,1,1,19235.0,17708.0,16188.0,16738.0,18590.0
TX_2,FOODS,TX,2014-04-21,17846,3.17502,0,1,20026.0,19235.0,17708.0,16188.0,16335.0
TX_2,FOODS,TX,2014-04-28,17615,3.182803,2,0,17846.0,20026.0,19235.0,17708.0,17451.0
TX_2,FOODS,TX,2014-05-05,17834,3.1796494,5,2,17615.0,17846.0,20026.0,19235.0,19344.0
TX_2,FOODS,TX,2014-05-12,17132,3.1770816,3,0,17834.0,17615.0,17846.0,20026.0,20214.0
TX_2,FOODS,TX,2014-05-19,17342,3.1788704,0,0,17132.0,17834.0,17615.0,17846.0,19977.0
TX_2,FOODS,TX,2014-05-26,16989,3.1803203,1,1,17342.0,17132.0,17834.0,17615.0,20051.0
TX_2,FOODS,TX,2014-06-02,19683,3.180658,4,1,16989.0,17342.0,17132.0,17834.0,22304.0
TX_2,FOODS,TX,2014-06-09,20849,3.1866348,5,1,19683.0,16989.0,17342.0,17132.0,23268.0
TX_2,FOODS,TX,2014-06-16,19301,3.1998024,0,0,20849.0,19683.0,16989.0,17342.0,20870.0
TX_2,FOODS,TX,2014-06-23,16947,3.2140503,0,1,19301.0,20849.0,19683.0,16989.0,21335.0
TX_2,FOODS,TX,2014-06-30,20936,3.2359312,4,1,16947.0,19301.0,20849.0,19683.0,24106.0
TX_2,FOODS,TX,2014-07-07,21401,3.2433908,5,0,20936.0,16947.0,19301.0,20849.0,23295.0
TX_2,FOODS,TX,2014-07-14,19475,3.2481933,1,0,21401.0,20936.0,16947.0,19301.0,21128.0
TX_2,FOODS,TX,2014-07-21,17638,3.2538774,0,0,19475.0,21401.0,20936.0,16947.0,21125.0
TX_2,FOODS,TX,2014-07-28,18940,3.2498686,2,1,17638.0,19475.0,21401.0,20936.0,22593.0
TX_2,FOODS,TX,2014-08-04,19812,3.245897,4,0,18940.0,17638.0,19475.0,21401.0,24484.0
TX_2,FOODS,TX,2014-08-11,19677,3.2474747,4,0,19812.0,18940.0,17638.0,19475.0,22443.0
TX_2,FOODS,TX,2014-08-18,19143,3.2472806,0,0,19677.0,19812.0,18940.0,17638.0,21198.0
TX_2,FOODS,TX,2014-08-25,17029,3.244114,0,0,19143.0,19677.0,19812.0,18940.0,21354.0
TX_2,FOODS,TX,2014-09-01,20401,3.2467768,5,1,17029.0,19143.0,19677.0,19812.0,24956.0
TX_2,FOODS,TX,2014-09-08,19284,3.2463088,4,0,20401.0,17029.0,19143.0,19677.0,23749.0
TX_2,FOODS,TX,2014-09-15,17092,3.241291,1,0,19284.0,20401.0,17029.0,19143.0,19860.0
TX_2,FOODS,TX,2014-09-22,16525,3.2402036,0,0,17092.0,19284.0,20401.0,17029.0,20176.0
TX_2,FOODS,TX,2014-09-29,17603,3.2385957,3,1,16525.0,17092.0,19284.0,20401.0,20728.0
TX_2,FOODS,TX,2014-10-06,17929,3.2391524,5,0,17603.0,16525.0,17092.0,19284.0,20961.0
TX_2,FOODS,TX,2014-10-13,17068,3.2552087,2,1,17929.0,17603.0,16525.0,17092.0,19615.0
TX_2,FOODS,TX,2014-10-20,15658,3.2610853,0,0,17068.0,17929.0,17603.0,16525.0,17833.0
TX_2,FOODS,TX,2014-10-27,15961,3.262774,1,1,15658.0,17068.0,17929.0,17603.0,19388.0
TX_2,FOODS,TX,2014-11-03,17063,3.2640135,5,0,15961.0,15658.0,17068.0,17929.0,19145.0
TX_2,FOODS,TX,2014-11-10,17121,3.2639165,4,1,17063.0,15961.0,15658.0,17068.0,19083.0
TX_2,FOODS,TX,2014-11-17,15468,3.2708685,0,0,17121.0,17063.0,15961.0,15658.0,16988.0
TX_2,FOODS,TX,2014-11-24,15761,3.2718434,0,1,15468.0,17121.0,17063.0,15961.0,15508.0
TX_2,FOODS,TX,2014-12-01,16336,3.2723575,5,0,15761.0,15468.0,17121.0,17063.0,20273.0
TX_2,FOODS,TX,2014-12-08,16185,3.2740104,4,0,16336.0,15761.0,15468.0,17121.0,18932.0
TX_2,FOODS,TX,2014-12-15,16777,3.274596,1,0,16185.0,16336.0,15761.0,15468.0,18008.0
TX_2,FOODS,TX,2014-12-22,13755,3.2741191,0,2,16777.0,16185.0,16336.0,15761.0,15838.0
TX_2,FOODS,TX,2014-12-29,16532,3.276509,2,1,13755.0,16777.0,16185.0,16336.0,20455.0
TX_2,FOODS,TX,2015-01-05,17328,3.2767258,5,1,16532.0,13755.0,16777.0,16185.0,19769.0
TX_2,FOODS,TX,2015-01-12,17191,3.2808456,3,0,17328.0,16532.0,13755.0,16777.0,17639.0
TX_2,FOODS,TX,2015-01-19,15838,3.281865,0,1,17191.0,17328.0,16532.0,13755.0,15447.0
TX_2,FOODS,TX,2015-01-26,16873,3.2814367,1,1,15838.0,17191.0,17328.0,16532.0,16121.0
TX_2,FOODS,TX,2015-02-02,18630,3.2878435,4,0,16873.0,15838.0,17191.0,17328.0,17289.0
TX_2,FOODS,TX,2015-02-09,18890,3.2893097,5,1,18630.0,16873.0,15838.0,17191.0,18298.0
TX_2,FOODS,TX,2015-02-16,16246,3.2904556,0,2,18890.0,18630.0,16873.0,15838.0,16526.0
TX_2,FOODS,TX,2015-02-23,15133,3.2930496,1,1,16246.0,18890.0,18630.0,16873.0,16796.0
TX_2,FOODS,TX,2015-03-02,16084,3.3000183,4,1,15133.0,16246.0,18890.0,18630.0,17983.0
TX_2,FOODS,TX,2015-03-09,17851,3.3018517,5,0,16084.0,15133.0,16246.0,18890.0,18866.0
TX_2,FOODS,TX,2015-03-16,16790,3.299541,0,1,17851.0,16084.0,15133.0,16246.0,16738.0
TX_2,FOODS,TX,2015-03-23,16200,3.2997003,0,0,16790.0,17851.0,16084.0,15133.0,16188.0
TX_2,FOODS,TX,2015-03-30,18323,3.297562,3,1,16200.0,16790.0,17851.0,16084.0,17708.0
TX_2,FOODS,TX,2015-04-06,17918,3.2930257,5,2,18323.0,16200.0,16790.0,17851.0,19235.0
TX_2,FOODS,TX,2015-04-13,17379,3.299581,2,0,17918.0,18323.0,16200.0,16790.0,20026.0
TX_2,FOODS,TX,2015-04-20,16455,3.2999644,0,0,17379.0,17918.0,18323.0,16200.0,17846.0
TX_2,FOODS,TX,2015-04-27,16785,3.298383,2,0,16455.0,17379.0,17918.0,18323.0,17615.0
TX_2,FOODS,TX,2015-05-04,17105,3.3005683,4,2,16785.0,16455.0,17379.0,17918.0,17834.0
TX_2,FOODS,TX,2015-05-11,17563,3.303725,4,0,17105.0,16785.0,16455.0,17379.0,17132.0
TX_2,FOODS,TX,2015-05-18,15521,3.3052366,0,0,17563.0,17105.0,16785.0,16455.0,17342.0
TX_2,FOODS,TX,2015-05-25,15910,3.306534,0,1,15521.0,17563.0,17105.0,16785.0,16989.0
TX_2,FOODS,TX,2015-06-01,18598,3.3071668,5,1,15910.0,15521.0,17563.0,17105.0,19683.0
TX_2,FOODS,TX,2015-06-08,18648,3.3113518,4,0,18598.0,15910.0,15521.0,17563.0,20849.0
TX_2,FOODS,TX,2015-06-15,18058,3.312248,1,3,18648.0,18598.0,15910.0,15521.0,19301.0
TX_2,FOODS,TX,2015-06-22,15787,3.3050125,0,0,18058.0,18648.0,18598.0,15910.0,16947.0
TX_2,FOODS,TX,2015-06-29,17396,3.3078504,3,1,15787.0,18058.0,18648.0,18598.0,20936.0
TX_2,FOODS,TX,2015-07-06,19442,3.309222,5,0,17396.0,15787.0,18058.0,18648.0,21401.0
TX_2,FOODS,TX,2015-07-13,19631,3.3105342,2,1,19442.0,17396.0,15787.0,18058.0,19475.0
TX_2,FOODS,TX,2015-07-20,17365,3.3099992,0,0,19631.0,19442.0,17396.0,15787.0,17638.0
TX_2,FOODS,TX,2015-07-27,18173,3.3062565,1,0,17365.0,19631.0,19442.0,17396.0,18940.0
TX_2,FOODS,TX,2015-08-03,20393,3.305799,5,0,18173.0,17365.0,19631.0,19442.0,19812.0
TX_2,FOODS,TX,2015-08-10,18765,3.3071747,4,0,20393.0,18173.0,17365.0,19631.0,19677.0
TX_2,FOODS,TX,2015-08-17,16648,3.3078096,0,0,18765.0,20393.0,18173.0,17365.0,19143.0
TX_2,FOODS,TX,2015-08-24,15766,3.3073769,0,0,16648.0,18765.0,20393.0,18173.0,17029.0
TX_2,FOODS,TX,2015-08-31,16321,3.3039708,4,0,15766.0,16648.0,18765.0,20393.0,20401.0
TX_2,FOODS,TX,2015-09-07,18808,3.3010402,5,1,16321.0,15766.0,16648.0,18765.0,19284.0
TX_2,FOODS,TX,2015-09-14,17772,3.3021033,1,0,18808.0,16321.0,15766.0,16648.0,17092.0
TX_2,FOODS,TX,2015-09-21,17095,3.3029697,0,1,17772.0,18808.0,16321.0,15766.0,16525.0
TX_2,FOODS,TX,2015-09-28,17887,3.3051932,2,0,17095.0,17772.0,18808.0,16321.0,17603.0
TX_2,FOODS,TX,2015-10-05,18670,3.308401,5,0,17887.0,17095.0,17772.0,18808.0,17929.0
TX_2,FOODS,TX,2015-10-12,17682,3.3082707,3,1,18670.0,17887.0,17095.0,17772.0,17068.0
TX_2,FOODS,TX,2015-10-19,16750,3.3070183,0,0,17682.0,18670.0,17887.0,17095.0,15658.0
TX_2,FOODS,TX,2015-10-26,15714,3.3118618,1,1,16750.0,17682.0,18670.0,17887.0,15961.0
TX_2,FOODS,TX,2015-11-02,16649,3.3146741,4,0,15714.0,16750.0,17682.0,18670.0,17063.0
TX_2,FOODS,TX,2015-11-09,16869,3.3161087,5,1,16649.0,15714.0,16750.0,17682.0,17121.0
TX_2,FOODS,TX,2015-11-16,15907,3.3198476,0,0,16869.0,16649.0,15714.0,16750.0,15468.0
TX_2,FOODS,TX,2015-11-23,15728,3.3216097,0,1,15907.0,16869.0,16649.0,15714.0,15761.0
TX_2,FOODS,TX,2015-11-30,15028,3.3218532,4,0,15728.0,15907.0,16869.0,16649.0,16336.0
TX_2,FOODS,TX,2015-12-07,15915,3.3230462,5,0,15028.0,15728.0,15907.0,16869.0,16185.0
TX_2,FOODS,TX,2015-12-14,17213,3.3238351,1,1,15915.0,15028.0,15728.0,15907.0,16777.0
TX_2,FOODS,TX,2015-12-21,14134,3.3191106,0,1,17213.0,15915.0,15028.0,15728.0,13755.0
TX_2,FOODS,TX,2015-12-28,15167,3.3066542,2,1,14134.0,17213.0,15915.0,15028.0,16532.0
TX_2,FOODS,TX,2016-01-04,17404,3.3150766,4,1,15167.0,14134.0,17213.0,15915.0,17328.0
TX_2,FOODS,TX,2016-01-11,18264,3.3247106,4,0,17404.0,15167.0,14134.0,17213.0,17191.0
TX_2,FOODS,TX,2016-01-18,16530,3.3250575,0,1,18264.0,17404.0,15167.0,14134.0,15838.0
TX_2,FOODS,TX,2016-01-25,15635,3.3221233,0,0,16530.0,18264.0,17404.0,15167.0,16873.0
TX_2,FOODS,TX,2016-02-01,18839,3.3241668,5,1,15635.0,16530.0,18264.0,17404.0,18630.0
TX_2,FOODS,TX,2016-02-08,20703,3.3221247,4,2,18839.0,15635.0,16530.0,18264.0,18890.0
TX_2,FOODS,TX,2016-02-15,19342,3.3203163,1,2,20703.0,18839.0,15635.0,16530.0,16246.0
TX_2,FOODS,TX,2016-02-22,17944,3.3178744,0,0,19342.0,20703.0,18839.0,15635.0,15133.0
TX_2,FOODS,TX,2016-02-29,18743,3.321852,4,0,17944.0,19342.0,20703.0,18839.0,16084.0
TX_2,FOODS,TX,2016-03-07,19158,3.3206449,5,0,18743.0,17944.0,19342.0,20703.0,17851.0
TX_2,FOODS,TX,2016-03-14,19224,3.3204632,1,1,19158.0,18743.0,17944.0,19342.0,16790.0
TX_2,FOODS,TX,2016-03-21,19671,3.321841,0,2,19224.0,19158.0,18743.0,17944.0,16200.0
TX_2,FOODS,TX,2016-03-28,17695,3.3220956,2,0,19671.0,19224.0,19158.0,18743.0,18323.0
TX_2,FOODS,TX,2016-04-04,18644,3.3209107,4,0,17695.0,19671.0,19224.0,19158.0,17918.0
TX_2,FOODS,TX,2016-04-11,18034,3.3210855,4,0,18644.0,17695.0,19671.0,19224.0,17379.0
TX_2,FOODS,TX,2016-04-18,17473,3.3229945,0,0,18034.0,18644.0,17695.0,19671.0,16455.0
TX_2,FOODS,TX,2016-04-25,17985,3.323242,1,2,17473.0,18034.0,18644.0,17695.0,16785.0
TX_2,FOODS,TX,2016-05-02,18771,3.3243504,4,2,17985.0,17473.0,18034.0,18644.0,17105.0
TX_2,FOODS,TX,2016-05-09,20350,3.3258991,5,0,18771.0,17985.0,17473.0,18034.0,17563.0
TX_2,FOODS,TX,2016-05-16,19132,3.3245103,0,0,20350.0,18771.0,17985.0,17473.0,15521.0
TX_2,HOBBIES,TX,2011-01-31,1897,4.6763573,4,1,,,,,
TX_2,HOBBIES,TX,2011-02-07,2043,4.631865,5,0,1897.0,,,,
TX_2,HOBBIES,TX,2011-02-14,1998,4.5903826,1,1,2043.0,1897.0,,,
TX_2,HOBBIES,TX,2011-02-21,2003,4.528918,0,1,1998.0,2043.0,1897.0,,
TX_2,HOBBIES,TX,2011-02-28,1553,4.4818134,4,0,2003.0,1998.0,2043.0,1897.0,
TX_2,HOBBIES,TX,2011-03-07,1789,4.504561,5,1,1553.0,2003.0,1998.0,2043.0,
TX_2,HOBBIES,TX,2011-03-14,2003,4.541317,1,3,1789.0,1553.0,2003.0,1998.0,
TX_2,HOBBIES,TX,2011-03-21,1766,4.5527816,0,0,2003.0,1789.0,1553.0,2003.0,
TX_2,HOBBIES,TX,2011-03-28,1909,4.568997,2,0,1766.0,2003.0,1789.0,1553.0,
TX_2,HOBBIES,TX,2011-04-04,1942,4.5977635,4,0,1909.0,1766.0,2003.0,1789.0,
TX_2,HOBBIES,TX,2011-04-11,1877,4.6185174,4,0,1942.0,1909.0,1766.0,2003.0,
TX_2,HOBBIES,TX,2011-04-18,1989,4.6232266,0,1,1877.0,1942.0,1909.0,1766.0,
TX_2,HOBBIES,TX,2011-04-25,2028,4.629021,1,1,1989.0,1877.0,1942.0,1909.0,
TX_2,HOBBIES,TX,2011-05-02,2151,4.623217,4,2,2028.0,1989.0,1877.0,1942.0,
TX_2,HOBBIES,TX,2011-05-09,2300,4.646686,5,0,2151.0,2028.0,1989.0,1877.0,
TX_2,HOBBIES,TX,2011-05-16,2073,4.6448417,0,0,2300.0,2151.0,2028.0,1989.0,
TX_2,HOBBIES,TX,2011-05-23,1909,4.6352262,0,0,2073.0,2300.0,2151.0,2028.0,
TX_2,HOBBIES,TX,2011-05-30,1861,4.6317506,3,2,1909.0,2073.0,2300.0,2151.0,
TX_2,HOBBIES,TX,2011-06-06,2024,4.6303988,5,1,1861.0,1909.0,2073.0,2300.0,
TX_2,HOBBIES,TX,2011-06-13,1999,4.624642,2,1,2024.0,1861.0,1909.0,2073.0,
TX_2,HOBBIES,TX,2011-06-20,2168,4.606177,0,0,1999.0,2024.0,1861.0,1909.0,
TX_2,HOBBIES,TX,2011-06-27,2213,4.5917363,2,0,2168.0,1999.0,2024.0,1861.0,
TX_2,HOBBIES,TX,2011-07-04,2048,4.5794845,4,1,2213.0,2168.0,1999.0,2024.0,
TX_2,HOBBIES,TX,2011-07-11,2042,4.568504,4,0,2048.0,2213.0,2168.0,1999.0,
TX_2,HOBBIES,TX,2011-07-18,2261,4.549933,0,0,2042.0,2048.0,2213.0,2168.0,
TX_2,HOBBIES,TX,2011-07-25,2030,4.5467596,0,0,2261.0,2042.0,2048.0,2213.0,
TX_2,HOBBIES,TX,2011-08-01,2045,4.547093,5,1,2030.0,2261.0,2042.0,2048.0,
TX_2,HOBBIES,TX,2011-08-08,1945,4.549313,4,0,2045.0,2030.0,2261.0,2042.0,
TX_2,HOBBIES,TX,2011-08-15,2103,4.5434494,1,0,1945.0,2045.0,2030.0,2261.0,
TX_2,HOBBIES,TX,2011-08-22,2008,4.545026,0,0,2103.0,1945.0,2045.0,2030.0,
TX_2,HOBBIES,TX,2011-08-29,1958,4.5857472,2,1,2008.0,2103.0,1945.0,2045.0,
TX_2,HOBBIES,TX,2011-09-05,1835,4.5814667,5,1,1958.0,2008.0,2103.0,1945.0,
TX_2,HOBBIES,TX,2011-09-12,1927,4.5814657,3,0,1835.0,1958.0,2008.0,2103.0,
TX_2,HOBBIES,TX,2011-09-19,1908,4.5910525,0,0,1927.0,1835.0,1958.0,2008.0,
TX_2,HOBBIES,TX,2011-09-26,2008,4.5897856,1,0,1908.0,1927.0,1835.0,1958.0,
TX_2,HOBBIES,TX,2011-10-03,1995,4.5865064,5,0,2008.0,1908.0,1927.0,1835.0,
TX_2,HOBBIES,TX,2011-10-10,2098,4.5816298,4,1,1995.0,2008.0,1908.0,1927.0,
TX_2,HOBBIES,TX,2011-10-17,2155,4.564531,0,0,2098.0,1995.0,2008.0,1908.0,
TX_2,HOBBIES,TX,2011-10-24,2296,4.5651717,0,0,2155.0,2098.0,1995.0,2008.0,
TX_2,HOBBIES,TX,2011-10-31,2111,4.5652475,4,1,2296.0,2155.0,2098.0,1995.0,
TX_2,HOBBIES,TX,2011-11-07,1978,4.563267,5,2,2111.0,2296.0,2155.0,2098.0,
TX_2,HOBBIES,TX,2011-11-14,2088,4.554605,1,0,1978.0,2111.0,2296.0,2155.0,
TX_2,HOBBIES,TX,2011-11-21,1720,4.554605,0,1,2088.0,1978.0,2111.0,2296.0,
TX_2,HOBBIES,TX,2011-11-28,2129,4.554088,2,0,1720.0,2088.0,1978.0,2111.0,
TX_2,HOBBIES,TX,2011-12-05,2146,4.5545816,5,0,2129.0,1720.0,2088.0,1978.0,
TX_2,HOBBIES,TX,2011-12-12,2249,4.5679364,3,0,2146.0,2129.0,1720.0,2088.0,
TX_2,HOBBIES,TX,2011-12-19,1924,4.5902762,0,1,2249.0,2146.0,2129.0,1720.0,
TX_2,HOBBIES,TX,2011-12-26,1856,4.585326,1,2,1924.0,2249.0,2146.0,2129.0,
TX_2,HOBBIES,TX,2012-01-02,2087,4.575663,4,1,1856.0,1924.0,2249.0,2146.0,
TX_2,HOBBIES,TX,2012-01-09,1926,4.5914335,5,0,2087.0,1856.0,1924.0,2249.0,
TX_2,HOBBIES,TX,2012-01-16,2195,4.610923,0,1,1926.0,2087.0,1856.0,1924.0,
TX_2,HOBBIES,TX,2012-01-23,2214,4.614348,0,0,2195.0,1926.0,2087.0,1856.0,
TX_2,HOBBIES,TX,2012-01-30,2196,4.6277184,3,1,2214.0,2195.0,1926.0,2087.0,1897.0
TX_2,HOBBIES,TX,2012-02-06,2152,4.6712136,5,0,2196.0,2214.0,2195.0,1926.0,2043.0
TX_2,HOBBIES,TX,2012-02-13,2183,4.700303,2,1,2152.0,2196.0,2214.0,2195.0,1998.0
TX_2,HOBBIES,TX,2012-02-20,2101,4.7246804,0,2,2183.0,2152.0,2196.0,2214.0,2003.0
TX_2,HOBBIES,TX,2012-02-27,2252,4.748349,2,1,2101.0,2183.0,2152.0,2196.0,1553.0
TX_2,HOBBIES,TX,2012-03-05,2070,4.7421155,5,1,2252.0,2101.0,2183.0,2152.0,1789.0
TX_2,HOBBIES,TX,2012-03-12,2199,4.749049,3,1,2070.0,2252.0,2101.0,2183.0,2003.0
TX_2,HOBBIES,TX,2012-03-19,2106,4.7592587,0,0,2199.0,2070.0,2252.0,2101.0,1766.0
TX_2,HOBBIES,TX,2012-03-26,2207,4.7565618,1,0,2106.0,2199.0,2070.0,2252.0,1909.0
TX_2,HOBBIES,TX,2012-04-02,1955,4.7499924,4,1,2207.0,2106.0,2199.0,2070.0,1942.0
TX_2,HOBBIES,TX,2012-04-09,2395,4.751483,5,2,1955.0,2207.0,2106.0,2199.0,1877.0
TX_2,HOBBIES,TX,2012-04-16,2139,4.726018,0,0,2395.0,1955.0,2207.0,2106.0,1989.0
TX_2,HOBBIES,TX,2012-04-23,2189,4.68589,0,0,2139.0,2395.0,1955.0,2207.0,2028.0
TX_2,HOBBIES,TX,2012-04-30,2393,4.6086116,4,1,2189.0,2139.0,2395.0,1955.0,2151.0
TX_2,HOBBIES,TX,2012-05-07,2103,4.5741463,5,1,2393.0,2189.0,2139.0,2395.0,2300.0
TX_2,HOBBIES,TX,2012-05-14,1992,4.5858035,1,0,2103.0,2393.0,2189.0,2139.0,2073.0
TX_2,HOBBIES,TX,2012-05-21,1815,4.596702,0,0,1992.0,2103.0,2393.0,2189.0,1909.0
TX_2,HOBBIES,TX,2012-05-28,2531,4.6121492,2,1,1815.0,1992.0,2103.0,2393.0,1861.0
TX_2,HOBBIES,TX,2012-06-04,2269,4.6254992,4,0,2531.0,1815.0,1992.0,2103.0,2024.0
TX_2,HOBBIES,TX,2012-06-11,2261,4.627166,4,2,2269.0,2531.0,1815.0,1992.0,1999.0
TX_2,HOBBIES,TX,2012-06-18,2227,4.676932,0,1,2261.0,2269.0,2531.0,1815.0,2168.0
TX_2,HOBBIES,TX,2012-06-25,2391,4.7975965,1,0,2227.0,2261.0,2269.0,2531.0,2213.0
TX_2,HOBBIES,TX,2012-07-02,2155,4.9209747,4,1,2391.0,2227.0,2261.0,2269.0,2048.0
TX_2,HOBBIES,TX,2012-07-09,2280,5.062345,5,0,2155.0,2391.0,2227.0,2261.0,2042.0
TX_2,HOBBIES,TX,2012-07-16,2432,5.063222,0,1,2280.0,2155.0,2391.0,2227.0,2261.0
TX_2,HOBBIES,TX,2012-07-23,2094,5.0639825,0,0,2432.0,2280.0,2155.0,2391.0,2030.0
TX_2,HOBBIES,TX,2012-07-30,2180,5.0790405,3,0,2094.0,2432.0,2280.0,2155.0,2045.0
TX_2,HOBBIES,TX,2012-08-06,2032,5.135839,5,0,2180.0,2094.0,2432.0,2280.0,1945.0
TX_2,HOBBIES,TX,2012-08-13,2040,5.136979,2,1,2032.0,2180.0,2094.0,2432.0,2103.0
TX_2,HOBBIES,TX,2012-08-20,2050,5.140405,0,0,2040.0,2032.0,2180.0,2094.0,2008.0
TX_2,HOBBIES,TX,2012-08-27,1960,5.1458173,1,0,2050.0,2040.0,2032.0,2180.0,1958.0
TX_2,HOBBIES,TX,2012-09-03,1994,5.155749,5,1,1960.0,2050.0,2040.0,2032.0,1835.0
TX_2,HOBBIES,TX,2012-09-10,1967,5.1625814,4,0,1994.0,1960.0,2050.0,2040.0,1927.0
TX_2,HOBBIES,TX,2012-09-17,2148,5.1812463,0,0,1967.0,1994.0,1960.0,2050.0,1908.0
TX_2,HOBBIES,TX,2012-09-24,1926,5.1917534,0,0,2148.0,1967.0,1994.0,1960.0,2008.0
TX_2,HOBBIES,TX,2012-10-01,2194,5.2074385,5,0,1926.0,2148.0,1967.0,1994.0,1995.0
TX_2,HOBBIES,TX,2012-10-08,2041,5.205776,4,1,2194.0,1926.0,2148.0,1967.0,2098.0
TX_2,HOBBIES,TX,2012-10-15,1856,5.205913,1,0,2041.0,2194.0,1926.0,2148.0,2155.0
TX_2,HOBBIES,TX,2012-10-22,1881,5.2047167,0,1,1856.0,2041.0,2194.0,1926.0,2296.0
TX_2,HOBBIES,TX,2012-10-29,2140,5.2017264,2,1,1881.0,1856.0,2041.0,2194.0,2111.0
TX_2,HOBBIES,TX,2012-11-05,2041,5.202665,5,1,2140.0,1881.0,1856.0,2041.0,1978.0
TX_2,HOBBIES,TX,2012-11-12,1994,5.2062654,3,0,2041.0,2140.0,1881.0,1856.0,2088.0
TX_2,HOBBIES,TX,2012-11-19,1738,5.2131243,0,1,1994.0,2041.0,2140.0,1881.0,1720.0
TX_2,HOBBIES,TX,2012-11-26,2016,5.2228904,1,0,1738.0,1994.0,2041.0,2140.0,2129.0
TX_2,HOBBIES,TX,2012-12-03,1899,5.2251854,5,0,2016.0,1738.0,1994.0,2041.0,2146.0
TX_2,HOBBIES,TX,2012-12-10,1959,5.2277074,4,1,1899.0,2016.0,1738.0,1994.0,2249.0
TX_2,HOBBIES,TX,2012-12-17,2055,5.226649,0,0,1959.0,1899.0,2016.0,1738.0,1924.0
TX_2,HOBBIES,TX,2012-12-24,1638,5.226247,0,1,2055.0,1959.0,1899.0,2016.0,1856.0
TX_2,HOBBIES,TX,2012-12-31,1748,5.2322516,4,1,1638.0,2055.0,1959.0,1899.0,2087.0
TX_2,HOBBIES,TX,2013-01-07,1887,5.2458963,5,1,1748.0,1638.0,2055.0,1959.0,1926.0
TX_2,HOBBIES,TX,2013-01-14,1965,5.237964,1,0,1887.0,1748.0,1638.0,2055.0,2195.0
TX_2,HOBBIES,TX,2013-01-21,2641,5.22675,0,1,1965.0,1887.0,1748.0,1638.0,2214.0
TX_2,HOBBIES,TX,2013-01-28,2758,5.2301984,2,1,2641.0,1965.0,1887.0,1748.0,2196.0
TX_2,HOBBIES,TX,2013-02-04,2268,5.2354245,4,0,2758.0,2641.0,1965.0,1887.0,2152.0
TX_2,HOBBIES,TX,2013-02-11,2621,5.236781,4,2,2268.0,2758.0,2641.0,1965.0,2183.0
TX_2,HOBBIES,TX,2013-02-18,2832,5.2533,0,3,2621.0,2268.0,2758.0,2641.0,2101.0
TX_2,HOBBIES,TX,2013-02-25,2948,5.236022,2,0,2832.0,2621.0,2268.0,2758.0,2252.0
TX_2,HOBBIES,TX,2013-03-04,2243,5.2268577,4,0,2948.0,2832.0,2621.0,2268.0,2070.0
TX_2,HOBBIES,TX,2013-03-11,2762,5.224392,4,1,2243.0,2948.0,2832.0,2621.0,2199.0
TX_2,HOBBIES,TX,2013-03-18,2892,5.2190866,0,0,2762.0,2243.0,2948.0,2832.0,2106.0
TX_2,HOBBIES,TX,2013-03-25,2366,5.2109184,0,1,2892.0,2762.0,2243.0,2948.0,2207.0
TX_2,HOBBIES,TX,2013-04-01,2863,5.191443,5,1,2366.0,2892.0,2762.0,2243.0,1955.0
TX_2,HOBBIES,TX,2013-04-08,2841,5.19921,4,0,2863.0,2366.0,2892.0,2762.0,2395.0
TX_2,HOBBIES,TX,2013-04-15,3112,5.2137213,1,0,2841.0,2863.0,2366.0,2892.0,2139.0
TX_2,HOBBIES,TX,2013-04-22,2772,5.211262,0,0,3112.0,2841.0,2863.0,2366.0,2189.0
TX_2,HOBBIES,TX,2013-04-29,2279,5.1986594,3,1,2772.0,3112.0,2841.0,2863.0,2393.0
TX_2,HOBBIES,TX,2013-05-06,3013,5.197024,5,1,2279.0,2772.0,3112.0,2841.0,2103.0
TX_2,HOBBIES,TX,2013-05-13,3154,5.1845136,2,0,3013.0,2279.0,2772.0,3112.0,1992.0
TX_2,HOBBIES,TX,2013-05-20,2803,5.158809,0,0,3154.0,3013.0,2279.0,2772.0,1815.0
TX_2,HOBBIES,TX,2013-05-27,3060,5.1533422,1,1,2803.0,3154.0,3013.0,2279.0,2531.0
TX_2,HOBBIES,TX,2013-06-03,2718,5.15075,5,1,3060.0,2803.0,3154.0,3013.0,2269.0
TX_2,HOBBIES,TX,2013-06-10,3192,5.1518617,4,1,2718.0,3060.0,2803.0,3154.0,2261.0
TX_2,HOBBIES,TX,2013-06-17,2748,5.1458273,0,1,3192.0,2718.0,3060.0,2803.0,2227.0
TX_2,HOBBIES,TX,2013-06-24,2840,5.1438303,0,0,2748.0,3192.0,2718.0,3060.0,2391.0
TX_2,HOBBIES,TX,2013-07-01,2958,5.1805716,5,1,2840.0,2748.0,3192.0,2718.0,2155.0
TX_2,HOBBIES,TX,2013-07-08,2807,5.1950107,4,1,2958.0,2840.0,2748.0,3192.0,2280.0
TX_2,HOBBIES,TX,2013-07-15,2956,5.1682997,1,0,2807.0,2958.0,2840.0,2748.0,2432.0
TX_2,HOBBIES,TX,2013-07-22,2980,5.1120467,0,0,2956.0,2807.0,2958.0,2840.0,2094.0
TX_2,HOBBIES,TX,2013-07-29,3091,5.1379876,2,0,2980.0,2956.0,2807.0,2958.0,2180.0
TX_2,HOBBIES,TX,2013-08-05,2832,5.134589,5,1,3091.0,2980.0,2956.0,2807.0,2032.0
TX_2,HOBBIES,TX,2013-08-12,2753,5.1242986,3,0,2832.0,3091.0,2980.0,2956.0,2040.0
TX_2,HOBBIES,TX,2013-08-19,2770,5.1139793,0,0,2753.0,2832.0,3091.0,2980.0,2050.0
TX_2,HOBBIES,TX,2013-08-26,2597,5.108806,1,0,2770.0,2753.0,2832.0,3091.0,1960.0
TX_2,HOBBIES,TX,2013-09-02,2359,5.1357183,4,1,2597.0,2770.0,2753.0,2832.0,1994.0
TX_2,HOBBIES,TX,2013-09-09,2987,5.236979,5,0,2359.0,2597.0,2770.0,2753.0,1967.0
TX_2,HOBBIES,TX,2013-09-16,2752,5.267699,0,0,2987.0,2359.0,2597.0,2770.0,2148.0
TX_2,HOBBIES,TX,2013-09-23,2802,5.334867,0,0,2752.0,2987.0,2359.0,2597.0,1926.0
TX_2,HOBBIES,TX,2013-09-30,2705,5.339146,4,0,2802.0,2752.0,2987.0,2359.0,2194.0
TX_2,HOBBIES,TX,2013-10-07,2879,5.3514714,5,0,2705.0,2802.0,2752.0,2987.0,2041.0
TX_2,HOBBIES,TX,2013-10-14,2776,5.3655005,1,2,2879.0,2705.0,2802.0,2752.0,1856.0
TX_2,HOBBIES,TX,2013-10-21,2887,5.3652225,0,0,2776.0,2879.0,2705.0,2802.0,1881.0
TX_2,HOBBIES,TX,2013-10-28,2959,5.3642197,2,1,2887.0,2776.0,2879.0,2705.0,2140.0
TX_2,HOBBIES,TX,2013-11-04,2401,5.362143,4,0,2959.0,2887.0,2776.0,2879.0,2041.0
TX_2,HOBBIES,TX,2013-11-11,3004,5.365563,4,1,2401.0,2959.0,2887.0,2776.0,1994.0
TX_2,HOBBIES,TX,2013-11-18,2652,5.3672643,0,0,3004.0,2401.0,2959.0,2887.0,1738.0
TX_2,HOBBIES,TX,2013-11-25,2198,5.3780565,1,1,2652.0,3004.0,2401.0,2959.0,2016.0
TX_2,HOBBIES,TX,2013-12-02,2743,5.3755236,4,1,2198.0,2652.0,3004.0,2401.0,1899.0
TX_2,HOBBIES,TX,2013-12-09,2353,5.372749,5,0,2743.0,2198.0,2652.0,3004.0,1959.0
TX_2,HOBBIES,TX,2013-12-16,2430,5.3714013,0,0,2353.0,2743.0,2198.0,2652.0,2055.0
TX_2,HOBBIES,TX,2013-12-23,2313,5.3757257,0,1,2430.0,2353.0,2743.0,2198.0,1638.0
TX_2,HOBBIES,TX,2013-12-30,2494,5.405202,3,1,2313.0,2430.0,2353.0,2743.0,1748.0
TX_2,HOBBIES,TX,2014-01-06,2354,5.4281898,5,1,2494.0,2313.0,2430.0,2353.0,1887.0
TX_2,HOBBIES,TX,2014-01-13,2175,5.4243894,2,0,2354.0,2494.0,2313.0,2430.0,1965.0
TX_2,HOBBIES,TX,2014-01-20,2173,5.4312434,0,1,2175.0,2354.0,2494.0,2313.0,2641.0
TX_2,HOBBIES,TX,2014-01-27,2133,5.4310718,1,1,2173.0,2175.0,2354.0,2494.0,2758.0
TX_2,HOBBIES,TX,2014-02-03,2209,5.430457,5,0,2133.0,2173.0,2175.0,2354.0,2268.0
TX_2,HOBBIES,TX,2014-02-10,2214,5.4384604,4,1,2209.0,2133.0,2173.0,2175.0,2621.0
TX_2,HOBBIES,TX,2014-02-17,2218,5.4588804,0,1,2214.0,2209.0,2133.0,2173.0,2832.0
TX_2,HOBBIES,TX,2014-02-24,1968,5.4749513,1,0,2218.0,2214.0,2209.0,2133.0,2948.0
TX_2,HOBBIES,TX,2014-03-03,2015,5.5205407,5,1,1968.0,2218.0,2214.0,2209.0,2243.0
TX_2,HOBBIES,TX,2014-03-10,2012,5.5249586,4,2,2015.0,1968.0,2218.0,2214.0,2762.0
TX_2,HOBBIES,TX,2014-03-17,2136,5.5194116,0,1,2012.0,2015.0,1968.0,2218.0,2892.0
TX_2,HOBBIES,TX,2014-03-24,2050,5.513822,0,0,2136.0,2012.0,2015.0,1968.0,2366.0
TX_2,HOBBIES,TX,2014-03-31,2073,5.5294943,4,0,2050.0,2136.0,2012.0,2015.0,2863.0
TX_2,HOBBIES,TX,2014-04-07,2034,5.546861,5,0,2073.0,2050.0,2136.0,2012.0,2841.0
TX_2,HOBBIES,TX,2014-04-14,2112,5.5490103,1,1,2034.0,2073.0,2050.0,2136.0,3112.0
TX_2,HOBBIES,TX,2014-04-21,2207,5.5477176,0,1,2112.0,2034.0,2073.0,2050.0,2772.0
TX_2,HOBBIES,TX,2014-04-28,1980,5.5314817,2,0,2207.0,2112.0,2034.0,2073.0,2279.0
TX_2,HOBBIES,TX,2014-05-05,1989,5.5182195,5,2,1980.0,2207.0,2112.0,2034.0,3013.0
TX_2,HOBBIES,TX,2014-05-12,2142,5.497195,3,0,1989.0,1980.0,2207.0,2112.0,3154.0
TX_2,HOBBIES,TX,2014-05-19,2010,5.483033,0,0,2142.0,1989.0,1980.0,2207.0,2803.0
TX_2,HOBBIES,TX,2014-05-26,2069,5.468264,1,1,2010.0,2142.0,1989.0,1980.0,3060.0
TX_2,HOBBIES,TX,2014-06-02,2248,5.461858,4,1,2069.0,2010.0,2142.0,1989.0,2718.0
TX_2,HOBBIES,TX,2014-06-09,2135,5.4560113,5,1,2248.0,2069.0,2010.0,2142.0,3192.0
TX_2,HOBBIES,TX,2014-06-16,2190,5.4560113,0,0,2135.0,2248.0,2069.0,2010.0,2748.0
TX_2,HOBBIES,TX,2014-06-23,1978,5.457312,0,1,2190.0,2135.0,2248.0,2069.0,2840.0
TX_2,HOBBIES,TX,2014-06-30,2005,5.465359,4,1,1978.0,2190.0,2135.0,2248.0,2958.0
TX_2,HOBBIES,TX,2014-07-07,1792,5.476826,5,0,2005.0,1978.0,2190.0,2135.0,2807.0
TX_2,HOBBIES,TX,2014-07-14,1944,5.477008,1,0,1792.0,2005.0,1978.0,2190.0,2956.0
TX_2,HOBBIES,TX,2014-07-21,1926,5.4807816,0,0,1944.0,1792.0,2005.0,1978.0,2980.0
TX_2,HOBBIES,TX,2014-07-28,2097,5.4807043,2,1,1926.0,1944.0,1792.0,2005.0,3091.0
TX_2,HOBBIES,TX,2014-08-04,1870,5.4798255,4,0,2097.0,1926.0,1944.0,1792.0,2832.0
TX_2,HOBBIES,TX,2014-08-11,1885,5.4791093,4,0,1870.0,2097.0,1926.0,1944.0,2753.0
TX_2,HOBBIES,TX,2014-08-18,1967,5.477649,0,0,1885.0,1870.0,2097.0,1926.0,2770.0
TX_2,HOBBIES,TX,2014-08-25,1755,5.474883,0,0,1967.0,1885.0,1870.0,2097.0,2597.0
TX_2,HOBBIES,TX,2014-09-01,2222,5.4745407,5,1,1755.0,1967.0,1885.0,1870.0,2359.0
TX_2,HOBBIES,TX,2014-09-08,2004,5.4722776,4,0,2222.0,1755.0,1967.0,1885.0,2987.0
TX_2,HOBBIES,TX,2014-09-15,2004,5.4713645,1,0,2004.0,2222.0,1755.0,1967.0,2752.0
TX_2,HOBBIES,TX,2014-09-22,2000,5.4760756,0,0,2004.0,2004.0,2222.0,1755.0,2802.0
TX_2,HOBBIES,TX,2014-09-29,2165,5.4730997,3,1,2000.0,2004.0,2004.0,2222.0,2705.0
TX_2,HOBBIES,TX,2014-10-06,2262,5.484058,5,0,2165.0,2000.0,2004.0,2004.0,2879.0
TX_2,HOBBIES,TX,2014-10-13,2387,5.4836497,2,1,2262.0,2165.0,2000.0,2004.0,2776.0
TX_2,HOBBIES,TX,2014-10-20,2316,5.4768596,0,0,2387.0,2262.0,2165.0,2000.0,2887.0
TX_2,HOBBIES,TX,2014-10-27,2261,5.4720483,1,1,2316.0,2387.0,2262.0,2165.0,2959.0
TX_2,HOBBIES,TX,2014-11-03,2221,5.4662976,5,0,2261.0,2316.0,2387.0,2262.0,2401.0
TX_2,HOBBIES,TX,2014-11-10,2184,5.4667087,4,1,2221.0,2261.0,2316.0,2387.0,3004.0
TX_2,HOBBIES,TX,2014-11-17,2506,5.4667087,0,0,2184.0,2221.0,2261.0,2316.0,2652.0
TX_2,HOBBIES,TX,2014-11-24,1932,5.467998,0,1,2506.0,2184.0,2221.0,2261.0,2198.0
TX_2,HOBBIES,TX,2014-12-01,2336,5.471221,5,0,1932.0,2506.0,2184.0,2221.0,2743.0
TX_2,HOBBIES,TX,2014-12-08,2238,5.478102,4,0,2336.0,1932.0,2506.0,2184.0,2353.0
TX_2,HOBBIES,TX,2014-12-15,2382,5.496329,1,0,2238.0,2336.0,1932.0,2506.0,2430.0
TX_2,HOBBIES,TX,2014-12-22,1987,5.4968405,0,2,2382.0,2238.0,2336.0,1932.0,2313.0
TX_2,HOBBIES,TX,2014-12-29,2146,5.4888263,2,1,1987.0,2382.0,2238.0,2336.0,2494.0
TX_2,HOBBIES,TX,2015-01-05,2211,5.485127,5,1,2146.0,1987.0,2382.0,2238.0,2354.0
TX_2,HOBBIES,TX,2015-01-12,2296,5.495648,3,0,2211.0,2146.0,1987.0,2382.0,2175.0
TX_2,HOBBIES,TX,2015-01-19,2344,5.4998574,0,1,2296.0,2211.0,2146.0,1987.0,2173.0
TX_2,HOBBIES,TX,2015-01-26,2496,5.504685,1,1,2344.0,2296.0,2211.0,2146.0,2133.0
TX_2,HOBBIES,TX,2015-02-02,2646,5.5192943,4,0,2496.0,2344.0,2296.0,2211.0,2209.0
TX_2,HOBBIES,TX,2015-02-09,2780,5.52548,5,1,2646.0,2496.0,2344.0,2296.0,2214.0
TX_2,HOBBIES,TX,2015-02-16,2769,5.5221314,0,2,2780.0,2646.0,2496.0,2344.0,2218.0
TX_2,HOBBIES,TX,2015-02-23,2623,5.516963,1,1,2769.0,2780.0,2646.0,2496.0,1968.0
TX_2,HOBBIES,TX,2015-03-02,2414,5.5220423,4,1,2623.0,2769.0,2780.0,2646.0,2015.0
TX_2,HOBBIES,TX,2015-03-09,2725,5.5204034,5,0,2414.0,2623.0,2769.0,2780.0,2012.0
TX_2,HOBBIES,TX,2015-03-16,2611,5.5199695,0,1,2725.0,2414.0,2623.0,2769.0,2136.0
TX_2,HOBBIES,TX,2015-03-23,2595,5.5206923,0,0,2611.0,2725.0,2414.0,2623.0,2050.0
TX_2,HOBBIES,TX,2015-03-30,2491,5.5180283,3,1,2595.0,2611.0,2725.0,2414.0,2073.0
TX_2,HOBBIES,TX,2015-04-06,2752,5.522717,5,2,2491.0,2595.0,2611.0,2725.0,2034.0
TX_2,HOBBIES,TX,2015-04-13,2606,5.5299115,2,0,2752.0,2491.0,2595.0,2611.0,2112.0
TX_2,HOBBIES,TX,2015-04-20,2605,5.539763,0,0,2606.0,2752.0,2491.0,2595.0,2207.0
TX_2,HOBBIES,TX,2015-04-27,2703,5.5252047,2,0,2605.0,2606.0,2752.0,2491.0,1980.0
TX_2,HOBBIES,TX,2015-05-04,2609,5.5311394,4,2,2703.0,2605.0,2606.0,2752.0,1989.0
TX_2,HOBBIES,TX,2015-05-11,2962,5.5341063,4,0,2609.0,2703.0,2605.0,2606.0,2142.0
TX_2,HOBBIES,TX,2015-05-18,2785,5.532697,0,0,2962.0,2609.0,2703.0,2605.0,2010.0
TX_2,HOBBIES,TX,2015-05-25,2529,5.529511,0,1,2785.0,2962.0,2609.0,2703.0,2069.0
TX_2,HOBBIES,TX,2015-06-01,2789,5.530613,5,1,2529.0,2785.0,2962.0,2609.0,2248.0
TX_2,HOBBIES,TX,2015-06-08,2631,5.533146,4,0,2789.0,2529.0,2785.0,2962.0,2135.0
TX_2,HOBBIES,TX,2015-06-15,2421,5.530917,1,3,2631.0,2789.0,2529.0,2785.0,2190.0
TX_2,HOBBIES,TX,2015-06-22,2704,5.52769,0,0,2421.0,2631.0,2789.0,2529.0,1978.0
TX_2,HOBBIES,TX,2015-06-29,2500,5.5254254,3,1,2704.0,2421.0,2631.0,2789.0,2005.0
TX_2,HOBBIES,TX,2015-07-06,2813,5.525086,5,0,2500.0,2704.0,2421.0,2631.0,1792.0
TX_2,HOBBIES,TX,2015-07-13,2693,5.525567,2,1,2813.0,2500.0,2704.0,2421.0,1944.0
TX_2,HOBBIES,TX,2015-07-20,2441,5.524058,0,0,2693.0,2813.0,2500.0,2704.0,1926.0
TX_2,HOBBIES,TX,2015-07-27,2725,5.517563,1,0,2441.0,2693.0,2813.0,2500.0,2097.0
TX_2,HOBBIES,TX,2015-08-03,2570,5.5107613,5,0,2725.0,2441.0,2693.0,2813.0,1870.0
TX_2,HOBBIES,TX,2015-08-10,2423,5.509831,4,0,2570.0,2725.0,2441.0,2693.0,1885.0
TX_2,HOBBIES,TX,2015-08-17,2682,5.5071707,0,0,2423.0,2570.0,2725.0,2441.0,1967.0
TX_2,HOBBIES,TX,2015-08-24,2520,5.5062346,0,0,2682.0,2423.0,2570.0,2725.0,1755.0
TX_2,HOBBIES,TX,2015-08-31,2723,5.505982,4,0,2520.0,2682.0,2423.0,2570.0,2222.0
TX_2,HOBBIES,TX,2015-09-07,2588,5.505982,5,1,2723.0,2520.0,2682.0,2423.0,2004.0
TX_2,HOBBIES,TX,2015-09-14,2668,5.506164,1,0,2588.0,2723.0,2520.0,2682.0,2004.0
TX_2,HOBBIES,TX,2015-09-21,2520,5.5066195,0,1,2668.0,2588.0,2723.0,2520.0,2000.0
TX_2,HOBBIES,TX,2015-09-28,2723,5.506847,2,0,2520.0,2668.0,2588.0,2723.0,2165.0
TX_2,HOBBIES,TX,2015-10-05,2752,5.507416,5,0,2723.0,2520.0,2668.0,2588.0,2262.0
TX_2,HOBBIES,TX,2015-10-12,2888,5.50691,3,1,2752.0,2723.0,2520.0,2668.0,2387.0
TX_2,HOBBIES,TX,2015-10-19,2770,5.5056458,0,0,2888.0,2752.0,2723.0,2520.0,2316.0
TX_2,HOBBIES,TX,2015-10-26,2755,5.5049634,1,1,2770.0,2888.0,2752.0,2723.0,2261.0
TX_2,HOBBIES,TX,2015-11-02,2772,5.5036917,4,0,2755.0,2770.0,2888.0,2752.0,2221.0
TX_2,HOBBIES,TX,2015-11-09,2606,5.5038986,5,1,2772.0,2755.0,2770.0,2888.0,2184.0
TX_2,HOBBIES,TX,2015-11-16,2748,5.502321,0,0,2606.0,2772.0,2755.0,2770.0,2506.0
TX_2,HOBBIES,TX,2015-11-23,2331,5.503876,0,1,2748.0,2606.0,2772.0,2755.0,1932.0
TX_2,HOBBIES,TX,2015-11-30,2780,5.5043716,4,0,2331.0,2748.0,2606.0,2772.0,2336.0
TX_2,HOBBIES,TX,2015-12-07,2811,5.5047,5,0,2780.0,2331.0,2748.0,2606.0,2238.0
TX_2,HOBBIES,TX,2015-12-14,2849,5.50293,1,1,2811.0,2780.0,2331.0,2748.0,2382.0
TX_2,HOBBIES,TX,2015-12-21,2262,5.504194,0,1,2849.0,2811.0,2780.0,2331.0,1987.0
TX_2,HOBBIES,TX,2015-12-28,2371,5.5040627,2,1,2262.0,2849.0,2811.0,2780.0,2146.0
TX_2,HOBBIES,TX,2016-01-04,2266,5.5008116,4,1,2371.0,2262.0,2849.0,2811.0,2211.0
TX_2,HOBBIES,TX,2016-01-11,2428,5.496857,4,0,2266.0,2371.0,2262.0,2849.0,2296.0
TX_2,HOBBIES,TX,2016-01-18,2316,5.5051126,0,1,2428.0,2266.0,2371.0,2262.0,2344.0
TX_2,HOBBIES,TX,2016-01-25,2560,5.502774,0,0,2316.0,2428.0,2266.0,2371.0,2496.0
TX_2,HOBBIES,TX,2016-02-01,2646,5.4977164,5,1,2560.0,2316.0,2428.0,2266.0,2646.0
TX_2,HOBBIES,TX,2016-02-08,2646,5.498101,4,2,2646.0,2560.0,2316.0,2428.0,2780.0
TX_2,HOBBIES,TX,2016-02-15,2524,5.499224,1,2,2646.0,2646.0,2560.0,2316.0,2769.0
TX_2,HOBBIES,TX,2016-02-22,2652,5.498455,0,0,2524.0,2646.0,2646.0,2560.0,2623.0
TX_2,HOBBIES,TX,2016-02-29,2687,5.4944854,4,0,2652.0,2524.0,2646.0,2646.0,2414.0
TX_2,HOBBIES,TX,2016-03-07,2303,5.493436,5,0,2687.0,2652.0,2524.0,2646.0,2725.0
TX_2,HOBBIES,TX,2016-03-14,2639,5.497292,1,1,2303.0,2687.0,2652.0,2524.0,2611.0
TX_2,HOBBIES,TX,2016-03-21,2559,5.4974895,0,2,2639.0,2303.0,2687.0,2652.0,2595.0
TX_2,HOBBIES,TX,2016-03-28,2587,5.4981236,2,0,2559.0,2639.0,2303.0,2687.0,2491.0
TX_2,HOBBIES,TX,2016-04-04,2624,5.4984775,4,0,2587.0,2559.0,2639.0,2303.0,2752.0
TX_2,HOBBIES,TX,2016-04-11,2860,5.4929605,4,0,2624.0,2587.0,2559.0,2639.0,2606.0
TX_2,HOBBIES,TX,2016-04-18,2577,5.4845433,0,0,2860.0,2624.0,2587.0,2559.0,2605.0
TX_2,HOBBIES,TX,2016-04-25,2906,5.498412,1,2,2577.0,2860.0,2624.0,2587.0,2703.0
TX_2,HOBBIES,TX,2016-05-02,2889,5.499396,4,2,2906.0,2577.0,2860.0,2624.0,2609.0
TX_2,HOBBIES,TX,2016-05-09,2940,5.4974184,5,0,2889.0,2906.0,2577.0,2860.0,2962.0
TX_2,HOBBIES,TX,2016-05-16,3083,5.492852,0,0,2940.0,2889.0,2906.0,2577.0,2785.0
TX_2,HOUSEHOLD,TX,2011-01-31,3285,5.462482,4,1,,,,,
TX_2,HOUSEHOLD,TX,2011-02-07,3568,5.493343,5,0,3285.0,,,,
TX_2,HOUSEHOLD,TX,2011-02-14,4128,5.555252,1,1,3568.0,3285.0,,,
TX_2,HOUSEHOLD,TX,2011-02-21,3919,5.5533943,0,1,4128.0,3568.0,3285.0,,
TX_2,HOUSEHOLD,TX,2011-02-28,4009,5.578548,4,0,3919.0,4128.0,3568.0,3285.0,
TX_2,HOUSEHOLD,TX,2011-03-07,3674,5.6042633,5,1,4009.0,3919.0,4128.0,3568.0,
TX_2,HOUSEHOLD,TX,2011-03-14,3932,5.6230087,1,3,3674.0,4009.0,3919.0,4128.0,
TX_2,HOUSEHOLD,TX,2011-03-21,3517,5.6126223,0,0,3932.0,3674.0,4009.0,3919.0,
TX_2,HOUSEHOLD,TX,2011-03-28,3626,5.5999155,2,0,3517.0,3932.0,3674.0,4009.0,
TX_2,HOUSEHOLD,TX,2011-04-04,3716,5.5955544,4,0,3626.0,3517.0,3932.0,3674.0,
TX_2,HOUSEHOLD,TX,2011-04-11,4136,5.574094,4,0,3716.0,3626.0,3517.0,3932.0,
TX_2,HOUSEHOLD,TX,2011-04-18,3924,5.576448,0,1,4136.0,3716.0,3626.0,3517.0,
TX_2,HOUSEHOLD,TX,2011-04-25,3892,5.5775795,1,1,3924.0,4136.0,3716.0,3626.0,
TX_2,HOUSEHOLD,TX,2011-05-02,3533,5.579986,4,2,3892.0,3924.0,4136.0,3716.0,
TX_2,HOUSEHOLD,TX,2011-05-09,3921,5.5724893,5,0,3533.0,3892.0,3924.0,4136.0,
TX_2,HOUSEHOLD,TX,2011-05-16,3634,5.5779233,0,0,3921.0,3533.0,3892.0,3924.0,
TX_2,HOUSEHOLD,TX,2011-05-23,3442,5.578064,0,0,3634.0,3921.0,3533.0,3892.0,
TX_2,HOUSEHOLD,TX,2011-05-30,3731,5.5700336,3,2,3442.0,3634.0,3921.0,3533.0,
TX_2,HOUSEHOLD,TX,2011-06-06,3740,5.565327,5,1,3731.0,3442.0,3634.0,3921.0,
TX_2,HOUSEHOLD,TX,2011-06-13,3621,5.5475926,2,1,3740.0,3731.0,3442.0,3634.0,
TX_2,HOUSEHOLD,TX,2011-06-20,3688,5.536195,0,0,3621.0,3740.0,3731.0,3442.0,
TX_2,HOUSEHOLD,TX,2011-06-27,3493,5.53582,2,0,3688.0,3621.0,3740.0,3731.0,
TX_2,HOUSEHOLD,TX,2011-07-04,3953,5.531917,4,1,3493.0,3688.0,3621.0,3740.0,
TX_2,HOUSEHOLD,TX,2011-07-11,3772,5.5305824,4,0,3953.0,3493.0,3688.0,3621.0,
TX_2,HOUSEHOLD,TX,2011-07-18,4136,5.5355964,0,0,3772.0,3953.0,3493.0,3688.0,
TX_2,HOUSEHOLD,TX,2011-07-25,3885,5.5424848,0,0,4136.0,3772.0,3953.0,3493.0,
TX_2,HOUSEHOLD,TX,2011-08-01,3968,5.5182624,5,1,3885.0,4136.0,3772.0,3953.0,
TX_2,HOUSEHOLD,TX,2011-08-08,4213,5.517503,4,0,3968.0,3885.0,4136.0,3772.0,
TX_2,HOUSEHOLD,TX,2011-08-15,4185,5.519729,1,0,4213.0,3968.0,3885.0,4136.0,
TX_2,HOUSEHOLD,TX,2011-08-22,3836,5.525277,0,0,4185.0,4213.0,3968.0,3885.0,
TX_2,HOUSEHOLD,TX,2011-08-29,3669,5.5294333,2,1,3836.0,4185.0,4213.0,3968.0,
TX_2,HOUSEHOLD,TX,2011-09-05,4306,5.5186524,5,1,3669.0,3836.0,4185.0,4213.0,
TX_2,HOUSEHOLD,TX,2011-09-12,4184,5.508184,3,0,4306.0,3669.0,3836.0,4185.0,
TX_2,HOUSEHOLD,TX,2011-09-19,4085,5.507361,0,0,4184.0,4306.0,3669.0,3836.0,
TX_2,HOUSEHOLD,TX,2011-09-26,4436,5.5070567,1,0,4085.0,4184.0,4306.0,3669.0,
TX_2,HOUSEHOLD,TX,2011-10-03,3742,5.5042763,5,0,4436.0,4085.0,4184.0,4306.0,
TX_2,HOUSEHOLD,TX,2011-10-10,4595,5.487394,4,1,3742.0,4436.0,4085.0,4184.0,
TX_2,HOUSEHOLD,TX,2011-10-17,4316,5.488665,0,0,4595.0,3742.0,4436.0,4085.0,
TX_2,HOUSEHOLD,TX,2011-10-24,4142,5.4811997,0,0,4316.0,4595.0,3742.0,4436.0,
TX_2,HOUSEHOLD,TX,2011-10-31,4184,5.476908,4,1,4142.0,4316.0,4595.0,3742.0,
TX_2,HOUSEHOLD,TX,2011-11-07,4057,5.4812307,5,2,4184.0,4142.0,4316.0,4595.0,
TX_2,HOUSEHOLD,TX,2011-11-14,4267,5.4796286,1,0,4057.0,4184.0,4142.0,4316.0,
TX_2,HOUSEHOLD,TX,2011-11-21,3920,5.4766555,0,1,4267.0,4057.0,4184.0,4142.0,
TX_2,HOUSEHOLD,TX,2011-11-28,3845,5.472,2,0,3920.0,4267.0,4057.0,4184.0,
TX_2,HOUSEHOLD,TX,2011-12-05,3797,5.4701414,5,0,3845.0,3920.0,4267.0,4057.0,
TX_2,HOUSEHOLD,TX,2011-12-12,3992,5.471592,3,0,3797.0,3845.0,3920.0,4267.0,
TX_2,HOUSEHOLD,TX,2011-12-19,3420,5.462471,0,1,3992.0,3797.0,3845.0,3920.0,
TX_2,HOUSEHOLD,TX,2011-12-26,4418,5.4524817,1,2,3420.0,3992.0,3797.0,3845.0,
TX_2,HOUSEHOLD,TX,2012-01-02,4507,5.4587655,4,1,4418.0,3420.0,3992.0,3797.0,
TX_2,HOUSEHOLD,TX,2012-01-09,3956,5.4480295,5,0,4507.0,4418.0,3420.0,3992.0,
TX_2,HOUSEHOLD,TX,2012-01-16,4468,5.4529333,0,1,3956.0,4507.0,4418.0,3420.0,
TX_2,HOUSEHOLD,TX,2012-01-23,4639,5.463139,0,0,4468.0,3956.0,4507.0,4418.0,
TX_2,HOUSEHOLD,TX,2012-01-30,5328,5.4593363,3,1,4639.0,4468.0,3956.0,4507.0,3285.0
TX_2,HOUSEHOLD,TX,2012-02-06,4823,5.471769,5,0,5328.0,4639.0,4468.0,3956.0,3568.0
TX_2,HOUSEHOLD,TX,2012-02-13,4635,5.502648,2,1,4823.0,5328.0,4639.0,4468.0,4128.0
TX_2,HOUSEHOLD,TX,2012-02-20,4871,5.5297904,0,2,4635.0,4823.0,5328.0,4639.0,3919.0
TX_2,HOUSEHOLD,TX,2012-02-27,5013,5.531334,2,1,4871.0,4635.0,4823.0,5328.0,4009.0
TX_2,HOUSEHOLD,TX,2012-03-05,4490,5.5317802,5,1,5013.0,4871.0,4635.0,4823.0,3674.0
TX_2,HOUSEHOLD,TX,2012-03-12,5448,5.5464406,3,1,4490.0,5013.0,4871.0,4635.0,3932.0
TX_2,HOUSEHOLD,TX,2012-03-19,5106,5.5466514,0,0,5448.0,4490.0,5013.0,4871.0,3517.0
TX_2,HOUSEHOLD,TX,2012-03-26,5240,5.537853,1,0,5106.0,5448.0,4490.0,5013.0,3626.0
TX_2,HOUSEHOLD,TX,2012-04-02,5059,5.5261393,4,1,5240.0,5106.0,5448.0,4490.0,3716.0
TX_2,HOUSEHOLD,TX,2012-04-09,5261,5.5239263,5,2,5059.0,5240.0,5106.0,5448.0,4136.0
TX_2,HOUSEHOLD,TX,2012-04-16,5050,5.496349,0,0,5261.0,5059.0,5240.0,5106.0,3924.0
TX_2,HOUSEHOLD,TX,2012-04-23,4376,5.48397,0,0,5050.0,5261.0,5059.0,5240.0,3892.0
TX_2,HOUSEHOLD,TX,2012-04-30,4879,5.4780354,4,1,4376.0,5050.0,5261.0,5059.0,3533.0
TX_2,HOUSEHOLD,TX,2012-05-07,4231,5.5016465,5,1,4879.0,4376.0,5050.0,5261.0,3921.0
TX_2,HOUSEHOLD,TX,2012-05-14,4661,5.4945416,1,0,4231.0,4879.0,4376.0,5050.0,3634.0
TX_2,HOUSEHOLD,TX,2012-05-21,4541,5.458402,0,0,4661.0,4231.0,4879.0,4376.0,3442.0
TX_2,HOUSEHOLD,TX,2012-05-28,5338,5.421222,2,1,4541.0,4661.0,4231.0,4879.0,3731.0
TX_2,HOUSEHOLD,TX,2012-06-04,5471,5.4039817,4,0,5338.0,4541.0,4661.0,4231.0,3740.0
TX_2,HOUSEHOLD,TX,2012-06-11,5477,5.3737226,4,2,5471.0,5338.0,4541.0,4661.0,3621.0
TX_2,HOUSEHOLD,TX,2012-06-18,5432,5.390118,0,1,5477.0,5471.0,5338.0,4541.0,3688.0
TX_2,HOUSEHOLD,TX,2012-06-25,5635,5.4206796,1,0,5432.0,5477.0,5471.0,5338.0,3493.0
TX_2,HOUSEHOLD,TX,2012-07-02,5741,5.410138,4,1,5635.0,5432.0,5477.0,5471.0,3953.0
TX_2,HOUSEHOLD,TX,2012-07-09,5364,5.3718762,5,0,5741.0,5635.0,5432.0,5477.0,3772.0
TX_2,HOUSEHOLD,TX,2012-07-16,5391,5.3800116,0,1,5364.0,5741.0,5635.0,5432.0,4136.0
TX_2,HOUSEHOLD,TX,2012-07-23,5113,5.3732715,0,0,5391.0,5364.0,5741.0,5635.0,3885.0
TX_2,HOUSEHOLD,TX,2012-07-30,5161,5.378938,3,0,5113.0,5391.0,5364.0,5741.0,3968.0
TX_2,HOUSEHOLD,TX,2012-08-06,5786,5.3846617,5,0,5161.0,5113.0,5391.0,5364.0,4213.0
TX_2,HOUSEHOLD,TX,2012-08-13,6547,5.4078097,2,1,5786.0,5161.0,5113.0,5391.0,4185.0
TX_2,HOUSEHOLD,TX,2012-08-20,6418,5.3973145,0,0,6547.0,5786.0,5161.0,5113.0,3836.0
TX_2,HOUSEHOLD,TX,2012-08-27,6089,5.381465,1,0,6418.0,6547.0,5786.0,5161.0,3669.0
TX_2,HOUSEHOLD,TX,2012-09-03,7679,5.385853,5,1,6089.0,6418.0,6547.0,5786.0,4306.0
TX_2,HOUSEHOLD,TX,2012-09-10,6773,5.397498,4,0,7679.0,6089.0,6418.0,6547.0,4184.0
TX_2,HOUSEHOLD,TX,2012-09-17,6849,5.4058566,0,0,6773.0,7679.0,6089.0,6418.0,4085.0
TX_2,HOUSEHOLD,TX,2012-09-24,6565,5.3818254,0,0,6849.0,6773.0,7679.0,6089.0,4436.0
TX_2,HOUSEHOLD,TX,2012-10-01,6539,5.3877172,5,0,6565.0,6849.0,6773.0,7679.0,3742.0
TX_2,HOUSEHOLD,TX,2012-10-08,6090,5.377642,4,1,6539.0,6565.0,6849.0,6773.0,4595.0
TX_2,HOUSEHOLD,TX,2012-10-15,6481,5.365219,1,0,6090.0,6539.0,6565.0,6849.0,4316.0
TX_2,HOUSEHOLD,TX,2012-10-22,6303,5.3762116,0,1,6481.0,6090.0,6539.0,6565.0,4142.0
TX_2,HOUSEHOLD,TX,2012-10-29,6028,5.3936577,2,1,6303.0,6481.0,6090.0,6539.0,4184.0
TX_2,HOUSEHOLD,TX,2012-11-05,5819,5.3988547,5,1,6028.0,6303.0,6481.0,6090.0,4057.0
TX_2,HOUSEHOLD,TX,2012-11-12,5338,5.3758154,3,0,5819.0,6028.0,6303.0,6481.0,4267.0
TX_2,HOUSEHOLD,TX,2012-11-19,5334,5.361565,0,1,5338.0,5819.0,6028.0,6303.0,3920.0
TX_2,HOUSEHOLD,TX,2012-11-26,5572,5.347454,1,0,5334.0,5338.0,5819.0,6028.0,3845.0
TX_2,HOUSEHOLD,TX,2012-12-03,5759,5.3564506,5,0,5572.0,5334.0,5338.0,5819.0,3797.0
TX_2,HOUSEHOLD,TX,2012-12-10,5218,5.346338,4,1,5759.0,5572.0,5334.0,5338.0,3992.0
TX_2,HOUSEHOLD,TX,2012-12-17,5349,5.3708596,0,0,5218.0,5759.0,5572.0,5334.0,3420.0
TX_2,HOUSEHOLD,TX,2012-12-24,6279,5.365928,0,1,5349.0,5218.0,5759.0,5572.0,4418.0
TX_2,HOUSEHOLD,TX,2012-12-31,6281,5.373115,4,1,6279.0,5349.0,5218.0,5759.0,4507.0
TX_2,HOUSEHOLD,TX,2013-01-07,5773,5.3983126,5,1,6281.0,6279.0,5349.0,5218.0,3956.0
TX_2,HOUSEHOLD,TX,2013-01-14,6040,5.390161,1,0,5773.0,6281.0,6279.0,5349.0,4468.0
TX_2,HOUSEHOLD,TX,2013-01-21,5973,5.3733935,0,1,6040.0,5773.0,6281.0,6279.0,4639.0
TX_2,HOUSEHOLD,TX,2013-01-28,5749,5.375837,2,1,5973.0,6040.0,5773.0,6281.0,5328.0
TX_2,HOUSEHOLD,TX,2013-02-04,7661,5.4092164,4,0,5749.0,5973.0,6040.0,5773.0,4823.0
TX_2,HOUSEHOLD,TX,2013-02-11,8189,5.408371,4,2,7661.0,5749.0,5973.0,6040.0,4635.0
TX_2,HOUSEHOLD,TX,2013-02-18,7566,5.415809,0,3,8189.0,7661.0,5749.0,5973.0,4871.0
TX_2,HOUSEHOLD,TX,2013-02-25,7299,5.430768,2,0,7566.0,8189.0,7661.0,5749.0,5013.0
TX_2,HOUSEHOLD,TX,2013-03-04,6494,5.4288783,4,0,7299.0,7566.0,8189.0,7661.0,4490.0
TX_2,HOUSEHOLD,TX,2013-03-11,7557,5.4183497,4,1,6494.0,7299.0,7566.0,8189.0,5448.0
TX_2,HOUSEHOLD,TX,2013-03-18,6818,5.4174733,0,0,7557.0,6494.0,7299.0,7566.0,5106.0
TX_2,HOUSEHOLD,TX,2013-03-25,5993,5.411973,0,1,6818.0,7557.0,6494.0,7299.0,5240.0
TX_2,HOUSEHOLD,TX,2013-04-01,7840,5.405623,5,1,5993.0,6818.0,7557.0,6494.0,5059.0
TX_2,HOUSEHOLD,TX,2013-04-08,7028,5.403232,4,0,7840.0,5993.0,6818.0,7557.0,5261.0
TX_2,HOUSEHOLD,TX,2013-04-15,6976,5.407245,1,0,7028.0,7840.0,5993.0,6818.0,5050.0
TX_2,HOUSEHOLD,TX,2013-04-22,6650,5.4029818,0,0,6976.0,7028.0,7840.0,5993.0,4376.0
TX_2,HOUSEHOLD,TX,2013-04-29,6437,5.3966937,3,1,6650.0,6976.0,7028.0,7840.0,4879.0
TX_2,HOUSEHOLD,TX,2013-05-06,6176,5.4009395,5,1,6437.0,6650.0,6976.0,7028.0,4231.0
TX_2,HOUSEHOLD,TX,2013-05-13,7315,5.403199,2,0,6176.0,6437.0,6650.0,6976.0,4661.0
TX_2,HOUSEHOLD,TX,2013-05-20,6509,5.399784,0,0,7315.0,6176.0,6437.0,6650.0,4541.0
TX_2,HOUSEHOLD,TX,2013-05-27,7180,5.3946805,1,1,6509.0,7315.0,6176.0,6437.0,5338.0
TX_2,HOUSEHOLD,TX,2013-06-03,7091,5.3895082,5,1,7180.0,6509.0,7315.0,6176.0,5471.0
TX_2,HOUSEHOLD,TX,2013-06-10,6489,5.392527,4,1,7091.0,7180.0,6509.0,7315.0,5477.0
TX_2,HOUSEHOLD,TX,2013-06-17,6751,5.3790293,0,1,6489.0,7091.0,7180.0,6509.0,5432.0
TX_2,HOUSEHOLD,TX,2013-06-24,6707,5.358873,0,0,6751.0,6489.0,7091.0,7180.0,5635.0
TX_2,HOUSEHOLD,TX,2013-07-01,6653,5.3802333,5,1,6707.0,6751.0,6489.0,7091.0,5741.0
TX_2,HOUSEHOLD,TX,2013-07-08,7166,5.3809214,4,1,6653.0,6707.0,6751.0,6489.0,5364.0
TX_2,HOUSEHOLD,TX,2013-07-15,7288,5.375674,1,0,7166.0,6653.0,6707.0,6751.0,5391.0
TX_2,HOUSEHOLD,TX,2013-07-22,7509,5.361721,0,0,7288.0,7166.0,6653.0,6707.0,5113.0
TX_2,HOUSEHOLD,TX,2013-07-29,7146,5.321421,2,0,7509.0,7288.0,7166.0,6653.0,5161.0
TX_2,HOUSEHOLD,TX,2013-08-05,6741,5.3621893,5,1,7146.0,7509.0,7288.0,7166.0,5786.0
TX_2,HOUSEHOLD,TX,2013-08-12,6906,5.3513603,3,0,6741.0,7146.0,7509.0,7288.0,6547.0
TX_2,HOUSEHOLD,TX,2013-08-19,6712,5.326793,0,0,6906.0,6741.0,7146.0,7509.0,6418.0
TX_2,HOUSEHOLD,TX,2013-08-26,6778,5.2995634,1,0,6712.0,6906.0,6741.0,7146.0,6089.0
TX_2,HOUSEHOLD,TX,2013-09-02,6947,5.376256,4,1,6778.0,6712.0,6906.0,6741.0,7679.0
TX_2,HOUSEHOLD,TX,2013-09-09,6507,5.384127,5,0,6947.0,6778.0,6712.0,6906.0,6773.0
TX_2,HOUSEHOLD,TX,2013-09-16,6531,5.375561,0,0,6507.0,6947.0,6778.0,6712.0,6849.0
TX_2,HOUSEHOLD,TX,2013-09-23,6124,5.3631334,0,0,6531.0,6507.0,6947.0,6778.0,6565.0
TX_2,HOUSEHOLD,TX,2013-09-30,6913,5.363228,4,0,6124.0,6531.0,6507.0,6947.0,6539.0
TX_2,HOUSEHOLD,TX,2013-10-07,6109,5.366752,5,0,6913.0,6124.0,6531.0,6507.0,6090.0
TX_2,HOUSEHOLD,TX,2013-10-14,6687,5.3560367,1,2,6109.0,6913.0,6124.0,6531.0,6481.0
TX_2,HOUSEHOLD,TX,2013-10-21,6247,5.3641214,0,0,6687.0,6109.0,6913.0,6124.0,6303.0
TX_2,HOUSEHOLD,TX,2013-10-28,6096,5.3632135,2,1,6247.0,6687.0,6109.0,6913.0,6028.0
TX_2,HOUSEHOLD,TX,2013-11-04,6306,5.363997,4,0,6096.0,6247.0,6687.0,6109.0,5819.0
TX_2,HOUSEHOLD,TX,2013-11-11,5791,5.36118,4,1,6306.0,6096.0,6247.0,6687.0,5338.0
TX_2,HOUSEHOLD,TX,2013-11-18,5957,5.3717723,0,0,5791.0,6306.0,6096.0,6247.0,5334.0
TX_2,HOUSEHOLD,TX,2013-11-25,5356,5.369625,1,1,5957.0,5791.0,6306.0,6096.0,5572.0
TX_2,HOUSEHOLD,TX,2013-12-02,5305,5.3788314,4,1,5356.0,5957.0,5791.0,6306.0,5759.0
TX_2,HOUSEHOLD,TX,2013-12-09,5397,5.3763633,5,0,5305.0,5356.0,5957.0,5791.0,5218.0
TX_2,HOUSEHOLD,TX,2013-12-16,5264,5.3682585,0,0,5397.0,5305.0,5356.0,5957.0,5349.0
TX_2,HOUSEHOLD,TX,2013-12-23,4831,5.375158,0,1,5264.0,5397.0,5305.0,5356.0,6279.0
TX_2,HOUSEHOLD,TX,2013-12-30,5312,5.3701506,3,1,4831.0,5264.0,5397.0,5305.0,6281.0
TX_2,HOUSEHOLD,TX,2014-01-06,5293,5.339057,5,1,5312.0,4831.0,5264.0,5397.0,5773.0
TX_2,HOUSEHOLD,TX,2014-01-13,4735,5.3332663,2,0,5293.0,5312.0,4831.0,5264.0,6040.0
TX_2,HOUSEHOLD,TX,2014-01-20,4580,5.3402777,0,1,4735.0,5293.0,5312.0,4831.0,5973.0
TX_2,HOUSEHOLD,TX,2014-01-27,4736,5.334958,1,1,4580.0,4735.0,5293.0,5312.0,5749.0
TX_2,HOUSEHOLD,TX,2014-02-03,5965,5.358757,5,0,4736.0,4580.0,4735.0,5293.0,7661.0
TX_2,HOUSEHOLD,TX,2014-02-10,7060,5.3588257,4,1,5965.0,4736.0,4580.0,4735.0,8189.0
TX_2,HOUSEHOLD,TX,2014-02-17,7481,5.3904276,0,1,7060.0,5965.0,4736.0,4580.0,7566.0
TX_2,HOUSEHOLD,TX,2014-02-24,6313,5.427495,1,0,7481.0,7060.0,5965.0,4736.0,7299.0
TX_2,HOUSEHOLD,TX,2014-03-03,6352,5.442352,5,1,6313.0,7481.0,7060.0,5965.0,6494.0
TX_2,HOUSEHOLD,TX,2014-03-10,6278,5.442002,4,2,6352.0,6313.0,7481.0,7060.0,7557.0
TX_2,HOUSEHOLD,TX,2014-03-17,5875,5.4334373,0,1,6278.0,6352.0,6313.0,7481.0,6818.0
TX_2,HOUSEHOLD,TX,2014-03-24,5441,5.4284706,0,0,5875.0,6278.0,6352.0,6313.0,5993.0
TX_2,HOUSEHOLD,TX,2014-03-31,6070,5.4309707,4,0,5441.0,5875.0,6278.0,6352.0,7840.0
TX_2,HOUSEHOLD,TX,2014-04-07,5741,5.430451,5,0,6070.0,5441.0,5875.0,6278.0,7028.0
TX_2,HOUSEHOLD,TX,2014-04-14,5850,5.433108,1,1,5741.0,6070.0,5441.0,5875.0,6976.0
TX_2,HOUSEHOLD,TX,2014-04-21,5466,5.4352326,0,1,5850.0,5741.0,6070.0,5441.0,6650.0
TX_2,HOUSEHOLD,TX,2014-04-28,5533,5.4395404,2,0,5466.0,5850.0,5741.0,6070.0,6437.0
TX_2,HOUSEHOLD,TX,2014-05-05,5997,5.445331,5,2,5533.0,5466.0,5850.0,5741.0,6176.0
TX_2,HOUSEHOLD,TX,2014-05-12,5321,5.4375076,3,0,5997.0,5533.0,5466.0,5850.0,7315.0
TX_2,HOUSEHOLD,TX,2014-05-19,5043,5.4413857,0,0,5321.0,5997.0,5533.0,5466.0,6509.0
TX_2,HOUSEHOLD,TX,2014-05-26,5718,5.4361043,1,1,5043.0,5321.0,5997.0,5533.0,7180.0
TX_2,HOUSEHOLD,TX,2014-06-02,6020,5.4342303,4,1,5718.0,5043.0,5321.0,5997.0,7091.0
TX_2,HOUSEHOLD,TX,2014-06-09,5396,5.4328384,5,1,6020.0,5718.0,5043.0,5321.0,6489.0
TX_2,HOUSEHOLD,TX,2014-06-16,5709,5.4555345,0,0,5396.0,6020.0,5718.0,5043.0,6751.0
TX_2,HOUSEHOLD,TX,2014-06-23,5485,5.4595647,0,1,5709.0,5396.0,6020.0,5718.0,6707.0
TX_2,HOUSEHOLD,TX,2014-06-30,6039,5.45778,4,1,5485.0,5709.0,5396.0,6020.0,6653.0
TX_2,HOUSEHOLD,TX,2014-07-07,5924,5.451747,5,0,6039.0,5485.0,5709.0,5396.0,7166.0
TX_2,HOUSEHOLD,TX,2014-07-14,5937,5.452089,1,0,5924.0,6039.0,5485.0,5709.0,7288.0
TX_2,HOUSEHOLD,TX,2014-07-21,5660,5.4556,0,0,5937.0,5924.0,6039.0,5485.0,7509.0
TX_2,HOUSEHOLD,TX,2014-07-28,5638,5.4487953,2,1,5660.0,5937.0,5924.0,6039.0,7146.0
TX_2,HOUSEHOLD,TX,2014-08-04,6133,5.4431686,4,0,5638.0,5660.0,5937.0,5924.0,6741.0
TX_2,HOUSEHOLD,TX,2014-08-11,5847,5.4445043,4,0,6133.0,5638.0,5660.0,5937.0,6906.0
TX_2,HOUSEHOLD,TX,2014-08-18,6023,5.4573016,0,0,5847.0,6133.0,5638.0,5660.0,6712.0
TX_2,HOUSEHOLD,TX,2014-08-25,5663,5.4547486,0,0,6023.0,5847.0,6133.0,5638.0,6778.0
TX_2,HOUSEHOLD,TX,2014-09-01,5936,5.4634805,5,1,5663.0,6023.0,5847.0,6133.0,6947.0
TX_2,HOUSEHOLD,TX,2014-09-08,5690,5.4657936,4,0,5936.0,5663.0,6023.0,5847.0,6507.0
TX_2,HOUSEHOLD,TX,2014-09-15,5275,5.4622803,1,0,5690.0,5936.0,5663.0,6023.0,6531.0
TX_2,HOUSEHOLD,TX,2014-09-22,5299,5.4653068,0,0,5275.0,5690.0,5936.0,5663.0,6124.0
TX_2,HOUSEHOLD,TX,2014-09-29,6163,5.462556,3,1,5299.0,5275.0,5690.0,5936.0,6913.0
TX_2,HOUSEHOLD,TX,2014-10-06,5833,5.459247,5,0,6163.0,5299.0,5275.0,5690.0,6109.0
TX_2,HOUSEHOLD,TX,2014-10-13,5619,5.4611754,2,1,5833.0,6163.0,5299.0,5275.0,6687.0
TX_2,HOUSEHOLD,TX,2014-10-20,5593,5.4553304,0,0,5619.0,5833.0,6163.0,5299.0,6247.0
TX_2,HOUSEHOLD,TX,2014-10-27,5405,5.453749,1,1,5593.0,5619.0,5833.0,6163.0,6096.0
TX_2,HOUSEHOLD,TX,2014-11-03,5598,5.4508176,5,0,5405.0,5593.0,5619.0,5833.0,6306.0
TX_2,HOUSEHOLD,TX,2014-11-10,5211,5.4433036,4,1,5598.0,5405.0,5593.0,5619.0,5791.0
TX_2,HOUSEHOLD,TX,2014-11-17,5125,5.4389186,0,0,5211.0,5598.0,5405.0,5593.0,5957.0
TX_2,HOUSEHOLD,TX,2014-11-24,4777,5.447616,0,1,5125.0,5211.0,5598.0,5405.0,5356.0
TX_2,HOUSEHOLD,TX,2014-12-01,5086,5.4502435,5,0,4777.0,5125.0,5211.0,5598.0,5305.0
TX_2,HOUSEHOLD,TX,2014-12-08,5137,5.4466567,4,0,5086.0,4777.0,5125.0,5211.0,5397.0
TX_2,HOUSEHOLD,TX,2014-12-15,5069,5.449837,1,0,5137.0,5086.0,4777.0,5125.0,5264.0
TX_2,HOUSEHOLD,TX,2014-12-22,4451,5.4531503,0,2,5069.0,5137.0,5086.0,4777.0,4831.0
TX_2,HOUSEHOLD,TX,2014-12-29,5385,5.4490595,2,1,4451.0,5069.0,5137.0,5086.0,5312.0
TX_2,HOUSEHOLD,TX,2015-01-05,4975,5.4542003,5,1,5385.0,4451.0,5069.0,5137.0,5293.0
TX_2,HOUSEHOLD,TX,2015-01-12,5354,5.4529195,3,0,4975.0,5385.0,4451.0,5069.0,4735.0
TX_2,HOUSEHOLD,TX,2015-01-19,5249,5.451216,0,1,5354.0,4975.0,5385.0,4451.0,4580.0
TX_2,HOUSEHOLD,TX,2015-01-26,6121,5.455546,1,1,5249.0,5354.0,4975.0,5385.0,4736.0
TX_2,HOUSEHOLD,TX,2015-02-02,6644,5.4518137,4,0,6121.0,5249.0,5354.0,4975.0,5965.0
TX_2,HOUSEHOLD,TX,2015-02-09,6583,5.4520607,5,1,6644.0,6121.0,5249.0,5354.0,7060.0
TX_2,HOUSEHOLD,TX,2015-02-16,6619,5.44313,0,2,6583.0,6644.0,6121.0,5249.0,7481.0
TX_2,HOUSEHOLD,TX,2015-02-23,6518,5.44313,1,1,6619.0,6583.0,6644.0,6121.0,6313.0
TX_2,HOUSEHOLD,TX,2015-03-02,6423,5.455163,4,1,6518.0,6619.0,6583.0,6644.0,6352.0
TX_2,HOUSEHOLD,TX,2015-03-09,6445,5.4530597,5,0,6423.0,6518.0,6619.0,6583.0,6278.0
TX_2,HOUSEHOLD,TX,2015-03-16,6206,5.4504156,0,1,6445.0,6423.0,6518.0,6619.0,5875.0
TX_2,HOUSEHOLD,TX,2015-03-23,6032,5.4445143,0,0,6206.0,6445.0,6423.0,6518.0,5441.0
TX_2,HOUSEHOLD,TX,2015-03-30,6343,5.4523196,3,1,6032.0,6206.0,6445.0,6423.0,6070.0
TX_2,HOUSEHOLD,TX,2015-04-06,6720,5.455931,5,2,6343.0,6032.0,6206.0,6445.0,5741.0
TX_2,HOUSEHOLD,TX,2015-04-13,6179,5.4557447,2,0,6720.0,6343.0,6032.0,6206.0,5850.0
TX_2,HOUSEHOLD,TX,2015-04-20,6288,5.4600616,0,0,6179.0,6720.0,6343.0,6032.0,5466.0
TX_2,HOUSEHOLD,TX,2015-04-27,6310,5.4561205,2,0,6288.0,6179.0,6720.0,6343.0,5533.0
TX_2,HOUSEHOLD,TX,2015-05-04,5788,5.4507556,4,2,6310.0,6288.0,6179.0,6720.0,5997.0
TX_2,HOUSEHOLD,TX,2015-05-11,6570,5.4558334,4,0,5788.0,6310.0,6288.0,6179.0,5321.0
TX_2,HOUSEHOLD,TX,2015-05-18,6100,5.45412,0,0,6570.0,5788.0,6310.0,6288.0,5043.0
TX_2,HOUSEHOLD,TX,2015-05-25,6182,5.454918,0,1,6100.0,6570.0,5788.0,6310.0,5718.0
TX_2,HOUSEHOLD,TX,2015-06-01,6305,5.4497523,5,1,6182.0,6100.0,6570.0,5788.0,6020.0
TX_2,HOUSEHOLD,TX,2015-06-08,6513,5.455445,4,0,6305.0,6182.0,6100.0,6570.0,5396.0
TX_2,HOUSEHOLD,TX,2015-06-15,5866,5.4600883,1,3,6513.0,6305.0,6182.0,6100.0,5709.0
TX_2,HOUSEHOLD,TX,2015-06-22,6293,5.4654355,0,0,5866.0,6513.0,6305.0,6182.0,5485.0
TX_2,HOUSEHOLD,TX,2015-06-29,6250,5.464128,3,1,6293.0,5866.0,6513.0,6305.0,6039.0
TX_2,HOUSEHOLD,TX,2015-07-06,6161,5.46378,5,0,6250.0,6293.0,5866.0,6513.0,5924.0
TX_2,HOUSEHOLD,TX,2015-07-13,6875,5.4673486,2,1,6161.0,6250.0,6293.0,5866.0,5937.0
TX_2,HOUSEHOLD,TX,2015-07-20,6422,5.466178,0,0,6875.0,6161.0,6250.0,6293.0,5660.0
TX_2,HOUSEHOLD,TX,2015-07-27,6618,5.4665594,1,0,6422.0,6875.0,6161.0,6250.0,5638.0
TX_2,HOUSEHOLD,TX,2015-08-03,6776,5.460662,5,0,6618.0,6422.0,6875.0,6161.0,6133.0
TX_2,HOUSEHOLD,TX,2015-08-10,6928,5.457151,4,0,6776.0,6618.0,6422.0,6875.0,5847.0
TX_2,HOUSEHOLD,TX,2015-08-17,6613,5.462369,0,0,6928.0,6776.0,6618.0,6422.0,6023.0
TX_2,HOUSEHOLD,TX,2015-08-24,6330,5.4584227,0,0,6613.0,6928.0,6776.0,6618.0,5663.0
TX_2,HOUSEHOLD,TX,2015-08-31,6501,5.4633393,4,0,6330.0,6613.0,6928.0,6776.0,5936.0
TX_2,HOUSEHOLD,TX,2015-09-07,6647,5.461453,5,1,6501.0,6330.0,6613.0,6928.0,5690.0
TX_2,HOUSEHOLD,TX,2015-09-14,6913,5.4609904,1,0,6647.0,6501.0,6330.0,6613.0,5275.0
TX_2,HOUSEHOLD,TX,2015-09-21,6779,5.463758,0,1,6913.0,6647.0,6501.0,6330.0,5299.0
TX_2,HOUSEHOLD,TX,2015-09-28,6935,5.462487,2,0,6779.0,6913.0,6647.0,6501.0,6163.0
TX_2,HOUSEHOLD,TX,2015-10-05,6691,5.4607244,5,0,6935.0,6779.0,6913.0,6647.0,5833.0
TX_2,HOUSEHOLD,TX,2015-10-12,6539,5.462502,3,1,6691.0,6935.0,6779.0,6913.0,5619.0
TX_2,HOUSEHOLD,TX,2015-10-19,6452,5.463032,0,0,6539.0,6691.0,6935.0,6779.0,5593.0
TX_2,HOUSEHOLD,TX,2015-10-26,6587,5.461833,1,1,6452.0,6539.0,6691.0,6935.0,5405.0
TX_2,HOUSEHOLD,TX,2015-11-02,7313,5.4605937,4,0,6587.0,6452.0,6539.0,6691.0,5598.0
TX_2,HOUSEHOLD,TX,2015-11-09,6354,5.4601665,5,1,7313.0,6587.0,6452.0,6539.0,5211.0
TX_2,HOUSEHOLD,TX,2015-11-16,6568,5.4684024,0,0,6354.0,7313.0,6587.0,6452.0,5125.0
TX_2,HOUSEHOLD,TX,2015-11-23,5964,5.470214,0,1,6568.0,6354.0,7313.0,6587.0,4777.0
TX_2,HOUSEHOLD,TX,2015-11-30,6516,5.4750457,4,0,5964.0,6568.0,6354.0,7313.0,5086.0
TX_2,HOUSEHOLD,TX,2015-12-07,7249,5.4723754,5,0,6516.0,5964.0,6568.0,6354.0,5137.0
TX_2,HOUSEHOLD,TX,2015-12-14,7342,5.467424,1,1,7249.0,6516.0,5964.0,6568.0,5069.0
TX_2,HOUSEHOLD,TX,2015-12-21,6919,5.470649,0,1,7342.0,7249.0,6516.0,5964.0,4451.0
TX_2,HOUSEHOLD,TX,2015-12-28,7681,5.4702716,2,1,6919.0,7342.0,7249.0,6516.0,5385.0
TX_2,HOUSEHOLD,TX,2016-01-04,7015,5.4700584,4,1,7681.0,6919.0,7342.0,7249.0,4975.0
TX_2,HOUSEHOLD,TX,2016-01-11,6676,5.472748,4,0,7015.0,7681.0,6919.0,7342.0,5354.0
TX_2,HOUSEHOLD,TX,2016-01-18,7159,5.471677,0,1,6676.0,7015.0,7681.0,6919.0,5249.0
TX_2,HOUSEHOLD,TX,2016-01-25,7182,5.469873,0,0,7159.0,6676.0,7015.0,7681.0,6121.0
TX_2,HOUSEHOLD,TX,2016-02-01,7015,5.4691772,5,1,7182.0,7159.0,6676.0,7015.0,6644.0
TX_2,HOUSEHOLD,TX,2016-02-08,7717,5.465093,4,2,7015.0,7182.0,7159.0,6676.0,6583.0
TX_2,HOUSEHOLD,TX,2016-02-15,8143,5.458621,1,2,7717.0,7015.0,7182.0,7159.0,6619.0
TX_2,HOUSEHOLD,TX,2016-02-22,7533,5.461426,0,0,8143.0,7717.0,7015.0,7182.0,6518.0
TX_2,HOUSEHOLD,TX,2016-02-29,7507,5.4636426,4,0,7533.0,8143.0,7717.0,7015.0,6423.0
TX_2,HOUSEHOLD,TX,2016-03-07,7461,5.4662557,5,0,7507.0,7533.0,8143.0,7717.0,6445.0
TX_2,HOUSEHOLD,TX,2016-03-14,7475,5.466523,1,1,7461.0,7507.0,7533.0,8143.0,6206.0
TX_2,HOUSEHOLD,TX,2016-03-21,6765,5.465949,0,2,7475.0,7461.0,7507.0,7533.0,6032.0
TX_2,HOUSEHOLD,TX,2016-03-28,6917,5.4655614,2,0,6765.0,7475.0,7461.0,7507.0,6343.0
TX_2,HOUSEHOLD,TX,2016-04-04,7008,5.4631424,4,0,6917.0,6765.0,7475.0,7461.0,6720.0
TX_2,HOUSEHOLD,TX,2016-04-11,7192,5.4603615,4,0,7008.0,6917.0,6765.0,7475.0,6179.0
TX_2,HOUSEHOLD,TX,2016-04-18,6495,5.4643884,0,0,7192.0,7008.0,6917.0,6765.0,6288.0
TX_2,HOUSEHOLD,TX,2016-04-25,6594,5.464997,1,2,6495.0,7192.0,7008.0,6917.0,6310.0
TX_2,HOUSEHOLD,TX,2016-05-02,6523,5.4653215,4,2,6594.0,6495.0,7192.0,7008.0,5788.0
TX_2,HOUSEHOLD,TX,2016-05-09,7201,5.462045,5,0,6523.0,6594.0,6495.0,7192.0,6570.0
TX_2,HOUSEHOLD,TX,2016-05-16,6884,5.462254,0,0,7201.0,6523.0,6594.0,6495.0,6100.0
TX_3,FOODS,TX,2011-01-31,12702,2.9452004,4,1,,,,,
TX_3,FOODS,TX,2011-02-07,12746,2.9895327,5,0,12702.0,,,,
TX_3,FOODS,TX,2011-02-14,12482,3.0027657,1,1,12746.0,12702.0,,,
TX_3,FOODS,TX,2011-02-21,10903,2.9955337,0,1,12482.0,12746.0,12702.0,,
TX_3,FOODS,TX,2011-02-28,12250,2.9871879,4,0,10903.0,12482.0,12746.0,12702.0,
TX_3,FOODS,TX,2011-03-07,12136,2.9828105,5,1,12250.0,10903.0,12482.0,12746.0,
TX_3,FOODS,TX,2011-03-14,11647,2.9858584,1,3,12136.0,12250.0,10903.0,12482.0,
TX_3,FOODS,TX,2011-03-21,10977,2.987043,0,0,11647.0,12136.0,12250.0,10903.0,
TX_3,FOODS,TX,2011-03-28,11135,2.9954002,2,0,10977.0,11647.0,12136.0,12250.0,
TX_3,FOODS,TX,2011-04-04,11513,3.0100873,4,0,11135.0,10977.0,11647.0,12136.0,
TX_3,FOODS,TX,2011-04-11,12125,3.0201852,4,0,11513.0,11135.0,10977.0,11647.0,
TX_3,FOODS,TX,2011-04-18,11422,3.0153904,0,1,12125.0,11513.0,11135.0,10977.0,
TX_3,FOODS,TX,2011-04-25,9347,3.026396,1,1,11422.0,12125.0,11513.0,11135.0,
TX_3,FOODS,TX,2011-05-02,10591,3.0554547,4,2,9347.0,11422.0,12125.0,11513.0,
TX_3,FOODS,TX,2011-05-09,12029,3.0584323,5,0,10591.0,9347.0,11422.0,12125.0,
TX_3,FOODS,TX,2011-05-16,10637,3.0564473,0,0,12029.0,10591.0,9347.0,11422.0,
TX_3,FOODS,TX,2011-05-23,10801,3.0506215,0,0,10637.0,12029.0,10591.0,9347.0,
TX_3,FOODS,TX,2011-05-30,12516,3.0620399,3,2,10801.0,10637.0,12029.0,10591.0,
TX_3,FOODS,TX,2011-06-06,14514,3.066446,5,1,12516.0,10801.0,10637.0,12029.0,
TX_3,FOODS,TX,2011-06-13,14014,3.0740833,2,1,14514.0,12516.0,10801.0,10637.0,
TX_3,FOODS,TX,2011-06-20,12414,3.0775778,0,0,14014.0,14514.0,12516.0,10801.0,
TX_3,FOODS,TX,2011-06-27,13704,3.0821826,2,0,12414.0,14014.0,14514.0,12516.0,
TX_3,FOODS,TX,2011-07-04,15136,3.0858023,4,1,13704.0,12414.0,14014.0,14514.0,
TX_3,FOODS,TX,2011-07-11,15381,3.0901814,4,0,15136.0,13704.0,12414.0,14014.0,
TX_3,FOODS,TX,2011-07-18,13218,3.1042469,0,0,15381.0,15136.0,13704.0,12414.0,
TX_3,FOODS,TX,2011-07-25,12990,3.1055324,0,0,13218.0,15381.0,15136.0,13704.0,
TX_3,FOODS,TX,2011-08-01,15937,3.1082952,5,1,12990.0,13218.0,15381.0,15136.0,
TX_3,FOODS,TX,2011-08-08,16021,3.0994313,4,0,15937.0,12990.0,13218.0,15381.0,
TX_3,FOODS,TX,2011-08-15,16426,3.0912435,1,0,16021.0,15937.0,12990.0,13218.0,
TX_3,FOODS,TX,2011-08-22,13946,3.1088588,0,0,16426.0,16021.0,15937.0,12990.0,
TX_3,FOODS,TX,2011-08-29,13736,3.1153169,2,1,13946.0,16426.0,16021.0,15937.0,
TX_3,FOODS,TX,2011-09-05,15570,3.1204631,5,1,13736.0,13946.0,16426.0,16021.0,
TX_3,FOODS,TX,2011-09-12,15297,3.1292675,3,0,15570.0,13736.0,13946.0,16426.0,
TX_3,FOODS,TX,2011-09-19,13868,3.1364212,0,0,15297.0,15570.0,13736.0,13946.0,
TX_3,FOODS,TX,2011-09-26,14067,3.1464589,1,0,13868.0,15297.0,15570.0,13736.0,
TX_3,FOODS,TX,2011-10-03,15638,3.1480682,5,0,14067.0,13868.0,15297.0,15570.0,
TX_3,FOODS,TX,2011-10-10,17050,3.1410139,4,1,15638.0,14067.0,13868.0,15297.0,
TX_3,FOODS,TX,2011-10-17,13856,3.142239,0,0,17050.0,15638.0,14067.0,13868.0,
TX_3,FOODS,TX,2011-10-24,12564,3.1678631,0,0,13856.0,17050.0,15638.0,14067.0,
TX_3,FOODS,TX,2011-10-31,14506,3.1744545,4,1,12564.0,13856.0,17050.0,15638.0,
TX_3,FOODS,TX,2011-11-07,15177,3.1791587,5,2,14506.0,12564.0,13856.0,17050.0,
TX_3,FOODS,TX,2011-11-14,14188,3.1710281,1,0,15177.0,14506.0,12564.0,13856.0,
TX_3,FOODS,TX,2011-11-21,13221,3.1780167,0,1,14188.0,15177.0,14506.0,12564.0,
TX_3,FOODS,TX,2011-11-28,12983,3.1837864,2,0,13221.0,14188.0,15177.0,14506.0,
TX_3,FOODS,TX,2011-12-05,14145,3.1881442,5,0,12983.0,13221.0,14188.0,15177.0,
TX_3,FOODS,TX,2011-12-12,15004,3.1845345,3,0,14145.0,12983.0,13221.0,14188.0,
TX_3,FOODS,TX,2011-12-19,12659,3.1780999,0,1,15004.0,14145.0,12983.0,13221.0,
TX_3,FOODS,TX,2011-12-26,13124,3.1703568,1,2,12659.0,15004.0,14145.0,12983.0,
TX_3,FOODS,TX,2012-01-02,15167,3.1802804,4,1,13124.0,12659.0,15004.0,14145.0,
TX_3,FOODS,TX,2012-01-09,14867,3.1848068,5,0,15167.0,13124.0,12659.0,15004.0,
TX_3,FOODS,TX,2012-01-16,13629,3.1882672,0,1,14867.0,15167.0,13124.0,12659.0,
TX_3,FOODS,TX,2012-01-23,12352,3.1804593,0,0,13629.0,14867.0,15167.0,13124.0,
TX_3,FOODS,TX,2012-01-30,15306,3.1774833,3,1,12352.0,13629.0,14867.0,15167.0,12702.0
TX_3,FOODS,TX,2012-02-06,15370,3.17704,5,0,15306.0,12352.0,13629.0,14867.0,12746.0
TX_3,FOODS,TX,2012-02-13,14192,3.172051,2,1,15370.0,15306.0,12352.0,13629.0,12482.0
TX_3,FOODS,TX,2012-02-20,12435,3.1708634,0,2,14192.0,15370.0,15306.0,12352.0,10903.0
TX_3,FOODS,TX,2012-02-27,14489,3.189631,2,1,12435.0,14192.0,15370.0,15306.0,12250.0
TX_3,FOODS,TX,2012-03-05,15416,3.2080433,5,1,14489.0,12435.0,14192.0,15370.0,12136.0
TX_3,FOODS,TX,2012-03-12,16222,3.212176,3,1,15416.0,14489.0,12435.0,14192.0,11647.0
TX_3,FOODS,TX,2012-03-19,14593,3.223456,0,0,16222.0,15416.0,14489.0,12435.0,10977.0
TX_3,FOODS,TX,2012-03-26,14386,3.222943,1,0,14593.0,16222.0,15416.0,14489.0,11135.0
TX_3,FOODS,TX,2012-04-02,17127,3.2150693,4,1,14386.0,14593.0,16222.0,15416.0,11513.0
TX_3,FOODS,TX,2012-04-09,15671,3.2311397,5,2,17127.0,14386.0,14593.0,16222.0,12125.0
TX_3,FOODS,TX,2012-04-16,13144,3.2387793,0,0,15671.0,17127.0,14386.0,14593.0,11422.0
TX_3,FOODS,TX,2012-04-23,13181,3.2406986,0,0,13144.0,15671.0,17127.0,14386.0,9347.0
TX_3,FOODS,TX,2012-04-30,15452,3.2414622,4,1,13181.0,13144.0,15671.0,17127.0,10591.0
TX_3,FOODS,TX,2012-05-07,15919,3.238176,5,1,15452.0,13181.0,13144.0,15671.0,12029.0
TX_3,FOODS,TX,2012-05-14,15972,3.2301488,1,0,15919.0,15452.0,13181.0,13144.0,10637.0
TX_3,FOODS,TX,2012-05-21,15379,3.227936,0,0,15972.0,15919.0,15452.0,13181.0,10801.0
TX_3,FOODS,TX,2012-05-28,16632,3.2328122,2,1,15379.0,15972.0,15919.0,15452.0,12516.0
TX_3,FOODS,TX,2012-06-04,17751,3.2353287,4,0,16632.0,15379.0,15972.0,15919.0,14514.0
TX_3,FOODS,TX,2012-06-11,17802,3.2350905,4,2,17751.0,16632.0,15379.0,15972.0,14014.0
TX_3,FOODS,TX,2012-06-18,15555,3.2314944,0,1,17802.0,17751.0,16632.0,15379.0,12414.0
TX_3,FOODS,TX,2012-06-25,15346,3.2273774,1,0,15555.0,17802.0,17751.0,16632.0,13704.0
TX_3,FOODS,TX,2012-07-02,16710,3.2183616,4,1,15346.0,15555.0,17802.0,17751.0,15136.0
TX_3,FOODS,TX,2012-07-09,16042,3.214184,5,0,16710.0,15346.0,15555.0,17802.0,15381.0
TX_3,FOODS,TX,2012-07-16,15229,3.212769,0,1,16042.0,16710.0,15346.0,15555.0,13218.0
TX_3,FOODS,TX,2012-07-23,14753,3.2103515,0,0,15229.0,16042.0,16710.0,15346.0,12990.0
TX_3,FOODS,TX,2012-07-30,17506,3.2080193,3,0,14753.0,15229.0,16042.0,16710.0,15937.0
TX_3,FOODS,TX,2012-08-06,18243,3.2070906,5,0,17506.0,14753.0,15229.0,16042.0,16021.0
TX_3,FOODS,TX,2012-08-13,17242,3.2094026,2,1,18243.0,17506.0,14753.0,15229.0,16426.0
TX_3,FOODS,TX,2012-08-20,14563,3.2172558,0,0,17242.0,18243.0,17506.0,14753.0,13946.0
TX_3,FOODS,TX,2012-08-27,14855,3.2166684,1,0,14563.0,17242.0,18243.0,17506.0,13736.0
TX_3,FOODS,TX,2012-09-03,16514,3.2206419,5,1,14855.0,14563.0,17242.0,18243.0,15570.0
TX_3,FOODS,TX,2012-09-10,15224,3.224398,4,0,16514.0,14855.0,14563.0,17242.0,15297.0
TX_3,FOODS,TX,2012-09-17,14131,3.2230892,0,0,15224.0,16514.0,14855.0,14563.0,13868.0
TX_3,FOODS,TX,2012-09-24,14313,3.2270305,0,0,14131.0,15224.0,16514.0,14855.0,14067.0
TX_3,FOODS,TX,2012-10-01,16110,3.2340596,5,0,14313.0,14131.0,15224.0,16514.0,15638.0
TX_3,FOODS,TX,2012-10-08,16498,3.2350106,4,1,16110.0,14313.0,14131.0,15224.0,17050.0
TX_3,FOODS,TX,2012-10-15,14613,3.2322278,1,0,16498.0,16110.0,14313.0,14131.0,13856.0
TX_3,FOODS,TX,2012-10-22,12349,3.231882,0,1,14613.0,16498.0,16110.0,14313.0,12564.0
TX_3,FOODS,TX,2012-10-29,13846,3.2309194,2,1,12349.0,14613.0,16498.0,16110.0,14506.0
TX_3,FOODS,TX,2012-11-05,14992,3.232845,5,1,13846.0,12349.0,14613.0,16498.0,15177.0
TX_3,FOODS,TX,2012-11-12,13481,3.2334769,3,0,14992.0,13846.0,12349.0,14613.0,14188.0
TX_3,FOODS,TX,2012-11-19,13002,3.2329743,0,1,13481.0,14992.0,13846.0,12349.0,13221.0
TX_3,FOODS,TX,2012-11-26,12465,3.2343178,1,0,13002.0,13481.0,14992.0,13846.0,12983.0
TX_3,FOODS,TX,2012-12-03,14267,3.2341745,5,0,12465.0,13002.0,13481.0,14992.0,14145.0
TX_3,FOODS,TX,2012-12-10,14375,3.23202,4,1,14267.0,12465.0,13002.0,13481.0,15004.0
TX_3,FOODS,TX,2012-12-17,14835,3.2308984,0,0,14375.0,14267.0,12465.0,13002.0,12659.0
TX_3,FOODS,TX,2012-12-24,12067,3.2394931,0,1,14835.0,14375.0,14267.0,12465.0,13124.0
TX_3,FOODS,TX,2012-12-31,14656,3.2333167,4,1,12067.0,14835.0,14375.0,14267.0,15167.0
TX_3,FOODS,TX,2013-01-07,15486,3.2345238,5,1,14656.0,12067.0,14835.0,14375.0,14867.0
TX_3,FOODS,TX,2013-01-14,13793,3.2331479,1,0,15486.0,14656.0,12067.0,14835.0,13629.0
TX_3,FOODS,TX,2013-01-21,12723,3.2340522,0,1,13793.0,15486.0,14656.0,12067.0,12352.0
TX_3,FOODS,TX,2013-01-28,13607,3.2356362,2,1,12723.0,13793.0,15486.0,14656.0,15306.0
TX_3,FOODS,TX,2013-02-04,14894,3.245277,4,0,13607.0,12723.0,13793.0,15486.0,15370.0
TX_3,FOODS,TX,2013-02-11,15659,3.2448246,4,2,14894.0,13607.0,12723.0,13793.0,14192.0
TX_3,FOODS,TX,2013-02-18,13429,3.2387831,0,3,15659.0,14894.0,13607.0,12723.0,12435.0
TX_3,FOODS,TX,2013-02-25,13527,3.2294714,2,0,13429.0,15659.0,14894.0,13607.0,14489.0
TX_3,FOODS,TX,2013-03-04,14019,3.2276554,4,0,13527.0,13429.0,15659.0,14894.0,15416.0
TX_3,FOODS,TX,2013-03-11,15136,3.2265162,4,1,14019.0,13527.0,13429.0,15659.0,16222.0
TX_3,FOODS,TX,2013-03-18,13219,3.221545,0,0,15136.0,14019.0,13527.0,13429.0,14593.0
TX_3,FOODS,TX,2013-03-25,14247,3.2172534,0,1,13219.0,15136.0,14019.0,13527.0,14386.0
TX_3,FOODS,TX,2013-04-01,13652,3.2247262,5,1,14247.0,13219.0,15136.0,14019.0,17127.0
TX_3,FOODS,TX,2013-04-08,13853,3.2275581,4,0,13652.0,14247.0,13219.0,15136.0,15671.0
TX_3,FOODS,TX,2013-04-15,13201,3.2218602,1,0,13853.0,13652.0,14247.0,13219.0,13144.0
TX_3,FOODS,TX,2013-04-22,11516,3.2218375,0,0,13201.0,13853.0,13652.0,14247.0,13181.0
TX_3,FOODS,TX,2013-04-29,12890,3.2251265,3,1,11516.0,13201.0,13853.0,13652.0,15452.0
TX_3,FOODS,TX,2013-05-06,13967,3.2254355,5,1,12890.0,11516.0,13201.0,13853.0,15919.0
TX_3,FOODS,TX,2013-05-13,14471,3.2238975,2,0,13967.0,12890.0,11516.0,13201.0,15972.0
TX_3,FOODS,TX,2013-05-20,13909,3.2210326,0,0,14471.0,13967.0,12890.0,11516.0,15379.0
TX_3,FOODS,TX,2013-05-27,13610,3.2208781,1,1,13909.0,14471.0,13967.0,12890.0,16632.0
TX_3,FOODS,TX,2013-06-03,15707,3.221249,5,1,13610.0,13909.0,14471.0,13967.0,17751.0
TX_3,FOODS,TX,2013-06-10,15387,3.2183316,4,1,15707.0,13610.0,13909.0,14471.0,17802.0
TX_3,FOODS,TX,2013-06-17,14896,3.219116,0,1,15387.0,15707.0,13610.0,13909.0,15555.0
TX_3,FOODS,TX,2013-06-24,14988,3.2157562,0,0,14896.0,15387.0,15707.0,13610.0,15346.0
TX_3,FOODS,TX,2013-07-01,17063,3.2091005,5,1,14988.0,14896.0,15387.0,15707.0,16710.0
TX_3,FOODS,TX,2013-07-08,16245,3.2125251,4,1,17063.0,14988.0,14896.0,15387.0,16042.0
TX_3,FOODS,TX,2013-07-15,15238,3.2145705,1,0,16245.0,17063.0,14988.0,14896.0,15229.0
TX_3,FOODS,TX,2013-07-22,15604,3.214295,0,0,15238.0,16245.0,17063.0,14988.0,14753.0
TX_3,FOODS,TX,2013-07-29,16098,3.2159178,2,0,15604.0,15238.0,16245.0,17063.0,17506.0
TX_3,FOODS,TX,2013-08-05,18086,3.2113817,5,1,16098.0,15604.0,15238.0,16245.0,18243.0
TX_3,FOODS,TX,2013-08-12,17306,3.2108252,3,0,18086.0,16098.0,15604.0,15238.0,17242.0
TX_3,FOODS,TX,2013-08-19,16147,3.212312,0,0,17306.0,18086.0,16098.0,15604.0,14563.0
TX_3,FOODS,TX,2013-08-26,16148,3.210606,1,0,16147.0,17306.0,18086.0,16098.0,14855.0
TX_3,FOODS,TX,2013-09-02,18278,3.2111416,4,1,16148.0,16147.0,17306.0,18086.0,16514.0
TX_3,FOODS,TX,2013-09-09,17627,3.2044017,5,0,18278.0,16148.0,16147.0,17306.0,15224.0
TX_3,FOODS,TX,2013-09-16,15522,3.1961362,0,0,17627.0,18278.0,16148.0,16147.0,14131.0
TX_3,FOODS,TX,2013-09-23,14058,3.2030678,0,0,15522.0,17627.0,18278.0,16148.0,14313.0
TX_3,FOODS,TX,2013-09-30,16914,3.2030895,4,0,14058.0,15522.0,17627.0,18278.0,16110.0
TX_3,FOODS,TX,2013-10-07,15646,3.202778,5,0,16914.0,14058.0,15522.0,17627.0,16498.0
TX_3,FOODS,TX,2013-10-14,14319,3.208347,1,2,15646.0,16914.0,14058.0,15522.0,14613.0
TX_3,FOODS,TX,2013-10-21,13210,3.2066329,0,0,14319.0,15646.0,16914.0,14058.0,12349.0
TX_3,FOODS,TX,2013-10-28,14258,3.2060826,2,1,13210.0,14319.0,15646.0,16914.0,13846.0
TX_3,FOODS,TX,2013-11-04,15038,3.2058253,4,0,14258.0,13210.0,14319.0,15646.0,14992.0
TX_3,FOODS,TX,2013-11-11,15872,3.2026253,4,1,15038.0,14258.0,13210.0,14319.0,13481.0
TX_3,FOODS,TX,2013-11-18,12790,3.1989691,0,0,15872.0,15038.0,14258.0,13210.0,13002.0
TX_3,FOODS,TX,2013-11-25,12284,3.2032142,1,1,12790.0,15872.0,15038.0,14258.0,12465.0
TX_3,FOODS,TX,2013-12-02,15613,3.2061012,4,1,12284.0,12790.0,15872.0,15038.0,14267.0
TX_3,FOODS,TX,2013-12-09,13991,3.2027204,5,0,15613.0,12284.0,12790.0,15872.0,14375.0
TX_3,FOODS,TX,2013-12-16,14237,3.1984684,0,0,13991.0,15613.0,12284.0,12790.0,14835.0
TX_3,FOODS,TX,2013-12-23,11979,3.1956444,0,1,14237.0,13991.0,15613.0,12284.0,12067.0
TX_3,FOODS,TX,2013-12-30,14649,3.2002735,3,1,11979.0,14237.0,13991.0,15613.0,14656.0
TX_3,FOODS,TX,2014-01-06,15619,3.2026837,5,1,14649.0,11979.0,14237.0,13991.0,15486.0
TX_3,FOODS,TX,2014-01-13,14443,3.2041717,2,0,15619.0,14649.0,11979.0,14237.0,13793.0
TX_3,FOODS,TX,2014-01-20,13487,3.2013156,0,1,14443.0,15619.0,14649.0,11979.0,12723.0
TX_3,FOODS,TX,2014-01-27,14406,3.191666,1,1,13487.0,14443.0,15619.0,14649.0,13607.0
TX_3,FOODS,TX,2014-02-03,15125,3.1938748,5,0,14406.0,13487.0,14443.0,15619.0,14894.0
TX_3,FOODS,TX,2014-02-10,16058,3.1847637,4,1,15125.0,14406.0,13487.0,14443.0,15659.0
TX_3,FOODS,TX,2014-02-17,14597,3.1719258,0,1,16058.0,15125.0,14406.0,13487.0,13429.0
TX_3,FOODS,TX,2014-02-24,14664,3.1696491,1,0,14597.0,16058.0,15125.0,14406.0,13527.0
TX_3,FOODS,TX,2014-03-03,16258,3.17126,5,1,14664.0,14597.0,16058.0,15125.0,14019.0
TX_3,FOODS,TX,2014-03-10,18790,3.1707513,4,2,16258.0,14664.0,14597.0,16058.0,15136.0
TX_3,FOODS,TX,2014-03-17,15428,3.1673663,0,1,18790.0,16258.0,14664.0,14597.0,13219.0
TX_3,FOODS,TX,2014-03-24,14488,3.1678808,0,0,15428.0,18790.0,16258.0,14664.0,14247.0
TX_3,FOODS,TX,2014-03-31,16714,3.1760535,4,0,14488.0,15428.0,18790.0,16258.0,13652.0
TX_3,FOODS,TX,2014-04-07,17401,3.1730201,5,0,16714.0,14488.0,15428.0,18790.0,13853.0
TX_3,FOODS,TX,2014-04-14,18203,3.1699865,1,1,17401.0,16714.0,14488.0,15428.0,13201.0
TX_3,FOODS,TX,2014-04-21,15988,3.160937,0,1,18203.0,17401.0,16714.0,14488.0,11516.0
TX_3,FOODS,TX,2014-04-28,16759,3.1607437,2,0,15988.0,18203.0,17401.0,16714.0,12890.0
TX_3,FOODS,TX,2014-05-05,16706,3.1642604,5,2,16759.0,15988.0,18203.0,17401.0,13967.0
TX_3,FOODS,TX,2014-05-12,16531,3.1708488,3,0,16706.0,16759.0,15988.0,18203.0,14471.0
TX_3,FOODS,TX,2014-05-19,14953,3.1712434,0,0,16531.0,16706.0,16759.0,15988.0,13909.0
TX_3,FOODS,TX,2014-05-26,14763,3.1747806,1,1,14953.0,16531.0,16706.0,16759.0,13610.0
TX_3,FOODS,TX,2014-06-02,17775,3.178247,4,1,14763.0,14953.0,16531.0,16706.0,15707.0
TX_3,FOODS,TX,2014-06-09,18532,3.1859162,5,1,17775.0,14763.0,14953.0,16531.0,15387.0
TX_3,FOODS,TX,2014-06-16,16554,3.1906857,0,0,18532.0,17775.0,14763.0,14953.0,14896.0
TX_3,FOODS,TX,2014-06-23,14721,3.1973176,0,1,16554.0,18532.0,17775.0,14763.0,14988.0
TX_3,FOODS,TX,2014-06-30,18834,3.2145045,4,1,14721.0,16554.0,18532.0,17775.0,17063.0
TX_3,FOODS,TX,2014-07-07,19282,3.2285762,5,0,18834.0,14721.0,16554.0,18532.0,16245.0
TX_3,FOODS,TX,2014-07-14,16166,3.2272966,1,0,19282.0,18834.0,14721.0,16554.0,15238.0
TX_3,FOODS,TX,2014-07-21,16140,3.2318301,0,0,16166.0,19282.0,18834.0,14721.0,15604.0
TX_3,FOODS,TX,2014-07-28,16980,3.2307684,2,1,16140.0,16166.0,19282.0,18834.0,16098.0
TX_3,FOODS,TX,2014-08-04,16492,3.2195582,4,0,16980.0,16140.0,16166.0,19282.0,18086.0
TX_3,FOODS,TX,2014-08-11,18312,3.2200382,4,0,16492.0,16980.0,16140.0,16166.0,17306.0
TX_3,FOODS,TX,2014-08-18,18330,3.2175071,0,0,18312.0,16492.0,16980.0,16140.0,16147.0
TX_3,FOODS,TX,2014-08-25,16155,3.2231476,0,0,18330.0,18312.0,16492.0,16980.0,16148.0
TX_3,FOODS,TX,2014-09-01,16678,3.2286453,5,1,16155.0,18330.0,18312.0,16492.0,18278.0
TX_3,FOODS,TX,2014-09-08,17731,3.2319481,4,0,16678.0,16155.0,18330.0,18312.0,17627.0
TX_3,FOODS,TX,2014-09-15,15894,3.2365596,1,0,17731.0,16678.0,16155.0,18330.0,15522.0
TX_3,FOODS,TX,2014-09-22,15135,3.2323663,0,0,15894.0,17731.0,16678.0,16155.0,14058.0
TX_3,FOODS,TX,2014-09-29,16502,3.2288105,3,1,15135.0,15894.0,17731.0,16678.0,16914.0
TX_3,FOODS,TX,2014-10-06,17184,3.236835,5,0,16502.0,15135.0,15894.0,17731.0,15646.0
TX_3,FOODS,TX,2014-10-13,16106,3.2369213,2,1,17184.0,16502.0,15135.0,15894.0,14319.0
TX_3,FOODS,TX,2014-10-20,13710,3.2315004,0,0,16106.0,17184.0,16502.0,15135.0,13210.0
TX_3,FOODS,TX,2014-10-27,14447,3.2381132,1,1,13710.0,16106.0,17184.0,16502.0,14258.0
TX_3,FOODS,TX,2014-11-03,15277,3.2376645,5,0,14447.0,13710.0,16106.0,17184.0,15038.0
TX_3,FOODS,TX,2014-11-10,15212,3.2415287,4,1,15277.0,14447.0,13710.0,16106.0,15872.0
TX_3,FOODS,TX,2014-11-17,14394,3.2439141,0,0,15212.0,15277.0,14447.0,13710.0,12790.0
TX_3,FOODS,TX,2014-11-24,14108,3.244363,0,1,14394.0,15212.0,15277.0,14447.0,12284.0
TX_3,FOODS,TX,2014-12-01,14863,3.246782,5,0,14108.0,14394.0,15212.0,15277.0,15613.0
TX_3,FOODS,TX,2014-12-08,14825,3.2566924,4,0,14863.0,14108.0,14394.0,15212.0,13991.0
TX_3,FOODS,TX,2014-12-15,15687,3.2548726,1,0,14825.0,14863.0,14108.0,14394.0,14237.0
TX_3,FOODS,TX,2014-12-22,12124,3.2485917,0,2,15687.0,14825.0,14863.0,14108.0,11979.0
TX_3,FOODS,TX,2014-12-29,14578,3.2516253,2,1,12124.0,15687.0,14825.0,14863.0,14649.0
TX_3,FOODS,TX,2015-01-05,15639,3.2561345,5,1,14578.0,12124.0,15687.0,14825.0,15619.0
TX_3,FOODS,TX,2015-01-12,15340,3.2632213,3,0,15639.0,14578.0,12124.0,15687.0,14443.0
TX_3,FOODS,TX,2015-01-19,13716,3.2645586,0,1,15340.0,15639.0,14578.0,12124.0,13487.0
TX_3,FOODS,TX,2015-01-26,14916,3.2644062,1,1,13716.0,15340.0,15639.0,14578.0,14406.0
TX_3,FOODS,TX,2015-02-02,16493,3.2657425,4,0,14916.0,13716.0,15340.0,15639.0,15125.0
TX_3,FOODS,TX,2015-02-09,17930,3.2743447,5,1,16493.0,14916.0,13716.0,15340.0,16058.0
TX_3,FOODS,TX,2015-02-16,14708,3.2729795,0,2,17930.0,16493.0,14916.0,13716.0,14597.0
TX_3,FOODS,TX,2015-02-23,14385,3.2779942,1,1,14708.0,17930.0,16493.0,14916.0,14664.0
TX_3,FOODS,TX,2015-03-02,16384,3.282751,4,1,14385.0,14708.0,17930.0,16493.0,16258.0
TX_3,FOODS,TX,2015-03-09,17019,3.288851,5,0,16384.0,14385.0,14708.0,17930.0,18790.0
TX_3,FOODS,TX,2015-03-16,15632,3.2937434,0,1,17019.0,16384.0,14385.0,14708.0,15428.0
TX_3,FOODS,TX,2015-03-23,14706,3.2938178,0,0,15632.0,17019.0,16384.0,14385.0,14488.0
TX_3,FOODS,TX,2015-03-30,17085,3.28639,3,1,14706.0,15632.0,17019.0,16384.0,16714.0
TX_3,FOODS,TX,2015-04-06,17375,3.287922,5,2,17085.0,14706.0,15632.0,17019.0,17401.0
TX_3,FOODS,TX,2015-04-13,16749,3.2900102,2,0,17375.0,17085.0,14706.0,15632.0,18203.0
TX_3,FOODS,TX,2015-04-20,15601,3.2833362,0,0,16749.0,17375.0,17085.0,14706.0,15988.0
TX_3,FOODS,TX,2015-04-27,17929,3.2818363,2,0,15601.0,16749.0,17375.0,17085.0,16759.0
TX_3,FOODS,TX,2015-05-04,18044,3.2893064,4,2,17929.0,15601.0,16749.0,17375.0,16706.0
TX_3,FOODS,TX,2015-05-11,17974,3.2941966,4,0,18044.0,17929.0,15601.0,16749.0,16531.0
TX_3,FOODS,TX,2015-05-18,15056,3.2950923,0,0,17974.0,18044.0,17929.0,15601.0,14953.0
TX_3,FOODS,TX,2015-05-25,15099,3.2969203,0,1,15056.0,17974.0,18044.0,17929.0,14763.0
TX_3,FOODS,TX,2015-06-01,18846,3.3010232,5,1,15099.0,15056.0,17974.0,18044.0,17775.0
TX_3,FOODS,TX,2015-06-08,18083,3.3018215,4,0,18846.0,15099.0,15056.0,17974.0,18532.0
TX_3,FOODS,TX,2015-06-15,17771,3.3014336,1,3,18083.0,18846.0,15099.0,15056.0,16554.0
TX_3,FOODS,TX,2015-06-22,15328,3.3023796,0,0,17771.0,18083.0,18846.0,15099.0,14721.0
TX_3,FOODS,TX,2015-06-29,17127,3.3005326,3,1,15328.0,17771.0,18083.0,18846.0,18834.0
TX_3,FOODS,TX,2015-07-06,18792,3.2987258,5,0,17127.0,15328.0,17771.0,18083.0,19282.0
TX_3,FOODS,TX,2015-07-13,18553,3.3012147,2,1,18792.0,17127.0,15328.0,17771.0,16166.0
TX_3,FOODS,TX,2015-07-20,16874,3.3012269,0,0,18553.0,18792.0,17127.0,15328.0,16140.0
TX_3,FOODS,TX,2015-07-27,16833,3.29893,1,0,16874.0,18553.0,18792.0,17127.0,16980.0
TX_3,FOODS,TX,2015-08-03,19335,3.2960687,5,0,16833.0,16874.0,18553.0,18792.0,16492.0
TX_3,FOODS,TX,2015-08-10,18159,3.297257,4,0,19335.0,16833.0,16874.0,18553.0,18312.0
TX_3,FOODS,TX,2015-08-17,16039,3.3002486,0,0,18159.0,19335.0,16833.0,16874.0,18330.0
TX_3,FOODS,TX,2015-08-24,15582,3.2985535,0,0,16039.0,18159.0,19335.0,16833.0,16155.0
TX_3,FOODS,TX,2015-08-31,16416,3.3001447,4,0,15582.0,16039.0,18159.0,19335.0,16678.0
TX_3,FOODS,TX,2015-09-07,18023,3.304067,5,1,16416.0,15582.0,16039.0,18159.0,17731.0
TX_3,FOODS,TX,2015-09-14,17130,3.3051775,1,0,18023.0,16416.0,15582.0,16039.0,15894.0
TX_3,FOODS,TX,2015-09-21,15861,3.3057973,0,1,17130.0,18023.0,16416.0,15582.0,15135.0
TX_3,FOODS,TX,2015-09-28,16534,3.3087432,2,0,15861.0,17130.0,18023.0,16416.0,16502.0
TX_3,FOODS,TX,2015-10-05,18761,3.315908,5,0,16534.0,15861.0,17130.0,18023.0,17184.0
TX_3,FOODS,TX,2015-10-12,17115,3.3173454,3,1,18761.0,16534.0,15861.0,17130.0,16106.0
TX_3,FOODS,TX,2015-10-19,15847,3.3177242,0,0,17115.0,18761.0,16534.0,15861.0,13710.0
TX_3,FOODS,TX,2015-10-26,14781,3.3218935,1,1,15847.0,17115.0,18761.0,16534.0,14447.0
TX_3,FOODS,TX,2015-11-02,15895,3.3225305,4,0,14781.0,15847.0,17115.0,18761.0,15277.0
TX_3,FOODS,TX,2015-11-09,16641,3.3209493,5,1,15895.0,14781.0,15847.0,17115.0,15212.0
TX_3,FOODS,TX,2015-11-16,14978,3.3242679,0,0,16641.0,15895.0,14781.0,15847.0,14394.0
TX_3,FOODS,TX,2015-11-23,14143,3.3252316,0,1,14978.0,16641.0,15895.0,14781.0,14108.0
TX_3,FOODS,TX,2015-11-30,15257,3.325348,4,0,14143.0,14978.0,16641.0,15895.0,14863.0
TX_3,FOODS,TX,2015-12-07,15579,3.327273,5,0,15257.0,14143.0,14978.0,16641.0,14825.0
TX_3,FOODS,TX,2015-12-14,16342,3.327822,1,1,15579.0,15257.0,14143.0,14978.0,15687.0
TX_3,FOODS,TX,2015-12-21,13111,3.3240452,0,1,16342.0,15579.0,15257.0,14143.0,12124.0
TX_3,FOODS,TX,2015-12-28,14320,3.327114,2,1,13111.0,16342.0,15579.0,15257.0,14578.0
TX_3,FOODS,TX,2016-01-04,16327,3.3261406,4,1,14320.0,13111.0,16342.0,15579.0,15639.0
TX_3,FOODS,TX,2016-01-11,17785,3.326443,4,0,16327.0,14320.0,13111.0,16342.0,15340.0
TX_3,FOODS,TX,2016-01-18,16366,3.3286393,0,1,17785.0,16327.0,14320.0,13111.0,13716.0
TX_3,FOODS,TX,2016-01-25,16016,3.3274589,0,0,16366.0,17785.0,16327.0,14320.0,14916.0
TX_3,FOODS,TX,2016-02-01,18053,3.3257987,5,1,16016.0,16366.0,17785.0,16327.0,16493.0
TX_3,FOODS,TX,2016-02-08,19381,3.3247848,4,2,18053.0,16016.0,16366.0,17785.0,17930.0
TX_3,FOODS,TX,2016-02-15,17581,3.3260345,1,2,19381.0,18053.0,16016.0,16366.0,14708.0
TX_3,FOODS,TX,2016-02-22,15266,3.323721,0,0,17581.0,19381.0,18053.0,16016.0,14385.0
TX_3,FOODS,TX,2016-02-29,17327,3.3233244,4,0,15266.0,17581.0,19381.0,18053.0,16384.0
TX_3,FOODS,TX,2016-03-07,18124,3.3236535,5,0,17327.0,15266.0,17581.0,19381.0,17019.0
TX_3,FOODS,TX,2016-03-14,17540,3.3230023,1,1,18124.0,17327.0,15266.0,17581.0,15632.0
TX_3,FOODS,TX,2016-03-21,17632,3.3243294,0,2,17540.0,18124.0,17327.0,15266.0,14706.0
TX_3,FOODS,TX,2016-03-28,16250,3.325252,2,0,17632.0,17540.0,18124.0,17327.0,17085.0
TX_3,FOODS,TX,2016-04-04,17918,3.3254993,4,0,16250.0,17632.0,17540.0,18124.0,17375.0
TX_3,FOODS,TX,2016-04-11,18082,3.3234527,4,0,17918.0,16250.0,17632.0,17540.0,16749.0
TX_3,FOODS,TX,2016-04-18,16399,3.3208005,0,0,18082.0,17918.0,16250.0,17632.0,15601.0
TX_3,FOODS,TX,2016-04-25,17909,3.3208282,1,2,16399.0,18082.0,17918.0,16250.0,17929.0
TX_3,FOODS,TX,2016-05-02,19462,3.3232548,4,2,17909.0,16399.0,18082.0,17918.0,18044.0
TX_3,FOODS,TX,2016-05-09,20611,3.3249497,5,0,19462.0,17909.0,16399.0,18082.0,17974.0
TX_3,FOODS,TX,2016-05-16,19120,3.325589,0,0,20611.0,19462.0,17909.0,16399.0,15056.0
TX_3,HOBBIES,TX,2011-01-31,1395,4.735191,4,1,,,,,
TX_3,HOBBIES,TX,2011-02-07,1115,4.7270007,5,0,1395.0,,,,
TX_3,HOBBIES,TX,2011-02-14,1195,4.743225,1,1,1115.0,1395.0,,,
TX_3,HOBBIES,TX,2011-02-21,1108,4.7475634,0,1,1195.0,1115.0,1395.0,,
TX_3,HOBBIES,TX,2011-02-28,924,4.747162,4,0,1108.0,1195.0,1115.0,1395.0,
TX_3,HOBBIES,TX,2011-03-07,1490,4.7254405,5,1,924.0,1108.0,1195.0,1115.0,
TX_3,HOBBIES,TX,2011-03-14,1099,4.6908307,1,3,1490.0,924.0,1108.0,1195.0,
TX_3,HOBBIES,TX,2011-03-21,1151,4.7170672,0,0,1099.0,1490.0,924.0,1108.0,
TX_3,HOBBIES,TX,2011-03-28,1402,4.739143,2,0,1151.0,1099.0,1490.0,924.0,
TX_3,HOBBIES,TX,2011-04-04,1328,4.7244697,4,0,1402.0,1151.0,1099.0,1490.0,
TX_3,HOBBIES,TX,2011-04-11,1410,4.7141047,4,0,1328.0,1402.0,1151.0,1099.0,
TX_3,HOBBIES,TX,2011-04-18,1239,4.739776,0,1,1410.0,1328.0,1402.0,1151.0,
TX_3,HOBBIES,TX,2011-04-25,1441,4.7396812,1,1,1239.0,1410.0,1328.0,1402.0,
TX_3,HOBBIES,TX,2011-05-02,1404,4.750708,4,2,1441.0,1239.0,1410.0,1328.0,
TX_3,HOBBIES,TX,2011-05-09,1639,4.768983,5,0,1404.0,1441.0,1239.0,1410.0,
TX_3,HOBBIES,TX,2011-05-16,1313,4.755538,0,0,1639.0,1404.0,1441.0,1239.0,
TX_3,HOBBIES,TX,2011-05-23,1372,4.72864,0,0,1313.0,1639.0,1404.0,1441.0,
TX_3,HOBBIES,TX,2011-05-30,1323,4.7079897,3,2,1372.0,1313.0,1639.0,1404.0,
TX_3,HOBBIES,TX,2011-06-06,1478,4.701184,5,1,1323.0,1372.0,1313.0,1639.0,
TX_3,HOBBIES,TX,2011-06-13,1670,4.7005534,2,1,1478.0,1323.0,1372.0,1313.0,
TX_3,HOBBIES,TX,2011-06-20,1529,4.7110415,0,0,1670.0,1478.0,1323.0,1372.0,
TX_3,HOBBIES,TX,2011-06-27,1550,4.7375793,2,0,1529.0,1670.0,1478.0,1323.0,
TX_3,HOBBIES,TX,2011-07-04,1672,4.7197,4,1,1550.0,1529.0,1670.0,1478.0,
TX_3,HOBBIES,TX,2011-07-11,1352,4.6999497,4,0,1672.0,1550.0,1529.0,1670.0,
TX_3,HOBBIES,TX,2011-07-18,1559,4.6832623,0,0,1352.0,1672.0,1550.0,1529.0,
TX_3,HOBBIES,TX,2011-07-25,1512,4.6701517,0,0,1559.0,1352.0,1672.0,1550.0,
TX_3,HOBBIES,TX,2011-08-01,1433,4.6622233,5,1,1512.0,1559.0,1352.0,1672.0,
TX_3,HOBBIES,TX,2011-08-08,1307,4.64945,4,0,1433.0,1512.0,1559.0,1352.0,
TX_3,HOBBIES,TX,2011-08-15,1431,4.650893,1,0,1307.0,1433.0,1512.0,1559.0,
TX_3,HOBBIES,TX,2011-08-22,1466,4.660617,0,0,1431.0,1307.0,1433.0,1512.0,
TX_3,HOBBIES,TX,2011-08-29,1094,4.6599708,2,1,1466.0,1431.0,1307.0,1433.0,
TX_3,HOBBIES,TX,2011-09-05,1313,4.6568327,5,1,1094.0,1466.0,1431.0,1307.0,
TX_3,HOBBIES,TX,2011-09-12,1335,4.6653943,3,0,1313.0,1094.0,1466.0,1431.0,
TX_3,HOBBIES,TX,2011-09-19,1448,4.6716166,0,0,1335.0,1313.0,1094.0,1466.0,
TX_3,HOBBIES,TX,2011-09-26,1332,4.676639,1,0,1448.0,1335.0,1313.0,1094.0,
TX_3,HOBBIES,TX,2011-10-03,1460,4.674193,5,0,1332.0,1448.0,1335.0,1313.0,
TX_3,HOBBIES,TX,2011-10-10,1468,4.6727653,4,1,1460.0,1332.0,1448.0,1335.0,
TX_3,HOBBIES,TX,2011-10-17,1455,4.6831903,0,0,1468.0,1460.0,1332.0,1448.0,
TX_3,HOBBIES,TX,2011-10-24,1550,4.6878786,0,0,1455.0,1468.0,1460.0,1332.0,
TX_3,HOBBIES,TX,2011-10-31,1613,4.6770473,4,1,1550.0,1455.0,1468.0,1460.0,
TX_3,HOBBIES,TX,2011-11-07,1384,4.672116,5,2,1613.0,1550.0,1455.0,1468.0,
TX_3,HOBBIES,TX,2011-11-14,1432,4.661219,1,0,1384.0,1613.0,1550.0,1455.0,
TX_3,HOBBIES,TX,2011-11-21,1297,4.6636,0,1,1432.0,1384.0,1613.0,1550.0,
TX_3,HOBBIES,TX,2011-11-28,1383,4.6606164,2,0,1297.0,1432.0,1384.0,1613.0,
TX_3,HOBBIES,TX,2011-12-05,1304,4.6533365,5,0,1383.0,1297.0,1432.0,1384.0,
TX_3,HOBBIES,TX,2011-12-12,1473,4.654651,3,0,1304.0,1383.0,1297.0,1432.0,
TX_3,HOBBIES,TX,2011-12-19,1094,4.65626,0,1,1473.0,1304.0,1383.0,1297.0,
TX_3,HOBBIES,TX,2011-12-26,1324,4.6556525,1,2,1094.0,1473.0,1304.0,1383.0,
TX_3,HOBBIES,TX,2012-01-02,1180,4.656504,4,1,1324.0,1094.0,1473.0,1304.0,
TX_3,HOBBIES,TX,2012-01-09,1307,4.6599054,5,0,1180.0,1324.0,1094.0,1473.0,
TX_3,HOBBIES,TX,2012-01-16,1398,4.6706343,0,1,1307.0,1180.0,1324.0,1094.0,
TX_3,HOBBIES,TX,2012-01-23,1541,4.6682887,0,0,1398.0,1307.0,1180.0,1324.0,
TX_3,HOBBIES,TX,2012-01-30,1636,4.704094,3,1,1541.0,1398.0,1307.0,1180.0,1395.0
TX_3,HOBBIES,TX,2012-02-06,1510,4.739352,5,0,1636.0,1541.0,1398.0,1307.0,1115.0
TX_3,HOBBIES,TX,2012-02-13,1572,4.7582574,2,1,1510.0,1636.0,1541.0,1398.0,1195.0
TX_3,HOBBIES,TX,2012-02-20,1371,4.813044,0,2,1572.0,1510.0,1636.0,1541.0,1108.0
TX_3,HOBBIES,TX,2012-02-27,1562,4.84824,2,1,1371.0,1572.0,1510.0,1636.0,924.0
TX_3,HOBBIES,TX,2012-03-05,1282,4.8640013,5,1,1562.0,1371.0,1572.0,1510.0,1490.0
TX_3,HOBBIES,TX,2012-03-12,1354,4.8921347,3,1,1282.0,1562.0,1371.0,1572.0,1099.0
TX_3,HOBBIES,TX,2012-03-19,1357,4.921092,0,0,1354.0,1282.0,1562.0,1371.0,1151.0
TX_3,HOBBIES,TX,2012-03-26,1480,4.932175,1,0,1357.0,1354.0,1282.0,1562.0,1402.0
TX_3,HOBBIES,TX,2012-04-02,1323,4.9214835,4,1,1480.0,1357.0,1354.0,1282.0,1328.0
TX_3,HOBBIES,TX,2012-04-09,1500,4.9208083,5,2,1323.0,1480.0,1357.0,1354.0,1410.0
TX_3,HOBBIES,TX,2012-04-16,1491,4.896698,0,0,1500.0,1323.0,1480.0,1357.0,1239.0
TX_3,HOBBIES,TX,2012-04-23,1654,4.823804,0,0,1491.0,1500.0,1323.0,1480.0,1441.0
TX_3,HOBBIES,TX,2012-04-30,1715,4.8049746,4,1,1654.0,1491.0,1500.0,1323.0,1404.0
TX_3,HOBBIES,TX,2012-05-07,1195,4.7900467,5,1,1715.0,1654.0,1491.0,1500.0,1639.0
TX_3,HOBBIES,TX,2012-05-14,1371,4.772389,1,0,1195.0,1715.0,1654.0,1491.0,1313.0
TX_3,HOBBIES,TX,2012-05-21,1359,4.7523637,0,0,1371.0,1195.0,1715.0,1654.0,1372.0
TX_3,HOBBIES,TX,2012-05-28,1580,4.740497,2,1,1359.0,1371.0,1195.0,1715.0,1323.0
TX_3,HOBBIES,TX,2012-06-04,1632,4.74808,4,0,1580.0,1359.0,1371.0,1195.0,1478.0
TX_3,HOBBIES,TX,2012-06-11,1653,4.7466264,4,2,1632.0,1580.0,1359.0,1371.0,1670.0
TX_3,HOBBIES,TX,2012-06-18,1545,4.773594,0,1,1653.0,1632.0,1580.0,1359.0,1529.0
TX_3,HOBBIES,TX,2012-06-25,1509,4.9144096,1,0,1545.0,1653.0,1632.0,1580.0,1550.0
TX_3,HOBBIES,TX,2012-07-02,1318,5.088753,4,1,1509.0,1545.0,1653.0,1632.0,1672.0
TX_3,HOBBIES,TX,2012-07-09,1627,5.1036077,5,0,1318.0,1509.0,1545.0,1653.0,1352.0
TX_3,HOBBIES,TX,2012-07-16,1541,5.10975,0,1,1627.0,1318.0,1509.0,1545.0,1559.0
TX_3,HOBBIES,TX,2012-07-23,1464,5.1659684,0,0,1541.0,1627.0,1318.0,1509.0,1512.0
TX_3,HOBBIES,TX,2012-07-30,1570,5.204236,3,0,1464.0,1541.0,1627.0,1318.0,1433.0
TX_3,HOBBIES,TX,2012-08-06,1411,5.2422633,5,0,1570.0,1464.0,1541.0,1627.0,1307.0
TX_3,HOBBIES,TX,2012-08-13,1442,5.2663536,2,1,1411.0,1570.0,1464.0,1541.0,1431.0
TX_3,HOBBIES,TX,2012-08-20,1448,5.265368,0,0,1442.0,1411.0,1570.0,1464.0,1466.0
TX_3,HOBBIES,TX,2012-08-27,1459,5.267568,1,0,1448.0,1442.0,1411.0,1570.0,1094.0
TX_3,HOBBIES,TX,2012-09-03,1472,5.279676,5,1,1459.0,1448.0,1442.0,1411.0,1313.0
TX_3,HOBBIES,TX,2012-09-10,1446,5.279676,4,0,1472.0,1459.0,1448.0,1442.0,1335.0
TX_3,HOBBIES,TX,2012-09-17,1425,5.281726,0,0,1446.0,1472.0,1459.0,1448.0,1448.0
TX_3,HOBBIES,TX,2012-09-24,1476,5.289959,0,0,1425.0,1446.0,1472.0,1459.0,1332.0
TX_3,HOBBIES,TX,2012-10-01,1637,5.2990046,5,0,1476.0,1425.0,1446.0,1472.0,1460.0
TX_3,HOBBIES,TX,2012-10-08,1491,5.3021812,4,1,1637.0,1476.0,1425.0,1446.0,1468.0
TX_3,HOBBIES,TX,2012-10-15,1635,5.3023915,1,0,1491.0,1637.0,1476.0,1425.0,1455.0
TX_3,HOBBIES,TX,2012-10-22,1559,5.299876,0,1,1635.0,1491.0,1637.0,1476.0,1550.0
TX_3,HOBBIES,TX,2012-10-29,1545,5.292833,2,1,1559.0,1635.0,1491.0,1637.0,1613.0
TX_3,HOBBIES,TX,2012-11-05,1530,5.29461,5,1,1545.0,1559.0,1635.0,1491.0,1384.0
TX_3,HOBBIES,TX,2012-11-12,1366,5.2860646,3,0,1530.0,1545.0,1559.0,1635.0,1432.0
TX_3,HOBBIES,TX,2012-11-19,1271,5.266171,0,1,1366.0,1530.0,1545.0,1559.0,1297.0
TX_3,HOBBIES,TX,2012-11-26,1480,5.2760634,1,0,1271.0,1366.0,1530.0,1545.0,1383.0
TX_3,HOBBIES,TX,2012-12-03,1591,5.276603,5,0,1480.0,1271.0,1366.0,1530.0,1304.0
TX_3,HOBBIES,TX,2012-12-10,1382,5.2791286,4,1,1591.0,1480.0,1271.0,1366.0,1473.0
TX_3,HOBBIES,TX,2012-12-17,1511,5.2867384,0,0,1382.0,1591.0,1480.0,1271.0,1094.0
TX_3,HOBBIES,TX,2012-12-24,1246,5.2917247,0,1,1511.0,1382.0,1591.0,1480.0,1324.0
TX_3,HOBBIES,TX,2012-12-31,1354,5.3178024,4,1,1246.0,1511.0,1382.0,1591.0,1180.0
TX_3,HOBBIES,TX,2013-01-07,1450,5.356977,5,1,1354.0,1246.0,1511.0,1382.0,1307.0
TX_3,HOBBIES,TX,2013-01-14,1463,5.3549743,1,0,1450.0,1354.0,1246.0,1511.0,1398.0
TX_3,HOBBIES,TX,2013-01-21,1719,5.3477936,0,1,1463.0,1450.0,1354.0,1246.0,1541.0
TX_3,HOBBIES,TX,2013-01-28,1814,5.3388762,2,1,1719.0,1463.0,1450.0,1354.0,1636.0
TX_3,HOBBIES,TX,2013-02-04,1743,5.3391767,4,0,1814.0,1719.0,1463.0,1450.0,1510.0
TX_3,HOBBIES,TX,2013-02-11,1947,5.3332496,4,2,1743.0,1814.0,1719.0,1463.0,1572.0
TX_3,HOBBIES,TX,2013-02-18,1929,5.3245587,0,3,1947.0,1743.0,1814.0,1719.0,1371.0
TX_3,HOBBIES,TX,2013-02-25,1761,5.32799,2,0,1929.0,1947.0,1743.0,1814.0,1562.0
TX_3,HOBBIES,TX,2013-03-04,1632,5.3369164,4,0,1761.0,1929.0,1947.0,1743.0,1282.0
TX_3,HOBBIES,TX,2013-03-11,1830,5.326009,4,1,1632.0,1761.0,1929.0,1947.0,1354.0
TX_3,HOBBIES,TX,2013-03-18,1656,5.322774,0,0,1830.0,1632.0,1761.0,1929.0,1357.0
TX_3,HOBBIES,TX,2013-03-25,1487,5.3201747,0,1,1656.0,1830.0,1632.0,1761.0,1480.0
TX_3,HOBBIES,TX,2013-04-01,2007,5.318523,5,1,1487.0,1656.0,1830.0,1632.0,1323.0
TX_3,HOBBIES,TX,2013-04-08,1792,5.3355756,4,0,2007.0,1487.0,1656.0,1830.0,1500.0
TX_3,HOBBIES,TX,2013-04-15,1817,5.324099,1,0,1792.0,2007.0,1487.0,1656.0,1491.0
TX_3,HOBBIES,TX,2013-04-22,1787,5.2857437,0,0,1817.0,1792.0,2007.0,1487.0,1654.0
TX_3,HOBBIES,TX,2013-04-29,1657,5.2755775,3,1,1787.0,1817.0,1792.0,2007.0,1715.0
TX_3,HOBBIES,TX,2013-05-06,1756,5.269184,5,1,1657.0,1787.0,1817.0,1792.0,1195.0
TX_3,HOBBIES,TX,2013-05-13,1996,5.274672,2,0,1756.0,1657.0,1787.0,1817.0,1371.0
TX_3,HOBBIES,TX,2013-05-20,1728,5.270827,0,0,1996.0,1756.0,1657.0,1787.0,1359.0
TX_3,HOBBIES,TX,2013-05-27,1960,5.2528777,1,1,1728.0,1996.0,1756.0,1657.0,1580.0
TX_3,HOBBIES,TX,2013-06-03,2016,5.2502646,5,1,1960.0,1728.0,1996.0,1756.0,1632.0
TX_3,HOBBIES,TX,2013-06-10,1743,5.2482533,4,1,2016.0,1960.0,1728.0,1996.0,1653.0
TX_3,HOBBIES,TX,2013-06-17,2015,5.2186894,0,1,1743.0,2016.0,1960.0,1728.0,1545.0
TX_3,HOBBIES,TX,2013-06-24,2069,5.1517515,0,0,2015.0,1743.0,2016.0,1960.0,1509.0
TX_3,HOBBIES,TX,2013-07-01,2021,5.171018,5,1,2069.0,2015.0,1743.0,2016.0,1318.0
TX_3,HOBBIES,TX,2013-07-08,1844,5.1909165,4,1,2021.0,2069.0,2015.0,1743.0,1627.0
TX_3,HOBBIES,TX,2013-07-15,1933,5.1851883,1,0,1844.0,2021.0,2069.0,2015.0,1541.0
TX_3,HOBBIES,TX,2013-07-22,1822,5.1860337,0,0,1933.0,1844.0,2021.0,2069.0,1464.0
TX_3,HOBBIES,TX,2013-07-29,1895,5.188146,2,0,1822.0,1933.0,1844.0,2021.0,1570.0
TX_3,HOBBIES,TX,2013-08-05,1910,5.188146,5,1,1895.0,1822.0,1933.0,1844.0,1411.0
TX_3,HOBBIES,TX,2013-08-12,1871,5.1948166,3,0,1910.0,1895.0,1822.0,1933.0,1442.0
TX_3,HOBBIES,TX,2013-08-19,1946,5.2114935,0,0,1871.0,1910.0,1895.0,1822.0,1448.0
TX_3,HOBBIES,TX,2013-08-26,1779,5.2163205,1,0,1946.0,1871.0,1910.0,1895.0,1459.0
TX_3,HOBBIES,TX,2013-09-02,1531,5.2519045,4,1,1779.0,1946.0,1871.0,1910.0,1472.0
TX_3,HOBBIES,TX,2013-09-09,1809,5.332255,5,0,1531.0,1779.0,1946.0,1871.0,1446.0
TX_3,HOBBIES,TX,2013-09-16,1791,5.3861537,0,0,1809.0,1531.0,1779.0,1946.0,1425.0
TX_3,HOBBIES,TX,2013-09-23,1886,5.386345,0,0,1791.0,1809.0,1531.0,1779.0,1476.0
TX_3,HOBBIES,TX,2013-09-30,2178,5.38485,4,0,1886.0,1791.0,1809.0,1531.0,1637.0
TX_3,HOBBIES,TX,2013-10-07,1987,5.3871717,5,0,2178.0,1886.0,1791.0,1809.0,1491.0
TX_3,HOBBIES,TX,2013-10-14,1977,5.410519,1,2,1987.0,2178.0,1886.0,1791.0,1635.0
TX_3,HOBBIES,TX,2013-10-21,2166,5.4235616,0,0,1977.0,1987.0,2178.0,1886.0,1559.0
TX_3,HOBBIES,TX,2013-10-28,1813,5.423291,2,1,2166.0,1977.0,1987.0,2178.0,1545.0
TX_3,HOBBIES,TX,2013-11-04,1999,5.4221845,4,0,1813.0,2166.0,1977.0,1987.0,1530.0
TX_3,HOBBIES,TX,2013-11-11,1900,5.421107,4,1,1999.0,1813.0,2166.0,1977.0,1366.0
TX_3,HOBBIES,TX,2013-11-18,2086,5.4205317,0,0,1900.0,1999.0,1813.0,2166.0,1271.0
TX_3,HOBBIES,TX,2013-11-25,1788,5.4217057,1,1,2086.0,1900.0,1999.0,1813.0,1480.0
TX_3,HOBBIES,TX,2013-12-02,1878,5.4279466,4,1,1788.0,2086.0,1900.0,1999.0,1591.0
TX_3,HOBBIES,TX,2013-12-09,1871,5.4268103,5,0,1878.0,1788.0,2086.0,1900.0,1382.0
TX_3,HOBBIES,TX,2013-12-16,1981,5.4238305,0,0,1871.0,1878.0,1788.0,2086.0,1511.0
TX_3,HOBBIES,TX,2013-12-23,1556,5.4280505,0,1,1981.0,1871.0,1878.0,1788.0,1246.0
TX_3,HOBBIES,TX,2013-12-30,1945,5.448395,3,1,1556.0,1981.0,1871.0,1878.0,1354.0
TX_3,HOBBIES,TX,2014-01-06,1959,5.4432917,5,1,1945.0,1556.0,1981.0,1871.0,1450.0
TX_3,HOBBIES,TX,2014-01-13,1873,5.443466,2,0,1959.0,1945.0,1556.0,1981.0,1463.0
TX_3,HOBBIES,TX,2014-01-20,2041,5.4413095,0,1,1873.0,1959.0,1945.0,1556.0,1719.0
TX_3,HOBBIES,TX,2014-01-27,1853,5.4457006,1,1,2041.0,1873.0,1959.0,1945.0,1814.0
TX_3,HOBBIES,TX,2014-02-03,2112,5.4456635,5,0,1853.0,2041.0,1873.0,1959.0,1743.0
TX_3,HOBBIES,TX,2014-02-10,1949,5.4370446,4,1,2112.0,1853.0,2041.0,1873.0,1947.0
TX_3,HOBBIES,TX,2014-02-17,1731,5.4444346,0,1,1949.0,2112.0,1853.0,2041.0,1929.0
TX_3,HOBBIES,TX,2014-02-24,1979,5.4684443,1,0,1731.0,1949.0,2112.0,1853.0,1761.0
TX_3,HOBBIES,TX,2014-03-03,1891,5.4812083,5,1,1979.0,1731.0,1949.0,2112.0,1632.0
TX_3,HOBBIES,TX,2014-03-10,2015,5.491407,4,2,1891.0,1979.0,1731.0,1949.0,1830.0
TX_3,HOBBIES,TX,2014-03-17,1908,5.498176,0,1,2015.0,1891.0,1979.0,1731.0,1656.0
TX_3,HOBBIES,TX,2014-03-24,1771,5.519825,0,0,1908.0,2015.0,1891.0,1979.0,1487.0
TX_3,HOBBIES,TX,2014-03-31,2063,5.5469337,4,0,1771.0,1908.0,2015.0,1891.0,2007.0
TX_3,HOBBIES,TX,2014-04-07,1837,5.555396,5,0,2063.0,1771.0,1908.0,2015.0,1792.0
TX_3,HOBBIES,TX,2014-04-14,1997,5.5757484,1,1,1837.0,2063.0,1771.0,1908.0,1817.0
TX_3,HOBBIES,TX,2014-04-21,2126,5.55722,0,1,1997.0,1837.0,2063.0,1771.0,1787.0
TX_3,HOBBIES,TX,2014-04-28,1880,5.549549,2,0,2126.0,1997.0,1837.0,2063.0,1657.0
TX_3,HOBBIES,TX,2014-05-05,2064,5.539982,5,2,1880.0,2126.0,1997.0,1837.0,1756.0
TX_3,HOBBIES,TX,2014-05-12,2017,5.529238,3,0,2064.0,1880.0,2126.0,1997.0,1996.0
TX_3,HOBBIES,TX,2014-05-19,1956,5.516092,0,0,2017.0,2064.0,1880.0,2126.0,1728.0
TX_3,HOBBIES,TX,2014-05-26,2031,5.516211,1,1,1956.0,2017.0,2064.0,1880.0,1960.0
TX_3,HOBBIES,TX,2014-06-02,1938,5.515423,4,1,2031.0,1956.0,2017.0,2064.0,2016.0
TX_3,HOBBIES,TX,2014-06-09,2036,5.5153756,5,1,1938.0,2031.0,1956.0,2017.0,1743.0
TX_3,HOBBIES,TX,2014-06-16,2141,5.51493,0,0,2036.0,1938.0,2031.0,1956.0,2015.0
TX_3,HOBBIES,TX,2014-06-23,2060,5.5130615,0,1,2141.0,2036.0,1938.0,2031.0,2069.0
TX_3,HOBBIES,TX,2014-06-30,2220,5.519329,4,1,2060.0,2141.0,2036.0,1938.0,2021.0
TX_3,HOBBIES,TX,2014-07-07,1931,5.541379,5,0,2220.0,2060.0,2141.0,2036.0,1844.0
TX_3,HOBBIES,TX,2014-07-14,2188,5.5477996,1,0,1931.0,2220.0,2060.0,2141.0,1933.0
TX_3,HOBBIES,TX,2014-07-21,1970,5.5655036,0,0,2188.0,1931.0,2220.0,2060.0,1822.0
TX_3,HOBBIES,TX,2014-07-28,2085,5.5666237,2,1,1970.0,2188.0,1931.0,2220.0,1895.0
TX_3,HOBBIES,TX,2014-08-04,1938,5.539798,4,0,2085.0,1970.0,2188.0,1931.0,1910.0
TX_3,HOBBIES,TX,2014-08-11,2000,5.4723816,4,0,1938.0,2085.0,1970.0,2188.0,1871.0
TX_3,HOBBIES,TX,2014-08-18,1959,5.4766536,0,0,2000.0,1938.0,2085.0,1970.0,1946.0
TX_3,HOBBIES,TX,2014-08-25,1911,5.5028777,0,0,1959.0,2000.0,1938.0,2085.0,1779.0
TX_3,HOBBIES,TX,2014-09-01,1984,5.504598,5,1,1911.0,1959.0,2000.0,1938.0,1531.0
TX_3,HOBBIES,TX,2014-09-08,2001,5.502045,4,0,1984.0,1911.0,1959.0,2000.0,1809.0
TX_3,HOBBIES,TX,2014-09-15,2028,5.49368,1,0,2001.0,1984.0,1911.0,1959.0,1791.0
TX_3,HOBBIES,TX,2014-09-22,1780,5.494559,0,0,2028.0,2001.0,1984.0,1911.0,1886.0
TX_3,HOBBIES,TX,2014-09-29,2253,5.5148816,3,1,1780.0,2028.0,2001.0,1984.0,2178.0
TX_3,HOBBIES,TX,2014-10-06,2304,5.5075727,5,0,2253.0,1780.0,2028.0,2001.0,1987.0
TX_3,HOBBIES,TX,2014-10-13,2417,5.5044427,2,1,2304.0,2253.0,1780.0,2028.0,1977.0
TX_3,HOBBIES,TX,2014-10-20,2290,5.501853,0,0,2417.0,2304.0,2253.0,1780.0,2166.0
TX_3,HOBBIES,TX,2014-10-27,2491,5.4976153,1,1,2290.0,2417.0,2304.0,2253.0,1813.0
TX_3,HOBBIES,TX,2014-11-03,2552,5.492145,5,0,2491.0,2290.0,2417.0,2304.0,1999.0
TX_3,HOBBIES,TX,2014-11-10,2456,5.492248,4,1,2552.0,2491.0,2290.0,2417.0,1900.0
TX_3,HOBBIES,TX,2014-11-17,2365,5.492248,0,0,2456.0,2552.0,2491.0,2290.0,2086.0
TX_3,HOBBIES,TX,2014-11-24,2206,5.4945498,0,1,2365.0,2456.0,2552.0,2491.0,1788.0
TX_3,HOBBIES,TX,2014-12-01,2550,5.500305,5,0,2206.0,2365.0,2456.0,2552.0,1878.0
TX_3,HOBBIES,TX,2014-12-08,2218,5.500305,4,0,2550.0,2206.0,2365.0,2456.0,1871.0
TX_3,HOBBIES,TX,2014-12-15,2408,5.5068283,1,0,2218.0,2550.0,2206.0,2365.0,1981.0
TX_3,HOBBIES,TX,2014-12-22,1968,5.5214667,0,2,2408.0,2218.0,2550.0,2206.0,1556.0
TX_3,HOBBIES,TX,2014-12-29,2250,5.5133643,2,1,1968.0,2408.0,2218.0,2550.0,1945.0
TX_3,HOBBIES,TX,2015-01-05,2218,5.5035424,5,1,2250.0,1968.0,2408.0,2218.0,1959.0
TX_3,HOBBIES,TX,2015-01-12,2320,5.5050397,3,0,2218.0,2250.0,1968.0,2408.0,1873.0
TX_3,HOBBIES,TX,2015-01-19,2302,5.5118146,0,1,2320.0,2218.0,2250.0,1968.0,2041.0
TX_3,HOBBIES,TX,2015-01-26,2686,5.5210714,1,1,2302.0,2320.0,2218.0,2250.0,1853.0
TX_3,HOBBIES,TX,2015-02-02,2752,5.525288,4,0,2686.0,2302.0,2320.0,2218.0,2112.0
TX_3,HOBBIES,TX,2015-02-09,2929,5.525523,5,1,2752.0,2686.0,2302.0,2320.0,1949.0
TX_3,HOBBIES,TX,2015-02-16,2638,5.523477,0,2,2929.0,2752.0,2686.0,2302.0,1731.0
TX_3,HOBBIES,TX,2015-02-23,2554,5.5195785,1,1,2638.0,2929.0,2752.0,2686.0,1979.0
TX_3,HOBBIES,TX,2015-03-02,2667,5.5254903,4,1,2554.0,2638.0,2929.0,2752.0,1891.0
TX_3,HOBBIES,TX,2015-03-09,2672,5.5250754,5,0,2667.0,2554.0,2638.0,2929.0,2015.0
TX_3,HOBBIES,TX,2015-03-16,2497,5.5210834,0,1,2672.0,2667.0,2554.0,2638.0,1908.0
TX_3,HOBBIES,TX,2015-03-23,2678,5.5178766,0,0,2497.0,2672.0,2667.0,2554.0,1771.0
TX_3,HOBBIES,TX,2015-03-30,2809,5.5292296,3,1,2678.0,2497.0,2672.0,2667.0,2063.0
TX_3,HOBBIES,TX,2015-04-06,2839,5.5316796,5,2,2809.0,2678.0,2497.0,2672.0,1837.0
TX_3,HOBBIES,TX,2015-04-13,2415,5.533394,2,0,2839.0,2809.0,2678.0,2497.0,1997.0
TX_3,HOBBIES,TX,2015-04-20,2621,5.536117,0,0,2415.0,2839.0,2809.0,2678.0,2126.0
TX_3,HOBBIES,TX,2015-04-27,2875,5.532377,2,0,2621.0,2415.0,2839.0,2809.0,1880.0
TX_3,HOBBIES,TX,2015-05-04,2920,5.524635,4,2,2875.0,2621.0,2415.0,2839.0,2064.0
TX_3,HOBBIES,TX,2015-05-11,2738,5.5232315,4,0,2920.0,2875.0,2621.0,2415.0,2017.0
TX_3,HOBBIES,TX,2015-05-18,2903,5.5209613,0,0,2738.0,2920.0,2875.0,2621.0,1956.0
TX_3,HOBBIES,TX,2015-05-25,2575,5.523125,0,1,2903.0,2738.0,2920.0,2875.0,2031.0
TX_3,HOBBIES,TX,2015-06-01,2685,5.5229735,5,1,2575.0,2903.0,2738.0,2920.0,1938.0
TX_3,HOBBIES,TX,2015-06-08,2525,5.522943,4,0,2685.0,2575.0,2903.0,2738.0,2036.0
TX_3,HOBBIES,TX,2015-06-15,2478,5.522741,1,3,2525.0,2685.0,2575.0,2903.0,2141.0
TX_3,HOBBIES,TX,2015-06-22,2348,5.518086,0,0,2478.0,2525.0,2685.0,2575.0,2060.0
TX_3,HOBBIES,TX,2015-06-29,2432,5.5101366,3,1,2348.0,2478.0,2525.0,2685.0,2220.0
TX_3,HOBBIES,TX,2015-07-06,2352,5.514301,5,0,2432.0,2348.0,2478.0,2525.0,1931.0
TX_3,HOBBIES,TX,2015-07-13,2388,5.5062833,2,1,2352.0,2432.0,2348.0,2478.0,2188.0
TX_3,HOBBIES,TX,2015-07-20,2531,5.505618,0,0,2388.0,2352.0,2432.0,2348.0,1970.0
TX_3,HOBBIES,TX,2015-07-27,2263,5.5100126,1,0,2531.0,2388.0,2352.0,2432.0,2085.0
TX_3,HOBBIES,TX,2015-08-03,2486,5.517962,5,0,2263.0,2531.0,2388.0,2352.0,1938.0
TX_3,HOBBIES,TX,2015-08-10,2456,5.514281,4,0,2486.0,2263.0,2531.0,2388.0,2000.0
TX_3,HOBBIES,TX,2015-08-17,2215,5.5190573,0,0,2456.0,2486.0,2263.0,2531.0,1959.0
TX_3,HOBBIES,TX,2015-08-24,2582,5.5170517,0,0,2215.0,2456.0,2486.0,2263.0,1911.0
TX_3,HOBBIES,TX,2015-08-31,2371,5.510948,4,0,2582.0,2215.0,2456.0,2486.0,1984.0
TX_3,HOBBIES,TX,2015-09-07,2432,5.5112433,5,1,2371.0,2582.0,2215.0,2456.0,2001.0
TX_3,HOBBIES,TX,2015-09-14,2631,5.5083766,1,0,2432.0,2371.0,2582.0,2215.0,2028.0
TX_3,HOBBIES,TX,2015-09-21,2420,5.495793,0,1,2631.0,2432.0,2371.0,2582.0,1780.0
TX_3,HOBBIES,TX,2015-09-28,2729,5.4991937,2,0,2420.0,2631.0,2432.0,2371.0,2253.0
TX_3,HOBBIES,TX,2015-10-05,2913,5.5063696,5,0,2729.0,2420.0,2631.0,2432.0,2304.0
TX_3,HOBBIES,TX,2015-10-12,2826,5.5053253,3,1,2913.0,2729.0,2420.0,2631.0,2417.0
TX_3,HOBBIES,TX,2015-10-19,3002,5.504541,0,0,2826.0,2913.0,2729.0,2420.0,2290.0
TX_3,HOBBIES,TX,2015-10-26,2934,5.502708,1,1,3002.0,2826.0,2913.0,2729.0,2491.0
TX_3,HOBBIES,TX,2015-11-02,2910,5.502501,4,0,2934.0,3002.0,2826.0,2913.0,2552.0
TX_3,HOBBIES,TX,2015-11-09,2756,5.502417,5,1,2910.0,2934.0,3002.0,2826.0,2456.0
TX_3,HOBBIES,TX,2015-11-16,2819,5.502538,0,0,2756.0,2910.0,2934.0,3002.0,2365.0
TX_3,HOBBIES,TX,2015-11-23,2488,5.5001245,0,1,2819.0,2756.0,2910.0,2934.0,2206.0
TX_3,HOBBIES,TX,2015-11-30,2860,5.498905,4,0,2488.0,2819.0,2756.0,2910.0,2550.0
TX_3,HOBBIES,TX,2015-12-07,2729,5.497815,5,0,2860.0,2488.0,2819.0,2756.0,2218.0
TX_3,HOBBIES,TX,2015-12-14,2732,5.502506,1,1,2729.0,2860.0,2488.0,2819.0,2408.0
TX_3,HOBBIES,TX,2015-12-21,2216,5.500255,0,1,2732.0,2729.0,2860.0,2488.0,1968.0
TX_3,HOBBIES,TX,2015-12-28,2389,5.498159,2,1,2216.0,2732.0,2729.0,2860.0,2250.0
TX_3,HOBBIES,TX,2016-01-04,2432,5.50359,4,1,2389.0,2216.0,2732.0,2729.0,2218.0
TX_3,HOBBIES,TX,2016-01-11,2639,5.5037775,4,0,2432.0,2389.0,2216.0,2732.0,2320.0
TX_3,HOBBIES,TX,2016-01-18,2678,5.5054617,0,1,2639.0,2432.0,2389.0,2216.0,2302.0
TX_3,HOBBIES,TX,2016-01-25,2793,5.5027175,0,0,2678.0,2639.0,2432.0,2389.0,2686.0
TX_3,HOBBIES,TX,2016-02-01,2950,5.4974465,5,1,2793.0,2678.0,2639.0,2432.0,2752.0
TX_3,HOBBIES,TX,2016-02-08,2931,5.4979825,4,2,2950.0,2793.0,2678.0,2639.0,2929.0
TX_3,HOBBIES,TX,2016-02-15,2782,5.498913,1,2,2931.0,2950.0,2793.0,2678.0,2638.0
TX_3,HOBBIES,TX,2016-02-22,2618,5.4988823,0,0,2782.0,2931.0,2950.0,2793.0,2554.0
TX_3,HOBBIES,TX,2016-02-29,2531,5.497416,4,0,2618.0,2782.0,2931.0,2950.0,2667.0
TX_3,HOBBIES,TX,2016-03-07,2275,5.497416,5,0,2531.0,2618.0,2782.0,2931.0,2672.0
TX_3,HOBBIES,TX,2016-03-14,2792,5.497517,1,1,2275.0,2531.0,2618.0,2782.0,2497.0
TX_3,HOBBIES,TX,2016-03-21,2744,5.4978056,0,2,2792.0,2275.0,2531.0,2618.0,2678.0
TX_3,HOBBIES,TX,2016-03-28,2796,5.497191,2,0,2744.0,2792.0,2275.0,2531.0,2809.0
TX_3,HOBBIES,TX,2016-04-04,2768,5.495732,4,0,2796.0,2744.0,2792.0,2275.0,2839.0
TX_3,HOBBIES,TX,2016-04-11,3053,5.4969435,4,0,2768.0,2796.0,2744.0,2792.0,2415.0
TX_3,HOBBIES,TX,2016-04-18,2752,5.4979644,0,0,3053.0,2768.0,2796.0,2744.0,2621.0
TX_3,HOBBIES,TX,2016-04-25,2965,5.4976106,1,2,2752.0,3053.0,2768.0,2796.0,2875.0
TX_3,HOBBIES,TX,2016-05-02,2910,5.498799,4,2,2965.0,2752.0,3053.0,2768.0,2920.0
TX_3,HOBBIES,TX,2016-05-09,2739,5.4998984,5,0,2910.0,2965.0,2752.0,3053.0,2738.0
TX_3,HOBBIES,TX,2016-05-16,3010,5.495297,0,0,2739.0,2910.0,2965.0,2752.0,2903.0
TX_3,HOUSEHOLD,TX,2011-01-31,2483,5.342201,4,1,,,,,
TX_3,HOUSEHOLD,TX,2011-02-07,2676,5.481514,5,0,2483.0,,,,
TX_3,HOUSEHOLD,TX,2011-02-14,3091,5.5303144,1,1,2676.0,2483.0,,,
TX_3,HOUSEHOLD,TX,2011-02-21,2888,5.5719733,0,1,3091.0,2676.0,2483.0,,
TX_3,HOUSEHOLD,TX,2011-02-28,2979,5.5843453,4,0,2888.0,3091.0,2676.0,2483.0,
TX_3,HOUSEHOLD,TX,2011-03-07,2691,5.5861673,5,1,2979.0,2888.0,3091.0,2676.0,
TX_3,HOUSEHOLD,TX,2011-03-14,2890,5.5972595,1,3,2691.0,2979.0,2888.0,3091.0,
TX_3,HOUSEHOLD,TX,2011-03-21,2897,5.59801,0,0,2890.0,2691.0,2979.0,2888.0,
TX_3,HOUSEHOLD,TX,2011-03-28,3002,5.5793366,2,0,2897.0,2890.0,2691.0,2979.0,
TX_3,HOUSEHOLD,TX,2011-04-04,2759,5.5796804,4,0,3002.0,2897.0,2890.0,2691.0,
TX_3,HOUSEHOLD,TX,2011-04-11,2873,5.581851,4,0,2759.0,3002.0,2897.0,2890.0,
TX_3,HOUSEHOLD,TX,2011-04-18,2579,5.570169,0,1,2873.0,2759.0,3002.0,2897.0,
TX_3,HOUSEHOLD,TX,2011-04-25,2909,5.5793457,1,1,2579.0,2873.0,2759.0,3002.0,
TX_3,HOUSEHOLD,TX,2011-05-02,2601,5.593061,4,2,2909.0,2579.0,2873.0,2759.0,
TX_3,HOUSEHOLD,TX,2011-05-09,2883,5.591526,5,0,2601.0,2909.0,2579.0,2873.0,
TX_3,HOUSEHOLD,TX,2011-05-16,2666,5.588111,0,0,2883.0,2601.0,2909.0,2579.0,
TX_3,HOUSEHOLD,TX,2011-05-23,2718,5.578705,0,0,2666.0,2883.0,2601.0,2909.0,
TX_3,HOUSEHOLD,TX,2011-05-30,3138,5.572506,3,2,2718.0,2666.0,2883.0,2601.0,
TX_3,HOUSEHOLD,TX,2011-06-06,3128,5.573998,5,1,3138.0,2718.0,2666.0,2883.0,
TX_3,HOUSEHOLD,TX,2011-06-13,2876,5.5718875,2,1,3128.0,3138.0,2718.0,2666.0,
TX_3,HOUSEHOLD,TX,2011-06-20,2892,5.5610776,0,0,2876.0,3128.0,3138.0,2718.0,
TX_3,HOUSEHOLD,TX,2011-06-27,2737,5.563793,2,0,2892.0,2876.0,3128.0,3138.0,
TX_3,HOUSEHOLD,TX,2011-07-04,2864,5.563394,4,1,2737.0,2892.0,2876.0,3128.0,
TX_3,HOUSEHOLD,TX,2011-07-11,2923,5.558082,4,0,2864.0,2737.0,2892.0,2876.0,
TX_3,HOUSEHOLD,TX,2011-07-18,2787,5.553119,0,0,2923.0,2864.0,2737.0,2892.0,
TX_3,HOUSEHOLD,TX,2011-07-25,2975,5.5399604,0,0,2787.0,2923.0,2864.0,2737.0,
TX_3,HOUSEHOLD,TX,2011-08-01,3149,5.5421596,5,1,2975.0,2787.0,2923.0,2864.0,
TX_3,HOUSEHOLD,TX,2011-08-08,2803,5.534899,4,0,3149.0,2975.0,2787.0,2923.0,
TX_3,HOUSEHOLD,TX,2011-08-15,3193,5.531611,1,0,2803.0,3149.0,2975.0,2787.0,
TX_3,HOUSEHOLD,TX,2011-08-22,3084,5.5372396,0,0,3193.0,2803.0,3149.0,2975.0,
TX_3,HOUSEHOLD,TX,2011-08-29,2871,5.5337033,2,1,3084.0,3193.0,2803.0,3149.0,
TX_3,HOUSEHOLD,TX,2011-09-05,3333,5.5205026,5,1,2871.0,3084.0,3193.0,2803.0,
TX_3,HOUSEHOLD,TX,2011-09-12,3207,5.5069747,3,0,3333.0,2871.0,3084.0,3193.0,
TX_3,HOUSEHOLD,TX,2011-09-19,2975,5.4912534,0,0,3207.0,3333.0,2871.0,3084.0,
TX_3,HOUSEHOLD,TX,2011-09-26,3389,5.4897723,1,0,2975.0,3207.0,3333.0,2871.0,
TX_3,HOUSEHOLD,TX,2011-10-03,3012,5.4950004,5,0,3389.0,2975.0,3207.0,3333.0,
TX_3,HOUSEHOLD,TX,2011-10-10,3296,5.4946666,4,1,3012.0,3389.0,2975.0,3207.0,
TX_3,HOUSEHOLD,TX,2011-10-17,3212,5.486665,0,0,3296.0,3012.0,3389.0,2975.0,
TX_3,HOUSEHOLD,TX,2011-10-24,3209,5.4796224,0,0,3212.0,3296.0,3012.0,3389.0,
TX_3,HOUSEHOLD,TX,2011-10-31,3721,5.471996,4,1,3209.0,3212.0,3296.0,3012.0,
TX_3,HOUSEHOLD,TX,2011-11-07,3288,5.471851,5,2,3721.0,3209.0,3212.0,3296.0,
TX_3,HOUSEHOLD,TX,2011-11-14,3291,5.4711313,1,0,3288.0,3721.0,3209.0,3212.0,
TX_3,HOUSEHOLD,TX,2011-11-21,2998,5.472156,0,1,3291.0,3288.0,3721.0,3209.0,
TX_3,HOUSEHOLD,TX,2011-11-28,3000,5.46419,2,0,2998.0,3291.0,3288.0,3721.0,
TX_3,HOUSEHOLD,TX,2011-12-05,2900,5.4609866,5,0,3000.0,2998.0,3291.0,3288.0,
TX_3,HOUSEHOLD,TX,2011-12-12,3026,5.459539,3,0,2900.0,3000.0,2998.0,3291.0,
TX_3,HOUSEHOLD,TX,2011-12-19,2498,5.4701185,0,1,3026.0,2900.0,3000.0,2998.0,
TX_3,HOUSEHOLD,TX,2011-12-26,3236,5.461081,1,2,2498.0,3026.0,2900.0,3000.0,
TX_3,HOUSEHOLD,TX,2012-01-02,3370,5.446273,4,1,3236.0,2498.0,3026.0,2900.0,
TX_3,HOUSEHOLD,TX,2012-01-09,3031,5.4597654,5,0,3370.0,3236.0,2498.0,3026.0,
TX_3,HOUSEHOLD,TX,2012-01-16,3159,5.4653234,0,1,3031.0,3370.0,3236.0,2498.0,
TX_3,HOUSEHOLD,TX,2012-01-23,3106,5.4721727,0,0,3159.0,3031.0,3370.0,3236.0,
TX_3,HOUSEHOLD,TX,2012-01-30,3856,5.501761,3,1,3106.0,3159.0,3031.0,3370.0,2483.0
TX_3,HOUSEHOLD,TX,2012-02-06,3518,5.522228,5,0,3856.0,3106.0,3159.0,3031.0,2676.0
TX_3,HOUSEHOLD,TX,2012-02-13,3374,5.5257707,2,1,3518.0,3856.0,3106.0,3159.0,3091.0
TX_3,HOUSEHOLD,TX,2012-02-20,3522,5.5341454,0,2,3374.0,3518.0,3856.0,3106.0,2888.0
TX_3,HOUSEHOLD,TX,2012-02-27,3798,5.544444,2,1,3522.0,3374.0,3518.0,3856.0,2979.0
TX_3,HOUSEHOLD,TX,2012-03-05,3916,5.578403,5,1,3798.0,3522.0,3374.0,3518.0,2691.0
TX_3,HOUSEHOLD,TX,2012-03-12,3843,5.5744505,3,1,3916.0,3798.0,3522.0,3374.0,2890.0
TX_3,HOUSEHOLD,TX,2012-03-19,3385,5.579623,0,0,3843.0,3916.0,3798.0,3522.0,2897.0
TX_3,HOUSEHOLD,TX,2012-03-26,3448,5.563926,1,0,3385.0,3843.0,3916.0,3798.0,3002.0
TX_3,HOUSEHOLD,TX,2012-04-02,3441,5.5651464,4,1,3448.0,3385.0,3843.0,3916.0,2759.0
TX_3,HOUSEHOLD,TX,2012-04-09,3550,5.5545034,5,2,3441.0,3448.0,3385.0,3843.0,2873.0
TX_3,HOUSEHOLD,TX,2012-04-16,3266,5.5570726,0,0,3550.0,3441.0,3448.0,3385.0,2579.0
TX_3,HOUSEHOLD,TX,2012-04-23,3218,5.5507627,0,0,3266.0,3550.0,3441.0,3448.0,2909.0
TX_3,HOUSEHOLD,TX,2012-04-30,3662,5.544438,4,1,3218.0,3266.0,3550.0,3441.0,2601.0
TX_3,HOUSEHOLD,TX,2012-05-07,3173,5.5372734,5,1,3662.0,3218.0,3266.0,3550.0,2883.0
TX_3,HOUSEHOLD,TX,2012-05-14,3344,5.5412307,1,0,3173.0,3662.0,3218.0,3266.0,2666.0
TX_3,HOUSEHOLD,TX,2012-05-21,3513,5.524609,0,0,3344.0,3173.0,3662.0,3218.0,2718.0
TX_3,HOUSEHOLD,TX,2012-05-28,4492,5.4901366,2,1,3513.0,3344.0,3173.0,3662.0,3138.0
TX_3,HOUSEHOLD,TX,2012-06-04,3827,5.488965,4,0,4492.0,3513.0,3344.0,3173.0,3128.0
TX_3,HOUSEHOLD,TX,2012-06-11,4522,5.480405,4,2,3827.0,4492.0,3513.0,3344.0,2876.0
TX_3,HOUSEHOLD,TX,2012-06-18,4606,5.4885263,0,1,4522.0,3827.0,4492.0,3513.0,2892.0
TX_3,HOUSEHOLD,TX,2012-06-25,4657,5.4811563,1,0,4606.0,4522.0,3827.0,4492.0,2737.0
TX_3,HOUSEHOLD,TX,2012-07-02,4602,5.475698,4,1,4657.0,4606.0,4522.0,3827.0,2864.0
TX_3,HOUSEHOLD,TX,2012-07-09,4476,5.465112,5,0,4602.0,4657.0,4606.0,4522.0,2923.0
TX_3,HOUSEHOLD,TX,2012-07-16,4486,5.462785,0,1,4476.0,4602.0,4657.0,4606.0,2787.0
TX_3,HOUSEHOLD,TX,2012-07-23,4011,5.4582815,0,0,4486.0,4476.0,4602.0,4657.0,2975.0
TX_3,HOUSEHOLD,TX,2012-07-30,4911,5.4702597,3,0,4011.0,4486.0,4476.0,4602.0,3149.0
TX_3,HOUSEHOLD,TX,2012-08-06,4693,5.5011263,5,0,4911.0,4011.0,4486.0,4476.0,2803.0
TX_3,HOUSEHOLD,TX,2012-08-13,5226,5.5007696,2,1,4693.0,4911.0,4011.0,4486.0,3193.0
TX_3,HOUSEHOLD,TX,2012-08-20,5259,5.4831843,0,0,5226.0,4693.0,4911.0,4011.0,3084.0
TX_3,HOUSEHOLD,TX,2012-08-27,5293,5.470481,1,0,5259.0,5226.0,4693.0,4911.0,2871.0
TX_3,HOUSEHOLD,TX,2012-09-03,6248,5.4728856,5,1,5293.0,5259.0,5226.0,4693.0,3333.0
TX_3,HOUSEHOLD,TX,2012-09-10,6139,5.4781027,4,0,6248.0,5293.0,5259.0,5226.0,3207.0
TX_3,HOUSEHOLD,TX,2012-09-17,5419,5.4751763,0,0,6139.0,6248.0,5293.0,5259.0,2975.0
TX_3,HOUSEHOLD,TX,2012-09-24,5677,5.482773,0,0,5419.0,6139.0,6248.0,5293.0,3389.0
TX_3,HOUSEHOLD,TX,2012-10-01,5435,5.480662,5,0,5677.0,5419.0,6139.0,6248.0,3012.0
TX_3,HOUSEHOLD,TX,2012-10-08,5632,5.477181,4,1,5435.0,5677.0,5419.0,6139.0,3296.0
TX_3,HOUSEHOLD,TX,2012-10-15,5425,5.4764905,1,0,5632.0,5435.0,5677.0,5419.0,3212.0
TX_3,HOUSEHOLD,TX,2012-10-22,4660,5.47716,0,1,5425.0,5632.0,5435.0,5677.0,3209.0
TX_3,HOUSEHOLD,TX,2012-10-29,4935,5.4802556,2,1,4660.0,5425.0,5632.0,5435.0,3721.0
TX_3,HOUSEHOLD,TX,2012-11-05,4892,5.4799223,5,1,4935.0,4660.0,5425.0,5632.0,3288.0
TX_3,HOUSEHOLD,TX,2012-11-12,4366,5.481584,3,0,4892.0,4935.0,4660.0,5425.0,3291.0
TX_3,HOUSEHOLD,TX,2012-11-19,4291,5.478762,0,1,4366.0,4892.0,4935.0,4660.0,2998.0
TX_3,HOUSEHOLD,TX,2012-11-26,4830,5.481047,1,0,4291.0,4366.0,4892.0,4935.0,3000.0
TX_3,HOUSEHOLD,TX,2012-12-03,4810,5.4761553,5,0,4830.0,4291.0,4366.0,4892.0,2900.0
TX_3,HOUSEHOLD,TX,2012-12-10,4155,5.47361,4,1,4810.0,4830.0,4291.0,4366.0,3026.0
TX_3,HOUSEHOLD,TX,2012-12-17,4332,5.4720254,0,0,4155.0,4810.0,4830.0,4291.0,2498.0
TX_3,HOUSEHOLD,TX,2012-12-24,5103,5.4697127,0,1,4332.0,4155.0,4810.0,4830.0,3236.0
TX_3,HOUSEHOLD,TX,2012-12-31,5522,5.467441,4,1,5103.0,4332.0,4155.0,4810.0,3370.0
TX_3,HOUSEHOLD,TX,2013-01-07,4370,5.4698157,5,1,5522.0,5103.0,4332.0,4155.0,3031.0
TX_3,HOUSEHOLD,TX,2013-01-14,4558,5.4675994,1,0,4370.0,5522.0,5103.0,4332.0,3159.0
TX_3,HOUSEHOLD,TX,2013-01-21,4476,5.4544826,0,1,4558.0,4370.0,5522.0,5103.0,3106.0
TX_3,HOUSEHOLD,TX,2013-01-28,4943,5.45396,2,1,4476.0,4558.0,4370.0,5522.0,3856.0
TX_3,HOUSEHOLD,TX,2013-02-04,5856,5.4507113,4,0,4943.0,4476.0,4558.0,4370.0,3518.0
TX_3,HOUSEHOLD,TX,2013-02-11,5643,5.4437003,4,2,5856.0,4943.0,4476.0,4558.0,3374.0
TX_3,HOUSEHOLD,TX,2013-02-18,6163,5.4489403,0,3,5643.0,5856.0,4943.0,4476.0,3522.0
TX_3,HOUSEHOLD,TX,2013-02-25,5712,5.456041,2,0,6163.0,5643.0,5856.0,4943.0,3798.0
TX_3,HOUSEHOLD,TX,2013-03-04,5821,5.4526315,4,0,5712.0,6163.0,5643.0,5856.0,3916.0
TX_3,HOUSEHOLD,TX,2013-03-11,5140,5.4383836,4,1,5821.0,5712.0,6163.0,5643.0,3843.0
TX_3,HOUSEHOLD,TX,2013-03-18,4934,5.4325533,0,0,5140.0,5821.0,5712.0,6163.0,3385.0
TX_3,HOUSEHOLD,TX,2013-03-25,4507,5.4394956,0,1,4934.0,5140.0,5821.0,5712.0,3448.0
TX_3,HOUSEHOLD,TX,2013-04-01,6345,5.4376025,5,1,4507.0,4934.0,5140.0,5821.0,3441.0
TX_3,HOUSEHOLD,TX,2013-04-08,5625,5.424564,4,0,6345.0,4507.0,4934.0,5140.0,3550.0
TX_3,HOUSEHOLD,TX,2013-04-15,5471,5.4079084,1,0,5625.0,6345.0,4507.0,4934.0,3266.0
TX_3,HOUSEHOLD,TX,2013-04-22,5357,5.410488,0,0,5471.0,5625.0,6345.0,4507.0,3218.0
TX_3,HOUSEHOLD,TX,2013-04-29,5503,5.412123,3,1,5357.0,5471.0,5625.0,6345.0,3662.0
TX_3,HOUSEHOLD,TX,2013-05-06,5186,5.4181395,5,1,5503.0,5357.0,5471.0,5625.0,3173.0
TX_3,HOUSEHOLD,TX,2013-05-13,5740,5.41447,2,0,5186.0,5503.0,5357.0,5471.0,3344.0
TX_3,HOUSEHOLD,TX,2013-05-20,5120,5.409299,0,0,5740.0,5186.0,5503.0,5357.0,3513.0
TX_3,HOUSEHOLD,TX,2013-05-27,5729,5.411195,1,1,5120.0,5740.0,5186.0,5503.0,4492.0
TX_3,HOUSEHOLD,TX,2013-06-03,5495,5.4103155,5,1,5729.0,5120.0,5740.0,5186.0,3827.0
TX_3,HOUSEHOLD,TX,2013-06-10,4710,5.4029336,4,1,5495.0,5729.0,5120.0,5740.0,4522.0
TX_3,HOUSEHOLD,TX,2013-06-17,5010,5.3952265,0,1,4710.0,5495.0,5729.0,5120.0,4606.0
TX_3,HOUSEHOLD,TX,2013-06-24,5014,5.406736,0,0,5010.0,4710.0,5495.0,5729.0,4657.0
TX_3,HOUSEHOLD,TX,2013-07-01,5431,5.4200106,5,1,5014.0,5010.0,4710.0,5495.0,4602.0
TX_3,HOUSEHOLD,TX,2013-07-08,5307,5.4343176,4,1,5431.0,5014.0,5010.0,4710.0,4476.0
TX_3,HOUSEHOLD,TX,2013-07-15,4648,5.420819,1,0,5307.0,5431.0,5014.0,5010.0,4486.0
TX_3,HOUSEHOLD,TX,2013-07-22,4566,5.4184575,0,0,4648.0,5307.0,5431.0,5014.0,4011.0
TX_3,HOUSEHOLD,TX,2013-07-29,5088,5.415119,2,0,4566.0,4648.0,5307.0,5431.0,4911.0
TX_3,HOUSEHOLD,TX,2013-08-05,5338,5.4073625,5,1,5088.0,4566.0,4648.0,5307.0,4693.0
TX_3,HOUSEHOLD,TX,2013-08-12,5337,5.4078946,3,0,5338.0,5088.0,4566.0,4648.0,5226.0
TX_3,HOUSEHOLD,TX,2013-08-19,5551,5.405516,0,0,5337.0,5338.0,5088.0,4566.0,5259.0
TX_3,HOUSEHOLD,TX,2013-08-26,5369,5.403196,1,0,5551.0,5337.0,5338.0,5088.0,5293.0
TX_3,HOUSEHOLD,TX,2013-09-02,5684,5.398834,4,1,5369.0,5551.0,5337.0,5338.0,6248.0
TX_3,HOUSEHOLD,TX,2013-09-09,5457,5.393798,5,0,5684.0,5369.0,5551.0,5337.0,6139.0
TX_3,HOUSEHOLD,TX,2013-09-16,6072,5.3821006,0,0,5457.0,5684.0,5369.0,5551.0,5419.0
TX_3,HOUSEHOLD,TX,2013-09-23,5324,5.378218,0,0,6072.0,5457.0,5684.0,5369.0,5677.0
TX_3,HOUSEHOLD,TX,2013-09-30,6412,5.379832,4,0,5324.0,6072.0,5457.0,5684.0,5435.0
TX_3,HOUSEHOLD,TX,2013-10-07,5278,5.3717947,5,0,6412.0,5324.0,6072.0,5457.0,5632.0
TX_3,HOUSEHOLD,TX,2013-10-14,5163,5.360784,1,2,5278.0,6412.0,5324.0,6072.0,5425.0
TX_3,HOUSEHOLD,TX,2013-10-21,5273,5.356887,0,0,5163.0,5278.0,6412.0,5324.0,4660.0
TX_3,HOUSEHOLD,TX,2013-10-28,5463,5.355701,2,1,5273.0,5163.0,5278.0,6412.0,4935.0
TX_3,HOUSEHOLD,TX,2013-11-04,4990,5.361461,4,0,5463.0,5273.0,5163.0,5278.0,4892.0
TX_3,HOUSEHOLD,TX,2013-11-11,4724,5.358195,4,1,4990.0,5463.0,5273.0,5163.0,4366.0
TX_3,HOUSEHOLD,TX,2013-11-18,4662,5.3619657,0,0,4724.0,4990.0,5463.0,5273.0,4291.0
TX_3,HOUSEHOLD,TX,2013-11-25,4609,5.36881,1,1,4662.0,4724.0,4990.0,5463.0,4830.0
TX_3,HOUSEHOLD,TX,2013-12-02,4992,5.3712387,4,1,4609.0,4662.0,4724.0,4990.0,4810.0
TX_3,HOUSEHOLD,TX,2013-12-09,4437,5.368945,5,0,4992.0,4609.0,4662.0,4724.0,4155.0
TX_3,HOUSEHOLD,TX,2013-12-16,4695,5.3699827,0,0,4437.0,4992.0,4609.0,4662.0,4332.0
TX_3,HOUSEHOLD,TX,2013-12-23,4400,5.3746448,0,1,4695.0,4437.0,4992.0,4609.0,5103.0
TX_3,HOUSEHOLD,TX,2013-12-30,4785,5.3761706,3,1,4400.0,4695.0,4437.0,4992.0,5522.0
TX_3,HOUSEHOLD,TX,2014-01-06,4715,5.3801827,5,1,4785.0,4400.0,4695.0,4437.0,4370.0
TX_3,HOUSEHOLD,TX,2014-01-13,4495,5.3771515,2,0,4715.0,4785.0,4400.0,4695.0,4558.0
TX_3,HOUSEHOLD,TX,2014-01-20,4445,5.3818235,0,1,4495.0,4715.0,4785.0,4400.0,4476.0
TX_3,HOUSEHOLD,TX,2014-01-27,4830,5.393607,1,1,4445.0,4495.0,4715.0,4785.0,4943.0
TX_3,HOUSEHOLD,TX,2014-02-03,5379,5.391797,5,0,4830.0,4445.0,4495.0,4715.0,5856.0
TX_3,HOUSEHOLD,TX,2014-02-10,6835,5.3933024,4,1,5379.0,4830.0,4445.0,4495.0,5643.0
TX_3,HOUSEHOLD,TX,2014-02-17,6566,5.420616,0,1,6835.0,5379.0,4830.0,4445.0,6163.0
TX_3,HOUSEHOLD,TX,2014-02-24,5659,5.4495544,1,0,6566.0,6835.0,5379.0,4830.0,5712.0
TX_3,HOUSEHOLD,TX,2014-03-03,6019,5.4499183,5,1,5659.0,6566.0,6835.0,5379.0,5821.0
TX_3,HOUSEHOLD,TX,2014-03-10,6326,5.4380364,4,2,6019.0,5659.0,6566.0,6835.0,5140.0
TX_3,HOUSEHOLD,TX,2014-03-17,5623,5.432369,0,1,6326.0,6019.0,5659.0,6566.0,4934.0
TX_3,HOUSEHOLD,TX,2014-03-24,5374,5.43792,0,0,5623.0,6326.0,6019.0,5659.0,4507.0
TX_3,HOUSEHOLD,TX,2014-03-31,6435,5.4374237,4,0,5374.0,5623.0,6326.0,6019.0,6345.0
TX_3,HOUSEHOLD,TX,2014-04-07,6012,5.435331,5,0,6435.0,5374.0,5623.0,6326.0,5625.0
TX_3,HOUSEHOLD,TX,2014-04-14,5749,5.441673,1,1,6012.0,6435.0,5374.0,5623.0,5471.0
TX_3,HOUSEHOLD,TX,2014-04-21,5452,5.4373865,0,1,5749.0,6012.0,6435.0,5374.0,5357.0
TX_3,HOUSEHOLD,TX,2014-04-28,6136,5.4317293,2,0,5452.0,5749.0,6012.0,6435.0,5503.0
TX_3,HOUSEHOLD,TX,2014-05-05,5138,5.4369364,5,2,6136.0,5452.0,5749.0,6012.0,5186.0
TX_3,HOUSEHOLD,TX,2014-05-12,5290,5.4368744,3,0,5138.0,6136.0,5452.0,5749.0,5740.0
TX_3,HOUSEHOLD,TX,2014-05-19,5123,5.4337044,0,0,5290.0,5138.0,6136.0,5452.0,5120.0
TX_3,HOUSEHOLD,TX,2014-05-26,5323,5.436524,1,1,5123.0,5290.0,5138.0,6136.0,5729.0
TX_3,HOUSEHOLD,TX,2014-06-02,5897,5.4353094,4,1,5323.0,5123.0,5290.0,5138.0,5495.0
TX_3,HOUSEHOLD,TX,2014-06-09,5441,5.4374356,5,1,5897.0,5323.0,5123.0,5290.0,4710.0
TX_3,HOUSEHOLD,TX,2014-06-16,5700,5.4478765,0,0,5441.0,5897.0,5323.0,5123.0,5010.0
TX_3,HOUSEHOLD,TX,2014-06-23,5522,5.447414,0,1,5700.0,5441.0,5897.0,5323.0,5014.0
TX_3,HOUSEHOLD,TX,2014-06-30,6143,5.4445467,4,1,5522.0,5700.0,5441.0,5897.0,5431.0
TX_3,HOUSEHOLD,TX,2014-07-07,5655,5.448322,5,0,6143.0,5522.0,5700.0,5441.0,5307.0
TX_3,HOUSEHOLD,TX,2014-07-14,5887,5.447259,1,0,5655.0,6143.0,5522.0,5700.0,4648.0
TX_3,HOUSEHOLD,TX,2014-07-21,5377,5.4436994,0,0,5887.0,5655.0,6143.0,5522.0,4566.0
TX_3,HOUSEHOLD,TX,2014-07-28,6360,5.4410825,2,1,5377.0,5887.0,5655.0,6143.0,5088.0
TX_3,HOUSEHOLD,TX,2014-08-04,5823,5.437187,4,0,6360.0,5377.0,5887.0,5655.0,5338.0
TX_3,HOUSEHOLD,TX,2014-08-11,5926,5.4386444,4,0,5823.0,6360.0,5377.0,5887.0,5337.0
TX_3,HOUSEHOLD,TX,2014-08-18,6413,5.4495454,0,0,5926.0,5823.0,6360.0,5377.0,5551.0
TX_3,HOUSEHOLD,TX,2014-08-25,6142,5.449497,0,0,6413.0,5926.0,5823.0,6360.0,5369.0
TX_3,HOUSEHOLD,TX,2014-09-01,5774,5.459005,5,1,6142.0,6413.0,5926.0,5823.0,5684.0
TX_3,HOUSEHOLD,TX,2014-09-08,6198,5.4582725,4,0,5774.0,6142.0,6413.0,5926.0,5457.0
TX_3,HOUSEHOLD,TX,2014-09-15,6202,5.4557943,1,0,6198.0,5774.0,6142.0,6413.0,6072.0
TX_3,HOUSEHOLD,TX,2014-09-22,5561,5.453374,0,0,6202.0,6198.0,5774.0,6142.0,5324.0
TX_3,HOUSEHOLD,TX,2014-09-29,6662,5.451541,3,1,5561.0,6202.0,6198.0,5774.0,6412.0
TX_3,HOUSEHOLD,TX,2014-10-06,6021,5.4466352,5,0,6662.0,5561.0,6202.0,6198.0,5278.0
TX_3,HOUSEHOLD,TX,2014-10-13,5693,5.439269,2,1,6021.0,6662.0,5561.0,6202.0,5163.0
TX_3,HOUSEHOLD,TX,2014-10-20,5699,5.445411,0,0,5693.0,6021.0,6662.0,5561.0,5273.0
TX_3,HOUSEHOLD,TX,2014-10-27,5600,5.4431186,1,1,5699.0,5693.0,6021.0,6662.0,5463.0
TX_3,HOUSEHOLD,TX,2014-11-03,6047,5.4428115,5,0,5600.0,5699.0,5693.0,6021.0,4990.0
TX_3,HOUSEHOLD,TX,2014-11-10,5201,5.452953,4,1,6047.0,5600.0,5699.0,5693.0,4724.0
TX_3,HOUSEHOLD,TX,2014-11-17,5491,5.452727,0,0,5201.0,6047.0,5600.0,5699.0,4662.0
TX_3,HOUSEHOLD,TX,2014-11-24,5247,5.452754,0,1,5491.0,5201.0,6047.0,5600.0,4609.0
TX_3,HOUSEHOLD,TX,2014-12-01,5861,5.4518504,5,0,5247.0,5491.0,5201.0,6047.0,4992.0
TX_3,HOUSEHOLD,TX,2014-12-08,5411,5.4479327,4,0,5861.0,5247.0,5491.0,5201.0,4437.0
TX_3,HOUSEHOLD,TX,2014-12-15,5369,5.44682,1,0,5411.0,5861.0,5247.0,5491.0,4695.0
TX_3,HOUSEHOLD,TX,2014-12-22,4894,5.4494205,0,2,5369.0,5411.0,5861.0,5247.0,4400.0
TX_3,HOUSEHOLD,TX,2014-12-29,5289,5.447108,2,1,4894.0,5369.0,5411.0,5861.0,4785.0
TX_3,HOUSEHOLD,TX,2015-01-05,4850,5.4454126,5,1,5289.0,4894.0,5369.0,5411.0,4715.0
TX_3,HOUSEHOLD,TX,2015-01-12,5731,5.438938,3,0,4850.0,5289.0,4894.0,5369.0,4495.0
TX_3,HOUSEHOLD,TX,2015-01-19,5651,5.432,0,1,5731.0,4850.0,5289.0,4894.0,4445.0
TX_3,HOUSEHOLD,TX,2015-01-26,6309,5.4383216,1,1,5651.0,5731.0,4850.0,5289.0,4830.0
TX_3,HOUSEHOLD,TX,2015-02-02,6665,5.440995,4,0,6309.0,5651.0,5731.0,4850.0,5379.0
TX_3,HOUSEHOLD,TX,2015-02-09,6678,5.434938,5,1,6665.0,6309.0,5651.0,5731.0,6835.0
TX_3,HOUSEHOLD,TX,2015-02-16,7430,5.4306703,0,2,6678.0,6665.0,6309.0,5651.0,6566.0
TX_3,HOUSEHOLD,TX,2015-02-23,7619,5.4305296,1,1,7430.0,6678.0,6665.0,6309.0,5659.0
TX_3,HOUSEHOLD,TX,2015-03-02,7225,5.4328876,4,1,7619.0,7430.0,6678.0,6665.0,6019.0
TX_3,HOUSEHOLD,TX,2015-03-09,7207,5.4355006,5,0,7225.0,7619.0,7430.0,6678.0,6326.0
TX_3,HOUSEHOLD,TX,2015-03-16,6545,5.434979,0,1,7207.0,7225.0,7619.0,7430.0,5623.0
TX_3,HOUSEHOLD,TX,2015-03-23,6556,5.4394507,0,0,6545.0,7207.0,7225.0,7619.0,5374.0
TX_3,HOUSEHOLD,TX,2015-03-30,6900,5.451403,3,1,6556.0,6545.0,7207.0,7225.0,6435.0
TX_3,HOUSEHOLD,TX,2015-04-06,7706,5.4626017,5,2,6900.0,6556.0,6545.0,7207.0,6012.0
TX_3,HOUSEHOLD,TX,2015-04-13,7473,5.461692,2,0,7706.0,6900.0,6556.0,6545.0,5749.0
TX_3,HOUSEHOLD,TX,2015-04-20,6670,5.4619284,0,0,7473.0,7706.0,6900.0,6556.0,5452.0
TX_3,HOUSEHOLD,TX,2015-04-27,7059,5.4612007,2,0,6670.0,7473.0,7706.0,6900.0,6136.0
TX_3,HOUSEHOLD,TX,2015-05-04,6830,5.457709,4,2,7059.0,6670.0,7473.0,7706.0,5138.0
TX_3,HOUSEHOLD,TX,2015-05-11,7701,5.457914,4,0,6830.0,7059.0,6670.0,7473.0,5290.0
TX_3,HOUSEHOLD,TX,2015-05-18,7162,5.456437,0,0,7701.0,6830.0,7059.0,6670.0,5123.0
TX_3,HOUSEHOLD,TX,2015-05-25,7211,5.450048,0,1,7162.0,7701.0,6830.0,7059.0,5323.0
TX_3,HOUSEHOLD,TX,2015-06-01,7771,5.4398413,5,1,7211.0,7162.0,7701.0,6830.0,5897.0
TX_3,HOUSEHOLD,TX,2015-06-08,6928,5.4448347,4,0,7771.0,7211.0,7162.0,7701.0,5441.0
TX_3,HOUSEHOLD,TX,2015-06-15,6974,5.4536157,1,3,6928.0,7771.0,7211.0,7162.0,5700.0
TX_3,HOUSEHOLD,TX,2015-06-22,6784,5.459351,0,0,6974.0,6928.0,7771.0,7211.0,5522.0
TX_3,HOUSEHOLD,TX,2015-06-29,7306,5.4648657,3,1,6784.0,6974.0,6928.0,7771.0,6143.0
TX_3,HOUSEHOLD,TX,2015-07-06,6618,5.4646387,5,0,7306.0,6784.0,6974.0,6928.0,5655.0
TX_3,HOUSEHOLD,TX,2015-07-13,6561,5.462678,2,1,6618.0,7306.0,6784.0,6974.0,5887.0
TX_3,HOUSEHOLD,TX,2015-07-20,7212,5.459784,0,0,6561.0,6618.0,7306.0,6784.0,5377.0
TX_3,HOUSEHOLD,TX,2015-07-27,6986,5.460739,1,0,7212.0,6561.0,6618.0,7306.0,6360.0
TX_3,HOUSEHOLD,TX,2015-08-03,7193,5.460195,5,0,6986.0,7212.0,6561.0,6618.0,5823.0
TX_3,HOUSEHOLD,TX,2015-08-10,6788,5.4620366,4,0,7193.0,6986.0,7212.0,6561.0,5926.0
TX_3,HOUSEHOLD,TX,2015-08-17,7456,5.4608884,0,0,6788.0,7193.0,6986.0,7212.0,6413.0
TX_3,HOUSEHOLD,TX,2015-08-24,7023,5.4581857,0,0,7456.0,6788.0,7193.0,6986.0,6142.0
TX_3,HOUSEHOLD,TX,2015-08-31,7448,5.4592385,4,0,7023.0,7456.0,6788.0,7193.0,5774.0
TX_3,HOUSEHOLD,TX,2015-09-07,6863,5.4594107,5,1,7448.0,7023.0,7456.0,6788.0,6198.0
TX_3,HOUSEHOLD,TX,2015-09-14,6719,5.4538493,1,0,6863.0,7448.0,7023.0,7456.0,6202.0
TX_3,HOUSEHOLD,TX,2015-09-21,6498,5.45342,0,1,6719.0,6863.0,7448.0,7023.0,5561.0
TX_3,HOUSEHOLD,TX,2015-09-28,7439,5.4563622,2,0,6498.0,6719.0,6863.0,7448.0,6662.0
TX_3,HOUSEHOLD,TX,2015-10-05,7543,5.4512305,5,0,7439.0,6498.0,6719.0,6863.0,6021.0
TX_3,HOUSEHOLD,TX,2015-10-12,6514,5.453725,3,1,7543.0,7439.0,6498.0,6719.0,5693.0
TX_3,HOUSEHOLD,TX,2015-10-19,5991,5.460956,0,0,6514.0,7543.0,7439.0,6498.0,5699.0
TX_3,HOUSEHOLD,TX,2015-10-26,6777,5.4602156,1,1,5991.0,6514.0,7543.0,7439.0,5600.0
TX_3,HOUSEHOLD,TX,2015-11-02,7202,5.4611425,4,0,6777.0,5991.0,6514.0,7543.0,6047.0
TX_3,HOUSEHOLD,TX,2015-11-09,6516,5.4621515,5,1,7202.0,6777.0,5991.0,6514.0,5201.0
TX_3,HOUSEHOLD,TX,2015-11-16,6333,5.4684157,0,0,6516.0,7202.0,6777.0,5991.0,5491.0
TX_3,HOUSEHOLD,TX,2015-11-23,5269,5.471789,0,1,6333.0,6516.0,7202.0,6777.0,5247.0
TX_3,HOUSEHOLD,TX,2015-11-30,6783,5.47237,4,0,5269.0,6333.0,6516.0,7202.0,5861.0
TX_3,HOUSEHOLD,TX,2015-12-07,5974,5.4734917,5,0,6783.0,5269.0,6333.0,6516.0,5411.0
TX_3,HOUSEHOLD,TX,2015-12-14,5925,5.471366,1,1,5974.0,6783.0,5269.0,6333.0,5369.0
TX_3,HOUSEHOLD,TX,2015-12-21,5742,5.4701133,0,1,5925.0,5974.0,6783.0,5269.0,4894.0
TX_3,HOUSEHOLD,TX,2015-12-28,6380,5.4679914,2,1,5742.0,5925.0,5974.0,6783.0,5289.0
TX_3,HOUSEHOLD,TX,2016-01-04,6589,5.4729033,4,1,6380.0,5742.0,5925.0,5974.0,4850.0
TX_3,HOUSEHOLD,TX,2016-01-11,6056,5.4729033,4,0,6589.0,6380.0,5742.0,5925.0,5731.0
TX_3,HOUSEHOLD,TX,2016-01-18,6052,5.4729743,0,1,6056.0,6589.0,6380.0,5742.0,5651.0
TX_3,HOUSEHOLD,TX,2016-01-25,6000,5.4698668,0,0,6052.0,6056.0,6589.0,6380.0,6309.0
TX_3,HOUSEHOLD,TX,2016-02-01,6913,5.4639173,5,1,6000.0,6052.0,6056.0,6589.0,6665.0
TX_3,HOUSEHOLD,TX,2016-02-08,7164,5.4691076,4,2,6913.0,6000.0,6052.0,6056.0,6678.0
TX_3,HOUSEHOLD,TX,2016-02-15,7179,5.4676247,1,2,7164.0,6913.0,6000.0,6052.0,7430.0
TX_3,HOUSEHOLD,TX,2016-02-22,6935,5.4659095,0,0,7179.0,7164.0,6913.0,6000.0,7619.0
TX_3,HOUSEHOLD,TX,2016-02-29,7420,5.4643416,4,0,6935.0,7179.0,7164.0,6913.0,7225.0
TX_3,HOUSEHOLD,TX,2016-03-07,6675,5.465735,5,0,7420.0,6935.0,7179.0,7164.0,7207.0
TX_3,HOUSEHOLD,TX,2016-03-14,6879,5.4632277,1,1,6675.0,7420.0,6935.0,7179.0,6545.0
TX_3,HOUSEHOLD,TX,2016-03-21,6085,5.4606047,0,2,6879.0,6675.0,7420.0,6935.0,6556.0
TX_3,HOUSEHOLD,TX,2016-03-28,6873,5.460824,2,0,6085.0,6879.0,6675.0,7420.0,6900.0
TX_3,HOUSEHOLD,TX,2016-04-04,6818,5.464938,4,0,6873.0,6085.0,6879.0,6675.0,7706.0
TX_3,HOUSEHOLD,TX,2016-04-11,6353,5.464799,4,0,6818.0,6873.0,6085.0,6879.0,7473.0
TX_3,HOUSEHOLD,TX,2016-04-18,6360,5.464448,0,0,6353.0,6818.0,6873.0,6085.0,6670.0
TX_3,HOUSEHOLD,TX,2016-04-25,6787,5.4640317,1,2,6360.0,6353.0,6818.0,6873.0,7059.0
TX_3,HOUSEHOLD,TX,2016-05-02,6849,5.4617996,4,2,6787.0,6360.0,6353.0,6818.0,6830.0
TX_3,HOUSEHOLD,TX,2016-05-09,6911,5.460259,5,0,6849.0,6787.0,6360.0,6353.0,7701.0
TX_3,HOUSEHOLD,TX,2016-05-16,7337,5.463707,0,0,6911.0,6849.0,6787.0,6360.0,7162.0
WI_1,FOODS,WI,2011-01-31,7965,2.772169,4,1,,,,,
WI_1,FOODS,WI,2011-02-07,7192,2.8113573,4,0,7965.0,,,,
WI_1,FOODS,WI,2011-02-14,6375,2.82905,2,1,7192.0,7965.0,,,
WI_1,FOODS,WI,2011-02-21,6049,2.8217158,0,1,6375.0,7192.0,7965.0,,
WI_1,FOODS,WI,2011-02-28,6632,2.81897,4,0,6049.0,6375.0,7192.0,7965.0,
WI_1,FOODS,WI,2011-03-07,6148,2.8131483,4,1,6632.0,6049.0,6375.0,7192.0,
WI_1,FOODS,WI,2011-03-14,6382,2.8100429,2,3,6148.0,6632.0,6049.0,6375.0,
WI_1,FOODS,WI,2011-03-21,6462,2.8074248,0,0,6382.0,6148.0,6632.0,6049.0,
WI_1,FOODS,WI,2011-03-28,6525,2.8065002,2,0,6462.0,6382.0,6148.0,6632.0,
WI_1,FOODS,WI,2011-04-04,6336,2.8168023,4,0,6525.0,6462.0,6382.0,6148.0,
WI_1,FOODS,WI,2011-04-11,6083,2.839166,4,0,6336.0,6525.0,6462.0,6382.0,
WI_1,FOODS,WI,2011-04-18,5424,2.854618,0,1,6083.0,6336.0,6525.0,6462.0,
WI_1,FOODS,WI,2011-04-25,5533,2.8681095,0,1,5424.0,6083.0,6336.0,6525.0,
WI_1,FOODS,WI,2011-05-02,5466,2.8629544,5,2,5533.0,5424.0,6083.0,6336.0,
WI_1,FOODS,WI,2011-05-09,5604,2.8543694,5,0,5466.0,5533.0,5424.0,6083.0,
WI_1,FOODS,WI,2011-05-16,5560,2.8494227,0,0,5604.0,5466.0,5533.0,5424.0,
WI_1,FOODS,WI,2011-05-23,5281,2.8524897,0,0,5560.0,5604.0,5466.0,5533.0,
WI_1,FOODS,WI,2011-05-30,6293,2.863008,3,2,5281.0,5560.0,5604.0,5466.0,
WI_1,FOODS,WI,2011-06-06,6087,2.8671792,5,1,6293.0,5281.0,5560.0,5604.0,
WI_1,FOODS,WI,2011-06-13,6207,2.8678133,2,1,6087.0,6293.0,5281.0,5560.0,
WI_1,FOODS,WI,2011-06-20,5950,2.867578,0,0,6207.0,6087.0,6293.0,5281.0,
WI_1,FOODS,WI,2011-06-27,6632,2.8714795,2,0,5950.0,6207.0,6087.0,6293.0,
WI_1,FOODS,WI,2011-07-04,6151,2.8799596,4,1,6632.0,5950.0,6207.0,6087.0,
WI_1,FOODS,WI,2011-07-11,6093,2.8836274,4,0,6151.0,6632.0,5950.0,6207.0,
WI_1,FOODS,WI,2011-07-18,6200,2.8870595,0,0,6093.0,6151.0,6632.0,5950.0,
WI_1,FOODS,WI,2011-07-25,5961,2.9025748,0,0,6200.0,6093.0,6151.0,6632.0,
WI_1,FOODS,WI,2011-08-01,5174,2.9404657,4,1,5961.0,6200.0,6093.0,6151.0,
WI_1,FOODS,WI,2011-08-08,5477,2.9475842,5,0,5174.0,5961.0,6200.0,6093.0,
WI_1,FOODS,WI,2011-08-15,5648,2.9408112,1,0,5477.0,5174.0,5961.0,6200.0,
WI_1,FOODS,WI,2011-08-22,5681,2.933889,0,0,5648.0,5477.0,5174.0,5961.0,
WI_1,FOODS,WI,2011-08-29,6498,2.937821,2,1,5681.0,5648.0,5477.0,5174.0,
WI_1,FOODS,WI,2011-09-05,5936,2.9494803,5,1,6498.0,5681.0,5648.0,5477.0,
WI_1,FOODS,WI,2011-09-12,6073,2.9721591,3,0,5936.0,6498.0,5681.0,5648.0,
WI_1,FOODS,WI,2011-09-19,5942,2.97937,0,0,6073.0,5936.0,6498.0,5681.0,
WI_1,FOODS,WI,2011-09-26,6437,2.979746,1,0,5942.0,6073.0,5936.0,6498.0,
WI_1,FOODS,WI,2011-10-03,6518,2.9843848,5,0,6437.0,5942.0,6073.0,5936.0,
WI_1,FOODS,WI,2011-10-10,6656,2.9915009,4,1,6518.0,6437.0,5942.0,6073.0,
WI_1,FOODS,WI,2011-10-17,6516,3.000084,0,0,6656.0,6518.0,6437.0,5942.0,
WI_1,FOODS,WI,2011-10-24,6621,3.011743,0,0,6516.0,6656.0,6518.0,6437.0,
WI_1,FOODS,WI,2011-10-31,6534,3.0139558,4,1,6621.0,6516.0,6656.0,6518.0,
WI_1,FOODS,WI,2011-11-07,6886,3.012606,4,2,6534.0,6621.0,6516.0,6656.0,
WI_1,FOODS,WI,2011-11-14,6375,3.0160902,2,0,6886.0,6534.0,6621.0,6516.0,
WI_1,FOODS,WI,2011-11-21,6722,3.0178015,0,1,6375.0,6886.0,6534.0,6621.0,
WI_1,FOODS,WI,2011-11-28,7215,3.0095603,2,0,6722.0,6375.0,6886.0,6534.0,
WI_1,FOODS,WI,2011-12-05,7554,3.0084424,5,0,7215.0,6722.0,6375.0,6886.0,
WI_1,FOODS,WI,2011-12-12,7375,3.0031588,3,0,7554.0,7215.0,6722.0,6375.0,
WI_1,FOODS,WI,2011-12-19,6705,3.0014064,0,1,7375.0,7554.0,7215.0,6722.0,
WI_1,FOODS,WI,2011-12-26,6769,3.0054133,0,2,6705.0,7375.0,7554.0,7215.0,
WI_1,FOODS,WI,2012-01-02,7258,3.013348,5,1,6769.0,6705.0,7375.0,7554.0,
WI_1,FOODS,WI,2012-01-09,6997,3.0097277,5,0,7258.0,6769.0,6705.0,7375.0,
WI_1,FOODS,WI,2012-01-16,6965,3.0095751,0,1,6997.0,7258.0,6769.0,6705.0,
WI_1,FOODS,WI,2012-01-23,6845,3.0127673,0,0,6965.0,6997.0,7258.0,6769.0,
WI_1,FOODS,WI,2012-01-30,7630,3.007279,3,1,6845.0,6965.0,6997.0,7258.0,7965.0
WI_1,FOODS,WI,2012-02-06,7277,3.0063813,5,0,7630.0,6845.0,6965.0,6997.0,7192.0
WI_1,FOODS,WI,2012-02-13,7291,3.006998,2,1,7277.0,7630.0,6845.0,6965.0,6375.0
WI_1,FOODS,WI,2012-02-20,7249,3.0099685,0,2,7291.0,7277.0,7630.0,6845.0,6049.0
WI_1,FOODS,WI,2012-02-27,7425,3.016024,2,1,7249.0,7291.0,7277.0,7630.0,6632.0
WI_1,FOODS,WI,2012-03-05,7374,3.0224974,5,1,7425.0,7249.0,7291.0,7277.0,6148.0
WI_1,FOODS,WI,2012-03-12,7572,3.025047,3,1,7374.0,7425.0,7249.0,7291.0,6382.0
WI_1,FOODS,WI,2012-03-19,7434,3.03466,0,0,7572.0,7374.0,7425.0,7249.0,6462.0
WI_1,FOODS,WI,2012-03-26,7310,3.0344617,0,0,7434.0,7572.0,7374.0,7425.0,6525.0
WI_1,FOODS,WI,2012-04-02,8137,3.034487,5,1,7310.0,7434.0,7572.0,7374.0,6336.0
WI_1,FOODS,WI,2012-04-09,7086,3.031187,5,2,8137.0,7310.0,7434.0,7572.0,6083.0
WI_1,FOODS,WI,2012-04-16,6758,3.0303674,0,0,7086.0,8137.0,7310.0,7434.0,5424.0
WI_1,FOODS,WI,2012-04-23,7472,3.031124,0,0,6758.0,7086.0,8137.0,7310.0,5533.0
WI_1,FOODS,WI,2012-04-30,8001,3.0298936,4,1,7472.0,6758.0,7086.0,8137.0,5466.0
WI_1,FOODS,WI,2012-05-07,7739,3.0292642,4,1,8001.0,7472.0,6758.0,7086.0,5604.0
WI_1,FOODS,WI,2012-05-14,8338,3.028069,2,0,7739.0,8001.0,7472.0,6758.0,5560.0
WI_1,FOODS,WI,2012-05-21,8626,3.0376763,0,0,8338.0,7739.0,8001.0,7472.0,5281.0
WI_1,FOODS,WI,2012-05-28,7976,3.0628476,2,1,8626.0,8338.0,7739.0,8001.0,6293.0
WI_1,FOODS,WI,2012-06-04,8130,3.0642784,4,0,7976.0,8626.0,8338.0,7739.0,6087.0
WI_1,FOODS,WI,2012-06-11,8989,3.0652928,4,2,8130.0,7976.0,8626.0,8338.0,6207.0
WI_1,FOODS,WI,2012-06-18,8968,3.0683649,0,1,8989.0,8130.0,7976.0,8626.0,5950.0
WI_1,FOODS,WI,2012-06-25,8513,3.0708039,0,0,8968.0,8989.0,8130.0,7976.0,6632.0
WI_1,FOODS,WI,2012-07-02,9042,3.0818295,5,1,8513.0,8968.0,8989.0,8130.0,6151.0
WI_1,FOODS,WI,2012-07-09,8043,3.071979,5,0,9042.0,8513.0,8968.0,8989.0,6093.0
WI_1,FOODS,WI,2012-07-16,7793,3.0568194,0,1,8043.0,9042.0,8513.0,8968.0,6200.0
WI_1,FOODS,WI,2012-07-23,7086,3.0495713,0,0,7793.0,8043.0,9042.0,8513.0,5961.0
WI_1,FOODS,WI,2012-07-30,7551,3.0464532,3,0,7086.0,7793.0,8043.0,9042.0,5174.0
WI_1,FOODS,WI,2012-08-06,6681,3.039234,5,0,7551.0,7086.0,7793.0,8043.0,5477.0
WI_1,FOODS,WI,2012-08-13,7400,3.037875,2,1,6681.0,7551.0,7086.0,7793.0,5648.0
WI_1,FOODS,WI,2012-08-20,7348,3.0367198,0,0,7400.0,6681.0,7551.0,7086.0,5681.0
WI_1,FOODS,WI,2012-08-27,7739,3.0380332,1,0,7348.0,7400.0,6681.0,7551.0,6498.0
WI_1,FOODS,WI,2012-09-03,7448,3.04052,5,1,7739.0,7348.0,7400.0,6681.0,5936.0
WI_1,FOODS,WI,2012-09-10,7162,3.048286,4,0,7448.0,7739.0,7348.0,7400.0,6073.0
WI_1,FOODS,WI,2012-09-17,7273,3.0597787,0,0,7162.0,7448.0,7739.0,7348.0,5942.0
WI_1,FOODS,WI,2012-09-24,7331,3.0597482,0,0,7273.0,7162.0,7448.0,7739.0,6437.0
WI_1,FOODS,WI,2012-10-01,6784,3.0620751,4,0,7331.0,7273.0,7162.0,7448.0,6518.0
WI_1,FOODS,WI,2012-10-08,6737,3.0643895,5,1,6784.0,7331.0,7273.0,7162.0,6656.0
WI_1,FOODS,WI,2012-10-15,4902,3.0659282,1,0,6737.0,6784.0,7331.0,7273.0,6516.0
WI_1,FOODS,WI,2012-10-22,9352,3.102152,0,1,4902.0,6737.0,6784.0,7331.0,6621.0
WI_1,FOODS,WI,2012-10-29,13922,3.1757436,2,1,9352.0,4902.0,6737.0,6784.0,6534.0
WI_1,FOODS,WI,2012-11-05,14686,3.2070065,5,1,13922.0,9352.0,4902.0,6737.0,6886.0
WI_1,FOODS,WI,2012-11-12,14106,3.212929,3,0,14686.0,13922.0,9352.0,4902.0,6375.0
WI_1,FOODS,WI,2012-11-19,11796,3.2147083,0,1,14106.0,14686.0,13922.0,9352.0,6722.0
WI_1,FOODS,WI,2012-11-26,12893,3.2177052,1,0,11796.0,14106.0,14686.0,13922.0,7215.0
WI_1,FOODS,WI,2012-12-03,15354,3.2171013,5,0,12893.0,11796.0,14106.0,14686.0,7554.0
WI_1,FOODS,WI,2012-12-10,14546,3.2153618,4,1,15354.0,12893.0,11796.0,14106.0,7375.0
WI_1,FOODS,WI,2012-12-17,16407,3.2160149,0,0,14546.0,15354.0,12893.0,11796.0,6705.0
WI_1,FOODS,WI,2012-12-24,11915,3.211644,0,1,16407.0,14546.0,15354.0,12893.0,6769.0
WI_1,FOODS,WI,2012-12-31,14991,3.2165115,4,1,11915.0,16407.0,14546.0,15354.0,7258.0
WI_1,FOODS,WI,2013-01-07,13995,3.2446706,4,1,14991.0,11915.0,16407.0,14546.0,6997.0
WI_1,FOODS,WI,2013-01-14,14781,3.249088,2,0,13995.0,14991.0,11915.0,16407.0,6965.0
WI_1,FOODS,WI,2013-01-21,11854,3.256554,0,1,14781.0,13995.0,14991.0,11915.0,6845.0
WI_1,FOODS,WI,2013-01-28,12715,3.2637055,2,1,11854.0,14781.0,13995.0,14991.0,7630.0
WI_1,FOODS,WI,2013-02-04,13385,3.261907,4,0,12715.0,11854.0,14781.0,13995.0,7277.0
WI_1,FOODS,WI,2013-02-11,14477,3.2569158,4,2,13385.0,12715.0,11854.0,14781.0,7291.0
WI_1,FOODS,WI,2013-02-18,12895,3.2494428,0,3,14477.0,13385.0,12715.0,11854.0,7249.0
WI_1,FOODS,WI,2013-02-25,13356,3.2461617,2,0,12895.0,14477.0,13385.0,12715.0,7425.0
WI_1,FOODS,WI,2013-03-04,12733,3.2559116,4,0,13356.0,12895.0,14477.0,13385.0,7374.0
WI_1,FOODS,WI,2013-03-11,13594,3.287328,4,1,12733.0,13356.0,12895.0,14477.0,7572.0
WI_1,FOODS,WI,2013-03-18,13227,3.2883015,0,0,13594.0,12733.0,13356.0,12895.0,7434.0
WI_1,FOODS,WI,2013-03-25,13954,3.29153,0,1,13227.0,13594.0,12733.0,13356.0,7310.0
WI_1,FOODS,WI,2013-04-01,12955,3.288759,4,1,13954.0,13227.0,13594.0,12733.0,8137.0
WI_1,FOODS,WI,2013-04-08,12261,3.2826827,5,0,12955.0,13954.0,13227.0,13594.0,7086.0
WI_1,FOODS,WI,2013-04-15,11740,3.2783623,1,0,12261.0,12955.0,13954.0,13227.0,6758.0
WI_1,FOODS,WI,2013-04-22,10888,3.2835157,0,0,11740.0,12261.0,12955.0,13954.0,7472.0
WI_1,FOODS,WI,2013-04-29,12330,3.282603,3,1,10888.0,11740.0,12261.0,12955.0,8001.0
WI_1,FOODS,WI,2013-05-06,12180,3.2817252,5,1,12330.0,10888.0,11740.0,12261.0,7739.0
WI_1,FOODS,WI,2013-05-13,13232,3.279157,2,0,12180.0,12330.0,10888.0,11740.0,8338.0
WI_1,FOODS,WI,2013-05-20,12791,3.2779157,0,0,13232.0,12180.0,12330.0,10888.0,8626.0
WI_1,FOODS,WI,2013-05-27,13221,3.2779617,1,1,12791.0,13232.0,12180.0,12330.0,7976.0
WI_1,FOODS,WI,2013-06-03,14405,3.2803986,5,1,13221.0,12791.0,13232.0,12180.0,8130.0
WI_1,FOODS,WI,2013-06-10,14042,3.2827437,4,1,14405.0,13221.0,12791.0,13232.0,8989.0
WI_1,FOODS,WI,2013-06-17,13561,3.2816033,0,1,14042.0,14405.0,13221.0,12791.0,8968.0
WI_1,FOODS,WI,2013-06-24,13341,3.281961,0,0,13561.0,14042.0,14405.0,13221.0,8513.0
WI_1,FOODS,WI,2013-07-01,13849,3.2882533,4,1,13341.0,13561.0,14042.0,14405.0,9042.0
WI_1,FOODS,WI,2013-07-08,14694,3.2875054,5,1,13849.0,13341.0,13561.0,14042.0,8043.0
WI_1,FOODS,WI,2013-07-15,14701,3.2896228,1,0,14694.0,13849.0,13341.0,13561.0,7793.0
WI_1,FOODS,WI,2013-07-22,13623,3.2874846,0,0,14701.0,14694.0,13849.0,13341.0,7086.0
WI_1,FOODS,WI,2013-07-29,12938,3.2928264,2,0,13623.0,14701.0,14694.0,13849.0,7551.0
WI_1,FOODS,WI,2013-08-05,14009,3.2910538,5,1,12938.0,13623.0,14701.0,14694.0,6681.0
WI_1,FOODS,WI,2013-08-12,14650,3.287061,3,0,14009.0,12938.0,13623.0,14701.0,7400.0
WI_1,FOODS,WI,2013-08-19,14569,3.2835147,0,0,14650.0,14009.0,12938.0,13623.0,7348.0
WI_1,FOODS,WI,2013-08-26,14891,3.2871563,0,0,14569.0,14650.0,14009.0,12938.0,7739.0
WI_1,FOODS,WI,2013-09-02,15485,3.2844722,5,1,14891.0,14569.0,14650.0,14009.0,7448.0
WI_1,FOODS,WI,2013-09-09,15494,3.2812877,5,0,15485.0,14891.0,14569.0,14650.0,7162.0
WI_1,FOODS,WI,2013-09-16,13334,3.2816966,0,0,15494.0,15485.0,14891.0,14569.0,7273.0
WI_1,FOODS,WI,2013-09-23,13409,3.278827,0,0,13334.0,15494.0,15485.0,14891.0,7331.0
WI_1,FOODS,WI,2013-09-30,13581,3.2781281,4,0,13409.0,13334.0,15494.0,15485.0,6784.0
WI_1,FOODS,WI,2013-10-07,13589,3.2777555,4,0,13581.0,13409.0,13334.0,15494.0,6737.0
WI_1,FOODS,WI,2013-10-14,13359,3.2783177,2,2,13589.0,13581.0,13409.0,13334.0,4902.0
WI_1,FOODS,WI,2013-10-21,13406,3.2789803,0,0,13359.0,13589.0,13581.0,13409.0,9352.0
WI_1,FOODS,WI,2013-10-28,13429,3.277904,2,1,13406.0,13359.0,13589.0,13581.0,13922.0
WI_1,FOODS,WI,2013-11-04,13825,3.2767684,4,0,13429.0,13406.0,13359.0,13589.0,14686.0
WI_1,FOODS,WI,2013-11-11,13188,3.2752805,4,1,13825.0,13429.0,13406.0,13359.0,14106.0
WI_1,FOODS,WI,2013-11-18,13714,3.277589,0,0,13188.0,13825.0,13429.0,13406.0,11796.0
WI_1,FOODS,WI,2013-11-25,13059,3.2778115,0,1,13714.0,13188.0,13825.0,13429.0,12893.0
WI_1,FOODS,WI,2013-12-02,15474,3.2776983,5,1,13059.0,13714.0,13188.0,13825.0,15354.0
WI_1,FOODS,WI,2013-12-09,14767,3.277469,5,0,15474.0,13059.0,13714.0,13188.0,14546.0
WI_1,FOODS,WI,2013-12-16,14651,3.277227,0,0,14767.0,15474.0,13059.0,13714.0,16407.0
WI_1,FOODS,WI,2013-12-23,13484,3.2767565,0,1,14651.0,14767.0,15474.0,13059.0,11915.0
WI_1,FOODS,WI,2013-12-30,15241,3.280031,3,1,13484.0,14651.0,14767.0,15474.0,14991.0
WI_1,FOODS,WI,2014-01-06,14848,3.2777524,5,1,15241.0,13484.0,14651.0,14767.0,13995.0
WI_1,FOODS,WI,2014-01-13,14018,3.2760465,2,0,14848.0,15241.0,13484.0,14651.0,14781.0
WI_1,FOODS,WI,2014-01-20,13406,3.2705383,0,1,14018.0,14848.0,15241.0,13484.0,11854.0
WI_1,FOODS,WI,2014-01-27,13032,3.2636373,1,1,13406.0,14018.0,14848.0,15241.0,12715.0
WI_1,FOODS,WI,2014-02-03,14159,3.2621615,5,0,13032.0,13406.0,14018.0,14848.0,13385.0
WI_1,FOODS,WI,2014-02-10,15071,3.2641456,4,1,14159.0,13032.0,13406.0,14018.0,14477.0
WI_1,FOODS,WI,2014-02-17,13918,3.26463,0,1,15071.0,14159.0,13032.0,13406.0,12895.0
WI_1,FOODS,WI,2014-02-24,14226,3.2639158,1,0,13918.0,15071.0,14159.0,13032.0,13356.0
WI_1,FOODS,WI,2014-03-03,14489,3.2671547,5,1,14226.0,13918.0,15071.0,14159.0,12733.0
WI_1,FOODS,WI,2014-03-10,15085,3.2668166,4,2,14489.0,14226.0,13918.0,15071.0,13594.0
WI_1,FOODS,WI,2014-03-17,13237,3.2667446,0,1,15085.0,14489.0,14226.0,13918.0,13227.0
WI_1,FOODS,WI,2014-03-24,14015,3.262823,0,0,13237.0,15085.0,14489.0,14226.0,13954.0
WI_1,FOODS,WI,2014-03-31,15352,3.2639651,4,0,14015.0,13237.0,15085.0,14489.0,12955.0
WI_1,FOODS,WI,2014-04-07,15482,3.2645366,4,0,15352.0,14015.0,13237.0,15085.0,12261.0
WI_1,FOODS,WI,2014-04-14,16455,3.2599776,2,1,15482.0,15352.0,14015.0,13237.0,11740.0
WI_1,FOODS,WI,2014-04-21,14385,3.2549934,0,1,16455.0,15482.0,15352.0,14015.0,10888.0
WI_1,FOODS,WI,2014-04-28,14846,3.2545714,2,0,14385.0,16455.0,15482.0,15352.0,12330.0
WI_1,FOODS,WI,2014-05-05,14834,3.2498534,5,2,14846.0,14385.0,16455.0,15482.0,12180.0
WI_1,FOODS,WI,2014-05-12,16548,3.2495844,3,0,14834.0,14846.0,14385.0,16455.0,13232.0
WI_1,FOODS,WI,2014-05-19,14751,3.257536,0,0,16548.0,14834.0,14846.0,14385.0,12791.0
WI_1,FOODS,WI,2014-05-26,15232,3.258484,0,1,14751.0,16548.0,14834.0,14846.0,13221.0
WI_1,FOODS,WI,2014-06-02,16381,3.2649295,5,1,15232.0,14751.0,16548.0,14834.0,14405.0
WI_1,FOODS,WI,2014-06-09,16677,3.269188,5,1,16381.0,15232.0,14751.0,16548.0,14042.0
WI_1,FOODS,WI,2014-06-16,16341,3.2756908,0,0,16677.0,16381.0,15232.0,14751.0,13561.0
WI_1,FOODS,WI,2014-06-23,15353,3.285959,0,1,16341.0,16677.0,16381.0,15232.0,13341.0
WI_1,FOODS,WI,2014-06-30,17075,3.2955043,4,1,15353.0,16341.0,16677.0,16381.0,13849.0
WI_1,FOODS,WI,2014-07-07,17480,3.297842,4,0,17075.0,15353.0,16341.0,16677.0,14694.0
WI_1,FOODS,WI,2014-07-14,16382,3.2966342,2,0,17480.0,17075.0,15353.0,16341.0,14701.0
WI_1,FOODS,WI,2014-07-21,15488,3.2948532,0,0,16382.0,17480.0,17075.0,15353.0,13623.0
WI_1,FOODS,WI,2014-07-28,16054,3.2976706,2,1,15488.0,16382.0,17480.0,17075.0,12938.0
WI_1,FOODS,WI,2014-08-04,15603,3.2955575,4,0,16054.0,15488.0,16382.0,17480.0,14009.0
WI_1,FOODS,WI,2014-08-11,16643,3.2946255,4,0,15603.0,16054.0,15488.0,16382.0,14650.0
WI_1,FOODS,WI,2014-08-18,16456,3.3023326,0,0,16643.0,15603.0,16054.0,15488.0,14569.0
WI_1,FOODS,WI,2014-08-25,15725,3.305807,0,0,16456.0,16643.0,15603.0,16054.0,14891.0
WI_1,FOODS,WI,2014-09-01,17176,3.3080287,4,1,15725.0,16456.0,16643.0,15603.0,15485.0
WI_1,FOODS,WI,2014-09-08,16150,3.3135552,5,0,17176.0,15725.0,16456.0,16643.0,15494.0
WI_1,FOODS,WI,2014-09-15,15392,3.318086,1,0,16150.0,17176.0,15725.0,16456.0,13334.0
WI_1,FOODS,WI,2014-09-22,15494,3.3195496,0,0,15392.0,16150.0,17176.0,15725.0,13409.0
WI_1,FOODS,WI,2014-09-29,16479,3.3126476,3,1,15494.0,15392.0,16150.0,17176.0,13581.0
WI_1,FOODS,WI,2014-10-06,16387,3.314131,5,0,16479.0,15494.0,15392.0,16150.0,13589.0
WI_1,FOODS,WI,2014-10-13,16149,3.3250706,2,1,16387.0,16479.0,15494.0,15392.0,13359.0
WI_1,FOODS,WI,2014-10-20,15099,3.3290427,0,0,16149.0,16387.0,16479.0,15494.0,13406.0
WI_1,FOODS,WI,2014-10-27,14858,3.3307223,1,1,15099.0,16149.0,16387.0,16479.0,13429.0
WI_1,FOODS,WI,2014-11-03,15949,3.3323574,5,0,14858.0,15099.0,16149.0,16387.0,13825.0
WI_1,FOODS,WI,2014-11-10,15839,3.334209,4,1,15949.0,14858.0,15099.0,16149.0,13188.0
WI_1,FOODS,WI,2014-11-17,15851,3.333865,0,0,15839.0,15949.0,14858.0,15099.0,13714.0
WI_1,FOODS,WI,2014-11-24,14113,3.3359168,0,1,15851.0,15839.0,15949.0,14858.0,13059.0
WI_1,FOODS,WI,2014-12-01,17000,3.3392253,4,0,14113.0,15851.0,15839.0,15949.0,15474.0
WI_1,FOODS,WI,2014-12-08,16014,3.3441937,5,0,17000.0,14113.0,15851.0,15839.0,14767.0
WI_1,FOODS,WI,2014-12-15,16364,3.3442738,1,0,16014.0,17000.0,14113.0,15851.0,14651.0
WI_1,FOODS,WI,2014-12-22,13707,3.3395958,0,2,16364.0,16014.0,17000.0,14113.0,13484.0
WI_1,FOODS,WI,2014-12-29,16546,3.3362691,2,1,13707.0,16364.0,16014.0,17000.0,15241.0
WI_1,FOODS,WI,2015-01-05,16444,3.3396182,5,1,16546.0,13707.0,16364.0,16014.0,14848.0
WI_1,FOODS,WI,2015-01-12,17524,3.3428173,3,0,16444.0,16546.0,13707.0,16364.0,14018.0
WI_1,FOODS,WI,2015-01-19,16081,3.3418794,0,1,17524.0,16444.0,16546.0,13707.0,13406.0
WI_1,FOODS,WI,2015-01-26,16206,3.3348129,0,1,16081.0,17524.0,16444.0,16546.0,13032.0
WI_1,FOODS,WI,2015-02-02,19438,3.344377,5,0,16206.0,16081.0,17524.0,16444.0,14159.0
WI_1,FOODS,WI,2015-02-09,18394,3.3561344,5,1,19438.0,16206.0,16081.0,17524.0,15071.0
WI_1,FOODS,WI,2015-02-16,16750,3.3605425,0,2,18394.0,19438.0,16206.0,16081.0,13918.0
WI_1,FOODS,WI,2015-02-23,16351,3.3645368,0,1,16750.0,18394.0,19438.0,16206.0,14226.0
WI_1,FOODS,WI,2015-03-02,17537,3.367908,5,1,16351.0,16750.0,18394.0,19438.0,14489.0
WI_1,FOODS,WI,2015-03-09,16684,3.3725226,5,0,17537.0,16351.0,16750.0,18394.0,15085.0
WI_1,FOODS,WI,2015-03-16,15022,3.3732278,0,1,16684.0,17537.0,16351.0,16750.0,13237.0
WI_1,FOODS,WI,2015-03-23,15104,3.3754523,0,0,15022.0,16684.0,17537.0,16351.0,14015.0
WI_1,FOODS,WI,2015-03-30,16299,3.3725803,3,1,15104.0,15022.0,16684.0,17537.0,15352.0
WI_1,FOODS,WI,2015-04-06,15705,3.3676605,5,2,16299.0,15104.0,15022.0,16684.0,15482.0
WI_1,FOODS,WI,2015-04-13,15917,3.3683388,2,0,15705.0,16299.0,15104.0,15022.0,16455.0
WI_1,FOODS,WI,2015-04-20,15422,3.3692138,0,0,15917.0,15705.0,16299.0,15104.0,14385.0
WI_1,FOODS,WI,2015-04-27,16593,3.3694615,2,0,15422.0,15917.0,15705.0,16299.0,14846.0
WI_1,FOODS,WI,2015-05-04,16702,3.369908,4,2,16593.0,15422.0,15917.0,15705.0,14834.0
WI_1,FOODS,WI,2015-05-11,16618,3.3715782,4,0,16702.0,16593.0,15422.0,15917.0,16548.0
WI_1,FOODS,WI,2015-05-18,15137,3.3725474,0,0,16618.0,16702.0,16593.0,15422.0,14751.0
WI_1,FOODS,WI,2015-05-25,15949,3.3732967,0,1,15137.0,16618.0,16702.0,16593.0,15232.0
WI_1,FOODS,WI,2015-06-01,17824,3.3739228,4,1,15949.0,15137.0,16618.0,16702.0,16381.0
WI_1,FOODS,WI,2015-06-08,17978,3.375697,5,0,17824.0,15949.0,15137.0,16618.0,16677.0
WI_1,FOODS,WI,2015-06-15,16966,3.3786812,1,3,17978.0,17824.0,15949.0,15137.0,16341.0
WI_1,FOODS,WI,2015-06-22,15525,3.3777432,0,0,16966.0,17978.0,17824.0,15949.0,15353.0
WI_1,FOODS,WI,2015-06-29,17476,3.3745325,3,1,15525.0,16966.0,17978.0,17824.0,17075.0
WI_1,FOODS,WI,2015-07-06,17840,3.373871,5,0,17476.0,15525.0,16966.0,17978.0,17480.0
WI_1,FOODS,WI,2015-07-13,17588,3.372092,2,1,17840.0,17476.0,15525.0,16966.0,16382.0
WI_1,FOODS,WI,2015-07-20,15698,3.3692267,0,0,17588.0,17840.0,17476.0,15525.0,15488.0
WI_1,FOODS,WI,2015-07-27,17140,3.3668513,1,0,15698.0,17588.0,17840.0,17476.0,16054.0
WI_1,FOODS,WI,2015-08-03,16116,3.3667781,5,0,17140.0,15698.0,17588.0,17840.0,15603.0
WI_1,FOODS,WI,2015-08-10,16002,3.3667662,4,0,16116.0,17140.0,15698.0,17588.0,16643.0
WI_1,FOODS,WI,2015-08-17,15402,3.366153,0,0,16002.0,16116.0,17140.0,15698.0,16456.0
WI_1,FOODS,WI,2015-08-24,15492,3.365994,0,0,15402.0,16002.0,16116.0,17140.0,15725.0
WI_1,FOODS,WI,2015-08-31,16665,3.3665254,4,0,15492.0,15402.0,16002.0,16116.0,17176.0
WI_1,FOODS,WI,2015-09-07,17082,3.3667939,4,1,16665.0,15492.0,15402.0,16002.0,16150.0
WI_1,FOODS,WI,2015-09-14,16520,3.36735,2,0,17082.0,16665.0,15492.0,15402.0,15392.0
WI_1,FOODS,WI,2015-09-21,15568,3.3684838,0,1,16520.0,17082.0,16665.0,15492.0,15494.0
WI_1,FOODS,WI,2015-09-28,16892,3.3680537,2,0,15568.0,16520.0,17082.0,16665.0,16479.0
WI_1,FOODS,WI,2015-10-05,17514,3.3673875,5,0,16892.0,15568.0,16520.0,17082.0,16387.0
WI_1,FOODS,WI,2015-10-12,17005,3.3689384,3,1,17514.0,16892.0,15568.0,16520.0,16149.0
WI_1,FOODS,WI,2015-10-19,17041,3.3703034,0,0,17005.0,17514.0,16892.0,15568.0,15099.0
WI_1,FOODS,WI,2015-10-26,16419,3.3685575,0,1,17041.0,17005.0,17514.0,16892.0,14858.0
WI_1,FOODS,WI,2015-11-02,16425,3.3680842,5,0,16419.0,17041.0,17005.0,17514.0,15949.0
WI_1,FOODS,WI,2015-11-09,16859,3.367955,5,1,16425.0,16419.0,17041.0,17005.0,15839.0
WI_1,FOODS,WI,2015-11-16,16352,3.3661866,0,0,16859.0,16425.0,16419.0,17041.0,15851.0
WI_1,FOODS,WI,2015-11-23,14849,3.3668804,0,1,16352.0,16859.0,16425.0,16419.0,14113.0
WI_1,FOODS,WI,2015-11-30,18375,3.366978,4,0,14849.0,16352.0,16859.0,16425.0,17000.0
WI_1,FOODS,WI,2015-12-07,17007,3.3662412,4,0,18375.0,14849.0,16352.0,16859.0,16014.0
WI_1,FOODS,WI,2015-12-14,17804,3.3678608,2,1,17007.0,18375.0,14849.0,16352.0,16364.0
WI_1,FOODS,WI,2015-12-21,15350,3.3697238,0,1,17804.0,17007.0,18375.0,14849.0,13707.0
WI_1,FOODS,WI,2015-12-28,17103,3.3691013,2,1,15350.0,17804.0,17007.0,18375.0,16546.0
WI_1,FOODS,WI,2016-01-04,17219,3.369342,4,1,17103.0,15350.0,17804.0,17007.0,16444.0
WI_1,FOODS,WI,2016-01-11,18398,3.3704016,4,0,17219.0,17103.0,15350.0,17804.0,17524.0
WI_1,FOODS,WI,2016-01-18,16828,3.371032,0,1,18398.0,17219.0,17103.0,15350.0,16081.0
WI_1,FOODS,WI,2016-01-25,17594,3.3707237,0,0,16828.0,18398.0,17219.0,17103.0,16206.0
WI_1,FOODS,WI,2016-02-01,17991,3.3682086,4,1,17594.0,16828.0,18398.0,17219.0,19438.0
WI_1,FOODS,WI,2016-02-08,19258,3.3644767,5,2,17991.0,17594.0,16828.0,18398.0,18394.0
WI_1,FOODS,WI,2016-02-15,19096,3.3638911,1,2,19258.0,17991.0,17594.0,16828.0,16750.0
WI_1,FOODS,WI,2016-02-22,17403,3.362226,0,0,19096.0,19258.0,17991.0,17594.0,16351.0
WI_1,FOODS,WI,2016-02-29,18895,3.3615398,4,0,17403.0,19096.0,19258.0,17991.0,17537.0
WI_1,FOODS,WI,2016-03-07,18370,3.3632658,4,0,18895.0,17403.0,19096.0,19258.0,16684.0
WI_1,FOODS,WI,2016-03-14,18473,3.3636546,2,1,18370.0,18895.0,17403.0,19096.0,15022.0
WI_1,FOODS,WI,2016-03-21,18821,3.3643703,0,2,18473.0,18370.0,18895.0,17403.0,15104.0
WI_1,FOODS,WI,2016-03-28,17459,3.3646488,2,0,18821.0,18473.0,18370.0,18895.0,16299.0
WI_1,FOODS,WI,2016-04-04,19234,3.3635592,4,0,17459.0,18821.0,18473.0,18370.0,15705.0
WI_1,FOODS,WI,2016-04-11,18819,3.36324,4,0,19234.0,17459.0,18821.0,18473.0,15917.0
WI_1,FOODS,WI,2016-04-18,18341,3.3631177,0,0,18819.0,19234.0,17459.0,18821.0,15422.0
WI_1,FOODS,WI,2016-04-25,18963,3.364056,0,2,18341.0,18819.0,19234.0,17459.0,16593.0
WI_1,FOODS,WI,2016-05-02,19621,3.3643982,5,2,18963.0,18341.0,18819.0,19234.0,16702.0
WI_1,FOODS,WI,2016-05-09,21179,3.3656118,5,0,19621.0,18963.0,18341.0,18819.0,16618.0
WI_1,FOODS,WI,2016-05-16,19170,3.3653119,0,0,21179.0,19621.0,18963.0,18341.0,15137.0
WI_1,HOBBIES,WI,2011-01-31,2627,4.6524806,4,1,,,,,
WI_1,HOBBIES,WI,2011-02-07,2289,4.656382,4,0,2627.0,,,,
WI_1,HOBBIES,WI,2011-02-14,2552,4.54929,2,1,2289.0,2627.0,,,
WI_1,HOBBIES,WI,2011-02-21,2032,4.5277767,0,1,2552.0,2289.0,2627.0,,
WI_1,HOBBIES,WI,2011-02-28,1525,4.5115237,4,0,2032.0,2552.0,2289.0,2627.0,
WI_1,HOBBIES,WI,2011-03-07,2756,4.523453,4,1,1525.0,2032.0,2552.0,2289.0,
WI_1,HOBBIES,WI,2011-03-14,2544,4.5753508,2,3,2756.0,1525.0,2032.0,2552.0,
WI_1,HOBBIES,WI,2011-03-21,2368,4.5766463,0,0,2544.0,2756.0,1525.0,2032.0,
WI_1,HOBBIES,WI,2011-03-28,2800,4.5993714,2,0,2368.0,2544.0,2756.0,1525.0,
WI_1,HOBBIES,WI,2011-04-04,2428,4.6395726,4,0,2800.0,2368.0,2544.0,2756.0,
WI_1,HOBBIES,WI,2011-04-11,2411,4.6861334,4,0,2428.0,2800.0,2368.0,2544.0,
WI_1,HOBBIES,WI,2011-04-18,1978,4.6963987,0,1,2411.0,2428.0,2800.0,2368.0,
WI_1,HOBBIES,WI,2011-04-25,2609,4.7186437,0,1,1978.0,2411.0,2428.0,2800.0,
WI_1,HOBBIES,WI,2011-05-02,2377,4.7178717,5,2,2609.0,1978.0,2411.0,2428.0,
WI_1,HOBBIES,WI,2011-05-09,2632,4.729522,5,0,2377.0,2609.0,1978.0,2411.0,
WI_1,HOBBIES,WI,2011-05-16,2513,4.7103934,0,0,2632.0,2377.0,2609.0,1978.0,
WI_1,HOBBIES,WI,2011-05-23,2130,4.6981397,0,0,2513.0,2632.0,2377.0,2609.0,
WI_1,HOBBIES,WI,2011-05-30,1875,4.691146,3,2,2130.0,2513.0,2632.0,2377.0,
WI_1,HOBBIES,WI,2011-06-06,2314,4.6926374,5,1,1875.0,2130.0,2513.0,2632.0,
WI_1,HOBBIES,WI,2011-06-13,2304,4.692405,2,1,2314.0,1875.0,2130.0,2513.0,
WI_1,HOBBIES,WI,2011-06-20,2110,4.6879144,0,0,2304.0,2314.0,1875.0,2130.0,
WI_1,HOBBIES,WI,2011-06-27,2450,4.6780443,2,0,2110.0,2304.0,2314.0,1875.0,
WI_1,HOBBIES,WI,2011-07-04,2440,4.670184,4,1,2450.0,2110.0,2304.0,2314.0,
WI_1,HOBBIES,WI,2011-07-11,2208,4.6454644,4,0,2440.0,2450.0,2110.0,2304.0,
WI_1,HOBBIES,WI,2011-07-18,2121,4.632064,0,0,2208.0,2440.0,2450.0,2110.0,
WI_1,HOBBIES,WI,2011-07-25,2201,4.6340094,0,0,2121.0,2208.0,2440.0,2450.0,
WI_1,HOBBIES,WI,2011-08-01,2466,4.630893,4,1,2201.0,2121.0,2208.0,2440.0,
WI_1,HOBBIES,WI,2011-08-08,2319,4.6224647,5,0,2466.0,2201.0,2121.0,2208.0,
WI_1,HOBBIES,WI,2011-08-15,2172,4.6209474,1,0,2319.0,2466.0,2201.0,2121.0,
WI_1,HOBBIES,WI,2011-08-22,1951,4.616538,0,0,2172.0,2319.0,2466.0,2201.0,
WI_1,HOBBIES,WI,2011-08-29,2283,4.6220345,2,1,1951.0,2172.0,2319.0,2466.0,
WI_1,HOBBIES,WI,2011-09-05,2123,4.6396194,5,1,2283.0,1951.0,2172.0,2319.0,
WI_1,HOBBIES,WI,2011-09-12,2289,4.6400743,3,0,2123.0,2283.0,1951.0,2172.0,
WI_1,HOBBIES,WI,2011-09-19,2138,4.6409836,0,0,2289.0,2123.0,2283.0,1951.0,
WI_1,HOBBIES,WI,2011-09-26,2160,4.63256,1,0,2138.0,2289.0,2123.0,2283.0,
WI_1,HOBBIES,WI,2011-10-03,2324,4.623759,5,0,2160.0,2138.0,2289.0,2123.0,
WI_1,HOBBIES,WI,2011-10-10,2371,4.64922,4,1,2324.0,2160.0,2138.0,2289.0,
WI_1,HOBBIES,WI,2011-10-17,2147,4.6456413,0,0,2371.0,2324.0,2160.0,2138.0,
WI_1,HOBBIES,WI,2011-10-24,2324,4.6474586,0,0,2147.0,2371.0,2324.0,2160.0,
WI_1,HOBBIES,WI,2011-10-31,2339,4.648358,4,1,2324.0,2147.0,2371.0,2324.0,
WI_1,HOBBIES,WI,2011-11-07,2188,4.646909,4,2,2339.0,2324.0,2147.0,2371.0,
WI_1,HOBBIES,WI,2011-11-14,2198,4.6458406,2,0,2188.0,2339.0,2324.0,2147.0,
WI_1,HOBBIES,WI,2011-11-21,1866,4.6533813,0,1,2198.0,2188.0,2339.0,2324.0,
WI_1,HOBBIES,WI,2011-11-28,2400,4.67527,2,0,1866.0,2198.0,2188.0,2339.0,
WI_1,HOBBIES,WI,2011-12-05,2268,4.6768146,5,0,2400.0,1866.0,2198.0,2188.0,
WI_1,HOBBIES,WI,2011-12-12,2166,4.6806755,3,0,2268.0,2400.0,1866.0,2198.0,
WI_1,HOBBIES,WI,2011-12-19,2305,4.675094,0,1,2166.0,2268.0,2400.0,1866.0,
WI_1,HOBBIES,WI,2011-12-26,2063,4.654778,0,2,2305.0,2166.0,2268.0,2400.0,
WI_1,HOBBIES,WI,2012-01-02,2183,4.640114,5,1,2063.0,2305.0,2166.0,2268.0,
WI_1,HOBBIES,WI,2012-01-09,2012,4.64762,5,0,2183.0,2063.0,2305.0,2166.0,
WI_1,HOBBIES,WI,2012-01-16,2243,4.6601033,0,1,2012.0,2183.0,2063.0,2305.0,
WI_1,HOBBIES,WI,2012-01-23,2294,4.6643,0,0,2243.0,2012.0,2183.0,2063.0,
WI_1,HOBBIES,WI,2012-01-30,2187,4.669966,3,1,2294.0,2243.0,2012.0,2183.0,2627.0
WI_1,HOBBIES,WI,2012-02-06,2287,4.696717,5,0,2187.0,2294.0,2243.0,2012.0,2289.0
WI_1,HOBBIES,WI,2012-02-13,2151,4.7415767,2,1,2287.0,2187.0,2294.0,2243.0,2552.0
WI_1,HOBBIES,WI,2012-02-20,2135,4.766342,0,2,2151.0,2287.0,2187.0,2294.0,2032.0
WI_1,HOBBIES,WI,2012-02-27,2174,4.791999,2,1,2135.0,2151.0,2287.0,2187.0,1525.0
WI_1,HOBBIES,WI,2012-03-05,2304,4.7988,5,1,2174.0,2135.0,2151.0,2287.0,2756.0
WI_1,HOBBIES,WI,2012-03-12,2228,4.8031306,3,1,2304.0,2174.0,2135.0,2151.0,2544.0
WI_1,HOBBIES,WI,2012-03-19,2249,4.797263,0,0,2228.0,2304.0,2174.0,2135.0,2368.0
WI_1,HOBBIES,WI,2012-03-26,2205,4.8074026,0,0,2249.0,2228.0,2304.0,2174.0,2800.0
WI_1,HOBBIES,WI,2012-04-02,2127,4.810415,5,1,2205.0,2249.0,2228.0,2304.0,2428.0
WI_1,HOBBIES,WI,2012-04-09,2264,4.8129325,5,2,2127.0,2205.0,2249.0,2228.0,2411.0
WI_1,HOBBIES,WI,2012-04-16,1913,4.8174434,0,0,2264.0,2127.0,2205.0,2249.0,1978.0
WI_1,HOBBIES,WI,2012-04-23,2122,4.799359,0,0,1913.0,2264.0,2127.0,2205.0,2609.0
WI_1,HOBBIES,WI,2012-04-30,2318,4.748122,4,1,2122.0,1913.0,2264.0,2127.0,2377.0
WI_1,HOBBIES,WI,2012-05-07,1672,4.7433176,4,1,2318.0,2122.0,1913.0,2264.0,2632.0
WI_1,HOBBIES,WI,2012-05-14,1606,4.7013516,2,0,1672.0,2318.0,2122.0,1913.0,2513.0
WI_1,HOBBIES,WI,2012-05-21,1759,4.6986036,0,0,1606.0,1672.0,2318.0,2122.0,2130.0
WI_1,HOBBIES,WI,2012-05-28,2412,4.6944838,2,1,1759.0,1606.0,1672.0,2318.0,1875.0
WI_1,HOBBIES,WI,2012-06-04,2328,4.704801,4,0,2412.0,1759.0,1606.0,1672.0,2314.0
WI_1,HOBBIES,WI,2012-06-11,2310,4.7269783,4,2,2328.0,2412.0,1759.0,1606.0,2304.0
WI_1,HOBBIES,WI,2012-06-18,2419,4.752238,0,1,2310.0,2328.0,2412.0,1759.0,2110.0
WI_1,HOBBIES,WI,2012-06-25,2207,4.8650675,0,0,2419.0,2310.0,2328.0,2412.0,2450.0
WI_1,HOBBIES,WI,2012-07-02,1741,5.0670524,5,1,2207.0,2419.0,2310.0,2328.0,2440.0
WI_1,HOBBIES,WI,2012-07-09,2107,5.1457496,5,0,1741.0,2207.0,2419.0,2310.0,2208.0
WI_1,HOBBIES,WI,2012-07-16,2164,5.190435,0,1,2107.0,1741.0,2207.0,2419.0,2121.0
WI_1,HOBBIES,WI,2012-07-23,1653,5.1937957,0,0,2164.0,2107.0,1741.0,2207.0,2201.0
WI_1,HOBBIES,WI,2012-07-30,1712,5.1861506,3,0,1653.0,2164.0,2107.0,1741.0,2466.0
WI_1,HOBBIES,WI,2012-08-06,1436,5.1805887,5,0,1712.0,1653.0,2164.0,2107.0,2319.0
WI_1,HOBBIES,WI,2012-08-13,1774,5.2068357,2,1,1436.0,1712.0,1653.0,2164.0,2172.0
WI_1,HOBBIES,WI,2012-08-20,1472,5.2060323,0,0,1774.0,1436.0,1712.0,1653.0,1951.0
WI_1,HOBBIES,WI,2012-08-27,1777,5.199332,1,0,1472.0,1774.0,1436.0,1712.0,2283.0
WI_1,HOBBIES,WI,2012-09-03,1600,5.198516,5,1,1777.0,1472.0,1774.0,1436.0,2123.0
WI_1,HOBBIES,WI,2012-09-10,1714,5.198516,4,0,1600.0,1777.0,1472.0,1774.0,2289.0
WI_1,HOBBIES,WI,2012-09-17,1569,5.2128105,0,0,1714.0,1600.0,1777.0,1472.0,2138.0
WI_1,HOBBIES,WI,2012-09-24,1491,5.2541175,0,0,1569.0,1714.0,1600.0,1777.0,2160.0
WI_1,HOBBIES,WI,2012-10-01,1580,5.2678847,4,0,1491.0,1569.0,1714.0,1600.0,2324.0
WI_1,HOBBIES,WI,2012-10-08,1246,5.2680955,5,1,1580.0,1491.0,1569.0,1714.0,2371.0
WI_1,HOBBIES,WI,2012-10-15,803,5.2710977,1,0,1246.0,1580.0,1491.0,1569.0,2147.0
WI_1,HOBBIES,WI,2012-10-22,1424,5.274839,0,1,803.0,1246.0,1580.0,1491.0,2324.0
WI_1,HOBBIES,WI,2012-10-29,2201,5.274916,2,1,1424.0,803.0,1246.0,1580.0,2339.0
WI_1,HOBBIES,WI,2012-11-05,2017,5.2758317,5,1,2201.0,1424.0,803.0,1246.0,2188.0
WI_1,HOBBIES,WI,2012-11-12,1883,5.270321,3,0,2017.0,2201.0,1424.0,803.0,2198.0
WI_1,HOBBIES,WI,2012-11-19,1591,5.2578273,0,1,1883.0,2017.0,2201.0,1424.0,1866.0
WI_1,HOBBIES,WI,2012-11-26,1999,5.2768664,1,0,1591.0,1883.0,2017.0,2201.0,2400.0
WI_1,HOBBIES,WI,2012-12-03,2109,5.281193,5,0,1999.0,1591.0,1883.0,2017.0,2268.0
WI_1,HOBBIES,WI,2012-12-10,1886,5.2794867,4,1,2109.0,1999.0,1591.0,1883.0,2166.0
WI_1,HOBBIES,WI,2012-12-17,2025,5.2719393,0,0,1886.0,2109.0,1999.0,1591.0,2305.0
WI_1,HOBBIES,WI,2012-12-24,1320,5.271997,0,1,2025.0,1886.0,2109.0,1999.0,2063.0
WI_1,HOBBIES,WI,2012-12-31,1777,5.2829604,4,1,1320.0,2025.0,1886.0,2109.0,2183.0
WI_1,HOBBIES,WI,2013-01-07,1592,5.315825,4,1,1777.0,1320.0,2025.0,1886.0,2012.0
WI_1,HOBBIES,WI,2013-01-14,1722,5.3353705,2,0,1592.0,1777.0,1320.0,2025.0,2243.0
WI_1,HOBBIES,WI,2013-01-21,2186,5.324132,0,1,1722.0,1592.0,1777.0,1320.0,2294.0
WI_1,HOBBIES,WI,2013-01-28,2074,5.3278055,2,1,2186.0,1722.0,1592.0,1777.0,2187.0
WI_1,HOBBIES,WI,2013-02-04,1698,5.3348117,4,0,2074.0,2186.0,1722.0,1592.0,2287.0
WI_1,HOBBIES,WI,2013-02-11,2247,5.3359675,4,2,1698.0,2074.0,2186.0,1722.0,2151.0
WI_1,HOBBIES,WI,2013-02-18,2191,5.334499,0,3,2247.0,1698.0,2074.0,2186.0,2135.0
WI_1,HOBBIES,WI,2013-02-25,2382,5.336908,2,0,2191.0,2247.0,1698.0,2074.0,2174.0
WI_1,HOBBIES,WI,2013-03-04,1698,5.3343096,4,0,2382.0,2191.0,2247.0,1698.0,2304.0
WI_1,HOBBIES,WI,2013-03-11,2114,5.3431654,4,1,1698.0,2382.0,2191.0,2247.0,2228.0
WI_1,HOBBIES,WI,2013-03-18,2313,5.3430014,0,0,2114.0,1698.0,2382.0,2191.0,2249.0
WI_1,HOBBIES,WI,2013-03-25,1804,5.34686,0,1,2313.0,2114.0,1698.0,2382.0,2205.0
WI_1,HOBBIES,WI,2013-04-01,2623,5.3469615,4,1,1804.0,2313.0,2114.0,1698.0,2127.0
WI_1,HOBBIES,WI,2013-04-08,2641,5.3312683,5,0,2623.0,1804.0,2313.0,2114.0,2264.0
WI_1,HOBBIES,WI,2013-04-15,2326,5.321651,1,0,2641.0,2623.0,1804.0,2313.0,1913.0
WI_1,HOBBIES,WI,2013-04-22,2296,5.3054366,0,0,2326.0,2641.0,2623.0,1804.0,2122.0
WI_1,HOBBIES,WI,2013-04-29,1861,5.258892,3,1,2296.0,2326.0,2641.0,2623.0,2318.0
WI_1,HOBBIES,WI,2013-05-06,2382,5.2757263,5,1,1861.0,2296.0,2326.0,2641.0,1672.0
WI_1,HOBBIES,WI,2013-05-13,2376,5.372187,2,0,2382.0,1861.0,2296.0,2326.0,1606.0
WI_1,HOBBIES,WI,2013-05-20,2214,5.349303,0,0,2376.0,2382.0,1861.0,2296.0,1759.0
WI_1,HOBBIES,WI,2013-05-27,2712,5.3330464,1,1,2214.0,2376.0,2382.0,1861.0,2412.0
WI_1,HOBBIES,WI,2013-06-03,2628,5.330733,5,1,2712.0,2214.0,2376.0,2382.0,2328.0
WI_1,HOBBIES,WI,2013-06-10,2361,5.3249474,4,1,2628.0,2712.0,2214.0,2376.0,2310.0
WI_1,HOBBIES,WI,2013-06-17,2594,5.3160057,0,1,2361.0,2628.0,2712.0,2214.0,2419.0
WI_1,HOBBIES,WI,2013-06-24,2460,5.314507,0,0,2594.0,2361.0,2628.0,2712.0,2207.0
WI_1,HOBBIES,WI,2013-07-01,2332,5.3662047,4,1,2460.0,2594.0,2361.0,2628.0,1741.0
WI_1,HOBBIES,WI,2013-07-08,2182,5.3679094,5,1,2332.0,2460.0,2594.0,2361.0,2107.0
WI_1,HOBBIES,WI,2013-07-15,2322,5.374893,1,0,2182.0,2332.0,2460.0,2594.0,2164.0
WI_1,HOBBIES,WI,2013-07-22,2159,5.37061,0,0,2322.0,2182.0,2332.0,2460.0,1653.0
WI_1,HOBBIES,WI,2013-07-29,2360,5.357735,2,0,2159.0,2322.0,2182.0,2332.0,1712.0
WI_1,HOBBIES,WI,2013-08-05,2059,5.3517685,5,1,2360.0,2159.0,2322.0,2182.0,1436.0
WI_1,HOBBIES,WI,2013-08-12,2184,5.3523493,3,0,2059.0,2360.0,2159.0,2322.0,1774.0
WI_1,HOBBIES,WI,2013-08-19,2077,5.353801,0,0,2184.0,2059.0,2360.0,2159.0,1472.0
WI_1,HOBBIES,WI,2013-08-26,2007,5.349887,0,0,2077.0,2184.0,2059.0,2360.0,1777.0
WI_1,HOBBIES,WI,2013-09-02,1646,5.3463464,5,1,2007.0,2077.0,2184.0,2059.0,1600.0
WI_1,HOBBIES,WI,2013-09-09,2203,5.3684564,5,0,1646.0,2007.0,2077.0,2184.0,1714.0
WI_1,HOBBIES,WI,2013-09-16,2105,5.3945165,0,0,2203.0,1646.0,2007.0,2077.0,1569.0
WI_1,HOBBIES,WI,2013-09-23,2245,5.4272957,0,0,2105.0,2203.0,1646.0,2007.0,1491.0
WI_1,HOBBIES,WI,2013-09-30,2337,5.448158,4,0,2245.0,2105.0,2203.0,1646.0,1580.0
WI_1,HOBBIES,WI,2013-10-07,2767,5.448814,4,0,2337.0,2245.0,2105.0,2203.0,1246.0
WI_1,HOBBIES,WI,2013-10-14,2563,5.448743,2,2,2767.0,2337.0,2245.0,2105.0,803.0
WI_1,HOBBIES,WI,2013-10-21,2531,5.4472938,0,0,2563.0,2767.0,2337.0,2245.0,1424.0
WI_1,HOBBIES,WI,2013-10-28,2668,5.444551,2,1,2531.0,2563.0,2767.0,2337.0,2201.0
WI_1,HOBBIES,WI,2013-11-04,2400,5.441574,4,0,2668.0,2531.0,2563.0,2767.0,2017.0
WI_1,HOBBIES,WI,2013-11-11,2367,5.4276557,4,1,2400.0,2668.0,2531.0,2563.0,1883.0
WI_1,HOBBIES,WI,2013-11-18,2643,5.4322214,0,0,2367.0,2400.0,2668.0,2531.0,1591.0
WI_1,HOBBIES,WI,2013-11-25,2321,5.45234,0,1,2643.0,2367.0,2400.0,2668.0,1999.0
WI_1,HOBBIES,WI,2013-12-02,2660,5.458688,5,1,2321.0,2643.0,2367.0,2400.0,2109.0
WI_1,HOBBIES,WI,2013-12-09,2556,5.456126,5,0,2660.0,2321.0,2643.0,2367.0,1886.0
WI_1,HOBBIES,WI,2013-12-16,2626,5.449898,0,0,2556.0,2660.0,2321.0,2643.0,2025.0
WI_1,HOBBIES,WI,2013-12-23,2388,5.450428,0,1,2626.0,2556.0,2660.0,2321.0,1320.0
WI_1,HOBBIES,WI,2013-12-30,2652,5.459893,3,1,2388.0,2626.0,2556.0,2660.0,1777.0
WI_1,HOBBIES,WI,2014-01-06,2399,5.482675,5,1,2652.0,2388.0,2626.0,2556.0,1592.0
WI_1,HOBBIES,WI,2014-01-13,2485,5.4820924,2,0,2399.0,2652.0,2388.0,2626.0,1722.0
WI_1,HOBBIES,WI,2014-01-20,2568,5.482705,0,1,2485.0,2399.0,2652.0,2388.0,2186.0
WI_1,HOBBIES,WI,2014-01-27,2451,5.4814496,1,1,2568.0,2485.0,2399.0,2652.0,2074.0
WI_1,HOBBIES,WI,2014-02-03,2585,5.4798675,5,0,2451.0,2568.0,2485.0,2399.0,1698.0
WI_1,HOBBIES,WI,2014-02-10,2567,5.4930944,4,1,2585.0,2451.0,2568.0,2485.0,2247.0
WI_1,HOBBIES,WI,2014-02-17,2381,5.5128794,0,1,2567.0,2585.0,2451.0,2568.0,2191.0
WI_1,HOBBIES,WI,2014-02-24,2351,5.5173497,1,0,2381.0,2567.0,2585.0,2451.0,2382.0
WI_1,HOBBIES,WI,2014-03-03,2566,5.529304,5,1,2351.0,2381.0,2567.0,2585.0,1698.0
WI_1,HOBBIES,WI,2014-03-10,2464,5.563397,4,2,2566.0,2351.0,2381.0,2567.0,2114.0
WI_1,HOBBIES,WI,2014-03-17,2394,5.626606,0,1,2464.0,2566.0,2351.0,2381.0,2313.0
WI_1,HOBBIES,WI,2014-03-24,2449,5.648735,0,0,2394.0,2464.0,2566.0,2351.0,1804.0
WI_1,HOBBIES,WI,2014-03-31,2633,5.657097,4,0,2449.0,2394.0,2464.0,2566.0,2623.0
WI_1,HOBBIES,WI,2014-04-07,2344,5.649991,4,0,2633.0,2449.0,2394.0,2464.0,2641.0
WI_1,HOBBIES,WI,2014-04-14,2337,5.6268315,2,1,2344.0,2633.0,2449.0,2394.0,2326.0
WI_1,HOBBIES,WI,2014-04-21,2588,5.6019163,0,1,2337.0,2344.0,2633.0,2449.0,2296.0
WI_1,HOBBIES,WI,2014-04-28,2575,5.5893183,2,0,2588.0,2337.0,2344.0,2633.0,1861.0
WI_1,HOBBIES,WI,2014-05-05,2527,5.5749216,5,2,2575.0,2588.0,2337.0,2344.0,2382.0
WI_1,HOBBIES,WI,2014-05-12,2458,5.5646596,3,0,2527.0,2575.0,2588.0,2337.0,2376.0
WI_1,HOBBIES,WI,2014-05-19,2376,5.5544267,0,0,2458.0,2527.0,2575.0,2588.0,2214.0
WI_1,HOBBIES,WI,2014-05-26,2622,5.549168,0,1,2376.0,2458.0,2527.0,2575.0,2712.0
WI_1,HOBBIES,WI,2014-06-02,2665,5.5542307,5,1,2622.0,2376.0,2458.0,2527.0,2628.0
WI_1,HOBBIES,WI,2014-06-09,2431,5.552661,5,1,2665.0,2622.0,2376.0,2458.0,2361.0
WI_1,HOBBIES,WI,2014-06-16,2472,5.549259,0,0,2431.0,2665.0,2622.0,2376.0,2594.0
WI_1,HOBBIES,WI,2014-06-23,2594,5.549259,0,1,2472.0,2431.0,2665.0,2622.0,2460.0
WI_1,HOBBIES,WI,2014-06-30,2680,5.546245,4,1,2594.0,2472.0,2431.0,2665.0,2332.0
WI_1,HOBBIES,WI,2014-07-07,2594,5.552597,4,0,2680.0,2594.0,2472.0,2431.0,2182.0
WI_1,HOBBIES,WI,2014-07-14,2536,5.5665603,2,0,2594.0,2680.0,2594.0,2472.0,2322.0
WI_1,HOBBIES,WI,2014-07-21,2559,5.5649447,0,0,2536.0,2594.0,2680.0,2594.0,2159.0
WI_1,HOBBIES,WI,2014-07-28,2428,5.562865,2,1,2559.0,2536.0,2594.0,2680.0,2360.0
WI_1,HOBBIES,WI,2014-08-04,2205,5.5647006,4,0,2428.0,2559.0,2536.0,2594.0,2059.0
WI_1,HOBBIES,WI,2014-08-11,2665,5.5694876,4,0,2205.0,2428.0,2559.0,2536.0,2184.0
WI_1,HOBBIES,WI,2014-08-18,2291,5.5687246,0,0,2665.0,2205.0,2428.0,2559.0,2077.0
WI_1,HOBBIES,WI,2014-08-25,2487,5.5650625,0,0,2291.0,2665.0,2205.0,2428.0,2007.0
WI_1,HOBBIES,WI,2014-09-01,2381,5.564283,4,1,2487.0,2291.0,2665.0,2205.0,1646.0
WI_1,HOBBIES,WI,2014-09-08,2254,5.563453,5,0,2381.0,2487.0,2291.0,2665.0,2203.0
WI_1,HOBBIES,WI,2014-09-15,2245,5.5592613,1,0,2254.0,2381.0,2487.0,2291.0,2105.0
WI_1,HOBBIES,WI,2014-09-22,2314,5.5637155,0,0,2245.0,2254.0,2381.0,2487.0,2245.0
WI_1,HOBBIES,WI,2014-09-29,2687,5.564435,3,1,2314.0,2245.0,2254.0,2381.0,2337.0
WI_1,HOBBIES,WI,2014-10-06,2603,5.5523553,5,0,2687.0,2314.0,2245.0,2254.0,2767.0
WI_1,HOBBIES,WI,2014-10-13,2782,5.542296,2,1,2603.0,2687.0,2314.0,2245.0,2563.0
WI_1,HOBBIES,WI,2014-10-20,2777,5.539794,0,0,2782.0,2603.0,2687.0,2314.0,2531.0
WI_1,HOBBIES,WI,2014-10-27,2635,5.5380435,1,1,2777.0,2782.0,2603.0,2687.0,2668.0
WI_1,HOBBIES,WI,2014-11-03,2517,5.536756,5,0,2635.0,2777.0,2782.0,2603.0,2400.0
WI_1,HOBBIES,WI,2014-11-10,2673,5.536756,4,1,2517.0,2635.0,2777.0,2782.0,2367.0
WI_1,HOBBIES,WI,2014-11-17,2680,5.536756,0,0,2673.0,2517.0,2635.0,2777.0,2643.0
WI_1,HOBBIES,WI,2014-11-24,2269,5.5390396,0,1,2680.0,2673.0,2517.0,2635.0,2321.0
WI_1,HOBBIES,WI,2014-12-01,3043,5.5443525,4,0,2269.0,2680.0,2673.0,2517.0,2660.0
WI_1,HOBBIES,WI,2014-12-08,2668,5.542988,5,0,3043.0,2269.0,2680.0,2673.0,2556.0
WI_1,HOBBIES,WI,2014-12-15,3033,5.5420504,1,0,2668.0,3043.0,2269.0,2680.0,2626.0
WI_1,HOBBIES,WI,2014-12-22,2494,5.5488715,0,2,3033.0,2668.0,3043.0,2269.0,2388.0
WI_1,HOBBIES,WI,2014-12-29,2604,5.563894,2,1,2494.0,3033.0,2668.0,3043.0,2652.0
WI_1,HOBBIES,WI,2015-01-05,2286,5.5588174,5,1,2604.0,2494.0,3033.0,2668.0,2399.0
WI_1,HOBBIES,WI,2015-01-12,2408,5.575322,3,0,2286.0,2604.0,2494.0,3033.0,2485.0
WI_1,HOBBIES,WI,2015-01-19,2462,5.6160445,0,1,2408.0,2286.0,2604.0,2494.0,2568.0
WI_1,HOBBIES,WI,2015-01-26,2712,5.6136603,0,1,2462.0,2408.0,2286.0,2604.0,2451.0
WI_1,HOBBIES,WI,2015-02-02,3126,5.612928,5,0,2712.0,2462.0,2408.0,2286.0,2585.0
WI_1,HOBBIES,WI,2015-02-09,2941,5.617585,5,1,3126.0,2712.0,2462.0,2408.0,2567.0
WI_1,HOBBIES,WI,2015-02-16,2754,5.617598,0,2,2941.0,3126.0,2712.0,2462.0,2381.0
WI_1,HOBBIES,WI,2015-02-23,2930,5.614863,0,1,2754.0,2941.0,3126.0,2712.0,2351.0
WI_1,HOBBIES,WI,2015-03-02,2873,5.608442,5,1,2930.0,2754.0,2941.0,3126.0,2566.0
WI_1,HOBBIES,WI,2015-03-09,2606,5.6095757,5,0,2873.0,2930.0,2754.0,2941.0,2464.0
WI_1,HOBBIES,WI,2015-03-16,2741,5.609596,0,1,2606.0,2873.0,2930.0,2754.0,2394.0
WI_1,HOBBIES,WI,2015-03-23,2958,5.608536,0,0,2741.0,2606.0,2873.0,2930.0,2449.0
WI_1,HOBBIES,WI,2015-03-30,3181,5.6077275,3,1,2958.0,2741.0,2606.0,2873.0,2633.0
WI_1,HOBBIES,WI,2015-04-06,2855,5.6098523,5,2,3181.0,2958.0,2741.0,2606.0,2344.0
WI_1,HOBBIES,WI,2015-04-13,2761,5.611542,2,0,2855.0,3181.0,2958.0,2741.0,2337.0
WI_1,HOBBIES,WI,2015-04-20,2890,5.6106763,0,0,2761.0,2855.0,3181.0,2958.0,2588.0
WI_1,HOBBIES,WI,2015-04-27,2722,5.610228,2,0,2890.0,2761.0,2855.0,3181.0,2575.0
WI_1,HOBBIES,WI,2015-05-04,2782,5.609985,4,2,2722.0,2890.0,2761.0,2855.0,2527.0
WI_1,HOBBIES,WI,2015-05-11,2690,5.608617,4,0,2782.0,2722.0,2890.0,2761.0,2458.0
WI_1,HOBBIES,WI,2015-05-18,2739,5.60846,0,0,2690.0,2782.0,2722.0,2890.0,2376.0
WI_1,HOBBIES,WI,2015-05-25,2948,5.6065574,0,1,2739.0,2690.0,2782.0,2722.0,2622.0
WI_1,HOBBIES,WI,2015-06-01,2905,5.6038275,4,1,2948.0,2739.0,2690.0,2782.0,2665.0
WI_1,HOBBIES,WI,2015-06-08,2635,5.6049166,5,0,2905.0,2948.0,2739.0,2690.0,2431.0
WI_1,HOBBIES,WI,2015-06-15,2894,5.599562,1,3,2635.0,2905.0,2948.0,2739.0,2472.0
WI_1,HOBBIES,WI,2015-06-22,2631,5.5971932,0,0,2894.0,2635.0,2905.0,2948.0,2594.0
WI_1,HOBBIES,WI,2015-06-29,3009,5.6010027,3,1,2631.0,2894.0,2635.0,2905.0,2680.0
WI_1,HOBBIES,WI,2015-07-06,2961,5.5982566,5,0,3009.0,2631.0,2894.0,2635.0,2594.0
WI_1,HOBBIES,WI,2015-07-13,2946,5.592723,2,1,2961.0,3009.0,2631.0,2894.0,2536.0
WI_1,HOBBIES,WI,2015-07-20,2818,5.5961614,0,0,2946.0,2961.0,3009.0,2631.0,2559.0
WI_1,HOBBIES,WI,2015-07-27,2997,5.593982,1,0,2818.0,2946.0,2961.0,3009.0,2428.0
WI_1,HOBBIES,WI,2015-08-03,2684,5.5886116,5,0,2997.0,2818.0,2946.0,2961.0,2205.0
WI_1,HOBBIES,WI,2015-08-10,2703,5.586849,4,0,2684.0,2997.0,2818.0,2946.0,2665.0
WI_1,HOBBIES,WI,2015-08-17,2896,5.5837274,0,0,2703.0,2684.0,2997.0,2818.0,2291.0
WI_1,HOBBIES,WI,2015-08-24,2970,5.58312,0,0,2896.0,2703.0,2684.0,2997.0,2487.0
WI_1,HOBBIES,WI,2015-08-31,2694,5.582867,4,0,2970.0,2896.0,2703.0,2684.0,2381.0
WI_1,HOBBIES,WI,2015-09-07,2817,5.582867,4,1,2694.0,2970.0,2896.0,2703.0,2254.0
WI_1,HOBBIES,WI,2015-09-14,2628,5.5813904,2,0,2817.0,2694.0,2970.0,2896.0,2245.0
WI_1,HOBBIES,WI,2015-09-21,2828,5.579448,0,1,2628.0,2817.0,2694.0,2970.0,2314.0
WI_1,HOBBIES,WI,2015-09-28,2956,5.5838227,2,0,2828.0,2628.0,2817.0,2694.0,2687.0
WI_1,HOBBIES,WI,2015-10-05,3000,5.583884,5,0,2956.0,2828.0,2628.0,2817.0,2603.0
WI_1,HOBBIES,WI,2015-10-12,3024,5.58353,3,1,3000.0,2956.0,2828.0,2628.0,2782.0
WI_1,HOBBIES,WI,2015-10-19,3039,5.5821037,0,0,3024.0,3000.0,2956.0,2828.0,2777.0
WI_1,HOBBIES,WI,2015-10-26,2845,5.581699,0,1,3039.0,3024.0,3000.0,2956.0,2635.0
WI_1,HOBBIES,WI,2015-11-02,3007,5.5799747,5,0,2845.0,3039.0,3024.0,3000.0,2517.0
WI_1,HOBBIES,WI,2015-11-09,2781,5.575471,5,1,3007.0,2845.0,3039.0,3024.0,2673.0
WI_1,HOBBIES,WI,2015-11-16,2806,5.575183,0,0,2781.0,3007.0,2845.0,3039.0,2680.0
WI_1,HOBBIES,WI,2015-11-23,2490,5.5756636,0,1,2806.0,2781.0,3007.0,2845.0,2269.0
WI_1,HOBBIES,WI,2015-11-30,3256,5.575507,4,0,2490.0,2806.0,2781.0,3007.0,3043.0
WI_1,HOBBIES,WI,2015-12-07,2944,5.575494,4,0,3256.0,2490.0,2806.0,2781.0,2668.0
WI_1,HOBBIES,WI,2015-12-14,3271,5.5757246,2,1,2944.0,3256.0,2490.0,2806.0,3033.0
WI_1,HOBBIES,WI,2015-12-21,2821,5.574688,0,1,3271.0,2944.0,3256.0,2490.0,2494.0
WI_1,HOBBIES,WI,2015-12-28,2885,5.576736,2,1,2821.0,3271.0,2944.0,3256.0,2604.0
WI_1,HOBBIES,WI,2016-01-04,2714,5.5766196,4,1,2885.0,2821.0,3271.0,2944.0,2286.0
WI_1,HOBBIES,WI,2016-01-11,2501,5.574228,4,0,2714.0,2885.0,2821.0,3271.0,2408.0
WI_1,HOBBIES,WI,2016-01-18,2804,5.573055,0,1,2501.0,2714.0,2885.0,2821.0,2462.0
WI_1,HOBBIES,WI,2016-01-25,2931,5.575542,0,0,2804.0,2501.0,2714.0,2885.0,2712.0
WI_1,HOBBIES,WI,2016-02-01,2813,5.5708313,4,1,2931.0,2804.0,2501.0,2714.0,3126.0
WI_1,HOBBIES,WI,2016-02-08,2772,5.5698586,5,2,2813.0,2931.0,2804.0,2501.0,2941.0
WI_1,HOBBIES,WI,2016-02-15,2847,5.5700254,1,2,2772.0,2813.0,2931.0,2804.0,2754.0
WI_1,HOBBIES,WI,2016-02-22,2852,5.572392,0,0,2847.0,2772.0,2813.0,2931.0,2930.0
WI_1,HOBBIES,WI,2016-02-29,2976,5.57137,4,0,2852.0,2847.0,2772.0,2813.0,2873.0
WI_1,HOBBIES,WI,2016-03-07,2720,5.570602,4,0,2976.0,2852.0,2847.0,2772.0,2606.0
WI_1,HOBBIES,WI,2016-03-14,2809,5.5707636,2,1,2720.0,2976.0,2852.0,2847.0,2741.0
WI_1,HOBBIES,WI,2016-03-21,2845,5.5700707,0,2,2809.0,2720.0,2976.0,2852.0,2958.0
WI_1,HOBBIES,WI,2016-03-28,2953,5.5686197,2,0,2845.0,2809.0,2720.0,2976.0,3181.0
WI_1,HOBBIES,WI,2016-04-04,2938,5.5674815,4,0,2953.0,2845.0,2809.0,2720.0,2855.0
WI_1,HOBBIES,WI,2016-04-11,2864,5.57045,4,0,2938.0,2953.0,2845.0,2809.0,2761.0
WI_1,HOBBIES,WI,2016-04-18,2918,5.5675774,0,0,2864.0,2938.0,2953.0,2845.0,2890.0
WI_1,HOBBIES,WI,2016-04-25,3236,5.561059,0,2,2918.0,2864.0,2938.0,2953.0,2722.0
WI_1,HOBBIES,WI,2016-05-02,2973,5.5627737,5,2,3236.0,2918.0,2864.0,2938.0,2782.0
WI_1,HOBBIES,WI,2016-05-09,2878,5.5587335,5,0,2973.0,3236.0,2918.0,2864.0,2690.0
WI_1,HOBBIES,WI,2016-05-16,2922,5.5511904,0,0,2878.0,2973.0,3236.0,2918.0,2739.0
WI_1,HOUSEHOLD,WI,2011-01-31,2009,5.510304,4,1,,,,,
WI_1,HOUSEHOLD,WI,2011-02-07,2560,5.600872,4,0,2009.0,,,,
WI_1,HOUSEHOLD,WI,2011-02-14,2600,5.605233,2,1,2560.0,2009.0,,,
WI_1,HOUSEHOLD,WI,2011-02-21,2577,5.644698,0,1,2600.0,2560.0,2009.0,,
WI_1,HOUSEHOLD,WI,2011-02-28,2562,5.672503,4,0,2577.0,2600.0,2560.0,2009.0,
WI_1,HOUSEHOLD,WI,2011-03-07,2681,5.684067,4,1,2562.0,2577.0,2600.0,2560.0,
WI_1,HOUSEHOLD,WI,2011-03-14,2671,5.7083917,2,3,2681.0,2562.0,2577.0,2600.0,
WI_1,HOUSEHOLD,WI,2011-03-21,2661,5.6856093,0,0,2671.0,2681.0,2562.0,2577.0,
WI_1,HOUSEHOLD,WI,2011-03-28,2736,5.6617417,2,0,2661.0,2671.0,2681.0,2562.0,
WI_1,HOUSEHOLD,WI,2011-04-04,2214,5.6523256,4,0,2736.0,2661.0,2671.0,2681.0,
WI_1,HOUSEHOLD,WI,2011-04-11,2541,5.642468,4,0,2214.0,2736.0,2661.0,2671.0,
WI_1,HOUSEHOLD,WI,2011-04-18,2120,5.6462584,0,1,2541.0,2214.0,2736.0,2661.0,
WI_1,HOUSEHOLD,WI,2011-04-25,2568,5.650422,0,1,2120.0,2541.0,2214.0,2736.0,
WI_1,HOUSEHOLD,WI,2011-05-02,2266,5.647778,5,2,2568.0,2120.0,2541.0,2214.0,
WI_1,HOUSEHOLD,WI,2011-05-09,2543,5.6391444,5,0,2266.0,2568.0,2120.0,2541.0,
WI_1,HOUSEHOLD,WI,2011-05-16,2344,5.641349,0,0,2543.0,2266.0,2568.0,2120.0,
WI_1,HOUSEHOLD,WI,2011-05-23,2396,5.639992,0,0,2344.0,2543.0,2266.0,2568.0,
WI_1,HOUSEHOLD,WI,2011-05-30,2514,5.6365905,3,2,2396.0,2344.0,2543.0,2266.0,
WI_1,HOUSEHOLD,WI,2011-06-06,2558,5.6210513,5,1,2514.0,2396.0,2344.0,2543.0,
WI_1,HOUSEHOLD,WI,2011-06-13,2552,5.60183,2,1,2558.0,2514.0,2396.0,2344.0,
WI_1,HOUSEHOLD,WI,2011-06-20,2604,5.6003394,0,0,2552.0,2558.0,2514.0,2396.0,
WI_1,HOUSEHOLD,WI,2011-06-27,2495,5.6032176,2,0,2604.0,2552.0,2558.0,2514.0,
WI_1,HOUSEHOLD,WI,2011-07-04,2774,5.614609,4,1,2495.0,2604.0,2552.0,2558.0,
WI_1,HOUSEHOLD,WI,2011-07-11,2634,5.6213317,4,0,2774.0,2495.0,2604.0,2552.0,
WI_1,HOUSEHOLD,WI,2011-07-18,2498,5.610142,0,0,2634.0,2774.0,2495.0,2604.0,
WI_1,HOUSEHOLD,WI,2011-07-25,2428,5.6059046,0,0,2498.0,2634.0,2774.0,2495.0,
WI_1,HOUSEHOLD,WI,2011-08-01,2733,5.5801916,4,1,2428.0,2498.0,2634.0,2774.0,
WI_1,HOUSEHOLD,WI,2011-08-08,2904,5.5784307,5,0,2733.0,2428.0,2498.0,2634.0,
WI_1,HOUSEHOLD,WI,2011-08-15,2788,5.582092,1,0,2904.0,2733.0,2428.0,2498.0,
WI_1,HOUSEHOLD,WI,2011-08-22,2717,5.589198,0,0,2788.0,2904.0,2733.0,2428.0,
WI_1,HOUSEHOLD,WI,2011-08-29,3011,5.586953,2,1,2717.0,2788.0,2904.0,2733.0,
WI_1,HOUSEHOLD,WI,2011-09-05,2798,5.5791583,5,1,3011.0,2717.0,2788.0,2904.0,
WI_1,HOUSEHOLD,WI,2011-09-12,2960,5.575822,3,0,2798.0,3011.0,2717.0,2788.0,
WI_1,HOUSEHOLD,WI,2011-09-19,2738,5.568807,0,0,2960.0,2798.0,3011.0,2717.0,
WI_1,HOUSEHOLD,WI,2011-09-26,2915,5.560285,1,0,2738.0,2960.0,2798.0,3011.0,
WI_1,HOUSEHOLD,WI,2011-10-03,2788,5.5545535,5,0,2915.0,2738.0,2960.0,2798.0,
WI_1,HOUSEHOLD,WI,2011-10-10,2818,5.552761,4,1,2788.0,2915.0,2738.0,2960.0,
WI_1,HOUSEHOLD,WI,2011-10-17,2792,5.547008,0,0,2818.0,2788.0,2915.0,2738.0,
WI_1,HOUSEHOLD,WI,2011-10-24,2817,5.5392,0,0,2792.0,2818.0,2788.0,2915.0,
WI_1,HOUSEHOLD,WI,2011-10-31,2888,5.535987,4,1,2817.0,2792.0,2818.0,2788.0,
WI_1,HOUSEHOLD,WI,2011-11-07,2659,5.533299,4,2,2888.0,2817.0,2792.0,2818.0,
WI_1,HOUSEHOLD,WI,2011-11-14,2641,5.530117,2,0,2659.0,2888.0,2817.0,2792.0,
WI_1,HOUSEHOLD,WI,2011-11-21,2392,5.5317163,0,1,2641.0,2659.0,2888.0,2817.0,
WI_1,HOUSEHOLD,WI,2011-11-28,2613,5.5323224,2,0,2392.0,2641.0,2659.0,2888.0,
WI_1,HOUSEHOLD,WI,2011-12-05,2521,5.531953,5,0,2613.0,2392.0,2641.0,2659.0,
WI_1,HOUSEHOLD,WI,2011-12-12,2409,5.5395923,3,0,2521.0,2613.0,2392.0,2641.0,
WI_1,HOUSEHOLD,WI,2011-12-19,2102,5.5473027,0,1,2409.0,2521.0,2613.0,2392.0,
WI_1,HOUSEHOLD,WI,2011-12-26,2770,5.538848,0,2,2102.0,2409.0,2521.0,2613.0,
WI_1,HOUSEHOLD,WI,2012-01-02,3171,5.515586,5,1,2770.0,2102.0,2409.0,2521.0,
WI_1,HOUSEHOLD,WI,2012-01-09,2502,5.5123644,5,0,3171.0,2770.0,2102.0,2409.0,
WI_1,HOUSEHOLD,WI,2012-01-16,2654,5.511496,0,1,2502.0,3171.0,2770.0,2102.0,
WI_1,HOUSEHOLD,WI,2012-01-23,2642,5.5110583,0,0,2654.0,2502.0,3171.0,2770.0,
WI_1,HOUSEHOLD,WI,2012-01-30,3254,5.5382037,3,1,2642.0,2654.0,2502.0,3171.0,2009.0
WI_1,HOUSEHOLD,WI,2012-02-06,2942,5.5676675,5,0,3254.0,2642.0,2654.0,2502.0,2560.0
WI_1,HOUSEHOLD,WI,2012-02-13,3234,5.564483,2,1,2942.0,3254.0,2642.0,2654.0,2600.0
WI_1,HOUSEHOLD,WI,2012-02-20,3570,5.56847,0,2,3234.0,2942.0,3254.0,2642.0,2577.0
WI_1,HOUSEHOLD,WI,2012-02-27,3300,5.5890775,2,1,3570.0,3234.0,2942.0,3254.0,2562.0
WI_1,HOUSEHOLD,WI,2012-03-05,3017,5.6099014,5,1,3300.0,3570.0,3234.0,2942.0,2681.0
WI_1,HOUSEHOLD,WI,2012-03-12,3446,5.607934,3,1,3017.0,3300.0,3570.0,3234.0,2671.0
WI_1,HOUSEHOLD,WI,2012-03-19,3319,5.6058125,0,0,3446.0,3017.0,3300.0,3570.0,2661.0
WI_1,HOUSEHOLD,WI,2012-03-26,3060,5.6013603,0,0,3319.0,3446.0,3017.0,3300.0,2736.0
WI_1,HOUSEHOLD,WI,2012-04-02,2929,5.5948,5,1,3060.0,3319.0,3446.0,3017.0,2214.0
WI_1,HOUSEHOLD,WI,2012-04-09,3550,5.5875425,5,2,2929.0,3060.0,3319.0,3446.0,2541.0
WI_1,HOUSEHOLD,WI,2012-04-16,3038,5.587377,0,0,3550.0,2929.0,3060.0,3319.0,2120.0
WI_1,HOUSEHOLD,WI,2012-04-23,3128,5.5866427,0,0,3038.0,3550.0,2929.0,3060.0,2568.0
WI_1,HOUSEHOLD,WI,2012-04-30,2968,5.5808206,4,1,3128.0,3038.0,3550.0,2929.0,2266.0
WI_1,HOUSEHOLD,WI,2012-05-07,2596,5.576833,4,1,2968.0,3128.0,3038.0,3550.0,2543.0
WI_1,HOUSEHOLD,WI,2012-05-14,2912,5.572464,2,0,2596.0,2968.0,3128.0,3038.0,2344.0
WI_1,HOUSEHOLD,WI,2012-05-21,2928,5.567143,0,0,2912.0,2596.0,2968.0,3128.0,2396.0
WI_1,HOUSEHOLD,WI,2012-05-28,3227,5.5522943,2,1,2928.0,2912.0,2596.0,2968.0,2514.0
WI_1,HOUSEHOLD,WI,2012-06-04,3029,5.5281377,4,0,3227.0,2928.0,2912.0,2596.0,2558.0
WI_1,HOUSEHOLD,WI,2012-06-11,3727,5.5086975,4,2,3029.0,3227.0,2928.0,2912.0,2552.0
WI_1,HOUSEHOLD,WI,2012-06-18,3599,5.5034957,0,1,3727.0,3029.0,3227.0,2928.0,2604.0
WI_1,HOUSEHOLD,WI,2012-06-25,3596,5.502267,0,0,3599.0,3727.0,3029.0,3227.0,2495.0
WI_1,HOUSEHOLD,WI,2012-07-02,3471,5.504563,5,1,3596.0,3599.0,3727.0,3029.0,2774.0
WI_1,HOUSEHOLD,WI,2012-07-09,3409,5.5022697,5,0,3471.0,3596.0,3599.0,3727.0,2634.0
WI_1,HOUSEHOLD,WI,2012-07-16,3256,5.4939184,0,1,3409.0,3471.0,3596.0,3599.0,2498.0
WI_1,HOUSEHOLD,WI,2012-07-23,3251,5.49529,0,0,3256.0,3409.0,3471.0,3596.0,2428.0
WI_1,HOUSEHOLD,WI,2012-07-30,3365,5.52728,3,0,3251.0,3256.0,3409.0,3471.0,2733.0
WI_1,HOUSEHOLD,WI,2012-08-06,3070,5.532337,5,0,3365.0,3251.0,3256.0,3409.0,2904.0
WI_1,HOUSEHOLD,WI,2012-08-13,3571,5.52411,2,1,3070.0,3365.0,3251.0,3256.0,2788.0
WI_1,HOUSEHOLD,WI,2012-08-20,3469,5.502385,0,0,3571.0,3070.0,3365.0,3251.0,2717.0
WI_1,HOUSEHOLD,WI,2012-08-27,3416,5.485662,1,0,3469.0,3571.0,3070.0,3365.0,3011.0
WI_1,HOUSEHOLD,WI,2012-09-03,3391,5.4836245,5,1,3416.0,3469.0,3571.0,3070.0,2798.0
WI_1,HOUSEHOLD,WI,2012-09-10,3653,5.4798803,4,0,3391.0,3416.0,3469.0,3571.0,2960.0
WI_1,HOUSEHOLD,WI,2012-09-17,3690,5.482273,0,0,3653.0,3391.0,3416.0,3469.0,2738.0
WI_1,HOUSEHOLD,WI,2012-09-24,3053,5.479146,0,0,3690.0,3653.0,3391.0,3416.0,2915.0
WI_1,HOUSEHOLD,WI,2012-10-01,2782,5.4774146,4,0,3053.0,3690.0,3653.0,3391.0,2788.0
WI_1,HOUSEHOLD,WI,2012-10-08,2445,5.4768763,5,1,2782.0,3053.0,3690.0,3653.0,2818.0
WI_1,HOUSEHOLD,WI,2012-10-15,1690,5.4790444,1,0,2445.0,2782.0,3053.0,3690.0,2792.0
WI_1,HOUSEHOLD,WI,2012-10-22,3039,5.4894686,0,1,1690.0,2445.0,2782.0,3053.0,2817.0
WI_1,HOUSEHOLD,WI,2012-10-29,4852,5.495751,2,1,3039.0,1690.0,2445.0,2782.0,2888.0
WI_1,HOUSEHOLD,WI,2012-11-05,4060,5.4968715,5,1,4852.0,3039.0,1690.0,2445.0,2659.0
WI_1,HOUSEHOLD,WI,2012-11-12,4011,5.4945054,3,0,4060.0,4852.0,3039.0,1690.0,2641.0
WI_1,HOUSEHOLD,WI,2012-11-19,3615,5.4945745,0,1,4011.0,4060.0,4852.0,3039.0,2392.0
WI_1,HOUSEHOLD,WI,2012-11-26,3778,5.492668,1,0,3615.0,4011.0,4060.0,4852.0,2613.0
WI_1,HOUSEHOLD,WI,2012-12-03,3884,5.492073,5,0,3778.0,3615.0,4011.0,4060.0,2521.0
WI_1,HOUSEHOLD,WI,2012-12-10,3562,5.49796,4,1,3884.0,3778.0,3615.0,4011.0,2409.0
WI_1,HOUSEHOLD,WI,2012-12-17,3726,5.494698,0,0,3562.0,3884.0,3778.0,3615.0,2102.0
WI_1,HOUSEHOLD,WI,2012-12-24,3288,5.494609,0,1,3726.0,3562.0,3884.0,3778.0,2770.0
WI_1,HOUSEHOLD,WI,2012-12-31,4027,5.491595,4,1,3288.0,3726.0,3562.0,3884.0,3171.0
WI_1,HOUSEHOLD,WI,2013-01-07,3577,5.4858713,4,1,4027.0,3288.0,3726.0,3562.0,2502.0
WI_1,HOUSEHOLD,WI,2013-01-14,3918,5.4865465,2,0,3577.0,4027.0,3288.0,3726.0,2654.0
WI_1,HOUSEHOLD,WI,2013-01-21,3288,5.481726,0,1,3918.0,3577.0,4027.0,3288.0,2642.0
WI_1,HOUSEHOLD,WI,2013-01-28,3323,5.473926,2,1,3288.0,3918.0,3577.0,4027.0,3254.0
WI_1,HOUSEHOLD,WI,2013-02-04,3375,5.463482,4,0,3323.0,3288.0,3918.0,3577.0,2942.0
WI_1,HOUSEHOLD,WI,2013-02-11,4610,5.4678116,4,2,3375.0,3323.0,3288.0,3918.0,3234.0
WI_1,HOUSEHOLD,WI,2013-02-18,4002,5.4675446,0,3,4610.0,3375.0,3323.0,3288.0,3570.0
WI_1,HOUSEHOLD,WI,2013-02-25,4318,5.4606338,2,0,4002.0,4610.0,3375.0,3323.0,3300.0
WI_1,HOUSEHOLD,WI,2013-03-04,4012,5.4529586,4,0,4318.0,4002.0,4610.0,3375.0,3017.0
WI_1,HOUSEHOLD,WI,2013-03-11,4116,5.44284,4,1,4012.0,4318.0,4002.0,4610.0,3446.0
WI_1,HOUSEHOLD,WI,2013-03-18,3990,5.4464765,0,0,4116.0,4012.0,4318.0,4002.0,3319.0
WI_1,HOUSEHOLD,WI,2013-03-25,3942,5.4382987,0,1,3990.0,4116.0,4012.0,4318.0,3060.0
WI_1,HOUSEHOLD,WI,2013-04-01,4342,5.438164,4,1,3942.0,3990.0,4116.0,4012.0,2929.0
WI_1,HOUSEHOLD,WI,2013-04-08,4038,5.4417844,5,0,4342.0,3942.0,3990.0,4116.0,3550.0
WI_1,HOUSEHOLD,WI,2013-04-15,3588,5.440706,1,0,4038.0,4342.0,3942.0,3990.0,3038.0
WI_1,HOUSEHOLD,WI,2013-04-22,3394,5.439095,0,0,3588.0,4038.0,4342.0,3942.0,3128.0
WI_1,HOUSEHOLD,WI,2013-04-29,3546,5.4397798,3,1,3394.0,3588.0,4038.0,4342.0,2968.0
WI_1,HOUSEHOLD,WI,2013-05-06,3479,5.427282,5,1,3546.0,3394.0,3588.0,4038.0,2596.0
WI_1,HOUSEHOLD,WI,2013-05-13,3890,5.423148,2,0,3479.0,3546.0,3394.0,3588.0,2912.0
WI_1,HOUSEHOLD,WI,2013-05-20,3681,5.416912,0,0,3890.0,3479.0,3546.0,3394.0,2928.0
WI_1,HOUSEHOLD,WI,2013-05-27,4043,5.4144464,1,1,3681.0,3890.0,3479.0,3546.0,3227.0
WI_1,HOUSEHOLD,WI,2013-06-03,3528,5.408008,5,1,4043.0,3681.0,3890.0,3479.0,3029.0
WI_1,HOUSEHOLD,WI,2013-06-10,3330,5.4063954,4,1,3528.0,4043.0,3681.0,3890.0,3727.0
WI_1,HOUSEHOLD,WI,2013-06-17,3471,5.4073944,0,1,3330.0,3528.0,4043.0,3681.0,3599.0
WI_1,HOUSEHOLD,WI,2013-06-24,3715,5.406489,0,0,3471.0,3330.0,3528.0,4043.0,3596.0
WI_1,HOUSEHOLD,WI,2013-07-01,3667,5.408662,4,1,3715.0,3471.0,3330.0,3528.0,3471.0
WI_1,HOUSEHOLD,WI,2013-07-08,4248,5.4088216,5,1,3667.0,3715.0,3471.0,3330.0,3409.0
WI_1,HOUSEHOLD,WI,2013-07-15,4015,5.406094,1,0,4248.0,3667.0,3715.0,3471.0,3256.0
WI_1,HOUSEHOLD,WI,2013-07-22,3891,5.398093,0,0,4015.0,4248.0,3667.0,3715.0,3251.0
WI_1,HOUSEHOLD,WI,2013-07-29,3630,5.3907166,2,0,3891.0,4015.0,4248.0,3667.0,3365.0
WI_1,HOUSEHOLD,WI,2013-08-05,3569,5.387421,5,1,3630.0,3891.0,4015.0,4248.0,3070.0
WI_1,HOUSEHOLD,WI,2013-08-12,3885,5.387249,3,0,3569.0,3630.0,3891.0,4015.0,3571.0
WI_1,HOUSEHOLD,WI,2013-08-19,3791,5.3854628,0,0,3885.0,3569.0,3630.0,3891.0,3469.0
WI_1,HOUSEHOLD,WI,2013-08-26,3918,5.38174,0,0,3791.0,3885.0,3569.0,3630.0,3416.0
WI_1,HOUSEHOLD,WI,2013-09-02,3719,5.379234,5,1,3918.0,3791.0,3885.0,3569.0,3391.0
WI_1,HOUSEHOLD,WI,2013-09-09,3788,5.3762593,5,0,3719.0,3918.0,3791.0,3885.0,3653.0
WI_1,HOUSEHOLD,WI,2013-09-16,3654,5.377678,0,0,3788.0,3719.0,3918.0,3791.0,3690.0
WI_1,HOUSEHOLD,WI,2013-09-23,3777,5.373609,0,0,3654.0,3788.0,3719.0,3918.0,3053.0
WI_1,HOUSEHOLD,WI,2013-09-30,3967,5.373527,4,0,3777.0,3654.0,3788.0,3719.0,2782.0
WI_1,HOUSEHOLD,WI,2013-10-07,3421,5.3719826,4,0,3967.0,3777.0,3654.0,3788.0,2445.0
WI_1,HOUSEHOLD,WI,2013-10-14,3278,5.3667936,2,2,3421.0,3967.0,3777.0,3654.0,1690.0
WI_1,HOUSEHOLD,WI,2013-10-21,3506,5.3642154,0,0,3278.0,3421.0,3967.0,3777.0,3039.0
WI_1,HOUSEHOLD,WI,2013-10-28,3573,5.3645563,2,1,3506.0,3278.0,3421.0,3967.0,4852.0
WI_1,HOUSEHOLD,WI,2013-11-04,3452,5.359489,4,0,3573.0,3506.0,3278.0,3421.0,4060.0
WI_1,HOUSEHOLD,WI,2013-11-11,3358,5.352121,4,1,3452.0,3573.0,3506.0,3278.0,4011.0
WI_1,HOUSEHOLD,WI,2013-11-18,3685,5.348994,0,0,3358.0,3452.0,3573.0,3506.0,3615.0
WI_1,HOUSEHOLD,WI,2013-11-25,3201,5.350042,0,1,3685.0,3358.0,3452.0,3573.0,3778.0
WI_1,HOUSEHOLD,WI,2013-12-02,3495,5.3527403,5,1,3201.0,3685.0,3358.0,3452.0,3884.0
WI_1,HOUSEHOLD,WI,2013-12-09,3123,5.3530807,5,0,3495.0,3201.0,3685.0,3358.0,3562.0
WI_1,HOUSEHOLD,WI,2013-12-16,3190,5.3568883,0,0,3123.0,3495.0,3201.0,3685.0,3726.0
WI_1,HOUSEHOLD,WI,2013-12-23,3208,5.359753,0,1,3190.0,3123.0,3495.0,3201.0,3288.0
WI_1,HOUSEHOLD,WI,2013-12-30,3459,5.3601604,3,1,3208.0,3190.0,3123.0,3495.0,4027.0
WI_1,HOUSEHOLD,WI,2014-01-06,3408,5.359567,5,1,3459.0,3208.0,3190.0,3123.0,3577.0
WI_1,HOUSEHOLD,WI,2014-01-13,3688,5.3572516,2,0,3408.0,3459.0,3208.0,3190.0,3918.0
WI_1,HOUSEHOLD,WI,2014-01-20,3379,5.367498,0,1,3688.0,3408.0,3459.0,3208.0,3288.0
WI_1,HOUSEHOLD,WI,2014-01-27,3645,5.3773665,1,1,3379.0,3688.0,3408.0,3459.0,3323.0
WI_1,HOUSEHOLD,WI,2014-02-03,3824,5.377132,5,0,3645.0,3379.0,3688.0,3408.0,3375.0
WI_1,HOUSEHOLD,WI,2014-02-10,4266,5.379197,4,1,3824.0,3645.0,3379.0,3688.0,4610.0
WI_1,HOUSEHOLD,WI,2014-02-17,4545,5.3993983,0,1,4266.0,3824.0,3645.0,3379.0,4002.0
WI_1,HOUSEHOLD,WI,2014-02-24,4563,5.4225917,1,0,4545.0,4266.0,3824.0,3645.0,4318.0
WI_1,HOUSEHOLD,WI,2014-03-03,4333,5.41835,5,1,4563.0,4545.0,4266.0,3824.0,4012.0
WI_1,HOUSEHOLD,WI,2014-03-10,4500,5.4081116,4,2,4333.0,4563.0,4545.0,4266.0,4116.0
WI_1,HOUSEHOLD,WI,2014-03-17,4184,5.4122453,0,1,4500.0,4333.0,4563.0,4545.0,3990.0
WI_1,HOUSEHOLD,WI,2014-03-24,4037,5.4110694,0,0,4184.0,4500.0,4333.0,4563.0,3942.0
WI_1,HOUSEHOLD,WI,2014-03-31,4336,5.418896,4,0,4037.0,4184.0,4500.0,4333.0,4342.0
WI_1,HOUSEHOLD,WI,2014-04-07,4276,5.4222565,4,0,4336.0,4037.0,4184.0,4500.0,4038.0
WI_1,HOUSEHOLD,WI,2014-04-14,4105,5.4215546,2,1,4276.0,4336.0,4037.0,4184.0,3588.0
WI_1,HOUSEHOLD,WI,2014-04-21,4028,5.4205637,0,1,4105.0,4276.0,4336.0,4037.0,3394.0
WI_1,HOUSEHOLD,WI,2014-04-28,4272,5.42352,2,0,4028.0,4105.0,4276.0,4336.0,3546.0
WI_1,HOUSEHOLD,WI,2014-05-05,3558,5.4272547,5,2,4272.0,4028.0,4105.0,4276.0,3479.0
WI_1,HOUSEHOLD,WI,2014-05-12,4048,5.418484,3,0,3558.0,4272.0,4028.0,4105.0,3890.0
WI_1,HOUSEHOLD,WI,2014-05-19,3708,5.4099193,0,0,4048.0,3558.0,4272.0,4028.0,3681.0
WI_1,HOUSEHOLD,WI,2014-05-26,4157,5.409919,0,1,3708.0,4048.0,3558.0,4272.0,4043.0
WI_1,HOUSEHOLD,WI,2014-06-02,4362,5.410938,5,1,4157.0,3708.0,4048.0,3558.0,3528.0
WI_1,HOUSEHOLD,WI,2014-06-09,3887,5.416268,5,1,4362.0,4157.0,3708.0,4048.0,3330.0
WI_1,HOUSEHOLD,WI,2014-06-16,4320,5.4282727,0,0,3887.0,4362.0,4157.0,3708.0,3471.0
WI_1,HOUSEHOLD,WI,2014-06-23,4082,5.4269495,0,1,4320.0,3887.0,4362.0,4157.0,3715.0
WI_1,HOUSEHOLD,WI,2014-06-30,4496,5.431419,4,1,4082.0,4320.0,3887.0,4362.0,3667.0
WI_1,HOUSEHOLD,WI,2014-07-07,4453,5.4362097,4,0,4496.0,4082.0,4320.0,3887.0,4248.0
WI_1,HOUSEHOLD,WI,2014-07-14,4355,5.43465,2,0,4453.0,4496.0,4082.0,4320.0,4015.0
WI_1,HOUSEHOLD,WI,2014-07-21,4303,5.4291077,0,0,4355.0,4453.0,4496.0,4082.0,3891.0
WI_1,HOUSEHOLD,WI,2014-07-28,4546,5.420466,2,1,4303.0,4355.0,4453.0,4496.0,3630.0
WI_1,HOUSEHOLD,WI,2014-08-04,4122,5.4220915,4,0,4546.0,4303.0,4355.0,4453.0,3569.0
WI_1,HOUSEHOLD,WI,2014-08-11,4895,5.4454694,4,0,4122.0,4546.0,4303.0,4355.0,3885.0
WI_1,HOUSEHOLD,WI,2014-08-18,4626,5.43441,0,0,4895.0,4122.0,4546.0,4303.0,3791.0
WI_1,HOUSEHOLD,WI,2014-08-25,4874,5.438906,0,0,4626.0,4895.0,4122.0,4546.0,3918.0
WI_1,HOUSEHOLD,WI,2014-09-01,4561,5.435441,4,1,4874.0,4626.0,4895.0,4122.0,3719.0
WI_1,HOUSEHOLD,WI,2014-09-08,4270,5.433509,5,0,4561.0,4874.0,4626.0,4895.0,3788.0
WI_1,HOUSEHOLD,WI,2014-09-15,4240,5.436521,1,0,4270.0,4561.0,4874.0,4626.0,3654.0
WI_1,HOUSEHOLD,WI,2014-09-22,3993,5.435094,0,0,4240.0,4270.0,4561.0,4874.0,3777.0
WI_1,HOUSEHOLD,WI,2014-09-29,4549,5.433228,3,1,3993.0,4240.0,4270.0,4561.0,3967.0
WI_1,HOUSEHOLD,WI,2014-10-06,4049,5.435856,5,0,4549.0,3993.0,4240.0,4270.0,3421.0
WI_1,HOUSEHOLD,WI,2014-10-13,4316,5.432392,2,1,4049.0,4549.0,3993.0,4240.0,3278.0
WI_1,HOUSEHOLD,WI,2014-10-20,4035,5.4316244,0,0,4316.0,4049.0,4549.0,3993.0,3506.0
WI_1,HOUSEHOLD,WI,2014-10-27,4406,5.4250436,1,1,4035.0,4316.0,4049.0,4549.0,3573.0
WI_1,HOUSEHOLD,WI,2014-11-03,4400,5.4223094,5,0,4406.0,4035.0,4316.0,4049.0,3452.0
WI_1,HOUSEHOLD,WI,2014-11-10,4126,5.425137,4,1,4400.0,4406.0,4035.0,4316.0,3358.0
WI_1,HOUSEHOLD,WI,2014-11-17,4321,5.4248767,0,0,4126.0,4400.0,4406.0,4035.0,3685.0
WI_1,HOUSEHOLD,WI,2014-11-24,3824,5.4262223,0,1,4321.0,4126.0,4400.0,4406.0,3201.0
WI_1,HOUSEHOLD,WI,2014-12-01,4424,5.4273477,4,0,3824.0,4321.0,4126.0,4400.0,3495.0
WI_1,HOUSEHOLD,WI,2014-12-08,3697,5.4273005,5,0,4424.0,3824.0,4321.0,4126.0,3123.0
WI_1,HOUSEHOLD,WI,2014-12-15,4027,5.4241834,1,0,3697.0,4424.0,3824.0,4321.0,3190.0
WI_1,HOUSEHOLD,WI,2014-12-22,3703,5.421121,0,2,4027.0,3697.0,4424.0,3824.0,3208.0
WI_1,HOUSEHOLD,WI,2014-12-29,4363,5.4175553,2,1,3703.0,4027.0,3697.0,4424.0,3459.0
WI_1,HOUSEHOLD,WI,2015-01-05,3864,5.420929,5,1,4363.0,3703.0,4027.0,3697.0,3408.0
WI_1,HOUSEHOLD,WI,2015-01-12,5046,5.4179454,3,0,3864.0,4363.0,3703.0,4027.0,3688.0
WI_1,HOUSEHOLD,WI,2015-01-19,4775,5.4227753,0,1,5046.0,3864.0,4363.0,3703.0,3379.0
WI_1,HOUSEHOLD,WI,2015-01-26,4735,5.434606,0,1,4775.0,5046.0,3864.0,4363.0,3645.0
WI_1,HOUSEHOLD,WI,2015-02-02,5236,5.4358377,5,0,4735.0,4775.0,5046.0,3864.0,3824.0
WI_1,HOUSEHOLD,WI,2015-02-09,4994,5.4399257,5,1,5236.0,4735.0,4775.0,5046.0,4266.0
WI_1,HOUSEHOLD,WI,2015-02-16,4955,5.4419374,0,2,4994.0,5236.0,4735.0,4775.0,4545.0
WI_1,HOUSEHOLD,WI,2015-02-23,5555,5.4391036,0,1,4955.0,4994.0,5236.0,4735.0,4563.0
WI_1,HOUSEHOLD,WI,2015-03-02,4948,5.439219,5,1,5555.0,4955.0,4994.0,5236.0,4333.0
WI_1,HOUSEHOLD,WI,2015-03-09,5344,5.4412346,5,0,4948.0,5555.0,4955.0,4994.0,4500.0
WI_1,HOUSEHOLD,WI,2015-03-16,4899,5.438102,0,1,5344.0,4948.0,5555.0,4955.0,4184.0
WI_1,HOUSEHOLD,WI,2015-03-23,4922,5.4329634,0,0,4899.0,5344.0,4948.0,5555.0,4037.0
WI_1,HOUSEHOLD,WI,2015-03-30,4909,5.4484544,3,1,4922.0,4899.0,5344.0,4948.0,4336.0
WI_1,HOUSEHOLD,WI,2015-04-06,5189,5.4684,5,2,4909.0,4922.0,4899.0,5344.0,4276.0
WI_1,HOUSEHOLD,WI,2015-04-13,5160,5.475757,2,0,5189.0,4909.0,4922.0,4899.0,4105.0
WI_1,HOUSEHOLD,WI,2015-04-20,4810,5.469955,0,0,5160.0,5189.0,4909.0,4922.0,4028.0
WI_1,HOUSEHOLD,WI,2015-04-27,4658,5.457746,2,0,4810.0,5160.0,5189.0,4909.0,4272.0
WI_1,HOUSEHOLD,WI,2015-05-04,4936,5.4686956,4,2,4658.0,4810.0,5160.0,5189.0,3558.0
WI_1,HOUSEHOLD,WI,2015-05-11,5095,5.4694514,4,0,4936.0,4658.0,4810.0,5160.0,4048.0
WI_1,HOUSEHOLD,WI,2015-05-18,4824,5.4678273,0,0,5095.0,4936.0,4658.0,4810.0,3708.0
WI_1,HOUSEHOLD,WI,2015-05-25,5192,5.4667487,0,1,4824.0,5095.0,4936.0,4658.0,4157.0
WI_1,HOUSEHOLD,WI,2015-06-01,5264,5.470224,4,1,5192.0,4824.0,5095.0,4936.0,4362.0
WI_1,HOUSEHOLD,WI,2015-06-08,5011,5.472317,5,0,5264.0,5192.0,4824.0,5095.0,3887.0
WI_1,HOUSEHOLD,WI,2015-06-15,4888,5.4756594,1,3,5011.0,5264.0,5192.0,4824.0,4320.0
WI_1,HOUSEHOLD,WI,2015-06-22,4757,5.4788737,0,0,4888.0,5011.0,5264.0,5192.0,4082.0
WI_1,HOUSEHOLD,WI,2015-06-29,5236,5.4786315,3,1,4757.0,4888.0,5011.0,5264.0,4496.0
WI_1,HOUSEHOLD,WI,2015-07-06,5010,5.4789047,5,0,5236.0,4757.0,4888.0,5011.0,4453.0
WI_1,HOUSEHOLD,WI,2015-07-13,5286,5.472702,2,1,5010.0,5236.0,4757.0,4888.0,4355.0
WI_1,HOUSEHOLD,WI,2015-07-20,5034,5.4767957,0,0,5286.0,5010.0,5236.0,4757.0,4303.0
WI_1,HOUSEHOLD,WI,2015-07-27,5614,5.4771466,1,0,5034.0,5286.0,5010.0,5236.0,4546.0
WI_1,HOUSEHOLD,WI,2015-08-03,5369,5.4792457,5,0,5614.0,5034.0,5286.0,5010.0,4122.0
WI_1,HOUSEHOLD,WI,2015-08-10,5307,5.478835,4,0,5369.0,5614.0,5034.0,5286.0,4895.0
WI_1,HOUSEHOLD,WI,2015-08-17,5472,5.4788475,0,0,5307.0,5369.0,5614.0,5034.0,4626.0
WI_1,HOUSEHOLD,WI,2015-08-24,5782,5.4788775,0,0,5472.0,5307.0,5369.0,5614.0,4874.0
WI_1,HOUSEHOLD,WI,2015-08-31,5214,5.478816,4,0,5782.0,5472.0,5307.0,5369.0,4561.0
WI_1,HOUSEHOLD,WI,2015-09-07,5253,5.48528,4,1,5214.0,5782.0,5472.0,5307.0,4270.0
WI_1,HOUSEHOLD,WI,2015-09-14,4955,5.5011415,2,0,5253.0,5214.0,5782.0,5472.0,4240.0
WI_1,HOUSEHOLD,WI,2015-09-21,4766,5.493205,0,1,4955.0,5253.0,5214.0,5782.0,3993.0
WI_1,HOUSEHOLD,WI,2015-09-28,5141,5.472398,2,0,4766.0,4955.0,5253.0,5214.0,4549.0
WI_1,HOUSEHOLD,WI,2015-10-05,5084,5.474174,5,0,5141.0,4766.0,4955.0,5253.0,4049.0
WI_1,HOUSEHOLD,WI,2015-10-12,4819,5.4795656,3,1,5084.0,5141.0,4766.0,4955.0,4316.0
WI_1,HOUSEHOLD,WI,2015-10-19,4931,5.4793715,0,0,4819.0,5084.0,5141.0,4766.0,4035.0
WI_1,HOUSEHOLD,WI,2015-10-26,4730,5.479328,0,1,4931.0,4819.0,5084.0,5141.0,4406.0
WI_1,HOUSEHOLD,WI,2015-11-02,5074,5.480184,5,0,4730.0,4931.0,4819.0,5084.0,4400.0
WI_1,HOUSEHOLD,WI,2015-11-09,5179,5.4841695,5,1,5074.0,4730.0,4931.0,4819.0,4126.0
WI_1,HOUSEHOLD,WI,2015-11-16,4911,5.4886427,0,0,5179.0,5074.0,4730.0,4931.0,4321.0
WI_1,HOUSEHOLD,WI,2015-11-23,4623,5.4887395,0,1,4911.0,5179.0,5074.0,4730.0,3824.0
WI_1,HOUSEHOLD,WI,2015-11-30,5583,5.489525,4,0,4623.0,4911.0,5179.0,5074.0,4424.0
WI_1,HOUSEHOLD,WI,2015-12-07,4772,5.489525,4,0,5583.0,4623.0,4911.0,5179.0,3697.0
WI_1,HOUSEHOLD,WI,2015-12-14,4836,5.489593,2,1,4772.0,5583.0,4623.0,4911.0,4027.0
WI_1,HOUSEHOLD,WI,2015-12-21,4483,5.4883504,0,1,4836.0,4772.0,5583.0,4623.0,3703.0
WI_1,HOUSEHOLD,WI,2015-12-28,5416,5.487278,2,1,4483.0,4836.0,4772.0,5583.0,4363.0
WI_1,HOUSEHOLD,WI,2016-01-04,5480,5.488097,4,1,5416.0,4483.0,4836.0,4772.0,3864.0
WI_1,HOUSEHOLD,WI,2016-01-11,4821,5.488097,4,0,5480.0,5416.0,4483.0,4836.0,5046.0
WI_1,HOUSEHOLD,WI,2016-01-18,4880,5.4874964,0,1,4821.0,5480.0,5416.0,4483.0,4775.0
WI_1,HOUSEHOLD,WI,2016-01-25,5129,5.485494,0,0,4880.0,4821.0,5480.0,5416.0,4735.0
WI_1,HOUSEHOLD,WI,2016-02-01,5015,5.484078,4,1,5129.0,4880.0,4821.0,5480.0,5236.0
WI_1,HOUSEHOLD,WI,2016-02-08,5224,5.4827414,5,2,5015.0,5129.0,4880.0,4821.0,4994.0
WI_1,HOUSEHOLD,WI,2016-02-15,5529,5.4777703,1,2,5224.0,5015.0,5129.0,4880.0,4955.0
WI_1,HOUSEHOLD,WI,2016-02-22,5371,5.4719276,0,0,5529.0,5224.0,5015.0,5129.0,5555.0
WI_1,HOUSEHOLD,WI,2016-02-29,5431,5.474152,4,0,5371.0,5529.0,5224.0,5015.0,4948.0
WI_1,HOUSEHOLD,WI,2016-03-07,5165,5.4739814,4,0,5431.0,5371.0,5529.0,5224.0,5344.0
WI_1,HOUSEHOLD,WI,2016-03-14,5046,5.4741178,2,1,5165.0,5431.0,5371.0,5529.0,4899.0
WI_1,HOUSEHOLD,WI,2016-03-21,4879,5.472598,0,2,5046.0,5165.0,5431.0,5371.0,4922.0
WI_1,HOUSEHOLD,WI,2016-03-28,5808,5.462864,2,0,4879.0,5046.0,5165.0,5431.0,4909.0
WI_1,HOUSEHOLD,WI,2016-04-04,5554,5.4729266,4,0,5808.0,4879.0,5046.0,5165.0,5189.0
WI_1,HOUSEHOLD,WI,2016-04-11,5144,5.4765425,4,0,5554.0,5808.0,4879.0,5046.0,5160.0
WI_1,HOUSEHOLD,WI,2016-04-18,5249,5.4756174,0,0,5144.0,5554.0,5808.0,4879.0,4810.0
WI_1,HOUSEHOLD,WI,2016-04-25,5318,5.474617,0,2,5249.0,5144.0,5554.0,5808.0,4658.0
WI_1,HOUSEHOLD,WI,2016-05-02,5171,5.4777756,5,2,5318.0,5249.0,5144.0,5554.0,4936.0
WI_1,HOUSEHOLD,WI,2016-05-09,5688,5.4773736,5,0,5171.0,5318.0,5249.0,5144.0,5095.0
WI_1,HOUSEHOLD,WI,2016-05-16,5325,5.476701,0,0,5688.0,5171.0,5318.0,5249.0,4824.0
WI_2,FOODS,WI,2011-01-31,11793,2.8227057,4,1,,,,,
WI_2,FOODS,WI,2011-02-07,10418,2.860853,4,0,11793.0,,,,
WI_2,FOODS,WI,2011-02-14,8856,2.865361,2,1,10418.0,11793.0,,,
WI_2,FOODS,WI,2011-02-21,7981,2.883472,0,1,8856.0,10418.0,11793.0,,
WI_2,FOODS,WI,2011-02-28,9054,2.8907323,4,0,7981.0,8856.0,10418.0,11793.0,
WI_2,FOODS,WI,2011-03-07,9093,2.8945673,4,1,9054.0,7981.0,8856.0,10418.0,
WI_2,FOODS,WI,2011-03-14,8307,2.8930345,2,3,9093.0,9054.0,7981.0,8856.0,
WI_2,FOODS,WI,2011-03-21,7186,2.8864865,0,0,8307.0,9093.0,9054.0,7981.0,
WI_2,FOODS,WI,2011-03-28,8263,2.8862455,2,0,7186.0,8307.0,9093.0,9054.0,
WI_2,FOODS,WI,2011-04-04,8756,2.9043965,4,0,8263.0,7186.0,8307.0,9093.0,
WI_2,FOODS,WI,2011-04-11,8880,2.9341142,4,0,8756.0,8263.0,7186.0,8307.0,
WI_2,FOODS,WI,2011-04-18,6374,2.95319,0,1,8880.0,8756.0,8263.0,7186.0,
WI_2,FOODS,WI,2011-04-25,6421,2.9410765,0,1,6374.0,8880.0,8756.0,8263.0,
WI_2,FOODS,WI,2011-05-02,7792,2.9405758,5,2,6421.0,6374.0,8880.0,8756.0,
WI_2,FOODS,WI,2011-05-09,8284,2.9350355,5,0,7792.0,6421.0,6374.0,8880.0,
WI_2,FOODS,WI,2011-05-16,6339,2.9257352,0,0,8284.0,7792.0,6421.0,6374.0,
WI_2,FOODS,WI,2011-05-23,6429,2.9296741,0,0,6339.0,8284.0,7792.0,6421.0,
WI_2,FOODS,WI,2011-05-30,8756,2.9416401,3,2,6429.0,6339.0,8284.0,7792.0,
WI_2,FOODS,WI,2011-06-06,10417,2.9454026,5,1,8756.0,6429.0,6339.0,8284.0,
WI_2,FOODS,WI,2011-06-13,8425,2.9493182,2,1,10417.0,8756.0,6429.0,6339.0,
WI_2,FOODS,WI,2011-06-20,7151,2.9502063,0,0,8425.0,10417.0,8756.0,6429.0,
WI_2,FOODS,WI,2011-06-27,7717,2.9514174,2,0,7151.0,8425.0,10417.0,8756.0,
WI_2,FOODS,WI,2011-07-04,9096,2.9559112,4,1,7717.0,7151.0,8425.0,10417.0,
WI_2,FOODS,WI,2011-07-11,10012,2.9669578,4,0,9096.0,7717.0,7151.0,8425.0,
WI_2,FOODS,WI,2011-07-18,8652,2.968692,0,0,10012.0,9096.0,7717.0,7151.0,
WI_2,FOODS,WI,2011-07-25,7561,2.9763324,0,0,8652.0,10012.0,9096.0,7717.0,
WI_2,FOODS,WI,2011-08-01,8700,2.9885166,4,1,7561.0,8652.0,10012.0,9096.0,
WI_2,FOODS,WI,2011-08-08,8721,2.9870934,5,0,8700.0,7561.0,8652.0,10012.0,
WI_2,FOODS,WI,2011-08-15,7736,2.97654,1,0,8721.0,8700.0,7561.0,8652.0,
WI_2,FOODS,WI,2011-08-22,7824,2.9732785,0,0,7736.0,8721.0,8700.0,7561.0,
WI_2,FOODS,WI,2011-08-29,8835,2.975935,2,1,7824.0,7736.0,8721.0,8700.0,
WI_2,FOODS,WI,2011-09-05,9029,2.982797,5,1,8835.0,7824.0,7736.0,8721.0,
WI_2,FOODS,WI,2011-09-12,8512,2.994321,3,0,9029.0,8835.0,7824.0,7736.0,
WI_2,FOODS,WI,2011-09-19,7024,2.9990008,0,0,8512.0,9029.0,8835.0,7824.0,
WI_2,FOODS,WI,2011-09-26,8299,3.0054097,1,0,7024.0,8512.0,9029.0,8835.0,
WI_2,FOODS,WI,2011-10-03,10005,3.0064662,5,0,8299.0,7024.0,8512.0,9029.0,
WI_2,FOODS,WI,2011-10-10,9550,3.0082455,4,1,10005.0,8299.0,7024.0,8512.0,
WI_2,FOODS,WI,2011-10-17,7340,3.015931,0,0,9550.0,10005.0,8299.0,7024.0,
WI_2,FOODS,WI,2011-10-24,7538,3.0218215,0,0,7340.0,9550.0,10005.0,8299.0,
WI_2,FOODS,WI,2011-10-31,9487,3.0241945,4,1,7538.0,7340.0,9550.0,10005.0,
WI_2,FOODS,WI,2011-11-07,9033,3.0285814,4,2,9487.0,7538.0,7340.0,9550.0,
WI_2,FOODS,WI,2011-11-14,8672,3.0326583,2,0,9033.0,9487.0,7538.0,7340.0,
WI_2,FOODS,WI,2011-11-21,7117,3.0393353,0,1,8672.0,9033.0,9487.0,7538.0,
WI_2,FOODS,WI,2011-11-28,9293,3.0351503,2,0,7117.0,8672.0,9033.0,9487.0,
WI_2,FOODS,WI,2011-12-05,9910,3.0310073,5,0,9293.0,7117.0,8672.0,9033.0,
WI_2,FOODS,WI,2011-12-12,10301,3.0276697,3,0,9910.0,9293.0,7117.0,8672.0,
WI_2,FOODS,WI,2011-12-19,8458,3.0310998,0,1,10301.0,9910.0,9293.0,7117.0,
WI_2,FOODS,WI,2011-12-26,7922,3.0403001,0,2,8458.0,10301.0,9910.0,9293.0,
WI_2,FOODS,WI,2012-01-02,10349,3.0422535,5,1,7922.0,8458.0,10301.0,9910.0,
WI_2,FOODS,WI,2012-01-09,10998,3.0326297,5,0,10349.0,7922.0,8458.0,10301.0,
WI_2,FOODS,WI,2012-01-16,9148,3.027436,0,1,10998.0,10349.0,7922.0,8458.0,
WI_2,FOODS,WI,2012-01-23,9521,3.0211644,0,0,9148.0,10998.0,10349.0,7922.0,
WI_2,FOODS,WI,2012-01-30,11271,3.015324,3,1,9521.0,9148.0,10998.0,10349.0,11793.0
WI_2,FOODS,WI,2012-02-06,12017,3.0112648,5,0,11271.0,9521.0,9148.0,10998.0,10418.0
WI_2,FOODS,WI,2012-02-13,9753,3.0100954,2,1,12017.0,11271.0,9521.0,9148.0,8856.0
WI_2,FOODS,WI,2012-02-20,9244,3.0141103,0,2,9753.0,12017.0,11271.0,9521.0,7981.0
WI_2,FOODS,WI,2012-02-27,10584,3.021988,2,1,9244.0,9753.0,12017.0,11271.0,9054.0
WI_2,FOODS,WI,2012-03-05,9890,3.0311627,5,1,10584.0,9244.0,9753.0,12017.0,9093.0
WI_2,FOODS,WI,2012-03-12,9362,3.03785,3,1,9890.0,10584.0,9244.0,9753.0,8307.0
WI_2,FOODS,WI,2012-03-19,7944,3.0378957,0,0,9362.0,9890.0,10584.0,9244.0,7186.0
WI_2,FOODS,WI,2012-03-26,8369,3.038459,0,0,7944.0,9362.0,9890.0,10584.0,8263.0
WI_2,FOODS,WI,2012-04-02,10284,3.035293,5,1,8369.0,7944.0,9362.0,9890.0,8756.0
WI_2,FOODS,WI,2012-04-09,9537,3.0335026,5,2,10284.0,8369.0,7944.0,9362.0,8880.0
WI_2,FOODS,WI,2012-04-16,7448,3.033233,0,0,9537.0,10284.0,8369.0,7944.0,6374.0
WI_2,FOODS,WI,2012-04-23,6557,3.0575087,0,0,7448.0,9537.0,10284.0,8369.0,6421.0
WI_2,FOODS,WI,2012-04-30,8962,3.1476407,4,1,6557.0,7448.0,9537.0,10284.0,7792.0
WI_2,FOODS,WI,2012-05-07,10397,3.2285523,4,1,8962.0,6557.0,7448.0,9537.0,8284.0
WI_2,FOODS,WI,2012-05-14,10875,3.2378705,2,0,10397.0,8962.0,6557.0,7448.0,6339.0
WI_2,FOODS,WI,2012-05-21,10440,3.2501776,0,0,10875.0,10397.0,8962.0,6557.0,6429.0
WI_2,FOODS,WI,2012-05-28,14439,3.2583256,2,1,10440.0,10875.0,10397.0,8962.0,8756.0
WI_2,FOODS,WI,2012-06-04,19065,3.2606223,4,0,14439.0,10440.0,10875.0,10397.0,10417.0
WI_2,FOODS,WI,2012-06-11,18944,3.2601075,4,2,19065.0,14439.0,10440.0,10875.0,8425.0
WI_2,FOODS,WI,2012-06-18,14707,3.2601688,0,1,18944.0,19065.0,14439.0,10440.0,7151.0
WI_2,FOODS,WI,2012-06-25,14347,3.2636254,0,0,14707.0,18944.0,19065.0,14439.0,7717.0
WI_2,FOODS,WI,2012-07-02,22235,3.2686145,5,1,14347.0,14707.0,18944.0,19065.0,9096.0
WI_2,FOODS,WI,2012-07-09,21137,3.2733328,5,0,22235.0,14347.0,14707.0,18944.0,10012.0
WI_2,FOODS,WI,2012-07-16,15568,3.2733784,0,1,21137.0,22235.0,14347.0,14707.0,8652.0
WI_2,FOODS,WI,2012-07-23,14103,3.2689464,0,0,15568.0,21137.0,22235.0,14347.0,7561.0
WI_2,FOODS,WI,2012-07-30,19174,3.262835,3,0,14103.0,15568.0,21137.0,22235.0,8700.0
WI_2,FOODS,WI,2012-08-06,21594,3.261413,5,0,19174.0,14103.0,15568.0,21137.0,8721.0
WI_2,FOODS,WI,2012-08-13,19593,3.2569497,2,1,21594.0,19174.0,14103.0,15568.0,7736.0
WI_2,FOODS,WI,2012-08-20,14905,3.2584803,0,0,19593.0,21594.0,19174.0,14103.0,7824.0
WI_2,FOODS,WI,2012-08-27,16525,3.2600071,1,0,14905.0,19593.0,21594.0,19174.0,8835.0
WI_2,FOODS,WI,2012-09-03,21401,3.2626088,5,1,16525.0,14905.0,19593.0,21594.0,9029.0
WI_2,FOODS,WI,2012-09-10,21724,3.263981,4,0,21401.0,16525.0,14905.0,19593.0,8512.0
WI_2,FOODS,WI,2012-09-17,15793,3.269371,0,0,21724.0,21401.0,16525.0,14905.0,7024.0
WI_2,FOODS,WI,2012-09-24,13623,3.274379,0,0,15793.0,21724.0,21401.0,16525.0,8299.0
WI_2,FOODS,WI,2012-10-01,19956,3.2729106,4,0,13623.0,15793.0,21724.0,21401.0,10005.0
WI_2,FOODS,WI,2012-10-08,20832,3.270861,5,1,19956.0,13623.0,15793.0,21724.0,9550.0
WI_2,FOODS,WI,2012-10-15,16473,3.268399,1,0,20832.0,19956.0,13623.0,15793.0,7340.0
WI_2,FOODS,WI,2012-10-22,14018,3.2660484,0,1,16473.0,20832.0,19956.0,13623.0,7538.0
WI_2,FOODS,WI,2012-10-29,17315,3.2634091,2,1,14018.0,16473.0,20832.0,19956.0,9487.0
WI_2,FOODS,WI,2012-11-05,22259,3.2585552,5,1,17315.0,14018.0,16473.0,20832.0,9033.0
WI_2,FOODS,WI,2012-11-12,19235,3.2605217,3,0,22259.0,17315.0,14018.0,16473.0,8672.0
WI_2,FOODS,WI,2012-11-19,12662,3.2610393,0,1,19235.0,22259.0,17315.0,14018.0,7117.0
WI_2,FOODS,WI,2012-11-26,14971,3.2609928,1,0,12662.0,19235.0,22259.0,17315.0,9293.0
WI_2,FOODS,WI,2012-12-03,20789,3.2588365,5,0,14971.0,12662.0,19235.0,22259.0,9910.0
WI_2,FOODS,WI,2012-12-10,21612,3.2561183,4,1,20789.0,14971.0,12662.0,19235.0,10301.0
WI_2,FOODS,WI,2012-12-17,17695,3.2552936,0,0,21612.0,20789.0,14971.0,12662.0,8458.0
WI_2,FOODS,WI,2012-12-24,13775,3.2476218,0,1,17695.0,21612.0,20789.0,14971.0,7922.0
WI_2,FOODS,WI,2012-12-31,22830,3.2462978,4,1,13775.0,17695.0,21612.0,20789.0,10349.0
WI_2,FOODS,WI,2013-01-07,24171,3.275121,4,1,22830.0,13775.0,17695.0,21612.0,10998.0
WI_2,FOODS,WI,2013-01-14,21018,3.285705,2,0,24171.0,22830.0,13775.0,17695.0,9148.0
WI_2,FOODS,WI,2013-01-21,15336,3.2932098,0,1,21018.0,24171.0,22830.0,13775.0,9521.0
WI_2,FOODS,WI,2013-01-28,18621,3.302245,2,1,15336.0,21018.0,24171.0,22830.0,11271.0
WI_2,FOODS,WI,2013-02-04,22441,3.3018794,4,0,18621.0,15336.0,21018.0,24171.0,12017.0
WI_2,FOODS,WI,2013-02-11,25610,3.2957387,4,2,22441.0,18621.0,15336.0,21018.0,9753.0
WI_2,FOODS,WI,2013-02-18,17922,3.28984,0,3,25610.0,22441.0,18621.0,15336.0,9244.0
WI_2,FOODS,WI,2013-02-25,19301,3.2853758,2,0,17922.0,25610.0,22441.0,18621.0,10584.0
WI_2,FOODS,WI,2013-03-04,22555,3.287166,4,0,19301.0,17922.0,25610.0,22441.0,9890.0
WI_2,FOODS,WI,2013-03-11,23254,3.2866807,4,1,22555.0,19301.0,17922.0,25610.0,9362.0
WI_2,FOODS,WI,2013-03-18,16564,3.2801845,0,0,23254.0,22555.0,19301.0,17922.0,7944.0
WI_2,FOODS,WI,2013-03-25,15706,3.27531,0,1,16564.0,23254.0,22555.0,19301.0,8369.0
WI_2,FOODS,WI,2013-04-01,21484,3.2770026,4,1,15706.0,16564.0,23254.0,22555.0,10284.0
WI_2,FOODS,WI,2013-04-08,23462,3.2777367,5,0,21484.0,15706.0,16564.0,23254.0,9537.0
WI_2,FOODS,WI,2013-04-15,17704,3.276898,1,0,23462.0,21484.0,15706.0,16564.0,7448.0
WI_2,FOODS,WI,2013-04-22,12327,3.2753825,0,0,17704.0,23462.0,21484.0,15706.0,6557.0
WI_2,FOODS,WI,2013-04-29,18542,3.2787836,3,1,12327.0,17704.0,23462.0,21484.0,8962.0
WI_2,FOODS,WI,2013-05-06,20939,3.279084,5,1,18542.0,12327.0,17704.0,23462.0,10397.0
WI_2,FOODS,WI,2013-05-13,19236,3.2772229,2,0,20939.0,18542.0,12327.0,17704.0,10875.0
WI_2,FOODS,WI,2013-05-20,14553,3.2724917,0,0,19236.0,20939.0,18542.0,12327.0,10440.0
WI_2,FOODS,WI,2013-05-27,15343,3.2738407,1,1,14553.0,19236.0,20939.0,18542.0,14439.0
WI_2,FOODS,WI,2013-06-03,22004,3.2780464,5,1,15343.0,14553.0,19236.0,20939.0,19065.0
WI_2,FOODS,WI,2013-06-10,20945,3.2787633,4,1,22004.0,15343.0,14553.0,19236.0,18944.0
WI_2,FOODS,WI,2013-06-17,16330,3.275285,0,1,20945.0,22004.0,15343.0,14553.0,14707.0
WI_2,FOODS,WI,2013-06-24,14981,3.2761319,0,0,16330.0,20945.0,22004.0,15343.0,14347.0
WI_2,FOODS,WI,2013-07-01,20301,3.2828712,4,1,14981.0,16330.0,20945.0,22004.0,22235.0
WI_2,FOODS,WI,2013-07-08,24218,3.2887454,5,1,20301.0,14981.0,16330.0,20945.0,21137.0
WI_2,FOODS,WI,2013-07-15,19410,3.2933726,1,0,24218.0,20301.0,14981.0,16330.0,15568.0
WI_2,FOODS,WI,2013-07-22,14063,3.293468,0,0,19410.0,24218.0,20301.0,14981.0,14103.0
WI_2,FOODS,WI,2013-07-29,17110,3.2919385,2,0,14063.0,19410.0,24218.0,20301.0,19174.0
WI_2,FOODS,WI,2013-08-05,22488,3.2922478,5,1,17110.0,14063.0,19410.0,24218.0,21594.0
WI_2,FOODS,WI,2013-08-12,22380,3.2909844,3,0,22488.0,17110.0,14063.0,19410.0,19593.0
WI_2,FOODS,WI,2013-08-19,15276,3.2889054,0,0,22380.0,22488.0,17110.0,14063.0,14905.0
WI_2,FOODS,WI,2013-08-26,17312,3.2883017,0,0,15276.0,22380.0,22488.0,17110.0,16525.0
WI_2,FOODS,WI,2013-09-02,23860,3.2865622,5,1,17312.0,15276.0,22380.0,22488.0,21401.0
WI_2,FOODS,WI,2013-09-09,26031,3.2845054,5,0,23860.0,17312.0,15276.0,22380.0,21724.0
WI_2,FOODS,WI,2013-09-16,18732,3.285146,0,0,26031.0,23860.0,17312.0,15276.0,15793.0
WI_2,FOODS,WI,2013-09-23,17330,3.2845743,0,0,18732.0,26031.0,23860.0,17312.0,13623.0
WI_2,FOODS,WI,2013-09-30,22665,3.2832794,4,0,17330.0,18732.0,26031.0,23860.0,19956.0
WI_2,FOODS,WI,2013-10-07,24180,3.2835774,4,0,22665.0,17330.0,18732.0,26031.0,20832.0
WI_2,FOODS,WI,2013-10-14,21100,3.284864,2,2,24180.0,22665.0,17330.0,18732.0,16473.0
WI_2,FOODS,WI,2013-10-21,16451,3.2804916,0,0,21100.0,24180.0,22665.0,17330.0,14018.0
WI_2,FOODS,WI,2013-10-28,19457,3.280761,2,1,16451.0,21100.0,24180.0,22665.0,17315.0
WI_2,FOODS,WI,2013-11-04,23376,3.2844803,4,0,19457.0,16451.0,21100.0,24180.0,22259.0
WI_2,FOODS,WI,2013-11-11,23093,3.2866979,4,1,23376.0,19457.0,16451.0,21100.0,19235.0
WI_2,FOODS,WI,2013-11-18,17705,3.2868462,0,0,23093.0,23376.0,19457.0,16451.0,12662.0
WI_2,FOODS,WI,2013-11-25,14574,3.2865527,0,1,17705.0,23093.0,23376.0,19457.0,14971.0
WI_2,FOODS,WI,2013-12-02,23677,3.2877834,5,1,14574.0,17705.0,23093.0,23376.0,20789.0
WI_2,FOODS,WI,2013-12-09,25427,3.2870975,5,0,23677.0,14574.0,17705.0,23093.0,21612.0
WI_2,FOODS,WI,2013-12-16,18268,3.2839694,0,0,25427.0,23677.0,14574.0,17705.0,17695.0
WI_2,FOODS,WI,2013-12-23,13727,3.2853854,0,1,18268.0,25427.0,23677.0,14574.0,13775.0
WI_2,FOODS,WI,2013-12-30,21840,3.2876058,3,1,13727.0,18268.0,25427.0,23677.0,22830.0
WI_2,FOODS,WI,2014-01-06,22894,3.2866843,5,1,21840.0,13727.0,18268.0,25427.0,24171.0
WI_2,FOODS,WI,2014-01-13,21539,3.285322,2,0,22894.0,21840.0,13727.0,18268.0,21018.0
WI_2,FOODS,WI,2014-01-20,16568,3.2776926,0,1,21539.0,22894.0,21840.0,13727.0,15336.0
WI_2,FOODS,WI,2014-01-27,19353,3.2716904,1,1,16568.0,21539.0,22894.0,21840.0,18621.0
WI_2,FOODS,WI,2014-02-03,26220,3.2717311,5,0,19353.0,16568.0,21539.0,22894.0,22441.0
WI_2,FOODS,WI,2014-02-10,25207,3.2753713,4,1,26220.0,19353.0,16568.0,21539.0,25610.0
WI_2,FOODS,WI,2014-02-17,19192,3.272039,0,1,25207.0,26220.0,19353.0,16568.0,17922.0
WI_2,FOODS,WI,2014-02-24,19099,3.2747972,1,0,19192.0,25207.0,26220.0,19353.0,19301.0
WI_2,FOODS,WI,2014-03-03,25349,3.2771626,5,1,19099.0,19192.0,25207.0,26220.0,22555.0
WI_2,FOODS,WI,2014-03-10,23904,3.2783062,4,2,25349.0,19099.0,19192.0,25207.0,23254.0
WI_2,FOODS,WI,2014-03-17,17426,3.2793267,0,1,23904.0,25349.0,19099.0,19192.0,16564.0
WI_2,FOODS,WI,2014-03-24,16953,3.2763596,0,0,17426.0,23904.0,25349.0,19099.0,15706.0
WI_2,FOODS,WI,2014-03-31,24408,3.2729144,4,0,16953.0,17426.0,23904.0,25349.0,21484.0
WI_2,FOODS,WI,2014-04-07,24686,3.2685077,4,0,24408.0,16953.0,17426.0,23904.0,23462.0
WI_2,FOODS,WI,2014-04-14,21007,3.2657208,2,1,24686.0,24408.0,16953.0,17426.0,17704.0
WI_2,FOODS,WI,2014-04-21,17263,3.2635074,0,1,21007.0,24686.0,24408.0,16953.0,12327.0
WI_2,FOODS,WI,2014-04-28,19479,3.2643905,2,0,17263.0,21007.0,24686.0,24408.0,18542.0
WI_2,FOODS,WI,2014-05-05,21534,3.2634852,5,2,19479.0,17263.0,21007.0,24686.0,20939.0
WI_2,FOODS,WI,2014-05-12,22795,3.2635128,3,0,21534.0,19479.0,17263.0,21007.0,19236.0
WI_2,FOODS,WI,2014-05-19,16322,3.2651582,0,0,22795.0,21534.0,19479.0,17263.0,14553.0
WI_2,FOODS,WI,2014-05-26,15339,3.268484,0,1,16322.0,22795.0,21534.0,19479.0,15343.0
WI_2,FOODS,WI,2014-06-02,24466,3.2733092,5,1,15339.0,16322.0,22795.0,21534.0,22004.0
WI_2,FOODS,WI,2014-06-09,24841,3.2781785,5,1,24466.0,15339.0,16322.0,22795.0,20945.0
WI_2,FOODS,WI,2014-06-16,19048,3.2820723,0,0,24841.0,24466.0,15339.0,16322.0,16330.0
WI_2,FOODS,WI,2014-06-23,15773,3.2906604,0,1,19048.0,24841.0,24466.0,15339.0,14981.0
WI_2,FOODS,WI,2014-06-30,23173,3.2953935,4,1,15773.0,19048.0,24841.0,24466.0,20301.0
WI_2,FOODS,WI,2014-07-07,24854,3.301442,4,0,23173.0,15773.0,19048.0,24841.0,24218.0
WI_2,FOODS,WI,2014-07-14,21647,3.3061771,2,0,24854.0,23173.0,15773.0,19048.0,19410.0
WI_2,FOODS,WI,2014-07-21,16254,3.3072913,0,0,21647.0,24854.0,23173.0,15773.0,14063.0
WI_2,FOODS,WI,2014-07-28,19290,3.3078587,2,1,16254.0,21647.0,24854.0,23173.0,17110.0
WI_2,FOODS,WI,2014-08-04,23303,3.3060205,4,0,19290.0,16254.0,21647.0,24854.0,22488.0
WI_2,FOODS,WI,2014-08-11,24403,3.3020377,4,0,23303.0,19290.0,16254.0,21647.0,22380.0
WI_2,FOODS,WI,2014-08-18,17698,3.3037322,0,0,24403.0,23303.0,19290.0,16254.0,15276.0
WI_2,FOODS,WI,2014-08-25,17927,3.308226,0,0,17698.0,24403.0,23303.0,19290.0,17312.0
WI_2,FOODS,WI,2014-09-01,24044,3.3105433,4,1,17927.0,17698.0,24403.0,23303.0,23860.0
WI_2,FOODS,WI,2014-09-08,24155,3.3157983,5,0,24044.0,17927.0,17698.0,24403.0,26031.0
WI_2,FOODS,WI,2014-09-15,18558,3.3215854,1,0,24155.0,24044.0,17927.0,17698.0,18732.0
WI_2,FOODS,WI,2014-09-22,16193,3.3198485,0,0,18558.0,24155.0,24044.0,17927.0,17330.0
WI_2,FOODS,WI,2014-09-29,21621,3.3200858,3,1,16193.0,18558.0,24155.0,24044.0,22665.0
WI_2,FOODS,WI,2014-10-06,25229,3.3226323,5,0,21621.0,16193.0,18558.0,24155.0,24180.0
WI_2,FOODS,WI,2014-10-13,22363,3.3339498,2,1,25229.0,21621.0,16193.0,18558.0,21100.0
WI_2,FOODS,WI,2014-10-20,16649,3.3348787,0,0,22363.0,25229.0,21621.0,16193.0,16451.0
WI_2,FOODS,WI,2014-10-27,17728,3.3357964,1,1,16649.0,22363.0,25229.0,21621.0,19457.0
WI_2,FOODS,WI,2014-11-03,25425,3.3367832,5,0,17728.0,16649.0,22363.0,25229.0,23376.0
WI_2,FOODS,WI,2014-11-10,25068,3.3406959,4,1,25425.0,17728.0,16649.0,22363.0,23093.0
WI_2,FOODS,WI,2014-11-17,17274,3.3411381,0,0,25068.0,25425.0,17728.0,16649.0,17705.0
WI_2,FOODS,WI,2014-11-24,14372,3.341123,0,1,17274.0,25068.0,25425.0,17728.0,14574.0
WI_2,FOODS,WI,2014-12-01,23305,3.3419688,4,0,14372.0,17274.0,25068.0,25425.0,23677.0
WI_2,FOODS,WI,2014-12-08,23677,3.3419785,5,0,23305.0,14372.0,17274.0,25068.0,25427.0
WI_2,FOODS,WI,2014-12-15,18520,3.3403325,1,0,23677.0,23305.0,14372.0,17274.0,18268.0
WI_2,FOODS,WI,2014-12-22,13072,3.3367047,0,2,18520.0,23677.0,23305.0,14372.0,13727.0
WI_2,FOODS,WI,2014-12-29,19355,3.3410106,2,1,13072.0,18520.0,23677.0,23305.0,21840.0
WI_2,FOODS,WI,2015-01-05,24966,3.345054,5,1,19355.0,13072.0,18520.0,23677.0,22894.0
WI_2,FOODS,WI,2015-01-12,24586,3.34742,3,0,24966.0,19355.0,13072.0,18520.0,21539.0
WI_2,FOODS,WI,2015-01-19,16067,3.344931,0,1,24586.0,24966.0,19355.0,13072.0,16568.0
WI_2,FOODS,WI,2015-01-26,17785,3.3354237,0,1,16067.0,24586.0,24966.0,19355.0,19353.0
WI_2,FOODS,WI,2015-02-02,26020,3.3431268,5,0,17785.0,16067.0,24586.0,24966.0,26220.0
WI_2,FOODS,WI,2015-02-09,24107,3.3519557,5,1,26020.0,17785.0,16067.0,24586.0,25207.0
WI_2,FOODS,WI,2015-02-16,18212,3.3621788,0,2,24107.0,26020.0,17785.0,16067.0,19192.0
WI_2,FOODS,WI,2015-02-23,16189,3.364405,0,1,18212.0,24107.0,26020.0,17785.0,19099.0
WI_2,FOODS,WI,2015-03-02,23177,3.368314,5,1,16189.0,18212.0,24107.0,26020.0,25349.0
WI_2,FOODS,WI,2015-03-09,22246,3.3744843,5,0,23177.0,16189.0,18212.0,24107.0,23904.0
WI_2,FOODS,WI,2015-03-16,16580,3.374892,0,1,22246.0,23177.0,16189.0,18212.0,17426.0
WI_2,FOODS,WI,2015-03-23,16354,3.3748517,0,0,16580.0,22246.0,23177.0,16189.0,16953.0
WI_2,FOODS,WI,2015-03-30,18429,3.3700378,3,1,16354.0,16580.0,22246.0,23177.0,24408.0
WI_2,FOODS,WI,2015-04-06,22576,3.3659465,5,2,18429.0,16354.0,16580.0,22246.0,24686.0
WI_2,FOODS,WI,2015-04-13,20379,3.3673973,2,0,22576.0,18429.0,16354.0,16580.0,21007.0
WI_2,FOODS,WI,2015-04-20,16762,3.3672931,0,0,20379.0,22576.0,18429.0,16354.0,17263.0
WI_2,FOODS,WI,2015-04-27,19728,3.3681457,2,0,16762.0,20379.0,22576.0,18429.0,19479.0
WI_2,FOODS,WI,2015-05-04,22552,3.3692791,4,2,19728.0,16762.0,20379.0,22576.0,21534.0
WI_2,FOODS,WI,2015-05-11,22309,3.3693302,4,0,22552.0,19728.0,16762.0,20379.0,22795.0
WI_2,FOODS,WI,2015-05-18,16035,3.3697503,0,0,22309.0,22552.0,19728.0,16762.0,16322.0
WI_2,FOODS,WI,2015-05-25,14979,3.3682666,0,1,16035.0,22309.0,22552.0,19728.0,15339.0
WI_2,FOODS,WI,2015-06-01,22900,3.3717403,4,1,14979.0,16035.0,22309.0,22552.0,24466.0
WI_2,FOODS,WI,2015-06-08,24531,3.3748784,5,0,22900.0,14979.0,16035.0,22309.0,24841.0
WI_2,FOODS,WI,2015-06-15,19777,3.3763714,1,3,24531.0,22900.0,14979.0,16035.0,19048.0
WI_2,FOODS,WI,2015-06-22,14970,3.37352,0,0,19777.0,24531.0,22900.0,14979.0,15773.0
WI_2,FOODS,WI,2015-06-29,19778,3.3716934,3,1,14970.0,19777.0,24531.0,22900.0,23173.0
WI_2,FOODS,WI,2015-07-06,24963,3.3677506,5,0,19778.0,14970.0,19777.0,24531.0,24854.0
WI_2,FOODS,WI,2015-07-13,21553,3.375291,2,1,24963.0,19778.0,14970.0,19777.0,21647.0
WI_2,FOODS,WI,2015-07-20,16560,3.3737485,0,0,21553.0,24963.0,19778.0,14970.0,16254.0
WI_2,FOODS,WI,2015-07-27,17411,3.3686652,1,0,16560.0,21553.0,24963.0,19778.0,19290.0
WI_2,FOODS,WI,2015-08-03,24456,3.3674104,5,0,17411.0,16560.0,21553.0,24963.0,23303.0
WI_2,FOODS,WI,2015-08-10,23015,3.3686874,4,0,24456.0,17411.0,16560.0,21553.0,24403.0
WI_2,FOODS,WI,2015-08-17,17801,3.3677905,0,0,23015.0,24456.0,17411.0,16560.0,17698.0
WI_2,FOODS,WI,2015-08-24,17010,3.366769,0,0,17801.0,23015.0,24456.0,17411.0,17927.0
WI_2,FOODS,WI,2015-08-31,23827,3.3661723,4,0,17010.0,17801.0,23015.0,24456.0,24044.0
WI_2,FOODS,WI,2015-09-07,25859,3.3657153,4,1,23827.0,17010.0,17801.0,23015.0,24155.0
WI_2,FOODS,WI,2015-09-14,22622,3.367199,2,0,25859.0,23827.0,17010.0,17801.0,18558.0
WI_2,FOODS,WI,2015-09-21,18084,3.368707,0,1,22622.0,25859.0,23827.0,17010.0,16193.0
WI_2,FOODS,WI,2015-09-28,21758,3.3678234,2,0,18084.0,22622.0,25859.0,23827.0,21621.0
WI_2,FOODS,WI,2015-10-05,26364,3.3691897,5,0,21758.0,18084.0,22622.0,25859.0,25229.0
WI_2,FOODS,WI,2015-10-12,24200,3.368214,3,1,26364.0,21758.0,18084.0,22622.0,22363.0
WI_2,FOODS,WI,2015-10-19,17861,3.36652,0,0,24200.0,26364.0,21758.0,18084.0,16649.0
WI_2,FOODS,WI,2015-10-26,17608,3.3685853,0,1,17861.0,24200.0,26364.0,21758.0,17728.0
WI_2,FOODS,WI,2015-11-02,23285,3.3683965,5,0,17608.0,17861.0,24200.0,26364.0,25425.0
WI_2,FOODS,WI,2015-11-09,24874,3.36925,5,1,23285.0,17608.0,17861.0,24200.0,25068.0
WI_2,FOODS,WI,2015-11-16,18444,3.3692987,0,0,24874.0,23285.0,17608.0,17861.0,17274.0
WI_2,FOODS,WI,2015-11-23,14331,3.369406,0,1,18444.0,24874.0,23285.0,17608.0,14372.0
WI_2,FOODS,WI,2015-11-30,22766,3.370546,4,0,14331.0,18444.0,24874.0,23285.0,23305.0
WI_2,FOODS,WI,2015-12-07,23721,3.3712842,4,0,22766.0,14331.0,18444.0,24874.0,23677.0
WI_2,FOODS,WI,2015-12-14,20730,3.370783,2,1,23721.0,22766.0,14331.0,18444.0,18520.0
WI_2,FOODS,WI,2015-12-21,14233,3.3695922,0,1,20730.0,23721.0,22766.0,14331.0,13072.0
WI_2,FOODS,WI,2015-12-28,20340,3.370726,2,1,14233.0,20730.0,23721.0,22766.0,19355.0
WI_2,FOODS,WI,2016-01-04,25482,3.371342,4,1,20340.0,14233.0,20730.0,23721.0,24966.0
WI_2,FOODS,WI,2016-01-11,26996,3.3722703,4,0,25482.0,20340.0,14233.0,20730.0,24586.0
WI_2,FOODS,WI,2016-01-18,20426,3.3730319,0,1,26996.0,25482.0,20340.0,14233.0,16067.0
WI_2,FOODS,WI,2016-01-25,19388,3.3718522,0,0,20426.0,26996.0,25482.0,20340.0,17785.0
WI_2,FOODS,WI,2016-02-01,27215,3.3700566,4,1,19388.0,20426.0,26996.0,25482.0,26020.0
WI_2,FOODS,WI,2016-02-08,29291,3.3670185,5,2,27215.0,19388.0,20426.0,26996.0,24107.0
WI_2,FOODS,WI,2016-02-15,27199,3.3655393,1,2,29291.0,27215.0,19388.0,20426.0,18212.0
WI_2,FOODS,WI,2016-02-22,20828,3.3643165,0,0,27199.0,29291.0,27215.0,19388.0,16189.0
WI_2,FOODS,WI,2016-02-29,28467,3.363874,4,0,20828.0,27199.0,29291.0,27215.0,23177.0
WI_2,FOODS,WI,2016-03-07,28999,3.3634696,4,0,28467.0,20828.0,27199.0,29291.0,22246.0
WI_2,FOODS,WI,2016-03-14,27789,3.3636358,2,1,28999.0,28467.0,20828.0,27199.0,16580.0
WI_2,FOODS,WI,2016-03-21,22296,3.3641434,0,2,27789.0,28999.0,28467.0,20828.0,16354.0
WI_2,FOODS,WI,2016-03-28,24749,3.3646615,2,0,22296.0,27789.0,28999.0,28467.0,18429.0
WI_2,FOODS,WI,2016-04-04,32520,3.3648474,4,0,24749.0,22296.0,27789.0,28999.0,22576.0
WI_2,FOODS,WI,2016-04-11,30631,3.3653505,4,0,32520.0,24749.0,22296.0,27789.0,20379.0
WI_2,FOODS,WI,2016-04-18,23400,3.3652928,0,0,30631.0,32520.0,24749.0,22296.0,16762.0
WI_2,FOODS,WI,2016-04-25,22566,3.3642807,0,2,23400.0,30631.0,32520.0,24749.0,19728.0
WI_2,FOODS,WI,2016-05-02,31758,3.3638024,5,2,22566.0,23400.0,30631.0,32520.0,22552.0
WI_2,FOODS,WI,2016-05-09,35664,3.365295,5,0,31758.0,22566.0,23400.0,30631.0,22309.0
WI_2,FOODS,WI,2016-05-16,24145,3.3658695,0,0,35664.0,31758.0,22566.0,23400.0,16035.0
WI_2,HOBBIES,WI,2011-01-31,851,4.8735394,4,1,,,,,
WI_2,HOBBIES,WI,2011-02-07,852,4.8617597,4,0,851.0,,,,
WI_2,HOBBIES,WI,2011-02-14,871,4.7956996,2,1,852.0,851.0,,,
WI_2,HOBBIES,WI,2011-02-21,787,4.7586937,0,1,871.0,852.0,851.0,,
WI_2,HOBBIES,WI,2011-02-28,640,4.750791,4,0,787.0,871.0,852.0,851.0,
WI_2,HOBBIES,WI,2011-03-07,921,4.751457,4,1,640.0,787.0,871.0,852.0,
WI_2,HOBBIES,WI,2011-03-14,806,4.775176,2,3,921.0,640.0,787.0,871.0,
WI_2,HOBBIES,WI,2011-03-21,783,4.8103385,0,0,806.0,921.0,640.0,787.0,
WI_2,HOBBIES,WI,2011-03-28,926,4.8088903,2,0,783.0,806.0,921.0,640.0,
WI_2,HOBBIES,WI,2011-04-04,966,4.7934866,4,0,926.0,783.0,806.0,921.0,
WI_2,HOBBIES,WI,2011-04-11,840,4.8217325,4,0,966.0,926.0,783.0,806.0,
WI_2,HOBBIES,WI,2011-04-18,787,4.866234,0,1,840.0,966.0,926.0,783.0,
WI_2,HOBBIES,WI,2011-04-25,917,4.869617,0,1,787.0,840.0,966.0,926.0,
WI_2,HOBBIES,WI,2011-05-02,913,4.8698363,5,2,917.0,787.0,840.0,966.0,
WI_2,HOBBIES,WI,2011-05-09,796,4.8976693,5,0,913.0,917.0,787.0,840.0,
WI_2,HOBBIES,WI,2011-05-16,849,4.9169035,0,0,796.0,913.0,917.0,787.0,
WI_2,HOBBIES,WI,2011-05-23,832,4.8805842,0,0,849.0,796.0,913.0,917.0,
WI_2,HOBBIES,WI,2011-05-30,795,4.8803673,3,2,832.0,849.0,796.0,913.0,
WI_2,HOBBIES,WI,2011-06-06,833,4.8441534,5,1,795.0,832.0,849.0,796.0,
WI_2,HOBBIES,WI,2011-06-13,783,4.821935,2,1,833.0,795.0,832.0,849.0,
WI_2,HOBBIES,WI,2011-06-20,1004,4.8069677,0,0,783.0,833.0,795.0,832.0,
WI_2,HOBBIES,WI,2011-06-27,945,4.7968597,2,0,1004.0,783.0,833.0,795.0,
WI_2,HOBBIES,WI,2011-07-04,796,4.7923036,4,1,945.0,1004.0,783.0,833.0,
WI_2,HOBBIES,WI,2011-07-11,906,4.7763104,4,0,796.0,945.0,1004.0,783.0,
WI_2,HOBBIES,WI,2011-07-18,858,4.751756,0,0,906.0,796.0,945.0,1004.0,
WI_2,HOBBIES,WI,2011-07-25,997,4.7345233,0,0,858.0,906.0,796.0,945.0,
WI_2,HOBBIES,WI,2011-08-01,882,4.730781,4,1,997.0,858.0,906.0,796.0,
WI_2,HOBBIES,WI,2011-08-08,821,4.7198715,5,0,882.0,997.0,858.0,906.0,
WI_2,HOBBIES,WI,2011-08-15,829,4.724434,1,0,821.0,882.0,997.0,858.0,
WI_2,HOBBIES,WI,2011-08-22,902,4.7302547,0,0,829.0,821.0,882.0,997.0,
WI_2,HOBBIES,WI,2011-08-29,732,4.730788,2,1,902.0,829.0,821.0,882.0,
WI_2,HOBBIES,WI,2011-09-05,925,4.732661,5,1,732.0,902.0,829.0,821.0,
WI_2,HOBBIES,WI,2011-09-12,671,4.74166,3,0,925.0,732.0,902.0,829.0,
WI_2,HOBBIES,WI,2011-09-19,724,4.7387934,0,0,671.0,925.0,732.0,902.0,
WI_2,HOBBIES,WI,2011-09-26,883,4.736139,1,0,724.0,671.0,925.0,732.0,
WI_2,HOBBIES,WI,2011-10-03,851,4.738895,5,0,883.0,724.0,671.0,925.0,
WI_2,HOBBIES,WI,2011-10-10,825,4.7378306,4,1,851.0,883.0,724.0,671.0,
WI_2,HOBBIES,WI,2011-10-17,856,4.7236366,0,0,825.0,851.0,883.0,724.0,
WI_2,HOBBIES,WI,2011-10-24,782,4.7171907,0,0,856.0,825.0,851.0,883.0,
WI_2,HOBBIES,WI,2011-10-31,929,4.717807,4,1,782.0,856.0,825.0,851.0,
WI_2,HOBBIES,WI,2011-11-07,756,4.71893,4,2,929.0,782.0,856.0,825.0,
WI_2,HOBBIES,WI,2011-11-14,880,4.7182226,2,0,756.0,929.0,782.0,856.0,
WI_2,HOBBIES,WI,2011-11-21,706,4.7264476,0,1,880.0,756.0,929.0,782.0,
WI_2,HOBBIES,WI,2011-11-28,963,4.749459,2,0,706.0,880.0,756.0,929.0,
WI_2,HOBBIES,WI,2011-12-05,810,4.7432494,5,0,963.0,706.0,880.0,756.0,
WI_2,HOBBIES,WI,2011-12-12,894,4.740306,3,0,810.0,963.0,706.0,880.0,
WI_2,HOBBIES,WI,2011-12-19,764,4.740987,0,1,894.0,810.0,963.0,706.0,
WI_2,HOBBIES,WI,2011-12-26,784,4.7378945,0,2,764.0,894.0,810.0,963.0,
WI_2,HOBBIES,WI,2012-01-02,1021,4.732834,5,1,784.0,764.0,894.0,810.0,
WI_2,HOBBIES,WI,2012-01-09,799,4.7404943,5,0,1021.0,784.0,764.0,894.0,
WI_2,HOBBIES,WI,2012-01-16,765,4.742213,0,1,799.0,1021.0,784.0,764.0,
WI_2,HOBBIES,WI,2012-01-23,806,4.743094,0,0,765.0,799.0,1021.0,784.0,
WI_2,HOBBIES,WI,2012-01-30,1021,4.752195,3,1,806.0,765.0,799.0,1021.0,851.0
WI_2,HOBBIES,WI,2012-02-06,791,4.7582784,5,0,1021.0,806.0,765.0,799.0,852.0
WI_2,HOBBIES,WI,2012-02-13,919,4.7603803,2,1,791.0,1021.0,806.0,765.0,871.0
WI_2,HOBBIES,WI,2012-02-20,722,4.7714515,0,2,919.0,791.0,1021.0,806.0,787.0
WI_2,HOBBIES,WI,2012-02-27,872,4.8115134,2,1,722.0,919.0,791.0,1021.0,640.0
WI_2,HOBBIES,WI,2012-03-05,838,4.862006,5,1,872.0,722.0,919.0,791.0,921.0
WI_2,HOBBIES,WI,2012-03-12,703,4.86918,3,1,838.0,872.0,722.0,919.0,806.0
WI_2,HOBBIES,WI,2012-03-19,916,4.857327,0,0,703.0,838.0,872.0,722.0,783.0
WI_2,HOBBIES,WI,2012-03-26,833,4.847824,0,0,916.0,703.0,838.0,872.0,926.0
WI_2,HOBBIES,WI,2012-04-02,760,4.870135,5,1,833.0,916.0,703.0,838.0,966.0
WI_2,HOBBIES,WI,2012-04-09,819,4.8690352,5,2,760.0,833.0,916.0,703.0,840.0
WI_2,HOBBIES,WI,2012-04-16,874,4.8667955,0,0,819.0,760.0,833.0,916.0,787.0
WI_2,HOBBIES,WI,2012-04-23,853,4.8541865,0,0,874.0,819.0,760.0,833.0,917.0
WI_2,HOBBIES,WI,2012-04-30,941,4.794807,4,1,853.0,874.0,819.0,760.0,913.0
WI_2,HOBBIES,WI,2012-05-07,915,4.75525,4,1,941.0,853.0,874.0,819.0,796.0
WI_2,HOBBIES,WI,2012-05-14,1028,4.7178454,2,0,915.0,941.0,853.0,874.0,849.0
WI_2,HOBBIES,WI,2012-05-21,1048,4.7148094,0,0,1028.0,915.0,941.0,853.0,832.0
WI_2,HOBBIES,WI,2012-05-28,1212,4.7195845,2,1,1048.0,1028.0,915.0,941.0,795.0
WI_2,HOBBIES,WI,2012-06-04,1080,4.711135,4,0,1212.0,1048.0,1028.0,915.0,833.0
WI_2,HOBBIES,WI,2012-06-11,1143,4.720025,4,2,1080.0,1212.0,1048.0,1028.0,783.0
WI_2,HOBBIES,WI,2012-06-18,1103,4.745385,0,1,1143.0,1080.0,1212.0,1048.0,1004.0
WI_2,HOBBIES,WI,2012-06-25,1119,4.821328,0,0,1103.0,1143.0,1080.0,1212.0,945.0
WI_2,HOBBIES,WI,2012-07-02,942,5.019962,5,1,1119.0,1103.0,1143.0,1080.0,796.0
WI_2,HOBBIES,WI,2012-07-09,1142,5.0677247,5,0,942.0,1119.0,1103.0,1143.0,906.0
WI_2,HOBBIES,WI,2012-07-16,1096,5.146844,0,1,1142.0,942.0,1119.0,1103.0,858.0
WI_2,HOBBIES,WI,2012-07-23,1116,5.1511436,0,0,1096.0,1142.0,942.0,1119.0,997.0
WI_2,HOBBIES,WI,2012-07-30,1003,5.152207,3,0,1116.0,1096.0,1142.0,942.0,882.0
WI_2,HOBBIES,WI,2012-08-06,929,5.1917505,5,0,1003.0,1116.0,1096.0,1142.0,821.0
WI_2,HOBBIES,WI,2012-08-13,878,5.243794,2,1,929.0,1003.0,1116.0,1096.0,829.0
WI_2,HOBBIES,WI,2012-08-20,941,5.2446785,0,0,878.0,929.0,1003.0,1116.0,902.0
WI_2,HOBBIES,WI,2012-08-27,1192,5.2506294,1,0,941.0,878.0,929.0,1003.0,732.0
WI_2,HOBBIES,WI,2012-09-03,1146,5.2640877,5,1,1192.0,941.0,878.0,929.0,925.0
WI_2,HOBBIES,WI,2012-09-10,1174,5.2592134,4,0,1146.0,1192.0,941.0,878.0,671.0
WI_2,HOBBIES,WI,2012-09-17,1167,5.2572236,0,0,1174.0,1146.0,1192.0,941.0,724.0
WI_2,HOBBIES,WI,2012-09-24,1044,5.2605405,0,0,1167.0,1174.0,1146.0,1192.0,883.0
WI_2,HOBBIES,WI,2012-10-01,1256,5.2594175,4,0,1044.0,1167.0,1174.0,1146.0,851.0
WI_2,HOBBIES,WI,2012-10-08,1100,5.2566094,5,1,1256.0,1044.0,1167.0,1174.0,825.0
WI_2,HOBBIES,WI,2012-10-15,991,5.2566094,1,0,1100.0,1256.0,1044.0,1167.0,856.0
WI_2,HOBBIES,WI,2012-10-22,1084,5.2566094,0,1,991.0,1100.0,1256.0,1044.0,782.0
WI_2,HOBBIES,WI,2012-10-29,1262,5.2566094,2,1,1084.0,991.0,1100.0,1256.0,929.0
WI_2,HOBBIES,WI,2012-11-05,931,5.253243,5,1,1262.0,1084.0,991.0,1100.0,756.0
WI_2,HOBBIES,WI,2012-11-12,1048,5.2388954,3,0,931.0,1262.0,1084.0,991.0,880.0
WI_2,HOBBIES,WI,2012-11-19,878,5.2336984,0,1,1048.0,931.0,1262.0,1084.0,706.0
WI_2,HOBBIES,WI,2012-11-26,1029,5.258537,1,0,878.0,1048.0,931.0,1262.0,963.0
WI_2,HOBBIES,WI,2012-12-03,1189,5.26154,5,0,1029.0,878.0,1048.0,931.0,810.0
WI_2,HOBBIES,WI,2012-12-10,1104,5.264355,4,1,1189.0,1029.0,878.0,1048.0,894.0
WI_2,HOBBIES,WI,2012-12-17,1195,5.265697,0,0,1104.0,1189.0,1029.0,878.0,764.0
WI_2,HOBBIES,WI,2012-12-24,770,5.2746134,0,1,1195.0,1104.0,1189.0,1029.0,784.0
WI_2,HOBBIES,WI,2012-12-31,1077,5.298691,4,1,770.0,1195.0,1104.0,1189.0,1021.0
WI_2,HOBBIES,WI,2013-01-07,1008,5.334716,4,1,1077.0,770.0,1195.0,1104.0,799.0
WI_2,HOBBIES,WI,2013-01-14,946,5.3624644,2,0,1008.0,1077.0,770.0,1195.0,765.0
WI_2,HOBBIES,WI,2013-01-21,1444,5.3650155,0,1,946.0,1008.0,1077.0,770.0,806.0
WI_2,HOBBIES,WI,2013-01-28,1706,5.3656526,2,1,1444.0,946.0,1008.0,1077.0,1021.0
WI_2,HOBBIES,WI,2013-02-04,1280,5.3718576,4,0,1706.0,1444.0,946.0,1008.0,791.0
WI_2,HOBBIES,WI,2013-02-11,1882,5.3754244,4,2,1280.0,1706.0,1444.0,946.0,919.0
WI_2,HOBBIES,WI,2013-02-18,1547,5.3825965,0,3,1882.0,1280.0,1706.0,1444.0,722.0
WI_2,HOBBIES,WI,2013-02-25,1769,5.396393,2,0,1547.0,1882.0,1280.0,1706.0,872.0
WI_2,HOBBIES,WI,2013-03-04,1390,5.4051657,4,0,1769.0,1547.0,1882.0,1280.0,838.0
WI_2,HOBBIES,WI,2013-03-11,1623,5.395585,4,1,1390.0,1769.0,1547.0,1882.0,703.0
WI_2,HOBBIES,WI,2013-03-18,1532,5.3888917,0,0,1623.0,1390.0,1769.0,1547.0,916.0
WI_2,HOBBIES,WI,2013-03-25,1220,5.3867407,0,1,1532.0,1623.0,1390.0,1769.0,833.0
WI_2,HOBBIES,WI,2013-04-01,1757,5.364465,4,1,1220.0,1532.0,1623.0,1390.0,760.0
WI_2,HOBBIES,WI,2013-04-08,1765,5.328555,5,0,1757.0,1220.0,1532.0,1623.0,819.0
WI_2,HOBBIES,WI,2013-04-15,1538,5.3024244,1,0,1765.0,1757.0,1220.0,1532.0,874.0
WI_2,HOBBIES,WI,2013-04-22,1618,5.2627244,0,0,1538.0,1765.0,1757.0,1220.0,853.0
WI_2,HOBBIES,WI,2013-04-29,1315,5.215631,3,1,1618.0,1538.0,1765.0,1757.0,941.0
WI_2,HOBBIES,WI,2013-05-06,1637,5.2045283,5,1,1315.0,1618.0,1538.0,1765.0,915.0
WI_2,HOBBIES,WI,2013-05-13,1709,5.190823,2,0,1637.0,1315.0,1618.0,1538.0,1028.0
WI_2,HOBBIES,WI,2013-05-20,1574,5.1805506,0,0,1709.0,1637.0,1315.0,1618.0,1048.0
WI_2,HOBBIES,WI,2013-05-27,1723,5.1775527,1,1,1574.0,1709.0,1637.0,1315.0,1212.0
WI_2,HOBBIES,WI,2013-06-03,1874,5.178052,5,1,1723.0,1574.0,1709.0,1637.0,1080.0
WI_2,HOBBIES,WI,2013-06-10,1817,5.1751885,4,1,1874.0,1723.0,1574.0,1709.0,1143.0
WI_2,HOBBIES,WI,2013-06-17,1574,5.157753,0,1,1817.0,1874.0,1723.0,1574.0,1103.0
WI_2,HOBBIES,WI,2013-06-24,1725,5.149778,0,0,1574.0,1817.0,1874.0,1723.0,1119.0
WI_2,HOBBIES,WI,2013-07-01,1628,5.1883903,4,1,1725.0,1574.0,1817.0,1874.0,942.0
WI_2,HOBBIES,WI,2013-07-08,1501,5.181778,5,1,1628.0,1725.0,1574.0,1817.0,1142.0
WI_2,HOBBIES,WI,2013-07-15,1355,5.196641,1,0,1501.0,1628.0,1725.0,1574.0,1096.0
WI_2,HOBBIES,WI,2013-07-22,1424,5.236428,0,0,1355.0,1501.0,1628.0,1725.0,1116.0
WI_2,HOBBIES,WI,2013-07-29,1487,5.361399,2,0,1424.0,1355.0,1501.0,1628.0,1003.0
WI_2,HOBBIES,WI,2013-08-05,1311,5.362359,5,1,1487.0,1424.0,1355.0,1501.0,929.0
WI_2,HOBBIES,WI,2013-08-12,1406,5.355891,3,0,1311.0,1487.0,1424.0,1355.0,878.0
WI_2,HOBBIES,WI,2013-08-19,1416,5.3291388,0,0,1406.0,1311.0,1487.0,1424.0,941.0
WI_2,HOBBIES,WI,2013-08-26,1533,5.3288226,0,0,1416.0,1406.0,1311.0,1487.0,1192.0
WI_2,HOBBIES,WI,2013-09-02,1007,5.3368616,5,1,1533.0,1416.0,1406.0,1311.0,1146.0
WI_2,HOBBIES,WI,2013-09-09,1534,5.3562455,5,0,1007.0,1533.0,1416.0,1406.0,1174.0
WI_2,HOBBIES,WI,2013-09-16,1400,5.384086,0,0,1534.0,1007.0,1533.0,1416.0,1167.0
WI_2,HOBBIES,WI,2013-09-23,1557,5.388997,0,0,1400.0,1534.0,1007.0,1533.0,1044.0
WI_2,HOBBIES,WI,2013-09-30,2086,5.3989906,4,0,1557.0,1400.0,1534.0,1007.0,1256.0
WI_2,HOBBIES,WI,2013-10-07,1573,5.3992395,4,0,2086.0,1557.0,1400.0,1534.0,1100.0
WI_2,HOBBIES,WI,2013-10-14,1697,5.4099193,2,2,1573.0,2086.0,1557.0,1400.0,991.0
WI_2,HOBBIES,WI,2013-10-21,1791,5.413036,0,0,1697.0,1573.0,2086.0,1557.0,1084.0
WI_2,HOBBIES,WI,2013-10-28,1949,5.4210424,2,1,1791.0,1697.0,1573.0,2086.0,1262.0
WI_2,HOBBIES,WI,2013-11-04,1543,5.4219437,4,0,1949.0,1791.0,1697.0,1573.0,931.0
WI_2,HOBBIES,WI,2013-11-11,1487,5.416414,4,1,1543.0,1949.0,1791.0,1697.0,1048.0
WI_2,HOBBIES,WI,2013-11-18,1727,5.410965,0,0,1487.0,1543.0,1949.0,1791.0,878.0
WI_2,HOBBIES,WI,2013-11-25,1509,5.4165726,0,1,1727.0,1487.0,1543.0,1949.0,1029.0
WI_2,HOBBIES,WI,2013-12-02,1741,5.4154086,5,1,1509.0,1727.0,1487.0,1543.0,1189.0
WI_2,HOBBIES,WI,2013-12-09,1665,5.418383,5,0,1741.0,1509.0,1727.0,1487.0,1104.0
WI_2,HOBBIES,WI,2013-12-16,1598,5.412931,0,0,1665.0,1741.0,1509.0,1727.0,1195.0
WI_2,HOBBIES,WI,2013-12-23,1381,5.4131155,0,1,1598.0,1665.0,1741.0,1509.0,770.0
WI_2,HOBBIES,WI,2013-12-30,1642,5.422738,3,1,1381.0,1598.0,1665.0,1741.0,1077.0
WI_2,HOBBIES,WI,2014-01-06,1536,5.4473915,5,1,1642.0,1381.0,1598.0,1665.0,1008.0
WI_2,HOBBIES,WI,2014-01-13,1690,5.4517493,2,0,1536.0,1642.0,1381.0,1598.0,946.0
WI_2,HOBBIES,WI,2014-01-20,1444,5.4510164,0,1,1690.0,1536.0,1642.0,1381.0,1444.0
WI_2,HOBBIES,WI,2014-01-27,1684,5.4458337,1,1,1444.0,1690.0,1536.0,1642.0,1706.0
WI_2,HOBBIES,WI,2014-02-03,1666,5.4403024,5,0,1684.0,1444.0,1690.0,1536.0,1280.0
WI_2,HOBBIES,WI,2014-02-10,1621,5.449968,4,1,1666.0,1684.0,1444.0,1690.0,1882.0
WI_2,HOBBIES,WI,2014-02-17,1614,5.4563365,0,1,1621.0,1666.0,1684.0,1444.0,1547.0
WI_2,HOBBIES,WI,2014-02-24,1728,5.486816,1,0,1614.0,1621.0,1666.0,1684.0,1769.0
WI_2,HOBBIES,WI,2014-03-03,1683,5.5629973,5,1,1728.0,1614.0,1621.0,1666.0,1390.0
WI_2,HOBBIES,WI,2014-03-10,1752,5.5667505,4,2,1683.0,1728.0,1614.0,1621.0,1623.0
WI_2,HOBBIES,WI,2014-03-17,1525,5.583869,0,1,1752.0,1683.0,1728.0,1614.0,1532.0
WI_2,HOBBIES,WI,2014-03-24,1472,5.6002893,0,0,1525.0,1752.0,1683.0,1728.0,1220.0
WI_2,HOBBIES,WI,2014-03-31,1495,5.59355,4,0,1472.0,1525.0,1752.0,1683.0,1757.0
WI_2,HOBBIES,WI,2014-04-07,1598,5.6028824,4,0,1495.0,1472.0,1525.0,1752.0,1765.0
WI_2,HOBBIES,WI,2014-04-14,1521,5.6246896,2,1,1598.0,1495.0,1472.0,1525.0,1538.0
WI_2,HOBBIES,WI,2014-04-21,1419,5.616849,0,1,1521.0,1598.0,1495.0,1472.0,1618.0
WI_2,HOBBIES,WI,2014-04-28,1546,5.603789,2,0,1419.0,1521.0,1598.0,1495.0,1315.0
WI_2,HOBBIES,WI,2014-05-05,1499,5.585643,5,2,1546.0,1419.0,1521.0,1598.0,1637.0
WI_2,HOBBIES,WI,2014-05-12,1436,5.574523,3,0,1499.0,1546.0,1419.0,1521.0,1709.0
WI_2,HOBBIES,WI,2014-05-19,1605,5.5634694,0,0,1436.0,1499.0,1546.0,1419.0,1574.0
WI_2,HOBBIES,WI,2014-05-26,1738,5.5716524,0,1,1605.0,1436.0,1499.0,1546.0,1723.0
WI_2,HOBBIES,WI,2014-06-02,1603,5.59296,5,1,1738.0,1605.0,1436.0,1499.0,1874.0
WI_2,HOBBIES,WI,2014-06-09,1611,5.5845113,5,1,1603.0,1738.0,1605.0,1436.0,1817.0
WI_2,HOBBIES,WI,2014-06-16,1408,5.5622764,0,0,1611.0,1603.0,1738.0,1605.0,1574.0
WI_2,HOBBIES,WI,2014-06-23,1323,5.553801,0,1,1408.0,1611.0,1603.0,1738.0,1725.0
WI_2,HOBBIES,WI,2014-06-30,1512,5.5493965,4,1,1323.0,1408.0,1611.0,1603.0,1628.0
WI_2,HOBBIES,WI,2014-07-07,1489,5.533845,4,0,1512.0,1323.0,1408.0,1611.0,1501.0
WI_2,HOBBIES,WI,2014-07-14,1440,5.546688,2,0,1489.0,1512.0,1323.0,1408.0,1355.0
WI_2,HOBBIES,WI,2014-07-21,1331,5.5641794,0,0,1440.0,1489.0,1512.0,1323.0,1424.0
WI_2,HOBBIES,WI,2014-07-28,1634,5.566342,2,1,1331.0,1440.0,1489.0,1512.0,1487.0
WI_2,HOBBIES,WI,2014-08-04,1426,5.566039,4,0,1634.0,1331.0,1440.0,1489.0,1311.0
WI_2,HOBBIES,WI,2014-08-11,1339,5.564136,4,0,1426.0,1634.0,1331.0,1440.0,1406.0
WI_2,HOBBIES,WI,2014-08-18,1202,5.570579,0,0,1339.0,1426.0,1634.0,1331.0,1416.0
WI_2,HOBBIES,WI,2014-08-25,1457,5.570489,0,0,1202.0,1339.0,1426.0,1634.0,1533.0
WI_2,HOBBIES,WI,2014-09-01,1355,5.569024,4,1,1457.0,1202.0,1339.0,1426.0,1007.0
WI_2,HOBBIES,WI,2014-09-08,1358,5.569701,5,0,1355.0,1457.0,1202.0,1339.0,1534.0
WI_2,HOBBIES,WI,2014-09-15,1326,5.5657735,1,0,1358.0,1355.0,1457.0,1202.0,1400.0
WI_2,HOBBIES,WI,2014-09-22,1468,5.5664487,0,0,1326.0,1358.0,1355.0,1457.0,1557.0
WI_2,HOBBIES,WI,2014-09-29,1632,5.567479,3,1,1468.0,1326.0,1358.0,1355.0,2086.0
WI_2,HOBBIES,WI,2014-10-06,1503,5.5643497,5,0,1632.0,1468.0,1326.0,1358.0,1573.0
WI_2,HOBBIES,WI,2014-10-13,1643,5.547796,2,1,1503.0,1632.0,1468.0,1326.0,1697.0
WI_2,HOBBIES,WI,2014-10-20,1503,5.5310626,0,0,1643.0,1503.0,1632.0,1468.0,1791.0
WI_2,HOBBIES,WI,2014-10-27,1893,5.541436,1,1,1503.0,1643.0,1503.0,1632.0,1949.0
WI_2,HOBBIES,WI,2014-11-03,1380,5.5370965,5,0,1893.0,1503.0,1643.0,1503.0,1543.0
WI_2,HOBBIES,WI,2014-11-10,1341,5.5346594,4,1,1380.0,1893.0,1503.0,1643.0,1487.0
WI_2,HOBBIES,WI,2014-11-17,1500,5.5311112,0,0,1341.0,1380.0,1893.0,1503.0,1727.0
WI_2,HOBBIES,WI,2014-11-24,1212,5.539744,0,1,1500.0,1341.0,1380.0,1893.0,1509.0
WI_2,HOBBIES,WI,2014-12-01,1649,5.5434527,4,0,1212.0,1500.0,1341.0,1380.0,1741.0
WI_2,HOBBIES,WI,2014-12-08,1409,5.540501,5,0,1649.0,1212.0,1500.0,1341.0,1665.0
WI_2,HOBBIES,WI,2014-12-15,1437,5.547938,1,0,1409.0,1649.0,1212.0,1500.0,1598.0
WI_2,HOBBIES,WI,2014-12-22,1182,5.555228,0,2,1437.0,1409.0,1649.0,1212.0,1381.0
WI_2,HOBBIES,WI,2014-12-29,1509,5.5577188,2,1,1182.0,1437.0,1409.0,1649.0,1642.0
WI_2,HOBBIES,WI,2015-01-05,1112,5.557565,5,1,1509.0,1182.0,1437.0,1409.0,1536.0
WI_2,HOBBIES,WI,2015-01-12,1244,5.5545616,3,0,1112.0,1509.0,1182.0,1437.0,1690.0
WI_2,HOBBIES,WI,2015-01-19,1561,5.5519004,0,1,1244.0,1112.0,1509.0,1182.0,1444.0
WI_2,HOBBIES,WI,2015-01-26,1663,5.5679755,0,1,1561.0,1244.0,1112.0,1509.0,1684.0
WI_2,HOBBIES,WI,2015-02-02,1904,5.5845237,5,0,1663.0,1561.0,1244.0,1112.0,1666.0
WI_2,HOBBIES,WI,2015-02-09,1679,5.586132,5,1,1904.0,1663.0,1561.0,1244.0,1621.0
WI_2,HOBBIES,WI,2015-02-16,1706,5.582133,0,2,1679.0,1904.0,1663.0,1561.0,1614.0
WI_2,HOBBIES,WI,2015-02-23,1580,5.5748906,0,1,1706.0,1679.0,1904.0,1663.0,1728.0
WI_2,HOBBIES,WI,2015-03-02,1694,5.58653,5,1,1580.0,1706.0,1679.0,1904.0,1683.0
WI_2,HOBBIES,WI,2015-03-09,1624,5.6034055,5,0,1694.0,1580.0,1706.0,1679.0,1752.0
WI_2,HOBBIES,WI,2015-03-16,1662,5.6035576,0,1,1624.0,1694.0,1580.0,1706.0,1525.0
WI_2,HOBBIES,WI,2015-03-23,1465,5.603133,0,0,1662.0,1624.0,1694.0,1580.0,1472.0
WI_2,HOBBIES,WI,2015-03-30,1720,5.602071,3,1,1465.0,1662.0,1624.0,1694.0,1495.0
WI_2,HOBBIES,WI,2015-04-06,1634,5.602384,5,2,1720.0,1465.0,1662.0,1624.0,1598.0
WI_2,HOBBIES,WI,2015-04-13,1436,5.6056,2,0,1634.0,1720.0,1465.0,1662.0,1521.0
WI_2,HOBBIES,WI,2015-04-20,1573,5.6121163,0,0,1436.0,1634.0,1720.0,1465.0,1419.0
WI_2,HOBBIES,WI,2015-04-27,1560,5.6121917,2,0,1573.0,1436.0,1634.0,1720.0,1546.0
WI_2,HOBBIES,WI,2015-05-04,1570,5.6101747,4,2,1560.0,1573.0,1436.0,1634.0,1499.0
WI_2,HOBBIES,WI,2015-05-11,1565,5.6112237,4,0,1570.0,1560.0,1573.0,1436.0,1436.0
WI_2,HOBBIES,WI,2015-05-18,1683,5.611413,0,0,1565.0,1570.0,1560.0,1573.0,1605.0
WI_2,HOBBIES,WI,2015-05-25,1659,5.6083593,0,1,1683.0,1565.0,1570.0,1560.0,1738.0
WI_2,HOBBIES,WI,2015-06-01,1744,5.595669,4,1,1659.0,1683.0,1565.0,1570.0,1603.0
WI_2,HOBBIES,WI,2015-06-08,1644,5.597545,5,0,1744.0,1659.0,1683.0,1565.0,1611.0
WI_2,HOBBIES,WI,2015-06-15,1581,5.603553,1,3,1644.0,1744.0,1659.0,1683.0,1408.0
WI_2,HOBBIES,WI,2015-06-22,1579,5.601208,0,0,1581.0,1644.0,1744.0,1659.0,1323.0
WI_2,HOBBIES,WI,2015-06-29,1880,5.6008797,3,1,1579.0,1581.0,1644.0,1744.0,1512.0
WI_2,HOBBIES,WI,2015-07-06,1638,5.6046724,5,0,1880.0,1579.0,1581.0,1644.0,1489.0
WI_2,HOBBIES,WI,2015-07-13,1613,5.6036105,2,1,1638.0,1880.0,1579.0,1581.0,1440.0
WI_2,HOBBIES,WI,2015-07-20,1554,5.5953784,0,0,1613.0,1638.0,1880.0,1579.0,1331.0
WI_2,HOBBIES,WI,2015-07-27,1770,5.578415,1,0,1554.0,1613.0,1638.0,1880.0,1634.0
WI_2,HOBBIES,WI,2015-08-03,1890,5.5764303,5,0,1770.0,1554.0,1613.0,1638.0,1426.0
WI_2,HOBBIES,WI,2015-08-10,1589,5.591752,4,0,1890.0,1770.0,1554.0,1613.0,1339.0
WI_2,HOBBIES,WI,2015-08-17,1716,5.594746,0,0,1589.0,1890.0,1770.0,1554.0,1202.0
WI_2,HOBBIES,WI,2015-08-24,1670,5.5927935,0,0,1716.0,1589.0,1890.0,1770.0,1457.0
WI_2,HOBBIES,WI,2015-08-31,1960,5.588733,4,0,1670.0,1716.0,1589.0,1890.0,1355.0
WI_2,HOBBIES,WI,2015-09-07,1713,5.5814996,4,1,1960.0,1670.0,1716.0,1589.0,1358.0
WI_2,HOBBIES,WI,2015-09-14,1527,5.578182,2,0,1713.0,1960.0,1670.0,1716.0,1326.0
WI_2,HOBBIES,WI,2015-09-21,1709,5.57669,0,1,1527.0,1713.0,1960.0,1670.0,1468.0
WI_2,HOBBIES,WI,2015-09-28,1851,5.582076,2,0,1709.0,1527.0,1713.0,1960.0,1632.0
WI_2,HOBBIES,WI,2015-10-05,1717,5.5822654,5,0,1851.0,1709.0,1527.0,1713.0,1503.0
WI_2,HOBBIES,WI,2015-10-12,1851,5.5806727,3,1,1717.0,1851.0,1709.0,1527.0,1643.0
WI_2,HOBBIES,WI,2015-10-19,1936,5.5763617,0,0,1851.0,1717.0,1851.0,1709.0,1503.0
WI_2,HOBBIES,WI,2015-10-26,2102,5.5755396,0,1,1936.0,1851.0,1717.0,1851.0,1893.0
WI_2,HOBBIES,WI,2015-11-02,1882,5.5751147,5,0,2102.0,1936.0,1851.0,1717.0,1380.0
WI_2,HOBBIES,WI,2015-11-09,1628,5.5740533,5,1,1882.0,2102.0,1936.0,1851.0,1341.0
WI_2,HOBBIES,WI,2015-11-16,1917,5.5738406,0,0,1628.0,1882.0,2102.0,1936.0,1500.0
WI_2,HOBBIES,WI,2015-11-23,1558,5.5707555,0,1,1917.0,1628.0,1882.0,2102.0,1212.0
WI_2,HOBBIES,WI,2015-11-30,1955,5.562733,4,0,1558.0,1917.0,1628.0,1882.0,1649.0
WI_2,HOBBIES,WI,2015-12-07,1867,5.563335,4,0,1955.0,1558.0,1917.0,1628.0,1409.0
WI_2,HOBBIES,WI,2015-12-14,1906,5.5750794,2,1,1867.0,1955.0,1558.0,1917.0,1437.0
WI_2,HOBBIES,WI,2015-12-21,1420,5.5750794,0,1,1906.0,1867.0,1955.0,1558.0,1182.0
WI_2,HOBBIES,WI,2015-12-28,1764,5.5749936,2,1,1420.0,1906.0,1867.0,1955.0,1509.0
WI_2,HOBBIES,WI,2016-01-04,1542,5.5745006,4,1,1764.0,1420.0,1906.0,1867.0,1112.0
WI_2,HOBBIES,WI,2016-01-11,1560,5.5742555,4,0,1542.0,1764.0,1420.0,1906.0,1244.0
WI_2,HOBBIES,WI,2016-01-18,1537,5.574369,0,1,1560.0,1542.0,1764.0,1420.0,1561.0
WI_2,HOBBIES,WI,2016-01-25,1769,5.5705914,0,0,1537.0,1560.0,1542.0,1764.0,1663.0
WI_2,HOBBIES,WI,2016-02-01,2072,5.567469,4,1,1769.0,1537.0,1560.0,1542.0,1904.0
WI_2,HOBBIES,WI,2016-02-08,2034,5.5679393,5,2,2072.0,1769.0,1537.0,1560.0,1679.0
WI_2,HOBBIES,WI,2016-02-15,1828,5.569606,1,2,2034.0,2072.0,1769.0,1537.0,1706.0
WI_2,HOBBIES,WI,2016-02-22,1984,5.569967,0,0,1828.0,2034.0,2072.0,1769.0,1580.0
WI_2,HOBBIES,WI,2016-02-29,2081,5.568043,4,0,1984.0,1828.0,2034.0,2072.0,1694.0
WI_2,HOBBIES,WI,2016-03-07,2079,5.568086,4,0,2081.0,1984.0,1828.0,2034.0,1624.0
WI_2,HOBBIES,WI,2016-03-14,1846,5.5673404,2,1,2079.0,2081.0,1984.0,1828.0,1662.0
WI_2,HOBBIES,WI,2016-03-21,1729,5.5688796,0,2,1846.0,2079.0,2081.0,1984.0,1465.0
WI_2,HOBBIES,WI,2016-03-28,2187,5.568622,2,0,1729.0,1846.0,2079.0,2081.0,1720.0
WI_2,HOBBIES,WI,2016-04-04,2173,5.5680227,4,0,2187.0,1729.0,1846.0,2079.0,1634.0
WI_2,HOBBIES,WI,2016-04-11,1851,5.567267,4,0,2173.0,2187.0,1729.0,1846.0,1436.0
WI_2,HOBBIES,WI,2016-04-18,1924,5.5662074,0,0,1851.0,2173.0,2187.0,1729.0,1573.0
WI_2,HOBBIES,WI,2016-04-25,2128,5.563896,0,2,1924.0,1851.0,2173.0,2187.0,1560.0
WI_2,HOBBIES,WI,2016-05-02,2027,5.562473,5,2,2128.0,1924.0,1851.0,2173.0,1570.0
WI_2,HOBBIES,WI,2016-05-09,2112,5.5641217,5,0,2027.0,2128.0,1924.0,1851.0,1565.0
WI_2,HOBBIES,WI,2016-05-16,2137,5.5567007,0,0,2112.0,2027.0,2128.0,1924.0,1683.0
WI_2,HOUSEHOLD,WI,2011-01-31,2330,5.532975,4,1,,,,,
WI_2,HOUSEHOLD,WI,2011-02-07,2516,5.722505,4,0,2330.0,,,,
WI_2,HOUSEHOLD,WI,2011-02-14,2590,5.7825,2,1,2516.0,2330.0,,,
WI_2,HOUSEHOLD,WI,2011-02-21,2344,5.821093,0,1,2590.0,2516.0,2330.0,,
WI_2,HOUSEHOLD,WI,2011-02-28,2711,5.832874,4,0,2344.0,2590.0,2516.0,2330.0,
WI_2,HOUSEHOLD,WI,2011-03-07,2420,5.8042808,4,1,2711.0,2344.0,2590.0,2516.0,
WI_2,HOUSEHOLD,WI,2011-03-14,2654,5.78502,2,3,2420.0,2711.0,2344.0,2590.0,
WI_2,HOUSEHOLD,WI,2011-03-21,2319,5.779263,0,0,2654.0,2420.0,2711.0,2344.0,
WI_2,HOUSEHOLD,WI,2011-03-28,2842,5.7696786,2,0,2319.0,2654.0,2420.0,2711.0,
WI_2,HOUSEHOLD,WI,2011-04-04,2090,5.783,4,0,2842.0,2319.0,2654.0,2420.0,
WI_2,HOUSEHOLD,WI,2011-04-11,2140,5.764881,4,0,2090.0,2842.0,2319.0,2654.0,
WI_2,HOUSEHOLD,WI,2011-04-18,1985,5.745404,0,1,2140.0,2090.0,2842.0,2319.0,
WI_2,HOUSEHOLD,WI,2011-04-25,2859,5.7422485,0,1,1985.0,2140.0,2090.0,2842.0,
WI_2,HOUSEHOLD,WI,2011-05-02,2160,5.7394714,5,2,2859.0,1985.0,2140.0,2090.0,
WI_2,HOUSEHOLD,WI,2011-05-09,2343,5.7546964,5,0,2160.0,2859.0,1985.0,2140.0,
WI_2,HOUSEHOLD,WI,2011-05-16,2152,5.7498856,0,0,2343.0,2160.0,2859.0,1985.0,
WI_2,HOUSEHOLD,WI,2011-05-23,2273,5.742699,0,0,2152.0,2343.0,2160.0,2859.0,
WI_2,HOUSEHOLD,WI,2011-05-30,2798,5.74925,3,2,2273.0,2152.0,2343.0,2160.0,
WI_2,HOUSEHOLD,WI,2011-06-06,2473,5.7399178,5,1,2798.0,2273.0,2152.0,2343.0,
WI_2,HOUSEHOLD,WI,2011-06-13,2245,5.746904,2,1,2473.0,2798.0,2273.0,2152.0,
WI_2,HOUSEHOLD,WI,2011-06-20,2482,5.734504,0,0,2245.0,2473.0,2798.0,2273.0,
WI_2,HOUSEHOLD,WI,2011-06-27,2576,5.720849,2,0,2482.0,2245.0,2473.0,2798.0,
WI_2,HOUSEHOLD,WI,2011-07-04,2446,5.695657,4,1,2576.0,2482.0,2245.0,2473.0,
WI_2,HOUSEHOLD,WI,2011-07-11,2337,5.690108,4,0,2446.0,2576.0,2482.0,2245.0,
WI_2,HOUSEHOLD,WI,2011-07-18,2313,5.680851,0,0,2337.0,2446.0,2576.0,2482.0,
WI_2,HOUSEHOLD,WI,2011-07-25,2475,5.686788,0,0,2313.0,2337.0,2446.0,2576.0,
WI_2,HOUSEHOLD,WI,2011-08-01,2722,5.6759505,4,1,2475.0,2313.0,2337.0,2446.0,
WI_2,HOUSEHOLD,WI,2011-08-08,2299,5.6685967,5,0,2722.0,2475.0,2313.0,2337.0,
WI_2,HOUSEHOLD,WI,2011-08-15,2475,5.6740417,1,0,2299.0,2722.0,2475.0,2313.0,
WI_2,HOUSEHOLD,WI,2011-08-22,2526,5.681489,0,0,2475.0,2299.0,2722.0,2475.0,
WI_2,HOUSEHOLD,WI,2011-08-29,2805,5.6734414,2,1,2526.0,2475.0,2299.0,2722.0,
WI_2,HOUSEHOLD,WI,2011-09-05,2586,5.656242,5,1,2805.0,2526.0,2475.0,2299.0,
WI_2,HOUSEHOLD,WI,2011-09-12,2632,5.6480384,3,0,2586.0,2805.0,2526.0,2475.0,
WI_2,HOUSEHOLD,WI,2011-09-19,2330,5.648402,0,0,2632.0,2586.0,2805.0,2526.0,
WI_2,HOUSEHOLD,WI,2011-09-26,2803,5.648166,1,0,2330.0,2632.0,2586.0,2805.0,
WI_2,HOUSEHOLD,WI,2011-10-03,2218,5.648223,5,0,2803.0,2330.0,2632.0,2586.0,
WI_2,HOUSEHOLD,WI,2011-10-10,2517,5.6433997,4,1,2218.0,2803.0,2330.0,2632.0,
WI_2,HOUSEHOLD,WI,2011-10-17,2108,5.638743,0,0,2517.0,2218.0,2803.0,2330.0,
WI_2,HOUSEHOLD,WI,2011-10-24,2244,5.634633,0,0,2108.0,2517.0,2218.0,2803.0,
WI_2,HOUSEHOLD,WI,2011-10-31,2796,5.636818,4,1,2244.0,2108.0,2517.0,2218.0,
WI_2,HOUSEHOLD,WI,2011-11-07,2240,5.621369,4,2,2796.0,2244.0,2108.0,2517.0,
WI_2,HOUSEHOLD,WI,2011-11-14,2134,5.6196256,2,0,2240.0,2796.0,2244.0,2108.0,
WI_2,HOUSEHOLD,WI,2011-11-21,1945,5.6183853,0,1,2134.0,2240.0,2796.0,2244.0,
WI_2,HOUSEHOLD,WI,2011-11-28,2658,5.614408,2,0,1945.0,2134.0,2240.0,2796.0,
WI_2,HOUSEHOLD,WI,2011-12-05,2163,5.6081324,5,0,2658.0,1945.0,2134.0,2240.0,
WI_2,HOUSEHOLD,WI,2011-12-12,2003,5.6035333,3,0,2163.0,2658.0,1945.0,2134.0,
WI_2,HOUSEHOLD,WI,2011-12-19,1666,5.6154246,0,1,2003.0,2163.0,2658.0,1945.0,
WI_2,HOUSEHOLD,WI,2011-12-26,2739,5.620785,0,2,1666.0,2003.0,2163.0,2658.0,
WI_2,HOUSEHOLD,WI,2012-01-02,2563,5.6214647,5,1,2739.0,1666.0,2003.0,2163.0,
WI_2,HOUSEHOLD,WI,2012-01-09,2108,5.6248803,5,0,2563.0,2739.0,1666.0,2003.0,
WI_2,HOUSEHOLD,WI,2012-01-16,2623,5.6337924,0,1,2108.0,2563.0,2739.0,1666.0,
WI_2,HOUSEHOLD,WI,2012-01-23,2284,5.654727,0,0,2623.0,2108.0,2563.0,2739.0,
WI_2,HOUSEHOLD,WI,2012-01-30,3277,5.661899,3,1,2284.0,2623.0,2108.0,2563.0,2330.0
WI_2,HOUSEHOLD,WI,2012-02-06,2916,5.6634817,5,0,3277.0,2284.0,2623.0,2108.0,2516.0
WI_2,HOUSEHOLD,WI,2012-02-13,2504,5.676173,2,1,2916.0,3277.0,2284.0,2623.0,2590.0
WI_2,HOUSEHOLD,WI,2012-02-20,2438,5.687309,0,2,2504.0,2916.0,3277.0,2284.0,2344.0
WI_2,HOUSEHOLD,WI,2012-02-27,2817,5.727811,2,1,2438.0,2504.0,2916.0,3277.0,2711.0
WI_2,HOUSEHOLD,WI,2012-03-05,2890,5.7447658,5,1,2817.0,2438.0,2504.0,2916.0,2420.0
WI_2,HOUSEHOLD,WI,2012-03-12,2421,5.723891,3,1,2890.0,2817.0,2438.0,2504.0,2654.0
WI_2,HOUSEHOLD,WI,2012-03-19,2431,5.6987815,0,0,2421.0,2890.0,2817.0,2438.0,2319.0
WI_2,HOUSEHOLD,WI,2012-03-26,2770,5.644759,0,0,2431.0,2421.0,2890.0,2817.0,2842.0
WI_2,HOUSEHOLD,WI,2012-04-02,2326,5.6197314,5,1,2770.0,2431.0,2421.0,2890.0,2090.0
WI_2,HOUSEHOLD,WI,2012-04-09,2344,5.598891,5,2,2326.0,2770.0,2431.0,2421.0,2140.0
WI_2,HOUSEHOLD,WI,2012-04-16,2112,5.5836496,0,0,2344.0,2326.0,2770.0,2431.0,1985.0
WI_2,HOUSEHOLD,WI,2012-04-23,2178,5.5725446,0,0,2112.0,2344.0,2326.0,2770.0,2859.0
WI_2,HOUSEHOLD,WI,2012-04-30,2899,5.575985,4,1,2178.0,2112.0,2344.0,2326.0,2160.0
WI_2,HOUSEHOLD,WI,2012-05-07,2096,5.5707593,4,1,2899.0,2178.0,2112.0,2344.0,2343.0
WI_2,HOUSEHOLD,WI,2012-05-14,2392,5.569937,2,0,2096.0,2899.0,2178.0,2112.0,2152.0
WI_2,HOUSEHOLD,WI,2012-05-21,2791,5.5623827,0,0,2392.0,2096.0,2899.0,2178.0,2273.0
WI_2,HOUSEHOLD,WI,2012-05-28,4264,5.538917,2,1,2791.0,2392.0,2096.0,2899.0,2798.0
WI_2,HOUSEHOLD,WI,2012-06-04,3625,5.53477,4,0,4264.0,2791.0,2392.0,2096.0,2473.0
WI_2,HOUSEHOLD,WI,2012-06-11,4264,5.5149264,4,2,3625.0,4264.0,2791.0,2392.0,2245.0
WI_2,HOUSEHOLD,WI,2012-06-18,4284,5.5073943,0,1,4264.0,3625.0,4264.0,2791.0,2482.0
WI_2,HOUSEHOLD,WI,2012-06-25,5187,5.4913073,0,0,4284.0,4264.0,3625.0,4264.0,2576.0
WI_2,HOUSEHOLD,WI,2012-07-02,4970,5.4944596,5,1,5187.0,4284.0,4264.0,3625.0,2446.0
WI_2,HOUSEHOLD,WI,2012-07-09,4338,5.4710813,5,0,4970.0,5187.0,4284.0,4264.0,2337.0
WI_2,HOUSEHOLD,WI,2012-07-16,4229,5.46643,0,1,4338.0,4970.0,5187.0,4284.0,2313.0
WI_2,HOUSEHOLD,WI,2012-07-23,4010,5.465116,0,0,4229.0,4338.0,4970.0,5187.0,2475.0
WI_2,HOUSEHOLD,WI,2012-07-30,5892,5.4826427,3,0,4010.0,4229.0,4338.0,4970.0,2722.0
WI_2,HOUSEHOLD,WI,2012-08-06,5155,5.4989047,5,0,5892.0,4010.0,4229.0,4338.0,2299.0
WI_2,HOUSEHOLD,WI,2012-08-13,4995,5.491674,2,1,5155.0,5892.0,4010.0,4229.0,2475.0
WI_2,HOUSEHOLD,WI,2012-08-20,4697,5.4643784,0,0,4995.0,5155.0,5892.0,4010.0,2526.0
WI_2,HOUSEHOLD,WI,2012-08-27,7118,5.4640403,1,0,4697.0,4995.0,5155.0,5892.0,2805.0
WI_2,HOUSEHOLD,WI,2012-09-03,5842,5.4648175,5,1,7118.0,4697.0,4995.0,5155.0,2586.0
WI_2,HOUSEHOLD,WI,2012-09-10,5683,5.465656,4,0,5842.0,7118.0,4697.0,4995.0,2632.0
WI_2,HOUSEHOLD,WI,2012-09-17,5793,5.4619546,0,0,5683.0,5842.0,7118.0,4697.0,2330.0
WI_2,HOUSEHOLD,WI,2012-09-24,5777,5.457463,0,0,5793.0,5683.0,5842.0,7118.0,2803.0
WI_2,HOUSEHOLD,WI,2012-10-01,6074,5.476863,4,0,5777.0,5793.0,5683.0,5842.0,2218.0
WI_2,HOUSEHOLD,WI,2012-10-08,5702,5.523891,5,1,6074.0,5777.0,5793.0,5683.0,2517.0
WI_2,HOUSEHOLD,WI,2012-10-15,5212,5.5257196,1,0,5702.0,6074.0,5777.0,5793.0,2108.0
WI_2,HOUSEHOLD,WI,2012-10-22,4545,5.5267444,0,1,5212.0,5702.0,6074.0,5777.0,2244.0
WI_2,HOUSEHOLD,WI,2012-10-29,5813,5.530379,2,1,4545.0,5212.0,5702.0,6074.0,2796.0
WI_2,HOUSEHOLD,WI,2012-11-05,5041,5.5271564,5,1,5813.0,4545.0,5212.0,5702.0,2240.0
WI_2,HOUSEHOLD,WI,2012-11-12,4689,5.523277,3,0,5041.0,5813.0,4545.0,5212.0,2134.0
WI_2,HOUSEHOLD,WI,2012-11-19,4323,5.5257215,0,1,4689.0,5041.0,5813.0,4545.0,1945.0
WI_2,HOUSEHOLD,WI,2012-11-26,5813,5.528698,1,0,4323.0,4689.0,5041.0,5813.0,2658.0
WI_2,HOUSEHOLD,WI,2012-12-03,5123,5.5285444,5,0,5813.0,4323.0,4689.0,5041.0,2163.0
WI_2,HOUSEHOLD,WI,2012-12-10,4278,5.529571,4,1,5123.0,5813.0,4323.0,4689.0,2003.0
WI_2,HOUSEHOLD,WI,2012-12-17,4415,5.532414,0,0,4278.0,5123.0,5813.0,4323.0,1666.0
WI_2,HOUSEHOLD,WI,2012-12-24,4399,5.537666,0,1,4415.0,4278.0,5123.0,5813.0,2739.0
WI_2,HOUSEHOLD,WI,2012-12-31,6149,5.514005,4,1,4399.0,4415.0,4278.0,5123.0,2563.0
WI_2,HOUSEHOLD,WI,2013-01-07,4577,5.4577255,4,1,6149.0,4399.0,4415.0,4278.0,2108.0
WI_2,HOUSEHOLD,WI,2013-01-14,4629,5.456119,2,0,4577.0,6149.0,4399.0,4415.0,2623.0
WI_2,HOUSEHOLD,WI,2013-01-21,4144,5.4526906,0,1,4629.0,4577.0,6149.0,4399.0,2284.0
WI_2,HOUSEHOLD,WI,2013-01-28,6011,5.454806,2,1,4144.0,4629.0,4577.0,6149.0,3277.0
WI_2,HOUSEHOLD,WI,2013-02-04,5572,5.4458933,4,0,6011.0,4144.0,4629.0,4577.0,2916.0
WI_2,HOUSEHOLD,WI,2013-02-11,7957,5.4463515,4,2,5572.0,6011.0,4144.0,4629.0,2504.0
WI_2,HOUSEHOLD,WI,2013-02-18,6353,5.457192,0,3,7957.0,5572.0,6011.0,4144.0,2438.0
WI_2,HOUSEHOLD,WI,2013-02-25,6694,5.464386,2,0,6353.0,7957.0,5572.0,6011.0,2817.0
WI_2,HOUSEHOLD,WI,2013-03-04,5620,5.461541,4,0,6694.0,6353.0,7957.0,5572.0,2890.0
WI_2,HOUSEHOLD,WI,2013-03-11,5697,5.452102,4,1,5620.0,6694.0,6353.0,7957.0,2421.0
WI_2,HOUSEHOLD,WI,2013-03-18,4963,5.4394646,0,0,5697.0,5620.0,6694.0,6353.0,2431.0
WI_2,HOUSEHOLD,WI,2013-03-25,5788,5.4231133,0,1,4963.0,5697.0,5620.0,6694.0,2770.0
WI_2,HOUSEHOLD,WI,2013-04-01,7434,5.420315,4,1,5788.0,4963.0,5697.0,5620.0,2326.0
WI_2,HOUSEHOLD,WI,2013-04-08,5459,5.4060044,5,0,7434.0,5788.0,4963.0,5697.0,2344.0
WI_2,HOUSEHOLD,WI,2013-04-15,5527,5.4074845,1,0,5459.0,7434.0,5788.0,4963.0,2112.0
WI_2,HOUSEHOLD,WI,2013-04-22,5011,5.4012413,0,0,5527.0,5459.0,7434.0,5788.0,2178.0
WI_2,HOUSEHOLD,WI,2013-04-29,6426,5.4020963,3,1,5011.0,5527.0,5459.0,7434.0,2899.0
WI_2,HOUSEHOLD,WI,2013-05-06,4772,5.409298,5,1,6426.0,5011.0,5527.0,5459.0,2096.0
WI_2,HOUSEHOLD,WI,2013-05-13,5633,5.4103093,2,0,4772.0,6426.0,5011.0,5527.0,2392.0
WI_2,HOUSEHOLD,WI,2013-05-20,5206,5.41097,0,0,5633.0,4772.0,6426.0,5011.0,2791.0
WI_2,HOUSEHOLD,WI,2013-05-27,6320,5.4083467,1,1,5206.0,5633.0,4772.0,6426.0,4264.0
WI_2,HOUSEHOLD,WI,2013-06-03,5660,5.40331,5,1,6320.0,5206.0,5633.0,4772.0,3625.0
WI_2,HOUSEHOLD,WI,2013-06-10,5292,5.4036536,4,1,5660.0,6320.0,5206.0,5633.0,4264.0
WI_2,HOUSEHOLD,WI,2013-06-17,5000,5.408709,0,1,5292.0,5660.0,6320.0,5206.0,4284.0
WI_2,HOUSEHOLD,WI,2013-06-24,5342,5.409547,0,0,5000.0,5292.0,5660.0,6320.0,5187.0
WI_2,HOUSEHOLD,WI,2013-07-01,6111,5.4044213,4,1,5342.0,5000.0,5292.0,5660.0,4970.0
WI_2,HOUSEHOLD,WI,2013-07-08,6235,5.40511,5,1,6111.0,5342.0,5000.0,5292.0,4338.0
WI_2,HOUSEHOLD,WI,2013-07-15,4797,5.4040217,1,0,6235.0,6111.0,5342.0,5000.0,4229.0
WI_2,HOUSEHOLD,WI,2013-07-22,4887,5.3966765,0,0,4797.0,6235.0,6111.0,5342.0,4010.0
WI_2,HOUSEHOLD,WI,2013-07-29,6395,5.3932633,2,0,4887.0,4797.0,6235.0,6111.0,5892.0
WI_2,HOUSEHOLD,WI,2013-08-05,5791,5.391274,5,1,6395.0,4887.0,4797.0,6235.0,5155.0
WI_2,HOUSEHOLD,WI,2013-08-12,5958,5.3885493,3,0,5791.0,6395.0,4887.0,4797.0,4995.0
WI_2,HOUSEHOLD,WI,2013-08-19,5652,5.384975,0,0,5958.0,5791.0,6395.0,4887.0,4697.0
WI_2,HOUSEHOLD,WI,2013-08-26,6930,5.3801117,0,0,5652.0,5958.0,5791.0,6395.0,7118.0
WI_2,HOUSEHOLD,WI,2013-09-02,6380,5.3760366,5,1,6930.0,5652.0,5958.0,5791.0,5842.0
WI_2,HOUSEHOLD,WI,2013-09-09,6236,5.3741584,5,0,6380.0,6930.0,5652.0,5958.0,5683.0
WI_2,HOUSEHOLD,WI,2013-09-16,5889,5.372522,0,0,6236.0,6380.0,6930.0,5652.0,5793.0
WI_2,HOUSEHOLD,WI,2013-09-23,5978,5.3674674,0,0,5889.0,6236.0,6380.0,6930.0,5777.0
WI_2,HOUSEHOLD,WI,2013-09-30,7605,5.3641434,4,0,5978.0,5889.0,6236.0,6380.0,6074.0
WI_2,HOUSEHOLD,WI,2013-10-07,5928,5.3698335,4,0,7605.0,5978.0,5889.0,6236.0,5702.0
WI_2,HOUSEHOLD,WI,2013-10-14,5192,5.3656683,2,2,5928.0,7605.0,5978.0,5889.0,5212.0
WI_2,HOUSEHOLD,WI,2013-10-21,5146,5.350824,0,0,5192.0,5928.0,7605.0,5978.0,4545.0
WI_2,HOUSEHOLD,WI,2013-10-28,6448,5.351374,2,1,5146.0,5192.0,5928.0,7605.0,5813.0
WI_2,HOUSEHOLD,WI,2013-11-04,5232,5.3550186,4,0,6448.0,5146.0,5192.0,5928.0,5041.0
WI_2,HOUSEHOLD,WI,2013-11-11,4725,5.352611,4,1,5232.0,6448.0,5146.0,5192.0,4689.0
WI_2,HOUSEHOLD,WI,2013-11-18,4786,5.352611,0,0,4725.0,5232.0,6448.0,5146.0,4323.0
WI_2,HOUSEHOLD,WI,2013-11-25,5137,5.3546114,0,1,4786.0,4725.0,5232.0,6448.0,5813.0
WI_2,HOUSEHOLD,WI,2013-12-02,5384,5.359614,5,1,5137.0,4786.0,4725.0,5232.0,5123.0
WI_2,HOUSEHOLD,WI,2013-12-09,4522,5.359614,5,0,5384.0,5137.0,4786.0,4725.0,4278.0
WI_2,HOUSEHOLD,WI,2013-12-16,4271,5.359614,0,0,4522.0,5384.0,5137.0,4786.0,4415.0
WI_2,HOUSEHOLD,WI,2013-12-23,4107,5.358028,0,1,4271.0,4522.0,5384.0,5137.0,4399.0
WI_2,HOUSEHOLD,WI,2013-12-30,5344,5.3525805,3,1,4107.0,4271.0,4522.0,5384.0,6149.0
WI_2,HOUSEHOLD,WI,2014-01-06,4241,5.3483205,5,1,5344.0,4107.0,4271.0,4522.0,4577.0
WI_2,HOUSEHOLD,WI,2014-01-13,5282,5.3492312,2,0,4241.0,5344.0,4107.0,4271.0,4629.0
WI_2,HOUSEHOLD,WI,2014-01-20,4587,5.3568263,0,1,5282.0,4241.0,5344.0,4107.0,4144.0
WI_2,HOUSEHOLD,WI,2014-01-27,5442,5.361159,1,1,4587.0,5282.0,4241.0,5344.0,6011.0
WI_2,HOUSEHOLD,WI,2014-02-03,5719,5.3599715,5,0,5442.0,4587.0,5282.0,4241.0,5572.0
WI_2,HOUSEHOLD,WI,2014-02-10,6355,5.3636203,4,1,5719.0,5442.0,4587.0,5282.0,7957.0
WI_2,HOUSEHOLD,WI,2014-02-17,6819,5.382688,0,1,6355.0,5719.0,5442.0,4587.0,6353.0
WI_2,HOUSEHOLD,WI,2014-02-24,7227,5.4019856,1,0,6819.0,6355.0,5719.0,5442.0,6694.0
WI_2,HOUSEHOLD,WI,2014-03-03,6452,5.402856,5,1,7227.0,6819.0,6355.0,5719.0,5620.0
WI_2,HOUSEHOLD,WI,2014-03-10,5623,5.4039307,4,2,6452.0,7227.0,6819.0,6355.0,5697.0
WI_2,HOUSEHOLD,WI,2014-03-17,5078,5.4017477,0,1,5623.0,6452.0,7227.0,6819.0,4963.0
WI_2,HOUSEHOLD,WI,2014-03-24,5428,5.399504,0,0,5078.0,5623.0,6452.0,7227.0,5788.0
WI_2,HOUSEHOLD,WI,2014-03-31,6239,5.3992543,4,0,5428.0,5078.0,5623.0,6452.0,7434.0
WI_2,HOUSEHOLD,WI,2014-04-07,5663,5.403527,4,0,6239.0,5428.0,5078.0,5623.0,5459.0
WI_2,HOUSEHOLD,WI,2014-04-14,5110,5.404844,2,1,5663.0,6239.0,5428.0,5078.0,5527.0
WI_2,HOUSEHOLD,WI,2014-04-21,5232,5.4050555,0,1,5110.0,5663.0,6239.0,5428.0,5011.0
WI_2,HOUSEHOLD,WI,2014-04-28,6423,5.413633,2,0,5232.0,5110.0,5663.0,6239.0,6426.0
WI_2,HOUSEHOLD,WI,2014-05-05,5068,5.4326773,5,2,6423.0,5232.0,5110.0,5663.0,4772.0
WI_2,HOUSEHOLD,WI,2014-05-12,5196,5.438352,3,0,5068.0,6423.0,5232.0,5110.0,5633.0
WI_2,HOUSEHOLD,WI,2014-05-19,4647,5.439075,0,0,5196.0,5068.0,6423.0,5232.0,5206.0
WI_2,HOUSEHOLD,WI,2014-05-26,5750,5.4378,0,1,4647.0,5196.0,5068.0,6423.0,6320.0
WI_2,HOUSEHOLD,WI,2014-06-02,6317,5.4334416,5,1,5750.0,4647.0,5196.0,5068.0,5660.0
WI_2,HOUSEHOLD,WI,2014-06-09,4849,5.433734,5,1,6317.0,5750.0,4647.0,5196.0,5292.0
WI_2,HOUSEHOLD,WI,2014-06-16,5132,5.442421,0,0,4849.0,6317.0,5750.0,4647.0,5000.0
WI_2,HOUSEHOLD,WI,2014-06-23,5334,5.4533463,0,1,5132.0,4849.0,6317.0,5750.0,5342.0
WI_2,HOUSEHOLD,WI,2014-06-30,6502,5.452876,4,1,5334.0,5132.0,4849.0,6317.0,6111.0
WI_2,HOUSEHOLD,WI,2014-07-07,5751,5.449048,4,0,6502.0,5334.0,5132.0,4849.0,6235.0
WI_2,HOUSEHOLD,WI,2014-07-14,5924,5.4528723,2,0,5751.0,6502.0,5334.0,5132.0,4797.0
WI_2,HOUSEHOLD,WI,2014-07-21,5155,5.44299,0,0,5924.0,5751.0,6502.0,5334.0,4887.0
WI_2,HOUSEHOLD,WI,2014-07-28,7453,5.4407763,2,1,5155.0,5924.0,5751.0,6502.0,6395.0
WI_2,HOUSEHOLD,WI,2014-08-04,6342,5.4365187,4,0,7453.0,5155.0,5924.0,5751.0,5791.0
WI_2,HOUSEHOLD,WI,2014-08-11,6614,5.4358916,4,0,6342.0,7453.0,5155.0,5924.0,5958.0
WI_2,HOUSEHOLD,WI,2014-08-18,6512,5.4354978,0,0,6614.0,6342.0,7453.0,5155.0,5652.0
WI_2,HOUSEHOLD,WI,2014-08-25,7834,5.4329696,0,0,6512.0,6614.0,6342.0,7453.0,6930.0
WI_2,HOUSEHOLD,WI,2014-09-01,7027,5.436585,4,1,7834.0,6512.0,6614.0,6342.0,6380.0
WI_2,HOUSEHOLD,WI,2014-09-08,6422,5.456807,5,0,7027.0,7834.0,6512.0,6614.0,6236.0
WI_2,HOUSEHOLD,WI,2014-09-15,5995,5.4691567,1,0,6422.0,7027.0,7834.0,6512.0,5889.0
WI_2,HOUSEHOLD,WI,2014-09-22,5695,5.461282,0,0,5995.0,6422.0,7027.0,7834.0,5978.0
WI_2,HOUSEHOLD,WI,2014-09-29,7659,5.463805,3,1,5695.0,5995.0,6422.0,7027.0,7605.0
WI_2,HOUSEHOLD,WI,2014-10-06,6234,5.456525,5,0,7659.0,5695.0,5995.0,6422.0,5928.0
WI_2,HOUSEHOLD,WI,2014-10-13,5538,5.459417,2,1,6234.0,7659.0,5695.0,5995.0,5192.0
WI_2,HOUSEHOLD,WI,2014-10-20,5505,5.4548144,0,0,5538.0,6234.0,7659.0,5695.0,5146.0
WI_2,HOUSEHOLD,WI,2014-10-27,6320,5.4484086,1,1,5505.0,5538.0,6234.0,7659.0,6448.0
WI_2,HOUSEHOLD,WI,2014-11-03,6472,5.444463,5,0,6320.0,5505.0,5538.0,6234.0,5232.0
WI_2,HOUSEHOLD,WI,2014-11-10,4999,5.43966,4,1,6472.0,6320.0,5505.0,5538.0,4725.0
WI_2,HOUSEHOLD,WI,2014-11-17,4950,5.4334936,0,0,4999.0,6472.0,6320.0,5505.0,4786.0
WI_2,HOUSEHOLD,WI,2014-11-24,4840,5.446195,0,1,4950.0,4999.0,6472.0,6320.0,5137.0
WI_2,HOUSEHOLD,WI,2014-12-01,6695,5.4485855,4,0,4840.0,4950.0,4999.0,6472.0,5384.0
WI_2,HOUSEHOLD,WI,2014-12-08,4688,5.4465117,5,0,6695.0,4840.0,4950.0,4999.0,4522.0
WI_2,HOUSEHOLD,WI,2014-12-15,4612,5.4405823,1,0,4688.0,6695.0,4840.0,4950.0,4271.0
WI_2,HOUSEHOLD,WI,2014-12-22,4121,5.437484,0,2,4612.0,4688.0,6695.0,4840.0,4107.0
WI_2,HOUSEHOLD,WI,2014-12-29,6042,5.4468117,2,1,4121.0,4612.0,4688.0,6695.0,5344.0
WI_2,HOUSEHOLD,WI,2015-01-05,4275,5.4584985,5,1,6042.0,4121.0,4612.0,4688.0,4241.0
WI_2,HOUSEHOLD,WI,2015-01-12,5630,5.4626584,3,0,4275.0,6042.0,4121.0,4612.0,5282.0
WI_2,HOUSEHOLD,WI,2015-01-19,4764,5.463159,0,1,5630.0,4275.0,6042.0,4121.0,4587.0
WI_2,HOUSEHOLD,WI,2015-01-26,7332,5.464291,0,1,4764.0,5630.0,4275.0,6042.0,5442.0
WI_2,HOUSEHOLD,WI,2015-02-02,7775,5.4597807,5,0,7332.0,4764.0,5630.0,4275.0,5719.0
WI_2,HOUSEHOLD,WI,2015-02-09,6763,5.458411,5,1,7775.0,7332.0,4764.0,5630.0,6355.0
WI_2,HOUSEHOLD,WI,2015-02-16,6986,5.454126,0,2,6763.0,7775.0,7332.0,4764.0,6819.0
WI_2,HOUSEHOLD,WI,2015-02-23,7750,5.443138,0,1,6986.0,6763.0,7775.0,7332.0,7227.0
WI_2,HOUSEHOLD,WI,2015-03-02,5899,5.452251,5,1,7750.0,6986.0,6763.0,7775.0,6452.0
WI_2,HOUSEHOLD,WI,2015-03-09,7210,5.4614797,5,0,5899.0,7750.0,6986.0,6763.0,5623.0
WI_2,HOUSEHOLD,WI,2015-03-16,6030,5.4705315,0,1,7210.0,5899.0,7750.0,6986.0,5078.0
WI_2,HOUSEHOLD,WI,2015-03-23,5766,5.4370966,0,0,6030.0,7210.0,5899.0,7750.0,5428.0
WI_2,HOUSEHOLD,WI,2015-03-30,6948,5.451001,3,1,5766.0,6030.0,7210.0,5899.0,6239.0
WI_2,HOUSEHOLD,WI,2015-04-06,7057,5.445504,5,2,6948.0,5766.0,6030.0,7210.0,5663.0
WI_2,HOUSEHOLD,WI,2015-04-13,6080,5.462875,2,0,7057.0,6948.0,5766.0,6030.0,5110.0
WI_2,HOUSEHOLD,WI,2015-04-20,5970,5.4674516,0,0,6080.0,7057.0,6948.0,5766.0,5232.0
WI_2,HOUSEHOLD,WI,2015-04-27,6756,5.4646177,2,0,5970.0,6080.0,7057.0,6948.0,6423.0
WI_2,HOUSEHOLD,WI,2015-05-04,6390,5.461079,4,2,6756.0,5970.0,6080.0,7057.0,5068.0
WI_2,HOUSEHOLD,WI,2015-05-11,6265,5.4637833,4,0,6390.0,6756.0,5970.0,6080.0,5196.0
WI_2,HOUSEHOLD,WI,2015-05-18,6037,5.465173,0,0,6265.0,6390.0,6756.0,5970.0,4647.0
WI_2,HOUSEHOLD,WI,2015-05-25,6578,5.4656186,0,1,6037.0,6265.0,6390.0,6756.0,5750.0
WI_2,HOUSEHOLD,WI,2015-06-01,7917,5.4645996,4,1,6578.0,6037.0,6265.0,6390.0,6317.0
WI_2,HOUSEHOLD,WI,2015-06-08,6438,5.4632406,5,0,7917.0,6578.0,6037.0,6265.0,4849.0
WI_2,HOUSEHOLD,WI,2015-06-15,6123,5.4662127,1,3,6438.0,7917.0,6578.0,6037.0,5132.0
WI_2,HOUSEHOLD,WI,2015-06-22,6004,5.4677577,0,0,6123.0,6438.0,7917.0,6578.0,5334.0
WI_2,HOUSEHOLD,WI,2015-06-29,7877,5.4719324,3,1,6004.0,6123.0,6438.0,7917.0,6502.0
WI_2,HOUSEHOLD,WI,2015-07-06,6494,5.4733844,5,0,7877.0,6004.0,6123.0,6438.0,5751.0
WI_2,HOUSEHOLD,WI,2015-07-13,7098,5.4755883,2,1,6494.0,7877.0,6004.0,6123.0,5924.0
WI_2,HOUSEHOLD,WI,2015-07-20,6567,5.4768434,0,0,7098.0,6494.0,7877.0,6004.0,5155.0
WI_2,HOUSEHOLD,WI,2015-07-27,7970,5.475741,1,0,6567.0,7098.0,6494.0,7877.0,7453.0
WI_2,HOUSEHOLD,WI,2015-08-03,7538,5.473764,5,0,7970.0,6567.0,7098.0,6494.0,6342.0
WI_2,HOUSEHOLD,WI,2015-08-10,6784,5.474713,4,0,7538.0,7970.0,6567.0,7098.0,6614.0
WI_2,HOUSEHOLD,WI,2015-08-17,6823,5.4745417,0,0,6784.0,7538.0,7970.0,6567.0,6512.0
WI_2,HOUSEHOLD,WI,2015-08-24,7817,5.474312,0,0,6823.0,6784.0,7538.0,7970.0,7834.0
WI_2,HOUSEHOLD,WI,2015-08-31,9179,5.474521,4,0,7817.0,6823.0,6784.0,7538.0,7027.0
WI_2,HOUSEHOLD,WI,2015-09-07,7831,5.4758515,4,1,9179.0,7817.0,6823.0,6784.0,6422.0
WI_2,HOUSEHOLD,WI,2015-09-14,6950,5.4743266,2,0,7831.0,9179.0,7817.0,6823.0,5995.0
WI_2,HOUSEHOLD,WI,2015-09-21,7180,5.472503,0,1,6950.0,7831.0,9179.0,7817.0,5695.0
WI_2,HOUSEHOLD,WI,2015-09-28,8681,5.4787025,2,0,7180.0,6950.0,7831.0,9179.0,7659.0
WI_2,HOUSEHOLD,WI,2015-10-05,7578,5.4840317,5,0,8681.0,7180.0,6950.0,7831.0,6234.0
WI_2,HOUSEHOLD,WI,2015-10-12,6345,5.471158,3,1,7578.0,8681.0,7180.0,6950.0,5538.0
WI_2,HOUSEHOLD,WI,2015-10-19,6135,5.474347,0,0,6345.0,7578.0,8681.0,7180.0,5505.0
WI_2,HOUSEHOLD,WI,2015-10-26,7239,5.4741287,0,1,6135.0,6345.0,7578.0,8681.0,6320.0
WI_2,HOUSEHOLD,WI,2015-11-02,7584,5.473903,5,0,7239.0,6135.0,6345.0,7578.0,6472.0
WI_2,HOUSEHOLD,WI,2015-11-09,6350,5.4771075,5,1,7584.0,7239.0,6135.0,6345.0,4999.0
WI_2,HOUSEHOLD,WI,2015-11-16,6365,5.4814653,0,0,6350.0,7584.0,7239.0,6135.0,4950.0
WI_2,HOUSEHOLD,WI,2015-11-23,5641,5.4777937,0,1,6365.0,6350.0,7584.0,7239.0,4840.0
WI_2,HOUSEHOLD,WI,2015-11-30,8174,5.482899,4,0,5641.0,6365.0,6350.0,7584.0,6695.0
WI_2,HOUSEHOLD,WI,2015-12-07,6031,5.482899,4,0,8174.0,5641.0,6365.0,6350.0,4688.0
WI_2,HOUSEHOLD,WI,2015-12-14,6248,5.4833097,2,1,6031.0,8174.0,5641.0,6365.0,4612.0
WI_2,HOUSEHOLD,WI,2015-12-21,5372,5.484086,0,1,6248.0,6031.0,8174.0,5641.0,4121.0
WI_2,HOUSEHOLD,WI,2015-12-28,7483,5.4832125,2,1,5372.0,6248.0,6031.0,8174.0,6042.0
WI_2,HOUSEHOLD,WI,2016-01-04,6139,5.4828377,4,1,7483.0,5372.0,6248.0,6031.0,4275.0
WI_2,HOUSEHOLD,WI,2016-01-11,6722,5.482388,4,0,6139.0,7483.0,5372.0,6248.0,5630.0
WI_2,HOUSEHOLD,WI,2016-01-18,6795,5.4796743,0,1,6722.0,6139.0,7483.0,5372.0,4764.0
WI_2,HOUSEHOLD,WI,2016-01-25,8061,5.4792514,0,0,6795.0,6722.0,6139.0,7483.0,7332.0
WI_2,HOUSEHOLD,WI,2016-02-01,9591,5.4777646,4,1,8061.0,6795.0,6722.0,6139.0,7775.0
WI_2,HOUSEHOLD,WI,2016-02-08,9472,5.477588,5,2,9591.0,8061.0,6795.0,6722.0,6763.0
WI_2,HOUSEHOLD,WI,2016-02-15,9207,5.4798007,1,2,9472.0,9591.0,8061.0,6795.0,6986.0
WI_2,HOUSEHOLD,WI,2016-02-22,9002,5.4782534,0,0,9207.0,9472.0,9591.0,8061.0,7750.0
WI_2,HOUSEHOLD,WI,2016-02-29,9640,5.4760566,4,0,9002.0,9207.0,9472.0,9591.0,5899.0
WI_2,HOUSEHOLD,WI,2016-03-07,8283,5.479618,4,0,9640.0,9002.0,9207.0,9472.0,7210.0
WI_2,HOUSEHOLD,WI,2016-03-14,7447,5.479187,2,1,8283.0,9640.0,9002.0,9207.0,6030.0
WI_2,HOUSEHOLD,WI,2016-03-21,7112,5.477524,0,2,7447.0,8283.0,9640.0,9002.0,5766.0
WI_2,HOUSEHOLD,WI,2016-03-28,9061,5.4746203,2,0,7112.0,7447.0,8283.0,9640.0,6948.0
WI_2,HOUSEHOLD,WI,2016-04-04,8041,5.4783287,4,0,9061.0,7112.0,7447.0,8283.0,7057.0
WI_2,HOUSEHOLD,WI,2016-04-11,6930,5.4736104,4,0,8041.0,9061.0,7112.0,7447.0,6080.0
WI_2,HOUSEHOLD,WI,2016-04-18,7593,5.4661264,0,0,6930.0,8041.0,9061.0,7112.0,5970.0
WI_2,HOUSEHOLD,WI,2016-04-25,8331,5.4744954,0,2,7593.0,6930.0,8041.0,9061.0,6756.0
WI_2,HOUSEHOLD,WI,2016-05-02,7789,5.47401,5,2,8331.0,7593.0,6930.0,8041.0,6390.0
WI_2,HOUSEHOLD,WI,2016-05-09,7640,5.4728475,5,0,7789.0,8331.0,7593.0,6930.0,6265.0
WI_2,HOUSEHOLD,WI,2016-05-16,7679,5.471804,0,0,7640.0,7789.0,8331.0,7593.0,6037.0
WI_3,FOODS,WI,2011-01-31,23090,2.9976273,4,1,,,,,
WI_3,FOODS,WI,2011-02-07,20856,3.0331423,4,0,23090.0,,,,
WI_3,FOODS,WI,2011-02-14,17567,3.0574603,2,1,20856.0,23090.0,,,
WI_3,FOODS,WI,2011-02-21,15102,3.0527081,0,1,17567.0,20856.0,23090.0,,
WI_3,FOODS,WI,2011-02-28,19032,3.0441442,4,0,15102.0,17567.0,20856.0,23090.0,
WI_3,FOODS,WI,2011-03-07,18223,3.0557406,4,1,19032.0,15102.0,17567.0,20856.0,
WI_3,FOODS,WI,2011-03-14,17287,3.0689619,2,3,18223.0,19032.0,15102.0,17567.0,
WI_3,FOODS,WI,2011-03-21,14084,3.0735781,0,0,17287.0,18223.0,19032.0,15102.0,
WI_3,FOODS,WI,2011-03-28,15400,3.0889382,2,0,14084.0,17287.0,18223.0,19032.0,
WI_3,FOODS,WI,2011-04-04,17285,3.0977683,4,0,15400.0,14084.0,17287.0,18223.0,
WI_3,FOODS,WI,2011-04-11,17865,3.093703,4,0,17285.0,15400.0,14084.0,17287.0,
WI_3,FOODS,WI,2011-04-18,13537,3.096693,0,1,17865.0,17285.0,15400.0,14084.0,
WI_3,FOODS,WI,2011-04-25,12384,3.0941308,0,1,13537.0,17865.0,17285.0,15400.0,
WI_3,FOODS,WI,2011-05-02,15250,3.0934434,5,2,12384.0,13537.0,17865.0,17285.0,
WI_3,FOODS,WI,2011-05-09,17206,3.0861738,5,0,15250.0,12384.0,13537.0,17865.0,
WI_3,FOODS,WI,2011-05-16,12807,3.0815167,0,0,17206.0,15250.0,12384.0,13537.0,
WI_3,FOODS,WI,2011-05-23,12230,3.094731,0,0,12807.0,17206.0,15250.0,12384.0,
WI_3,FOODS,WI,2011-05-30,15362,3.119719,3,2,12230.0,12807.0,17206.0,15250.0,
WI_3,FOODS,WI,2011-06-06,17569,3.1218886,5,1,15362.0,12230.0,12807.0,17206.0,
WI_3,FOODS,WI,2011-06-13,15880,3.1268198,2,1,17569.0,15362.0,12230.0,12807.0,
WI_3,FOODS,WI,2011-06-20,12499,3.132623,0,0,15880.0,17569.0,15362.0,12230.0,
WI_3,FOODS,WI,2011-06-27,14548,3.138496,2,0,12499.0,15880.0,17569.0,15362.0,
WI_3,FOODS,WI,2011-07-04,17231,3.1462953,4,1,14548.0,12499.0,15880.0,17569.0,
WI_3,FOODS,WI,2011-07-11,19317,3.157056,4,0,17231.0,14548.0,12499.0,15880.0,
WI_3,FOODS,WI,2011-07-18,15911,3.1766028,0,0,19317.0,17231.0,14548.0,12499.0,
WI_3,FOODS,WI,2011-07-25,13413,3.1891875,0,0,15911.0,19317.0,17231.0,14548.0,
WI_3,FOODS,WI,2011-08-01,19095,3.2083066,4,1,13413.0,15911.0,19317.0,17231.0,
WI_3,FOODS,WI,2011-08-08,19194,3.1945903,5,0,19095.0,13413.0,15911.0,19317.0,
WI_3,FOODS,WI,2011-08-15,17194,3.196857,1,0,19194.0,19095.0,13413.0,15911.0,
WI_3,FOODS,WI,2011-08-22,14119,3.205138,0,0,17194.0,19194.0,19095.0,13413.0,
WI_3,FOODS,WI,2011-08-29,16467,3.2130687,2,1,14119.0,17194.0,19194.0,19095.0,
WI_3,FOODS,WI,2011-09-05,19290,3.2221913,5,1,16467.0,14119.0,17194.0,19194.0,
WI_3,FOODS,WI,2011-09-12,19108,3.2288578,3,0,19290.0,16467.0,14119.0,17194.0,
WI_3,FOODS,WI,2011-09-19,15070,3.2352042,0,0,19108.0,19290.0,16467.0,14119.0,
WI_3,FOODS,WI,2011-09-26,17004,3.2448387,1,0,15070.0,19108.0,19290.0,16467.0,
WI_3,FOODS,WI,2011-10-03,22627,3.2541068,5,0,17004.0,15070.0,19108.0,19290.0,
WI_3,FOODS,WI,2011-10-10,22118,3.2585607,4,1,22627.0,17004.0,15070.0,19108.0,
WI_3,FOODS,WI,2011-10-17,16164,3.265808,0,0,22118.0,22627.0,17004.0,15070.0,
WI_3,FOODS,WI,2011-10-24,15195,3.2798245,0,0,16164.0,22118.0,22627.0,17004.0,
WI_3,FOODS,WI,2011-10-31,20561,3.2823334,4,1,15195.0,16164.0,22118.0,22627.0,
WI_3,FOODS,WI,2011-11-07,21470,3.2865937,4,2,20561.0,15195.0,16164.0,22118.0,
WI_3,FOODS,WI,2011-11-14,19308,3.293288,2,0,21470.0,20561.0,15195.0,16164.0,
WI_3,FOODS,WI,2011-11-21,15361,3.2926939,0,1,19308.0,21470.0,20561.0,15195.0,
WI_3,FOODS,WI,2011-11-28,18514,3.291613,2,0,15361.0,19308.0,21470.0,20561.0,
WI_3,FOODS,WI,2011-12-05,23194,3.2884622,5,0,18514.0,15361.0,19308.0,21470.0,
WI_3,FOODS,WI,2011-12-12,21818,3.2851255,3,0,23194.0,18514.0,15361.0,19308.0,
WI_3,FOODS,WI,2011-12-19,16269,3.2785113,0,1,21818.0,23194.0,18514.0,15361.0,
WI_3,FOODS,WI,2011-12-26,16852,3.2767284,0,2,16269.0,21818.0,23194.0,18514.0,
WI_3,FOODS,WI,2012-01-02,24297,3.2828507,5,1,16852.0,16269.0,21818.0,23194.0,
WI_3,FOODS,WI,2012-01-09,25633,3.2795508,5,0,24297.0,16852.0,16269.0,21818.0,
WI_3,FOODS,WI,2012-01-16,19634,3.2787297,0,1,25633.0,24297.0,16852.0,16269.0,
WI_3,FOODS,WI,2012-01-23,16245,3.2770603,0,0,19634.0,25633.0,24297.0,16852.0,
WI_3,FOODS,WI,2012-01-30,22270,3.2801993,3,1,16245.0,19634.0,25633.0,24297.0,23090.0
WI_3,FOODS,WI,2012-02-06,25031,3.277046,5,0,22270.0,16245.0,19634.0,25633.0,20856.0
WI_3,FOODS,WI,2012-02-13,20513,3.2769337,2,1,25031.0,22270.0,16245.0,19634.0,17567.0
WI_3,FOODS,WI,2012-02-20,17567,3.2826889,0,2,20513.0,25031.0,22270.0,16245.0,15102.0
WI_3,FOODS,WI,2012-02-27,20623,3.2874846,2,1,17567.0,20513.0,25031.0,22270.0,19032.0
WI_3,FOODS,WI,2012-03-05,25273,3.302109,5,1,20623.0,17567.0,20513.0,25031.0,18223.0
WI_3,FOODS,WI,2012-03-12,23024,3.301963,3,1,25273.0,20623.0,17567.0,20513.0,17287.0
WI_3,FOODS,WI,2012-03-19,18827,3.3021386,0,0,23024.0,25273.0,20623.0,17567.0,14084.0
WI_3,FOODS,WI,2012-03-26,17114,3.3026035,0,0,18827.0,23024.0,25273.0,20623.0,15400.0
WI_3,FOODS,WI,2012-04-02,24795,3.305636,5,1,17114.0,18827.0,23024.0,25273.0,17285.0
WI_3,FOODS,WI,2012-04-09,23727,3.3117106,5,2,24795.0,17114.0,18827.0,23024.0,17865.0
WI_3,FOODS,WI,2012-04-16,17958,3.3122754,0,0,23727.0,24795.0,17114.0,18827.0,13537.0
WI_3,FOODS,WI,2012-04-23,17441,3.3137422,0,0,17958.0,23727.0,24795.0,17114.0,12384.0
WI_3,FOODS,WI,2012-04-30,25350,3.3184552,4,1,17441.0,17958.0,23727.0,24795.0,15250.0
WI_3,FOODS,WI,2012-05-07,25176,3.3204026,4,1,25350.0,17441.0,17958.0,23727.0,17206.0
WI_3,FOODS,WI,2012-05-14,25607,3.3243902,2,0,25176.0,25350.0,17441.0,17958.0,12807.0
WI_3,FOODS,WI,2012-05-21,19997,3.3269222,0,0,25607.0,25176.0,25350.0,17441.0,12230.0
WI_3,FOODS,WI,2012-05-28,21944,3.337485,2,1,19997.0,25607.0,25176.0,25350.0,15362.0
WI_3,FOODS,WI,2012-06-04,26724,3.336752,4,0,21944.0,19997.0,25607.0,25176.0,17569.0
WI_3,FOODS,WI,2012-06-11,26744,3.337077,4,2,26724.0,21944.0,19997.0,25607.0,15880.0
WI_3,FOODS,WI,2012-06-18,21906,3.338792,0,1,26744.0,26724.0,21944.0,19997.0,12499.0
WI_3,FOODS,WI,2012-06-25,20751,3.3392215,0,0,21906.0,26744.0,26724.0,21944.0,14548.0
WI_3,FOODS,WI,2012-07-02,29514,3.3392627,5,1,20751.0,21906.0,26744.0,26724.0,17231.0
WI_3,FOODS,WI,2012-07-09,26691,3.3316574,5,0,29514.0,20751.0,21906.0,26744.0,19317.0
WI_3,FOODS,WI,2012-07-16,20642,3.3175304,0,1,26691.0,29514.0,20751.0,21906.0,15911.0
WI_3,FOODS,WI,2012-07-23,18056,3.3130991,0,0,20642.0,26691.0,29514.0,20751.0,13413.0
WI_3,FOODS,WI,2012-07-30,21321,3.3064125,3,0,18056.0,20642.0,26691.0,29514.0,19095.0
WI_3,FOODS,WI,2012-08-06,23544,3.3059025,5,0,21321.0,18056.0,20642.0,26691.0,19194.0
WI_3,FOODS,WI,2012-08-13,21081,3.3033535,2,1,23544.0,21321.0,18056.0,20642.0,17194.0
WI_3,FOODS,WI,2012-08-20,17105,3.3078938,0,0,21081.0,23544.0,21321.0,18056.0,14119.0
WI_3,FOODS,WI,2012-08-27,18371,3.3091028,1,0,17105.0,21081.0,23544.0,21321.0,16467.0
WI_3,FOODS,WI,2012-09-03,23765,3.310713,5,1,18371.0,17105.0,21081.0,23544.0,19290.0
WI_3,FOODS,WI,2012-09-10,22356,3.3144403,4,0,23765.0,18371.0,17105.0,21081.0,19108.0
WI_3,FOODS,WI,2012-09-17,17710,3.3225896,0,0,22356.0,23765.0,18371.0,17105.0,15070.0
WI_3,FOODS,WI,2012-09-24,16704,3.31932,0,0,17710.0,22356.0,23765.0,18371.0,17004.0
WI_3,FOODS,WI,2012-10-01,21655,3.3179862,4,0,16704.0,17710.0,22356.0,23765.0,22627.0
WI_3,FOODS,WI,2012-10-08,22687,3.3225152,5,1,21655.0,16704.0,17710.0,22356.0,22118.0
WI_3,FOODS,WI,2012-10-15,17217,3.3199043,1,0,22687.0,21655.0,16704.0,17710.0,16164.0
WI_3,FOODS,WI,2012-10-22,15487,3.3141253,0,1,17217.0,22687.0,21655.0,16704.0,15195.0
WI_3,FOODS,WI,2012-10-29,17927,3.311056,2,1,15487.0,17217.0,22687.0,21655.0,20561.0
WI_3,FOODS,WI,2012-11-05,21340,3.3031125,5,1,17927.0,15487.0,17217.0,22687.0,21470.0
WI_3,FOODS,WI,2012-11-12,20341,3.3026292,3,0,21340.0,17927.0,15487.0,17217.0,19308.0
WI_3,FOODS,WI,2012-11-19,15597,3.3038387,0,1,20341.0,21340.0,17927.0,15487.0,15361.0
WI_3,FOODS,WI,2012-11-26,15983,3.3078725,1,0,15597.0,20341.0,21340.0,17927.0,18514.0
WI_3,FOODS,WI,2012-12-03,21519,3.3107352,5,0,15983.0,15597.0,20341.0,21340.0,23194.0
WI_3,FOODS,WI,2012-12-10,20125,3.307754,4,1,21519.0,15983.0,15597.0,20341.0,21818.0
WI_3,FOODS,WI,2012-12-17,18812,3.304949,0,0,20125.0,21519.0,15983.0,15597.0,16269.0
WI_3,FOODS,WI,2012-12-24,14335,3.3002572,0,1,18812.0,20125.0,21519.0,15983.0,16852.0
WI_3,FOODS,WI,2012-12-31,20749,3.285104,4,1,14335.0,18812.0,20125.0,21519.0,24297.0
WI_3,FOODS,WI,2013-01-07,21285,3.277026,4,1,20749.0,14335.0,18812.0,20125.0,25633.0
WI_3,FOODS,WI,2013-01-14,19113,3.276585,2,0,21285.0,20749.0,14335.0,18812.0,19634.0
WI_3,FOODS,WI,2013-01-21,15613,3.2791097,0,1,19113.0,21285.0,20749.0,14335.0,16245.0
WI_3,FOODS,WI,2013-01-28,17929,3.284881,2,1,15613.0,19113.0,21285.0,20749.0,22270.0
WI_3,FOODS,WI,2013-02-04,21309,3.298823,4,0,17929.0,15613.0,19113.0,21285.0,25031.0
WI_3,FOODS,WI,2013-02-11,23303,3.3003106,4,2,21309.0,17929.0,15613.0,19113.0,20513.0
WI_3,FOODS,WI,2013-02-18,17064,3.2937412,0,3,23303.0,21309.0,17929.0,15613.0,17567.0
WI_3,FOODS,WI,2013-02-25,19749,3.2923932,2,0,17064.0,23303.0,21309.0,17929.0,20623.0
WI_3,FOODS,WI,2013-03-04,21720,3.2905848,4,0,19749.0,17064.0,23303.0,21309.0,25273.0
WI_3,FOODS,WI,2013-03-11,21677,3.2928624,4,1,21720.0,19749.0,17064.0,23303.0,23024.0
WI_3,FOODS,WI,2013-03-18,16307,3.2941558,0,0,21677.0,21720.0,19749.0,17064.0,18827.0
WI_3,FOODS,WI,2013-03-25,16606,3.2931535,0,1,16307.0,21677.0,21720.0,19749.0,17114.0
WI_3,FOODS,WI,2013-04-01,21371,3.2955658,4,1,16606.0,16307.0,21677.0,21720.0,24795.0
WI_3,FOODS,WI,2013-04-08,18804,3.2967472,5,0,21371.0,16606.0,16307.0,21677.0,23727.0
WI_3,FOODS,WI,2013-04-15,13851,3.2920587,1,0,18804.0,21371.0,16606.0,16307.0,17958.0
WI_3,FOODS,WI,2013-04-22,11861,3.2894547,0,0,13851.0,18804.0,21371.0,16606.0,17441.0
WI_3,FOODS,WI,2013-04-29,15014,3.292672,3,1,11861.0,13851.0,18804.0,21371.0,25350.0
WI_3,FOODS,WI,2013-05-06,16918,3.2920372,5,1,15014.0,11861.0,13851.0,18804.0,25176.0
WI_3,FOODS,WI,2013-05-13,15312,3.2883186,2,0,16918.0,15014.0,11861.0,13851.0,25607.0
WI_3,FOODS,WI,2013-05-20,12597,3.2836902,0,0,15312.0,16918.0,15014.0,11861.0,19997.0
WI_3,FOODS,WI,2013-05-27,13411,3.283035,1,1,12597.0,15312.0,16918.0,15014.0,21944.0
WI_3,FOODS,WI,2013-06-03,17168,3.286478,5,1,13411.0,12597.0,15312.0,16918.0,26724.0
WI_3,FOODS,WI,2013-06-10,17076,3.2884052,4,1,17168.0,13411.0,12597.0,15312.0,26744.0
WI_3,FOODS,WI,2013-06-17,14008,3.287543,0,1,17076.0,17168.0,13411.0,12597.0,21906.0
WI_3,FOODS,WI,2013-06-24,13668,3.290503,0,0,14008.0,17076.0,17168.0,13411.0,20751.0
WI_3,FOODS,WI,2013-07-01,18385,3.2942967,4,1,13668.0,14008.0,17076.0,17168.0,29514.0
WI_3,FOODS,WI,2013-07-08,19710,3.3011878,5,1,18385.0,13668.0,14008.0,17076.0,26691.0
WI_3,FOODS,WI,2013-07-15,16623,3.3060138,1,0,19710.0,18385.0,13668.0,14008.0,20642.0
WI_3,FOODS,WI,2013-07-22,12809,3.3041584,0,0,16623.0,19710.0,18385.0,13668.0,18056.0
WI_3,FOODS,WI,2013-07-29,14946,3.3058999,2,0,12809.0,16623.0,19710.0,18385.0,21321.0
WI_3,FOODS,WI,2013-08-05,17678,3.304977,5,1,14946.0,12809.0,16623.0,19710.0,23544.0
WI_3,FOODS,WI,2013-08-12,17821,3.306649,3,0,17678.0,14946.0,12809.0,16623.0,21081.0
WI_3,FOODS,WI,2013-08-19,14213,3.3024259,0,0,17821.0,17678.0,14946.0,12809.0,17105.0
WI_3,FOODS,WI,2013-08-26,16760,3.297046,0,0,14213.0,17821.0,17678.0,14946.0,18371.0
WI_3,FOODS,WI,2013-09-02,20283,3.2964911,5,1,16760.0,14213.0,17821.0,17678.0,23765.0
WI_3,FOODS,WI,2013-09-09,20238,3.2955914,5,0,20283.0,16760.0,14213.0,17821.0,22356.0
WI_3,FOODS,WI,2013-09-16,15334,3.2919955,0,0,20238.0,20283.0,16760.0,14213.0,17710.0
WI_3,FOODS,WI,2013-09-23,13917,3.288233,0,0,15334.0,20238.0,20283.0,16760.0,16704.0
WI_3,FOODS,WI,2013-09-30,17574,3.2844598,4,0,13917.0,15334.0,20238.0,20283.0,21655.0
WI_3,FOODS,WI,2013-10-07,18049,3.2834487,4,0,17574.0,13917.0,15334.0,20238.0,22687.0
WI_3,FOODS,WI,2013-10-14,15564,3.2836468,2,2,18049.0,17574.0,13917.0,15334.0,17217.0
WI_3,FOODS,WI,2013-10-21,13101,3.2822456,0,0,15564.0,18049.0,17574.0,13917.0,15487.0
WI_3,FOODS,WI,2013-10-28,15779,3.2810187,2,1,13101.0,15564.0,18049.0,17574.0,17927.0
WI_3,FOODS,WI,2013-11-04,17889,3.2803934,4,0,15779.0,13101.0,15564.0,18049.0,21340.0
WI_3,FOODS,WI,2013-11-11,16777,3.284645,4,1,17889.0,15779.0,13101.0,15564.0,20341.0
WI_3,FOODS,WI,2013-11-18,13840,3.287336,0,0,16777.0,17889.0,15779.0,13101.0,15597.0
WI_3,FOODS,WI,2013-11-25,13945,3.289714,0,1,13840.0,16777.0,17889.0,15779.0,15983.0
WI_3,FOODS,WI,2013-12-02,18527,3.2902694,5,1,13945.0,13840.0,16777.0,17889.0,21519.0
WI_3,FOODS,WI,2013-12-09,17752,3.290313,5,0,18527.0,13945.0,13840.0,16777.0,20125.0
WI_3,FOODS,WI,2013-12-16,14000,3.2883606,0,0,17752.0,18527.0,13945.0,13840.0,18812.0
WI_3,FOODS,WI,2013-12-23,12636,3.2890375,0,1,14000.0,17752.0,18527.0,13945.0,14335.0
WI_3,FOODS,WI,2013-12-30,18076,3.293589,3,1,12636.0,14000.0,17752.0,18527.0,20749.0
WI_3,FOODS,WI,2014-01-06,20316,3.2922766,5,1,18076.0,12636.0,14000.0,17752.0,21285.0
WI_3,FOODS,WI,2014-01-13,17954,3.2875247,2,0,20316.0,18076.0,12636.0,14000.0,19113.0
WI_3,FOODS,WI,2014-01-20,13533,3.278439,0,1,17954.0,20316.0,18076.0,12636.0,15613.0
WI_3,FOODS,WI,2014-01-27,14320,3.2698398,1,1,13533.0,17954.0,20316.0,18076.0,17929.0
WI_3,FOODS,WI,2014-02-03,17597,3.2688782,5,0,14320.0,13533.0,17954.0,20316.0,21309.0
WI_3,FOODS,WI,2014-02-10,18160,3.2683728,4,1,17597.0,14320.0,13533.0,17954.0,23303.0
WI_3,FOODS,WI,2014-02-17,14405,3.269174,0,1,18160.0,17597.0,14320.0,13533.0,17064.0
WI_3,FOODS,WI,2014-02-24,14074,3.2698424,1,0,14405.0,18160.0,17597.0,14320.0,19749.0
WI_3,FOODS,WI,2014-03-03,17074,3.2711952,5,1,14074.0,14405.0,18160.0,17597.0,21720.0
WI_3,FOODS,WI,2014-03-10,18010,3.2703223,4,2,17074.0,14074.0,14405.0,18160.0,21677.0
WI_3,FOODS,WI,2014-03-17,14334,3.269037,0,1,18010.0,17074.0,14074.0,14405.0,16307.0
WI_3,FOODS,WI,2014-03-24,13037,3.2690566,0,0,14334.0,18010.0,17074.0,14074.0,16606.0
WI_3,FOODS,WI,2014-03-31,15404,3.2646334,4,0,13037.0,14334.0,18010.0,17074.0,21371.0
WI_3,FOODS,WI,2014-04-07,15893,3.2615879,4,0,15404.0,13037.0,14334.0,18010.0,18804.0
WI_3,FOODS,WI,2014-04-14,15766,3.2588217,2,1,15893.0,15404.0,13037.0,14334.0,13851.0
WI_3,FOODS,WI,2014-04-21,12418,3.2574432,0,1,15766.0,15893.0,15404.0,13037.0,11861.0
WI_3,FOODS,WI,2014-04-28,13397,3.2561994,2,0,12418.0,15766.0,15893.0,15404.0,15014.0
WI_3,FOODS,WI,2014-05-05,14539,3.2588868,5,2,13397.0,12418.0,15766.0,15893.0,16918.0
WI_3,FOODS,WI,2014-05-12,15733,3.261604,3,0,14539.0,13397.0,12418.0,15766.0,15312.0
WI_3,FOODS,WI,2014-05-19,12105,3.2648692,0,0,15733.0,14539.0,13397.0,12418.0,12597.0
WI_3,FOODS,WI,2014-05-26,11752,3.2638092,0,1,12105.0,15733.0,14539.0,13397.0,13411.0
WI_3,FOODS,WI,2014-06-02,15940,3.2649179,5,1,11752.0,12105.0,15733.0,14539.0,17168.0
WI_3,FOODS,WI,2014-06-09,16213,3.2688935,5,1,15940.0,11752.0,12105.0,15733.0,17076.0
WI_3,FOODS,WI,2014-06-16,13553,3.2728136,0,0,16213.0,15940.0,11752.0,12105.0,14008.0
WI_3,FOODS,WI,2014-06-23,11604,3.2776597,0,1,13553.0,16213.0,15940.0,11752.0,13668.0
WI_3,FOODS,WI,2014-06-30,16012,3.2864056,4,1,11604.0,13553.0,16213.0,15940.0,18385.0
WI_3,FOODS,WI,2014-07-07,15796,3.2934744,4,0,16012.0,11604.0,13553.0,16213.0,19710.0
WI_3,FOODS,WI,2014-07-14,14281,3.2974694,2,0,15796.0,16012.0,11604.0,13553.0,16623.0
WI_3,FOODS,WI,2014-07-21,11603,3.2974987,0,0,14281.0,15796.0,16012.0,11604.0,12809.0
WI_3,FOODS,WI,2014-07-28,13875,3.300525,2,1,11603.0,14281.0,15796.0,16012.0,14946.0
WI_3,FOODS,WI,2014-08-04,15061,3.3013937,4,0,13875.0,11603.0,14281.0,15796.0,17678.0
WI_3,FOODS,WI,2014-08-11,15914,3.2944586,4,0,15061.0,13875.0,11603.0,14281.0,17821.0
WI_3,FOODS,WI,2014-08-18,13074,3.2929828,0,0,15914.0,15061.0,13875.0,11603.0,14213.0
WI_3,FOODS,WI,2014-08-25,12765,3.3019223,0,0,13074.0,15914.0,15061.0,13875.0,16760.0
WI_3,FOODS,WI,2014-09-01,17023,3.3066876,4,1,12765.0,13074.0,15914.0,15061.0,20283.0
WI_3,FOODS,WI,2014-09-08,16651,3.3061383,5,0,17023.0,12765.0,13074.0,15914.0,20238.0
WI_3,FOODS,WI,2014-09-15,12945,3.3038878,1,0,16651.0,17023.0,12765.0,13074.0,15334.0
WI_3,FOODS,WI,2014-09-22,11948,3.3081908,0,0,12945.0,16651.0,17023.0,12765.0,13917.0
WI_3,FOODS,WI,2014-09-29,15198,3.3111374,3,1,11948.0,12945.0,16651.0,17023.0,17574.0
WI_3,FOODS,WI,2014-10-06,15803,3.314415,5,0,15198.0,11948.0,12945.0,16651.0,18049.0
WI_3,FOODS,WI,2014-10-13,14679,3.3265471,2,1,15803.0,15198.0,11948.0,12945.0,15564.0
WI_3,FOODS,WI,2014-10-20,12670,3.3275974,0,0,14679.0,15803.0,15198.0,11948.0,13101.0
WI_3,FOODS,WI,2014-10-27,13012,3.3294196,1,1,12670.0,14679.0,15803.0,15198.0,15779.0
WI_3,FOODS,WI,2014-11-03,16647,3.331388,5,0,13012.0,12670.0,14679.0,15803.0,17889.0
WI_3,FOODS,WI,2014-11-10,15443,3.3333163,4,1,16647.0,13012.0,12670.0,14679.0,16777.0
WI_3,FOODS,WI,2014-11-17,12378,3.334147,0,0,15443.0,16647.0,13012.0,12670.0,13840.0
WI_3,FOODS,WI,2014-11-24,12529,3.337628,0,1,12378.0,15443.0,16647.0,13012.0,13945.0
WI_3,FOODS,WI,2014-12-01,13657,3.3429716,4,0,12529.0,12378.0,15443.0,16647.0,18527.0
WI_3,FOODS,WI,2014-12-08,14126,3.3445325,5,0,13657.0,12529.0,12378.0,15443.0,17752.0
WI_3,FOODS,WI,2014-12-15,12800,3.3439443,1,0,14126.0,13657.0,12529.0,12378.0,14000.0
WI_3,FOODS,WI,2014-12-22,10976,3.3428319,0,2,12800.0,14126.0,13657.0,12529.0,12636.0
WI_3,FOODS,WI,2014-12-29,14462,3.341864,2,1,10976.0,12800.0,14126.0,13657.0,18076.0
WI_3,FOODS,WI,2015-01-05,16608,3.3424113,5,1,14462.0,10976.0,12800.0,14126.0,20316.0
WI_3,FOODS,WI,2015-01-12,16154,3.3414986,3,0,16608.0,14462.0,10976.0,12800.0,17954.0
WI_3,FOODS,WI,2015-01-19,12676,3.339723,0,1,16154.0,16608.0,14462.0,10976.0,13533.0
WI_3,FOODS,WI,2015-01-26,12972,3.3332303,0,1,12676.0,16154.0,16608.0,14462.0,14320.0
WI_3,FOODS,WI,2015-02-02,18309,3.3347948,5,0,12972.0,12676.0,16154.0,16608.0,17597.0
WI_3,FOODS,WI,2015-02-09,18802,3.3413181,5,1,18309.0,12972.0,12676.0,16154.0,18160.0
WI_3,FOODS,WI,2015-02-16,13678,3.3449283,0,2,18802.0,18309.0,12972.0,12676.0,14405.0
WI_3,FOODS,WI,2015-02-23,13058,3.3480604,0,1,13678.0,18802.0,18309.0,12972.0,14074.0
WI_3,FOODS,WI,2015-03-02,16730,3.354746,5,1,13058.0,13678.0,18802.0,18309.0,17074.0
WI_3,FOODS,WI,2015-03-09,16209,3.364508,5,0,16730.0,13058.0,13678.0,18802.0,18010.0
WI_3,FOODS,WI,2015-03-16,13328,3.3689175,0,1,16209.0,16730.0,13058.0,13678.0,14334.0
WI_3,FOODS,WI,2015-03-23,12030,3.3710134,0,0,13328.0,16209.0,16730.0,13058.0,13037.0
WI_3,FOODS,WI,2015-03-30,14956,3.3708055,3,1,12030.0,13328.0,16209.0,16730.0,15404.0
WI_3,FOODS,WI,2015-04-06,17615,3.3695984,5,2,14956.0,12030.0,13328.0,16209.0,15893.0
WI_3,FOODS,WI,2015-04-13,16493,3.3650873,2,0,17615.0,14956.0,12030.0,13328.0,15766.0
WI_3,FOODS,WI,2015-04-20,13102,3.3672833,0,0,16493.0,17615.0,14956.0,12030.0,12418.0
WI_3,FOODS,WI,2015-04-27,14921,3.3681872,2,0,13102.0,16493.0,17615.0,14956.0,13397.0
WI_3,FOODS,WI,2015-05-04,16764,3.3692422,4,2,14921.0,13102.0,16493.0,17615.0,14539.0
WI_3,FOODS,WI,2015-05-11,15959,3.3720648,4,0,16764.0,14921.0,13102.0,16493.0,15733.0
WI_3,FOODS,WI,2015-05-18,12411,3.3731132,0,0,15959.0,16764.0,14921.0,13102.0,12105.0
WI_3,FOODS,WI,2015-05-25,12123,3.3736365,0,1,12411.0,15959.0,16764.0,14921.0,11752.0
WI_3,FOODS,WI,2015-06-01,15641,3.3752265,4,1,12123.0,12411.0,15959.0,16764.0,15940.0
WI_3,FOODS,WI,2015-06-08,16974,3.3754992,5,0,15641.0,12123.0,12411.0,15959.0,16213.0
WI_3,FOODS,WI,2015-06-15,15749,3.3767664,1,3,16974.0,15641.0,12123.0,12411.0,13553.0
WI_3,FOODS,WI,2015-06-22,13189,3.3762038,0,0,15749.0,16974.0,15641.0,12123.0,11604.0
WI_3,FOODS,WI,2015-06-29,16631,3.3779871,3,1,13189.0,15749.0,16974.0,15641.0,16012.0
WI_3,FOODS,WI,2015-07-06,18070,3.3790689,5,0,16631.0,13189.0,15749.0,16974.0,15796.0
WI_3,FOODS,WI,2015-07-13,17772,3.3798127,2,1,18070.0,16631.0,13189.0,15749.0,14281.0
WI_3,FOODS,WI,2015-07-20,14021,3.3787522,0,0,17772.0,18070.0,16631.0,13189.0,11603.0
WI_3,FOODS,WI,2015-07-27,14911,3.3746269,1,0,14021.0,17772.0,18070.0,16631.0,13875.0
WI_3,FOODS,WI,2015-08-03,18038,3.3707175,5,0,14911.0,14021.0,17772.0,18070.0,15061.0
WI_3,FOODS,WI,2015-08-10,17168,3.370008,4,0,18038.0,14911.0,14021.0,17772.0,15914.0
WI_3,FOODS,WI,2015-08-17,14361,3.3697007,0,0,17168.0,18038.0,14911.0,14021.0,13074.0
WI_3,FOODS,WI,2015-08-24,13771,3.367931,0,0,14361.0,17168.0,18038.0,14911.0,12765.0
WI_3,FOODS,WI,2015-08-31,18285,3.3681767,4,0,13771.0,14361.0,17168.0,18038.0,17023.0
WI_3,FOODS,WI,2015-09-07,18984,3.3687434,4,1,18285.0,13771.0,14361.0,17168.0,16651.0
WI_3,FOODS,WI,2015-09-14,17742,3.3688462,2,0,18984.0,18285.0,13771.0,14361.0,12945.0
WI_3,FOODS,WI,2015-09-21,15157,3.3690772,0,1,17742.0,18984.0,18285.0,13771.0,11948.0
WI_3,FOODS,WI,2015-09-28,17448,3.3699183,2,0,15157.0,17742.0,18984.0,18285.0,15198.0
WI_3,FOODS,WI,2015-10-05,20232,3.3722456,5,0,17448.0,15157.0,17742.0,18984.0,15803.0
WI_3,FOODS,WI,2015-10-12,19174,3.3710706,3,1,20232.0,17448.0,15157.0,17742.0,14679.0
WI_3,FOODS,WI,2015-10-19,15578,3.369301,0,0,19174.0,20232.0,17448.0,15157.0,12670.0
WI_3,FOODS,WI,2015-10-26,15286,3.366447,0,1,15578.0,19174.0,20232.0,17448.0,13012.0
WI_3,FOODS,WI,2015-11-02,18923,3.3644278,5,0,15286.0,15578.0,19174.0,20232.0,16647.0
WI_3,FOODS,WI,2015-11-09,19215,3.3640172,5,1,18923.0,15286.0,15578.0,19174.0,15443.0
WI_3,FOODS,WI,2015-11-16,16476,3.3638356,0,0,19215.0,18923.0,15286.0,15578.0,12378.0
WI_3,FOODS,WI,2015-11-23,15430,3.3638654,0,1,16476.0,19215.0,18923.0,15286.0,12529.0
WI_3,FOODS,WI,2015-11-30,18216,3.3653069,4,0,15430.0,16476.0,19215.0,18923.0,13657.0
WI_3,FOODS,WI,2015-12-07,17522,3.3655179,4,0,18216.0,15430.0,16476.0,19215.0,14126.0
WI_3,FOODS,WI,2015-12-14,16757,3.3655734,2,1,17522.0,18216.0,15430.0,16476.0,12800.0
WI_3,FOODS,WI,2015-12-21,14217,3.367164,0,1,16757.0,17522.0,18216.0,15430.0,10976.0
WI_3,FOODS,WI,2015-12-28,17353,3.365619,2,1,14217.0,16757.0,17522.0,18216.0,14462.0
WI_3,FOODS,WI,2016-01-04,19507,3.3646624,4,1,17353.0,14217.0,16757.0,17522.0,16608.0
WI_3,FOODS,WI,2016-01-11,21076,3.367272,4,0,19507.0,17353.0,14217.0,16757.0,16154.0
WI_3,FOODS,WI,2016-01-18,16873,3.3688042,0,1,21076.0,19507.0,17353.0,14217.0,12676.0
WI_3,FOODS,WI,2016-01-25,16083,3.368956,0,0,16873.0,21076.0,19507.0,17353.0,12972.0
WI_3,FOODS,WI,2016-02-01,20659,3.3682075,4,1,16083.0,16873.0,21076.0,19507.0,18309.0
WI_3,FOODS,WI,2016-02-08,23300,3.365253,5,2,20659.0,16083.0,16873.0,21076.0,18802.0
WI_3,FOODS,WI,2016-02-15,20209,3.3660753,1,2,23300.0,20659.0,16083.0,16873.0,13678.0
WI_3,FOODS,WI,2016-02-22,17097,3.364588,0,0,20209.0,23300.0,20659.0,16083.0,13058.0
WI_3,FOODS,WI,2016-02-29,20826,3.3626175,4,0,17097.0,20209.0,23300.0,20659.0,16730.0
WI_3,FOODS,WI,2016-03-07,21310,3.3641663,4,0,20826.0,17097.0,20209.0,23300.0,16209.0
WI_3,FOODS,WI,2016-03-14,20465,3.363707,2,1,21310.0,20826.0,17097.0,20209.0,13328.0
WI_3,FOODS,WI,2016-03-21,18045,3.3643017,0,2,20465.0,21310.0,20826.0,17097.0,12030.0
WI_3,FOODS,WI,2016-03-28,19000,3.3654308,2,0,18045.0,20465.0,21310.0,20826.0,14956.0
WI_3,FOODS,WI,2016-04-04,21617,3.365561,4,0,19000.0,18045.0,20465.0,21310.0,17615.0
WI_3,FOODS,WI,2016-04-11,21598,3.365729,4,0,21617.0,19000.0,18045.0,20465.0,16493.0
WI_3,FOODS,WI,2016-04-18,18541,3.366255,0,0,21598.0,21617.0,19000.0,18045.0,13102.0
WI_3,FOODS,WI,2016-04-25,17634,3.3658702,0,2,18541.0,21598.0,21617.0,19000.0,14921.0
WI_3,FOODS,WI,2016-05-02,22960,3.3652012,5,2,17634.0,18541.0,21598.0,21617.0,16764.0
WI_3,FOODS,WI,2016-05-09,23955,3.3643224,5,0,22960.0,17634.0,18541.0,21598.0,15959.0
WI_3,FOODS,WI,2016-05-16,19627,3.36442,0,0,23955.0,22960.0,17634.0,18541.0,12411.0
WI_3,HOBBIES,WI,2011-01-31,1801,4.551985,4,1,,,,,
WI_3,HOBBIES,WI,2011-02-07,1921,4.602832,4,0,1801.0,,,,
WI_3,HOBBIES,WI,2011-02-14,1694,4.5346613,2,1,1921.0,1801.0,,,
WI_3,HOBBIES,WI,2011-02-21,1753,4.4950333,0,1,1694.0,1921.0,1801.0,,
WI_3,HOBBIES,WI,2011-02-28,1463,4.496951,4,0,1753.0,1694.0,1921.0,1801.0,
WI_3,HOBBIES,WI,2011-03-07,1854,4.513211,4,1,1463.0,1753.0,1694.0,1921.0,
WI_3,HOBBIES,WI,2011-03-14,1777,4.5489216,2,3,1854.0,1463.0,1753.0,1694.0,
WI_3,HOBBIES,WI,2011-03-21,1929,4.5952997,0,0,1777.0,1854.0,1463.0,1753.0,
WI_3,HOBBIES,WI,2011-03-28,2113,4.6337895,2,0,1929.0,1777.0,1854.0,1463.0,
WI_3,HOBBIES,WI,2011-04-04,1947,4.655926,4,0,2113.0,1929.0,1777.0,1854.0,
WI_3,HOBBIES,WI,2011-04-11,1784,4.6528,4,0,1947.0,2113.0,1929.0,1777.0,
WI_3,HOBBIES,WI,2011-04-18,1748,4.6433706,0,1,1784.0,1947.0,2113.0,1929.0,
WI_3,HOBBIES,WI,2011-04-25,1945,4.635341,0,1,1748.0,1784.0,1947.0,2113.0,
WI_3,HOBBIES,WI,2011-05-02,1843,4.6369786,5,2,1945.0,1748.0,1784.0,1947.0,
WI_3,HOBBIES,WI,2011-05-09,1768,4.6678967,5,0,1843.0,1945.0,1748.0,1784.0,
WI_3,HOBBIES,WI,2011-05-16,1844,4.650332,0,0,1768.0,1843.0,1945.0,1748.0,
WI_3,HOBBIES,WI,2011-05-23,1862,4.6402755,0,0,1844.0,1768.0,1843.0,1945.0,
WI_3,HOBBIES,WI,2011-05-30,1839,4.648986,3,2,1862.0,1844.0,1768.0,1843.0,
WI_3,HOBBIES,WI,2011-06-06,1906,4.651703,5,1,1839.0,1862.0,1844.0,1768.0,
WI_3,HOBBIES,WI,2011-06-13,1732,4.6634917,2,1,1906.0,1839.0,1862.0,1844.0,
WI_3,HOBBIES,WI,2011-06-20,1653,4.658694,0,0,1732.0,1906.0,1839.0,1862.0,
WI_3,HOBBIES,WI,2011-06-27,1894,4.64616,2,0,1653.0,1732.0,1906.0,1839.0,
WI_3,HOBBIES,WI,2011-07-04,1663,4.632308,4,1,1894.0,1653.0,1732.0,1906.0,
WI_3,HOBBIES,WI,2011-07-11,1679,4.6226463,4,0,1663.0,1894.0,1653.0,1732.0,
WI_3,HOBBIES,WI,2011-07-18,1749,4.610049,0,0,1679.0,1663.0,1894.0,1653.0,
WI_3,HOBBIES,WI,2011-07-25,1557,4.6112185,0,0,1749.0,1679.0,1663.0,1894.0,
WI_3,HOBBIES,WI,2011-08-01,1791,4.614525,4,1,1557.0,1749.0,1679.0,1663.0,
WI_3,HOBBIES,WI,2011-08-08,1787,4.6168942,5,0,1791.0,1557.0,1749.0,1679.0,
WI_3,HOBBIES,WI,2011-08-15,1610,4.6155005,1,0,1787.0,1791.0,1557.0,1749.0,
WI_3,HOBBIES,WI,2011-08-22,1603,4.6151643,0,0,1610.0,1787.0,1791.0,1557.0,
WI_3,HOBBIES,WI,2011-08-29,1659,4.6208444,2,1,1603.0,1610.0,1787.0,1791.0,
WI_3,HOBBIES,WI,2011-09-05,1548,4.632489,5,1,1659.0,1603.0,1610.0,1787.0,
WI_3,HOBBIES,WI,2011-09-12,1882,4.6383743,3,0,1548.0,1659.0,1603.0,1610.0,
WI_3,HOBBIES,WI,2011-09-19,1652,4.645148,0,0,1882.0,1548.0,1659.0,1603.0,
WI_3,HOBBIES,WI,2011-09-26,1785,4.6402392,1,0,1652.0,1882.0,1548.0,1659.0,
WI_3,HOBBIES,WI,2011-10-03,1802,4.6326585,5,0,1785.0,1652.0,1882.0,1548.0,
WI_3,HOBBIES,WI,2011-10-10,1747,4.6313467,4,1,1802.0,1785.0,1652.0,1882.0,
WI_3,HOBBIES,WI,2011-10-17,1617,4.6325293,0,0,1747.0,1802.0,1785.0,1652.0,
WI_3,HOBBIES,WI,2011-10-24,2090,4.623471,0,0,1617.0,1747.0,1802.0,1785.0,
WI_3,HOBBIES,WI,2011-10-31,2230,4.6222296,4,1,2090.0,1617.0,1747.0,1802.0,
WI_3,HOBBIES,WI,2011-11-07,1762,4.6180444,4,2,2230.0,2090.0,1617.0,1747.0,
WI_3,HOBBIES,WI,2011-11-14,1892,4.606069,2,0,1762.0,2230.0,2090.0,1617.0,
WI_3,HOBBIES,WI,2011-11-21,1795,4.605462,0,1,1892.0,1762.0,2230.0,2090.0,
WI_3,HOBBIES,WI,2011-11-28,2213,4.613583,2,0,1795.0,1892.0,1762.0,2230.0,
WI_3,HOBBIES,WI,2011-12-05,2120,4.6148868,5,0,2213.0,1795.0,1892.0,1762.0,
WI_3,HOBBIES,WI,2011-12-12,1996,4.615196,3,0,2120.0,2213.0,1795.0,1892.0,
WI_3,HOBBIES,WI,2011-12-19,1552,4.611171,0,1,1996.0,2120.0,2213.0,1795.0,
WI_3,HOBBIES,WI,2011-12-26,1959,4.6130095,0,2,1552.0,1996.0,2120.0,2213.0,
WI_3,HOBBIES,WI,2012-01-02,2078,4.6148553,5,1,1959.0,1552.0,1996.0,2120.0,
WI_3,HOBBIES,WI,2012-01-09,1734,4.620108,5,0,2078.0,1959.0,1552.0,1996.0,
WI_3,HOBBIES,WI,2012-01-16,1664,4.633846,0,1,1734.0,2078.0,1959.0,1552.0,
WI_3,HOBBIES,WI,2012-01-23,1534,4.63658,0,0,1664.0,1734.0,2078.0,1959.0,
WI_3,HOBBIES,WI,2012-01-30,2165,4.6365786,3,1,1534.0,1664.0,1734.0,2078.0,1801.0
WI_3,HOBBIES,WI,2012-02-06,1802,4.6464343,5,0,2165.0,1534.0,1664.0,1734.0,1921.0
WI_3,HOBBIES,WI,2012-02-13,1821,4.662121,2,1,1802.0,2165.0,1534.0,1664.0,1694.0
WI_3,HOBBIES,WI,2012-02-20,1755,4.6857915,0,2,1821.0,1802.0,2165.0,1534.0,1753.0
WI_3,HOBBIES,WI,2012-02-27,2109,4.721639,2,1,1755.0,1821.0,1802.0,2165.0,1463.0
WI_3,HOBBIES,WI,2012-03-05,1829,4.7333913,5,1,2109.0,1755.0,1821.0,1802.0,1854.0
WI_3,HOBBIES,WI,2012-03-12,1794,4.7723165,3,1,1829.0,2109.0,1755.0,1821.0,1777.0
WI_3,HOBBIES,WI,2012-03-19,1954,4.769761,0,0,1794.0,1829.0,2109.0,1755.0,1929.0
WI_3,HOBBIES,WI,2012-03-26,1863,4.7874374,0,0,1954.0,1794.0,1829.0,2109.0,2113.0
WI_3,HOBBIES,WI,2012-04-02,1851,4.800747,5,1,1863.0,1954.0,1794.0,1829.0,1947.0
WI_3,HOBBIES,WI,2012-04-09,2103,4.7983394,5,2,1851.0,1863.0,1954.0,1794.0,1784.0
WI_3,HOBBIES,WI,2012-04-16,1641,4.7779727,0,0,2103.0,1851.0,1863.0,1954.0,1748.0
WI_3,HOBBIES,WI,2012-04-23,1914,4.732433,0,0,1641.0,2103.0,1851.0,1863.0,1945.0
WI_3,HOBBIES,WI,2012-04-30,1983,4.6654887,4,1,1914.0,1641.0,2103.0,1851.0,1843.0
WI_3,HOBBIES,WI,2012-05-07,1732,4.6515274,4,1,1983.0,1914.0,1641.0,2103.0,1768.0
WI_3,HOBBIES,WI,2012-05-14,1623,4.6544523,2,0,1732.0,1983.0,1914.0,1641.0,1844.0
WI_3,HOBBIES,WI,2012-05-21,1636,4.6570897,0,0,1623.0,1732.0,1983.0,1914.0,1862.0
WI_3,HOBBIES,WI,2012-05-28,2020,4.6529813,2,1,1636.0,1623.0,1732.0,1983.0,1839.0
WI_3,HOBBIES,WI,2012-06-04,1845,4.662471,4,0,2020.0,1636.0,1623.0,1732.0,1906.0
WI_3,HOBBIES,WI,2012-06-11,1876,4.690579,4,2,1845.0,2020.0,1636.0,1623.0,1732.0
WI_3,HOBBIES,WI,2012-06-18,1964,4.708221,0,1,1876.0,1845.0,2020.0,1636.0,1653.0
WI_3,HOBBIES,WI,2012-06-25,1869,4.796912,0,0,1964.0,1876.0,1845.0,2020.0,1894.0
WI_3,HOBBIES,WI,2012-07-02,1607,5.012618,5,1,1869.0,1964.0,1876.0,1845.0,1663.0
WI_3,HOBBIES,WI,2012-07-09,1984,5.110721,5,0,1607.0,1869.0,1964.0,1876.0,1679.0
WI_3,HOBBIES,WI,2012-07-16,1885,5.1338577,0,1,1984.0,1607.0,1869.0,1964.0,1749.0
WI_3,HOBBIES,WI,2012-07-23,1749,5.1365933,0,0,1885.0,1984.0,1607.0,1869.0,1557.0
WI_3,HOBBIES,WI,2012-07-30,1815,5.1479807,3,0,1749.0,1885.0,1984.0,1607.0,1791.0
WI_3,HOBBIES,WI,2012-08-06,1584,5.183045,5,0,1815.0,1749.0,1885.0,1984.0,1787.0
WI_3,HOBBIES,WI,2012-08-13,1635,5.1945724,2,1,1584.0,1815.0,1749.0,1885.0,1610.0
WI_3,HOBBIES,WI,2012-08-20,1556,5.1924825,0,0,1635.0,1584.0,1815.0,1749.0,1603.0
WI_3,HOBBIES,WI,2012-08-27,1709,5.191811,1,0,1556.0,1635.0,1584.0,1815.0,1659.0
WI_3,HOBBIES,WI,2012-09-03,1727,5.187966,5,1,1709.0,1556.0,1635.0,1584.0,1548.0
WI_3,HOBBIES,WI,2012-09-10,1670,5.202206,4,0,1727.0,1709.0,1556.0,1635.0,1882.0
WI_3,HOBBIES,WI,2012-09-17,1619,5.2378073,0,0,1670.0,1727.0,1709.0,1556.0,1652.0
WI_3,HOBBIES,WI,2012-09-24,1646,5.2443194,0,0,1619.0,1670.0,1727.0,1709.0,1785.0
WI_3,HOBBIES,WI,2012-10-01,1923,5.259502,4,0,1646.0,1619.0,1670.0,1727.0,1802.0
WI_3,HOBBIES,WI,2012-10-08,1701,5.256755,5,1,1923.0,1646.0,1619.0,1670.0,1747.0
WI_3,HOBBIES,WI,2012-10-15,1673,5.256755,1,0,1701.0,1923.0,1646.0,1619.0,1617.0
WI_3,HOBBIES,WI,2012-10-22,1677,5.256755,0,1,1673.0,1701.0,1923.0,1646.0,2090.0
WI_3,HOBBIES,WI,2012-10-29,1827,5.256755,2,1,1677.0,1673.0,1701.0,1923.0,2230.0
WI_3,HOBBIES,WI,2012-11-05,1524,5.2590003,5,1,1827.0,1677.0,1673.0,1701.0,1762.0
WI_3,HOBBIES,WI,2012-11-12,1461,5.261253,3,0,1524.0,1827.0,1677.0,1673.0,1892.0
WI_3,HOBBIES,WI,2012-11-19,1390,5.254734,0,1,1461.0,1524.0,1827.0,1677.0,1795.0
WI_3,HOBBIES,WI,2012-11-26,1765,5.263044,1,0,1390.0,1461.0,1524.0,1827.0,2213.0
WI_3,HOBBIES,WI,2012-12-03,1540,5.27233,5,0,1765.0,1390.0,1461.0,1524.0,2120.0
WI_3,HOBBIES,WI,2012-12-10,1636,5.273524,4,1,1540.0,1765.0,1390.0,1461.0,1996.0
WI_3,HOBBIES,WI,2012-12-17,1606,5.274595,0,0,1636.0,1540.0,1765.0,1390.0,1552.0
WI_3,HOBBIES,WI,2012-12-24,1265,5.2743773,0,1,1606.0,1636.0,1540.0,1765.0,1959.0
WI_3,HOBBIES,WI,2012-12-31,1484,5.2760987,4,1,1265.0,1606.0,1636.0,1540.0,2078.0
WI_3,HOBBIES,WI,2013-01-07,1263,5.297474,4,1,1484.0,1265.0,1606.0,1636.0,1734.0
WI_3,HOBBIES,WI,2013-01-14,1360,5.336006,2,0,1263.0,1484.0,1265.0,1606.0,1664.0
WI_3,HOBBIES,WI,2013-01-21,1702,5.3343806,0,1,1360.0,1263.0,1484.0,1265.0,1534.0
WI_3,HOBBIES,WI,2013-01-28,2066,5.332975,2,1,1702.0,1360.0,1263.0,1484.0,2165.0
WI_3,HOBBIES,WI,2013-02-04,1549,5.3333426,4,0,2066.0,1702.0,1360.0,1263.0,1802.0
WI_3,HOBBIES,WI,2013-02-11,1916,5.3521867,4,2,1549.0,2066.0,1702.0,1360.0,1821.0
WI_3,HOBBIES,WI,2013-02-18,1824,5.364328,0,3,1916.0,1549.0,2066.0,1702.0,1755.0
WI_3,HOBBIES,WI,2013-02-25,2207,5.3583255,2,0,1824.0,1916.0,1549.0,2066.0,2109.0
WI_3,HOBBIES,WI,2013-03-04,1777,5.3479795,4,0,2207.0,1824.0,1916.0,1549.0,1829.0
WI_3,HOBBIES,WI,2013-03-11,1860,5.341526,4,1,1777.0,2207.0,1824.0,1916.0,1794.0
WI_3,HOBBIES,WI,2013-03-18,1754,5.344125,0,0,1860.0,1777.0,2207.0,1824.0,1954.0
WI_3,HOBBIES,WI,2013-03-25,1511,5.3448486,0,1,1754.0,1860.0,1777.0,2207.0,1863.0
WI_3,HOBBIES,WI,2013-04-01,2212,5.346659,4,1,1511.0,1754.0,1860.0,1777.0,1851.0
WI_3,HOBBIES,WI,2013-04-08,1771,5.3500643,5,0,2212.0,1511.0,1754.0,1860.0,2103.0
WI_3,HOBBIES,WI,2013-04-15,1516,5.355906,1,0,1771.0,2212.0,1511.0,1754.0,1641.0
WI_3,HOBBIES,WI,2013-04-22,1466,5.3478622,0,0,1516.0,1771.0,2212.0,1511.0,1914.0
WI_3,HOBBIES,WI,2013-04-29,1190,5.344481,3,1,1466.0,1516.0,1771.0,2212.0,1983.0
WI_3,HOBBIES,WI,2013-05-06,1644,5.34442,5,1,1190.0,1466.0,1516.0,1771.0,1732.0
WI_3,HOBBIES,WI,2013-05-13,1442,5.339264,2,0,1644.0,1190.0,1466.0,1516.0,1623.0
WI_3,HOBBIES,WI,2013-05-20,1479,5.3109183,0,0,1442.0,1644.0,1190.0,1466.0,1636.0
WI_3,HOBBIES,WI,2013-05-27,1638,5.2714963,1,1,1479.0,1442.0,1644.0,1190.0,2020.0
WI_3,HOBBIES,WI,2013-06-03,1856,5.263818,5,1,1638.0,1479.0,1442.0,1644.0,1845.0
WI_3,HOBBIES,WI,2013-06-10,1672,5.2319794,4,1,1856.0,1638.0,1479.0,1442.0,1876.0
WI_3,HOBBIES,WI,2013-06-17,1793,5.204015,0,1,1672.0,1856.0,1638.0,1479.0,1964.0
WI_3,HOBBIES,WI,2013-06-24,1810,5.1594477,0,0,1793.0,1672.0,1856.0,1638.0,1869.0
WI_3,HOBBIES,WI,2013-07-01,1666,5.149173,4,1,1810.0,1793.0,1672.0,1856.0,1607.0
WI_3,HOBBIES,WI,2013-07-08,1439,5.1973944,5,1,1666.0,1810.0,1793.0,1672.0,1984.0
WI_3,HOBBIES,WI,2013-07-15,1477,5.2896914,1,0,1439.0,1666.0,1810.0,1793.0,1885.0
WI_3,HOBBIES,WI,2013-07-22,1542,5.339316,0,0,1477.0,1439.0,1666.0,1810.0,1749.0
WI_3,HOBBIES,WI,2013-07-29,2075,5.339474,2,0,1542.0,1477.0,1439.0,1666.0,1815.0
WI_3,HOBBIES,WI,2013-08-05,1583,5.3607526,5,1,2075.0,1542.0,1477.0,1439.0,1584.0
WI_3,HOBBIES,WI,2013-08-12,1534,5.360574,3,0,1583.0,2075.0,1542.0,1477.0,1635.0
WI_3,HOBBIES,WI,2013-08-19,1558,5.3606353,0,0,1534.0,1583.0,2075.0,1542.0,1556.0
WI_3,HOBBIES,WI,2013-08-26,1527,5.357389,0,0,1558.0,1534.0,1583.0,2075.0,1709.0
WI_3,HOBBIES,WI,2013-09-02,1203,5.354262,5,1,1527.0,1558.0,1534.0,1583.0,1727.0
WI_3,HOBBIES,WI,2013-09-09,1651,5.370487,5,0,1203.0,1527.0,1558.0,1534.0,1670.0
WI_3,HOBBIES,WI,2013-09-16,1599,5.3905587,0,0,1651.0,1203.0,1527.0,1558.0,1619.0
WI_3,HOBBIES,WI,2013-09-23,1548,5.4241705,0,0,1599.0,1651.0,1203.0,1527.0,1646.0
WI_3,HOBBIES,WI,2013-09-30,1992,5.451463,4,0,1548.0,1599.0,1651.0,1203.0,1923.0
WI_3,HOBBIES,WI,2013-10-07,1797,5.451463,4,0,1992.0,1548.0,1599.0,1651.0,1701.0
WI_3,HOBBIES,WI,2013-10-14,1901,5.451463,2,2,1797.0,1992.0,1548.0,1599.0,1673.0
WI_3,HOBBIES,WI,2013-10-21,1586,5.451463,0,0,1901.0,1797.0,1992.0,1548.0,1677.0
WI_3,HOBBIES,WI,2013-10-28,1788,5.4511766,2,1,1586.0,1901.0,1797.0,1992.0,1827.0
WI_3,HOBBIES,WI,2013-11-04,1616,5.4497795,4,0,1788.0,1586.0,1901.0,1797.0,1524.0
WI_3,HOBBIES,WI,2013-11-11,1614,5.446134,4,1,1616.0,1788.0,1586.0,1901.0,1461.0
WI_3,HOBBIES,WI,2013-11-18,1555,5.441194,0,0,1614.0,1616.0,1788.0,1586.0,1390.0
WI_3,HOBBIES,WI,2013-11-25,1547,5.4444394,0,1,1555.0,1614.0,1616.0,1788.0,1765.0
WI_3,HOBBIES,WI,2013-12-02,1571,5.4537783,5,1,1547.0,1555.0,1614.0,1616.0,1540.0
WI_3,HOBBIES,WI,2013-12-09,1655,5.453599,5,0,1571.0,1547.0,1555.0,1614.0,1636.0
WI_3,HOBBIES,WI,2013-12-16,1728,5.448914,0,0,1655.0,1571.0,1547.0,1555.0,1606.0
WI_3,HOBBIES,WI,2013-12-23,1549,5.4490247,0,1,1728.0,1655.0,1571.0,1547.0,1265.0
WI_3,HOBBIES,WI,2013-12-30,1566,5.4583154,3,1,1549.0,1728.0,1655.0,1571.0,1484.0
WI_3,HOBBIES,WI,2014-01-06,1359,5.482263,5,1,1566.0,1549.0,1728.0,1655.0,1263.0
WI_3,HOBBIES,WI,2014-01-13,1598,5.4824753,2,0,1359.0,1566.0,1549.0,1728.0,1360.0
WI_3,HOBBIES,WI,2014-01-20,1454,5.4837747,0,1,1598.0,1359.0,1566.0,1549.0,1702.0
WI_3,HOBBIES,WI,2014-01-27,1610,5.487027,1,1,1454.0,1598.0,1359.0,1566.0,2066.0
WI_3,HOBBIES,WI,2014-02-03,1748,5.4856257,5,0,1610.0,1454.0,1598.0,1359.0,1549.0
WI_3,HOBBIES,WI,2014-02-10,1778,5.482171,4,1,1748.0,1610.0,1454.0,1598.0,1916.0
WI_3,HOBBIES,WI,2014-02-17,1585,5.4929557,0,1,1778.0,1748.0,1610.0,1454.0,1824.0
WI_3,HOBBIES,WI,2014-02-24,1467,5.535525,1,0,1585.0,1778.0,1748.0,1610.0,2207.0
WI_3,HOBBIES,WI,2014-03-03,1684,5.5801506,5,1,1467.0,1585.0,1778.0,1748.0,1777.0
WI_3,HOBBIES,WI,2014-03-10,1606,5.5924163,4,2,1684.0,1467.0,1585.0,1778.0,1860.0
WI_3,HOBBIES,WI,2014-03-17,1580,5.5960007,0,1,1606.0,1684.0,1467.0,1585.0,1754.0
WI_3,HOBBIES,WI,2014-03-24,1560,5.596755,0,0,1580.0,1606.0,1684.0,1467.0,1511.0
WI_3,HOBBIES,WI,2014-03-31,1509,5.596026,4,0,1560.0,1580.0,1606.0,1684.0,2212.0
WI_3,HOBBIES,WI,2014-04-07,1449,5.582006,4,0,1509.0,1560.0,1580.0,1606.0,1771.0
WI_3,HOBBIES,WI,2014-04-14,1474,5.578206,2,1,1449.0,1509.0,1560.0,1580.0,1516.0
WI_3,HOBBIES,WI,2014-04-21,1334,5.58925,0,1,1474.0,1449.0,1509.0,1560.0,1466.0
WI_3,HOBBIES,WI,2014-04-28,1483,5.5821886,2,0,1334.0,1474.0,1449.0,1509.0,1190.0
WI_3,HOBBIES,WI,2014-05-05,1335,5.581596,5,2,1483.0,1334.0,1474.0,1449.0,1644.0
WI_3,HOBBIES,WI,2014-05-12,1307,5.579717,3,0,1335.0,1483.0,1334.0,1474.0,1442.0
WI_3,HOBBIES,WI,2014-05-19,1283,5.5635533,0,0,1307.0,1335.0,1483.0,1334.0,1479.0
WI_3,HOBBIES,WI,2014-05-26,1338,5.5522714,0,1,1283.0,1307.0,1335.0,1483.0,1638.0
WI_3,HOBBIES,WI,2014-06-02,1505,5.5540614,5,1,1338.0,1283.0,1307.0,1335.0,1856.0
WI_3,HOBBIES,WI,2014-06-09,1414,5.5416265,5,1,1505.0,1338.0,1283.0,1307.0,1672.0
WI_3,HOBBIES,WI,2014-06-16,1448,5.5417137,0,0,1414.0,1505.0,1338.0,1283.0,1793.0
WI_3,HOBBIES,WI,2014-06-23,1390,5.5388627,0,1,1448.0,1414.0,1505.0,1338.0,1810.0
WI_3,HOBBIES,WI,2014-06-30,1663,5.5340776,4,1,1390.0,1448.0,1414.0,1505.0,1666.0
WI_3,HOBBIES,WI,2014-07-07,1421,5.531624,4,0,1663.0,1390.0,1448.0,1414.0,1439.0
WI_3,HOBBIES,WI,2014-07-14,1406,5.5264,2,0,1421.0,1663.0,1390.0,1448.0,1477.0
WI_3,HOBBIES,WI,2014-07-21,1385,5.5309644,0,0,1406.0,1421.0,1663.0,1390.0,1542.0
WI_3,HOBBIES,WI,2014-07-28,1752,5.5370793,2,1,1385.0,1406.0,1421.0,1663.0,2075.0
WI_3,HOBBIES,WI,2014-08-04,1224,5.5376735,4,0,1752.0,1385.0,1406.0,1421.0,1583.0
WI_3,HOBBIES,WI,2014-08-11,1556,5.5366545,4,0,1224.0,1752.0,1385.0,1406.0,1534.0
WI_3,HOBBIES,WI,2014-08-18,1373,5.5352435,0,0,1556.0,1224.0,1752.0,1385.0,1558.0
WI_3,HOBBIES,WI,2014-08-25,1496,5.531715,0,0,1373.0,1556.0,1224.0,1752.0,1527.0
WI_3,HOBBIES,WI,2014-09-01,1566,5.531543,4,1,1496.0,1373.0,1556.0,1224.0,1203.0
WI_3,HOBBIES,WI,2014-09-08,1367,5.5291185,5,0,1566.0,1496.0,1373.0,1556.0,1651.0
WI_3,HOBBIES,WI,2014-09-15,1372,5.524916,1,0,1367.0,1566.0,1496.0,1373.0,1599.0
WI_3,HOBBIES,WI,2014-09-22,1349,5.5273995,0,0,1372.0,1367.0,1566.0,1496.0,1548.0
WI_3,HOBBIES,WI,2014-09-29,1422,5.5275116,3,1,1349.0,1372.0,1367.0,1566.0,1992.0
WI_3,HOBBIES,WI,2014-10-06,1638,5.523297,5,0,1422.0,1349.0,1372.0,1367.0,1797.0
WI_3,HOBBIES,WI,2014-10-13,1668,5.5183187,2,1,1638.0,1422.0,1349.0,1372.0,1901.0
WI_3,HOBBIES,WI,2014-10-20,1423,5.508114,0,0,1668.0,1638.0,1422.0,1349.0,1586.0
WI_3,HOBBIES,WI,2014-10-27,1748,5.4974475,1,1,1423.0,1668.0,1638.0,1422.0,1788.0
WI_3,HOBBIES,WI,2014-11-03,1420,5.5006495,5,0,1748.0,1423.0,1668.0,1638.0,1616.0
WI_3,HOBBIES,WI,2014-11-10,1504,5.5012784,4,1,1420.0,1748.0,1423.0,1668.0,1614.0
WI_3,HOBBIES,WI,2014-11-17,1512,5.502852,0,0,1504.0,1420.0,1748.0,1423.0,1555.0
WI_3,HOBBIES,WI,2014-11-24,1200,5.507535,0,1,1512.0,1504.0,1420.0,1748.0,1547.0
WI_3,HOBBIES,WI,2014-12-01,1690,5.5192437,4,0,1200.0,1512.0,1504.0,1420.0,1571.0
WI_3,HOBBIES,WI,2014-12-08,1611,5.518229,5,0,1690.0,1200.0,1512.0,1504.0,1655.0
WI_3,HOBBIES,WI,2014-12-15,1576,5.5159354,1,0,1611.0,1690.0,1200.0,1512.0,1728.0
WI_3,HOBBIES,WI,2014-12-22,1205,5.5214133,0,2,1576.0,1611.0,1690.0,1200.0,1549.0
WI_3,HOBBIES,WI,2014-12-29,1636,5.533718,2,1,1205.0,1576.0,1611.0,1690.0,1566.0
WI_3,HOBBIES,WI,2015-01-05,1355,5.534344,5,1,1636.0,1205.0,1576.0,1611.0,1359.0
WI_3,HOBBIES,WI,2015-01-12,1385,5.541721,3,0,1355.0,1636.0,1205.0,1576.0,1598.0
WI_3,HOBBIES,WI,2015-01-19,1448,5.5595713,0,1,1385.0,1355.0,1636.0,1205.0,1454.0
WI_3,HOBBIES,WI,2015-01-26,1573,5.562796,0,1,1448.0,1385.0,1355.0,1636.0,1610.0
WI_3,HOBBIES,WI,2015-02-02,1792,5.5638976,5,0,1573.0,1448.0,1385.0,1355.0,1748.0
WI_3,HOBBIES,WI,2015-02-09,1774,5.575345,5,1,1792.0,1573.0,1448.0,1385.0,1778.0
WI_3,HOBBIES,WI,2015-02-16,1985,5.589921,0,2,1774.0,1792.0,1573.0,1448.0,1585.0
WI_3,HOBBIES,WI,2015-02-23,1910,5.5835433,0,1,1985.0,1774.0,1792.0,1573.0,1467.0
WI_3,HOBBIES,WI,2015-03-02,1715,5.5784345,5,1,1910.0,1985.0,1774.0,1792.0,1684.0
WI_3,HOBBIES,WI,2015-03-09,1817,5.5784345,5,0,1715.0,1910.0,1985.0,1774.0,1606.0
WI_3,HOBBIES,WI,2015-03-16,1795,5.5784345,0,1,1817.0,1715.0,1910.0,1985.0,1580.0
WI_3,HOBBIES,WI,2015-03-23,1903,5.5784345,0,0,1795.0,1817.0,1715.0,1910.0,1560.0
WI_3,HOBBIES,WI,2015-03-30,1720,5.5770617,3,1,1903.0,1795.0,1817.0,1715.0,1509.0
WI_3,HOBBIES,WI,2015-04-06,1747,5.5759993,5,2,1720.0,1903.0,1795.0,1817.0,1449.0
WI_3,HOBBIES,WI,2015-04-13,1742,5.582272,2,0,1747.0,1720.0,1903.0,1795.0,1474.0
WI_3,HOBBIES,WI,2015-04-20,1910,5.5838156,0,0,1742.0,1747.0,1720.0,1903.0,1334.0
WI_3,HOBBIES,WI,2015-04-27,1765,5.5861325,2,0,1910.0,1742.0,1747.0,1720.0,1483.0
WI_3,HOBBIES,WI,2015-05-04,1814,5.5874624,4,2,1765.0,1910.0,1742.0,1747.0,1335.0
WI_3,HOBBIES,WI,2015-05-11,1655,5.587039,4,0,1814.0,1765.0,1910.0,1742.0,1307.0
WI_3,HOBBIES,WI,2015-05-18,1628,5.585963,0,0,1655.0,1814.0,1765.0,1910.0,1283.0
WI_3,HOBBIES,WI,2015-05-25,1738,5.5830197,0,1,1628.0,1655.0,1814.0,1765.0,1338.0
WI_3,HOBBIES,WI,2015-06-01,2036,5.5870132,4,1,1738.0,1628.0,1655.0,1814.0,1505.0
WI_3,HOBBIES,WI,2015-06-08,1620,5.585897,5,0,2036.0,1738.0,1628.0,1655.0,1414.0
WI_3,HOBBIES,WI,2015-06-15,1723,5.5850244,1,3,1620.0,2036.0,1738.0,1628.0,1448.0
WI_3,HOBBIES,WI,2015-06-22,1497,5.5822635,0,0,1723.0,1620.0,2036.0,1738.0,1390.0
WI_3,HOBBIES,WI,2015-06-29,1916,5.580817,3,1,1497.0,1723.0,1620.0,2036.0,1663.0
WI_3,HOBBIES,WI,2015-07-06,1851,5.580589,5,0,1916.0,1497.0,1723.0,1620.0,1421.0
WI_3,HOBBIES,WI,2015-07-13,1583,5.5799975,2,1,1851.0,1916.0,1497.0,1723.0,1406.0
WI_3,HOBBIES,WI,2015-07-20,1706,5.578579,0,0,1583.0,1851.0,1916.0,1497.0,1385.0
WI_3,HOBBIES,WI,2015-07-27,1692,5.5807147,1,0,1706.0,1583.0,1851.0,1916.0,1752.0
WI_3,HOBBIES,WI,2015-08-03,1761,5.5921845,5,0,1692.0,1706.0,1583.0,1851.0,1224.0
WI_3,HOBBIES,WI,2015-08-10,1933,5.586688,4,0,1761.0,1692.0,1706.0,1583.0,1556.0
WI_3,HOBBIES,WI,2015-08-17,1750,5.587456,0,0,1933.0,1761.0,1692.0,1706.0,1373.0
WI_3,HOBBIES,WI,2015-08-24,1789,5.585434,0,0,1750.0,1933.0,1761.0,1692.0,1496.0
WI_3,HOBBIES,WI,2015-08-31,1866,5.584005,4,0,1789.0,1750.0,1933.0,1761.0,1566.0
WI_3,HOBBIES,WI,2015-09-07,1855,5.583752,4,1,1866.0,1789.0,1750.0,1933.0,1367.0
WI_3,HOBBIES,WI,2015-09-14,1840,5.5834284,2,0,1855.0,1866.0,1789.0,1750.0,1372.0
WI_3,HOBBIES,WI,2015-09-21,1807,5.5826797,0,1,1840.0,1855.0,1866.0,1789.0,1349.0
WI_3,HOBBIES,WI,2015-09-28,1947,5.581416,2,0,1807.0,1840.0,1855.0,1866.0,1422.0
WI_3,HOBBIES,WI,2015-10-05,1802,5.5784574,5,0,1947.0,1807.0,1840.0,1855.0,1638.0
WI_3,HOBBIES,WI,2015-10-12,1883,5.579911,3,1,1802.0,1947.0,1807.0,1840.0,1668.0
WI_3,HOBBIES,WI,2015-10-19,1980,5.579911,0,0,1883.0,1802.0,1947.0,1807.0,1423.0
WI_3,HOBBIES,WI,2015-10-26,2175,5.581074,0,1,1980.0,1883.0,1802.0,1947.0,1748.0
WI_3,HOBBIES,WI,2015-11-02,2031,5.5838203,5,0,2175.0,1980.0,1883.0,1802.0,1420.0
WI_3,HOBBIES,WI,2015-11-09,2023,5.583264,5,1,2031.0,2175.0,1980.0,1883.0,1504.0
WI_3,HOBBIES,WI,2015-11-16,1897,5.5828853,0,0,2023.0,2031.0,2175.0,1980.0,1512.0
WI_3,HOBBIES,WI,2015-11-23,1679,5.581803,0,1,1897.0,2023.0,2031.0,2175.0,1200.0
WI_3,HOBBIES,WI,2015-11-30,2093,5.5791883,4,0,1679.0,1897.0,2023.0,2031.0,1690.0
WI_3,HOBBIES,WI,2015-12-07,1830,5.579416,4,0,2093.0,1679.0,1897.0,2023.0,1611.0
WI_3,HOBBIES,WI,2015-12-14,1876,5.5787735,2,1,1830.0,2093.0,1679.0,1897.0,1576.0
WI_3,HOBBIES,WI,2015-12-21,1731,5.577168,0,1,1876.0,1830.0,2093.0,1679.0,1205.0
WI_3,HOBBIES,WI,2015-12-28,1913,5.577067,2,1,1731.0,1876.0,1830.0,2093.0,1636.0
WI_3,HOBBIES,WI,2016-01-04,1875,5.573249,4,1,1913.0,1731.0,1876.0,1830.0,1355.0
WI_3,HOBBIES,WI,2016-01-11,1681,5.56828,4,0,1875.0,1913.0,1731.0,1876.0,1385.0
WI_3,HOBBIES,WI,2016-01-18,1591,5.577651,0,1,1681.0,1875.0,1913.0,1731.0,1448.0
WI_3,HOBBIES,WI,2016-01-25,1972,5.575656,0,0,1591.0,1681.0,1875.0,1913.0,1573.0
WI_3,HOBBIES,WI,2016-02-01,1927,5.5734153,4,1,1972.0,1591.0,1681.0,1875.0,1792.0
WI_3,HOBBIES,WI,2016-02-08,1885,5.5729027,5,2,1927.0,1972.0,1591.0,1681.0,1774.0
WI_3,HOBBIES,WI,2016-02-15,1860,5.573732,1,2,1885.0,1927.0,1972.0,1591.0,1985.0
WI_3,HOBBIES,WI,2016-02-22,1716,5.573368,0,0,1860.0,1885.0,1927.0,1972.0,1910.0
WI_3,HOBBIES,WI,2016-02-29,1868,5.5717397,4,0,1716.0,1860.0,1885.0,1927.0,1715.0
WI_3,HOBBIES,WI,2016-03-07,1831,5.571841,4,0,1868.0,1716.0,1860.0,1885.0,1817.0
WI_3,HOBBIES,WI,2016-03-14,1790,5.5709257,2,1,1831.0,1868.0,1716.0,1860.0,1795.0
WI_3,HOBBIES,WI,2016-03-21,1680,5.564885,0,2,1790.0,1831.0,1868.0,1716.0,1903.0
WI_3,HOBBIES,WI,2016-03-28,1923,5.5598884,2,0,1680.0,1790.0,1831.0,1868.0,1720.0
WI_3,HOBBIES,WI,2016-04-04,1914,5.570971,4,0,1923.0,1680.0,1790.0,1831.0,1747.0
WI_3,HOBBIES,WI,2016-04-11,2155,5.571461,4,0,1914.0,1923.0,1680.0,1790.0,1742.0
WI_3,HOBBIES,WI,2016-04-18,1857,5.5713377,0,0,2155.0,1914.0,1923.0,1680.0,1910.0
WI_3,HOBBIES,WI,2016-04-25,1943,5.5693526,0,2,1857.0,2155.0,1914.0,1923.0,1765.0
WI_3,HOBBIES,WI,2016-05-02,2174,5.568195,5,2,1943.0,1857.0,2155.0,1914.0,1814.0
WI_3,HOBBIES,WI,2016-05-09,1901,5.565689,5,0,2174.0,1943.0,1857.0,2155.0,1655.0
WI_3,HOBBIES,WI,2016-05-16,1930,5.5554237,0,0,1901.0,2174.0,1943.0,1857.0,1628.0
WI_3,HOUSEHOLD,WI,2011-01-31,3686,5.2973185,4,1,,,,,
WI_3,HOUSEHOLD,WI,2011-02-07,3808,5.398118,4,0,3686.0,,,,
WI_3,HOUSEHOLD,WI,2011-02-14,3797,5.458055,2,1,3808.0,3686.0,,,
WI_3,HOUSEHOLD,WI,2011-02-21,3576,5.51204,0,1,3797.0,3808.0,3686.0,,
WI_3,HOUSEHOLD,WI,2011-02-28,4488,5.5107446,4,0,3576.0,3797.0,3808.0,3686.0,
WI_3,HOUSEHOLD,WI,2011-03-07,3910,5.537538,4,1,4488.0,3576.0,3797.0,3808.0,
WI_3,HOUSEHOLD,WI,2011-03-14,3815,5.572323,2,3,3910.0,4488.0,3576.0,3797.0,
WI_3,HOUSEHOLD,WI,2011-03-21,3488,5.5620337,0,0,3815.0,3910.0,4488.0,3576.0,
WI_3,HOUSEHOLD,WI,2011-03-28,3872,5.543044,2,0,3488.0,3815.0,3910.0,4488.0,
WI_3,HOUSEHOLD,WI,2011-04-04,3397,5.511977,4,0,3872.0,3488.0,3815.0,3910.0,
WI_3,HOUSEHOLD,WI,2011-04-11,3427,5.5094347,4,0,3397.0,3872.0,3488.0,3815.0,
WI_3,HOUSEHOLD,WI,2011-04-18,3333,5.5086255,0,1,3427.0,3397.0,3872.0,3488.0,
WI_3,HOUSEHOLD,WI,2011-04-25,3623,5.5118856,0,1,3333.0,3427.0,3397.0,3872.0,
WI_3,HOUSEHOLD,WI,2011-05-02,3512,5.5147085,5,2,3623.0,3333.0,3427.0,3397.0,
WI_3,HOUSEHOLD,WI,2011-05-09,3644,5.506942,5,0,3512.0,3623.0,3333.0,3427.0,
WI_3,HOUSEHOLD,WI,2011-05-16,3130,5.5139422,0,0,3644.0,3512.0,3623.0,3333.0,
WI_3,HOUSEHOLD,WI,2011-05-23,3037,5.5217996,0,0,3130.0,3644.0,3512.0,3623.0,
WI_3,HOUSEHOLD,WI,2011-05-30,3771,5.520615,3,2,3037.0,3130.0,3644.0,3512.0,
WI_3,HOUSEHOLD,WI,2011-06-06,3623,5.5197754,5,1,3771.0,3037.0,3130.0,3644.0,
WI_3,HOUSEHOLD,WI,2011-06-13,3547,5.515714,2,1,3623.0,3771.0,3037.0,3130.0,
WI_3,HOUSEHOLD,WI,2011-06-20,3521,5.5040436,0,0,3547.0,3623.0,3771.0,3037.0,
WI_3,HOUSEHOLD,WI,2011-06-27,3572,5.5046186,2,0,3521.0,3547.0,3623.0,3771.0,
WI_3,HOUSEHOLD,WI,2011-07-04,3674,5.5125036,4,1,3572.0,3521.0,3547.0,3623.0,
WI_3,HOUSEHOLD,WI,2011-07-11,3397,5.516547,4,0,3674.0,3572.0,3521.0,3547.0,
WI_3,HOUSEHOLD,WI,2011-07-18,3240,5.5127177,0,0,3397.0,3674.0,3572.0,3521.0,
WI_3,HOUSEHOLD,WI,2011-07-25,3603,5.506053,0,0,3240.0,3397.0,3674.0,3572.0,
WI_3,HOUSEHOLD,WI,2011-08-01,3966,5.5002623,4,1,3603.0,3240.0,3397.0,3674.0,
WI_3,HOUSEHOLD,WI,2011-08-08,3416,5.495675,5,0,3966.0,3603.0,3240.0,3397.0,
WI_3,HOUSEHOLD,WI,2011-08-15,3608,5.494941,1,0,3416.0,3966.0,3603.0,3240.0,
WI_3,HOUSEHOLD,WI,2011-08-22,3350,5.495881,0,0,3608.0,3416.0,3966.0,3603.0,
WI_3,HOUSEHOLD,WI,2011-08-29,4096,5.5036387,2,1,3350.0,3608.0,3416.0,3966.0,
WI_3,HOUSEHOLD,WI,2011-09-05,3939,5.5082965,5,1,4096.0,3350.0,3608.0,3416.0,
WI_3,HOUSEHOLD,WI,2011-09-12,3830,5.5109797,3,0,3939.0,4096.0,3350.0,3608.0,
WI_3,HOUSEHOLD,WI,2011-09-19,3646,5.502417,0,0,3830.0,3939.0,4096.0,3350.0,
WI_3,HOUSEHOLD,WI,2011-09-26,4344,5.4945993,1,0,3646.0,3830.0,3939.0,4096.0,
WI_3,HOUSEHOLD,WI,2011-10-03,3980,5.5009313,5,0,4344.0,3646.0,3830.0,3939.0,
WI_3,HOUSEHOLD,WI,2011-10-10,4232,5.4989405,4,1,3980.0,4344.0,3646.0,3830.0,
WI_3,HOUSEHOLD,WI,2011-10-17,3722,5.493357,0,0,4232.0,3980.0,4344.0,3646.0,
WI_3,HOUSEHOLD,WI,2011-10-24,3669,5.4814887,0,0,3722.0,4232.0,3980.0,4344.0,
WI_3,HOUSEHOLD,WI,2011-10-31,4350,5.47724,4,1,3669.0,3722.0,4232.0,3980.0,
WI_3,HOUSEHOLD,WI,2011-11-07,3887,5.4790797,4,2,4350.0,3669.0,3722.0,4232.0,
WI_3,HOUSEHOLD,WI,2011-11-14,3637,5.48083,2,0,3887.0,4350.0,3669.0,3722.0,
WI_3,HOUSEHOLD,WI,2011-11-21,3230,5.4808264,0,1,3637.0,3887.0,4350.0,3669.0,
WI_3,HOUSEHOLD,WI,2011-11-28,3951,5.4764585,2,0,3230.0,3637.0,3887.0,4350.0,
WI_3,HOUSEHOLD,WI,2011-12-05,3558,5.470231,5,0,3951.0,3230.0,3637.0,3887.0,
WI_3,HOUSEHOLD,WI,2011-12-12,3357,5.474538,3,0,3558.0,3951.0,3230.0,3637.0,
WI_3,HOUSEHOLD,WI,2011-12-19,2699,5.482993,0,1,3357.0,3558.0,3951.0,3230.0,
WI_3,HOUSEHOLD,WI,2011-12-26,3521,5.4772286,0,2,2699.0,3357.0,3558.0,3951.0,
WI_3,HOUSEHOLD,WI,2012-01-02,3974,5.4664235,5,1,3521.0,2699.0,3357.0,3558.0,
WI_3,HOUSEHOLD,WI,2012-01-09,3464,5.462636,5,0,3974.0,3521.0,2699.0,3357.0,
WI_3,HOUSEHOLD,WI,2012-01-16,3490,5.4645796,0,1,3464.0,3974.0,3521.0,2699.0,
WI_3,HOUSEHOLD,WI,2012-01-23,3767,5.476143,0,0,3490.0,3464.0,3974.0,3521.0,
WI_3,HOUSEHOLD,WI,2012-01-30,4655,5.513987,3,1,3767.0,3490.0,3464.0,3974.0,3686.0
WI_3,HOUSEHOLD,WI,2012-02-06,4289,5.537795,5,0,4655.0,3767.0,3490.0,3464.0,3808.0
WI_3,HOUSEHOLD,WI,2012-02-13,4669,5.54201,2,1,4289.0,4655.0,3767.0,3490.0,3797.0
WI_3,HOUSEHOLD,WI,2012-02-20,3859,5.553398,0,2,4669.0,4289.0,4655.0,3767.0,3576.0
WI_3,HOUSEHOLD,WI,2012-02-27,4663,5.5792527,2,1,3859.0,4669.0,4289.0,4655.0,4488.0
WI_3,HOUSEHOLD,WI,2012-03-05,4753,5.604142,5,1,4663.0,3859.0,4669.0,4289.0,3910.0
WI_3,HOUSEHOLD,WI,2012-03-12,4455,5.596601,3,1,4753.0,4663.0,3859.0,4669.0,3815.0
WI_3,HOUSEHOLD,WI,2012-03-19,4034,5.5904517,0,0,4455.0,4753.0,4663.0,3859.0,3488.0
WI_3,HOUSEHOLD,WI,2012-03-26,4345,5.571568,0,0,4034.0,4455.0,4753.0,4663.0,3872.0
WI_3,HOUSEHOLD,WI,2012-04-02,3929,5.565409,5,1,4345.0,4034.0,4455.0,4753.0,3397.0
WI_3,HOUSEHOLD,WI,2012-04-09,4130,5.56212,5,2,3929.0,4345.0,4034.0,4455.0,3427.0
WI_3,HOUSEHOLD,WI,2012-04-16,3922,5.5541525,0,0,4130.0,3929.0,4345.0,4034.0,3333.0
WI_3,HOUSEHOLD,WI,2012-04-23,3716,5.5412164,0,0,3922.0,4130.0,3929.0,4345.0,3623.0
WI_3,HOUSEHOLD,WI,2012-04-30,4312,5.536704,4,1,3716.0,3922.0,4130.0,3929.0,3512.0
WI_3,HOUSEHOLD,WI,2012-05-07,3754,5.530591,4,1,4312.0,3716.0,3922.0,4130.0,3644.0
WI_3,HOUSEHOLD,WI,2012-05-14,3679,5.525529,2,0,3754.0,4312.0,3716.0,3922.0,3130.0
WI_3,HOUSEHOLD,WI,2012-05-21,3803,5.5184064,0,0,3679.0,3754.0,4312.0,3716.0,3037.0
WI_3,HOUSEHOLD,WI,2012-05-28,4772,5.501335,2,1,3803.0,3679.0,3754.0,4312.0,3771.0
WI_3,HOUSEHOLD,WI,2012-06-04,4081,5.497822,4,0,4772.0,3803.0,3679.0,3754.0,3623.0
WI_3,HOUSEHOLD,WI,2012-06-11,5125,5.482273,4,2,4081.0,4772.0,3803.0,3679.0,3547.0
WI_3,HOUSEHOLD,WI,2012-06-18,5229,5.4803367,0,1,5125.0,4081.0,4772.0,3803.0,3521.0
WI_3,HOUSEHOLD,WI,2012-06-25,5304,5.4844804,0,0,5229.0,5125.0,4081.0,4772.0,3572.0
WI_3,HOUSEHOLD,WI,2012-07-02,5219,5.48307,5,1,5304.0,5229.0,5125.0,4081.0,3674.0
WI_3,HOUSEHOLD,WI,2012-07-09,4920,5.4760118,5,0,5219.0,5304.0,5229.0,5125.0,3397.0
WI_3,HOUSEHOLD,WI,2012-07-16,4770,5.473245,0,1,4920.0,5219.0,5304.0,5229.0,3240.0
WI_3,HOUSEHOLD,WI,2012-07-23,4448,5.4807763,0,0,4770.0,4920.0,5219.0,5304.0,3603.0
WI_3,HOUSEHOLD,WI,2012-07-30,5567,5.492154,3,0,4448.0,4770.0,4920.0,5219.0,3966.0
WI_3,HOUSEHOLD,WI,2012-08-06,5737,5.4900236,5,0,5567.0,4448.0,4770.0,4920.0,3416.0
WI_3,HOUSEHOLD,WI,2012-08-13,5881,5.475324,2,1,5737.0,5567.0,4448.0,4770.0,3608.0
WI_3,HOUSEHOLD,WI,2012-08-20,5231,5.44963,0,0,5881.0,5737.0,5567.0,4448.0,3350.0
WI_3,HOUSEHOLD,WI,2012-08-27,6244,5.4363565,1,0,5231.0,5881.0,5737.0,5567.0,4096.0
WI_3,HOUSEHOLD,WI,2012-09-03,5946,5.438268,5,1,6244.0,5231.0,5881.0,5737.0,3939.0
WI_3,HOUSEHOLD,WI,2012-09-10,5487,5.438682,4,0,5946.0,6244.0,5231.0,5881.0,3830.0
WI_3,HOUSEHOLD,WI,2012-09-17,6055,5.4373364,0,0,5487.0,5946.0,6244.0,5231.0,3646.0
WI_3,HOUSEHOLD,WI,2012-09-24,6233,5.430279,0,0,6055.0,5487.0,5946.0,6244.0,4344.0
WI_3,HOUSEHOLD,WI,2012-10-01,6354,5.429782,4,0,6233.0,6055.0,5487.0,5946.0,3980.0
WI_3,HOUSEHOLD,WI,2012-10-08,5481,5.4284368,5,1,6354.0,6233.0,6055.0,5487.0,4232.0
WI_3,HOUSEHOLD,WI,2012-10-15,4938,5.428291,1,0,5481.0,6354.0,6233.0,6055.0,3722.0
WI_3,HOUSEHOLD,WI,2012-10-22,4823,5.4312463,0,1,4938.0,5481.0,6354.0,6233.0,3669.0
WI_3,HOUSEHOLD,WI,2012-10-29,5352,5.438231,2,1,4823.0,4938.0,5481.0,6354.0,4350.0
WI_3,HOUSEHOLD,WI,2012-11-05,5172,5.4383082,5,1,5352.0,4823.0,4938.0,5481.0,3887.0
WI_3,HOUSEHOLD,WI,2012-11-12,4687,5.4351273,3,0,5172.0,5352.0,4823.0,4938.0,3637.0
WI_3,HOUSEHOLD,WI,2012-11-19,4051,5.433171,0,1,4687.0,5172.0,5352.0,4823.0,3230.0
WI_3,HOUSEHOLD,WI,2012-11-26,5314,5.4371843,1,0,4051.0,4687.0,5172.0,5352.0,3951.0
WI_3,HOUSEHOLD,WI,2012-12-03,5068,5.43307,5,0,5314.0,4051.0,4687.0,5172.0,3558.0
WI_3,HOUSEHOLD,WI,2012-12-10,4690,5.4302106,4,1,5068.0,5314.0,4051.0,4687.0,3357.0
WI_3,HOUSEHOLD,WI,2012-12-17,4372,5.432215,0,0,4690.0,5068.0,5314.0,4051.0,2699.0
WI_3,HOUSEHOLD,WI,2012-12-24,4255,5.4304667,0,1,4372.0,4690.0,5068.0,5314.0,3521.0
WI_3,HOUSEHOLD,WI,2012-12-31,5036,5.424018,4,1,4255.0,4372.0,4690.0,5068.0,3974.0
WI_3,HOUSEHOLD,WI,2013-01-07,4280,5.4223638,4,1,5036.0,4255.0,4372.0,4690.0,3464.0
WI_3,HOUSEHOLD,WI,2013-01-14,4739,5.4187255,2,0,4280.0,5036.0,4255.0,4372.0,3490.0
WI_3,HOUSEHOLD,WI,2013-01-21,4386,5.4212646,0,1,4739.0,4280.0,5036.0,4255.0,3767.0
WI_3,HOUSEHOLD,WI,2013-01-28,5293,5.4326315,2,1,4386.0,4739.0,4280.0,5036.0,4655.0
WI_3,HOUSEHOLD,WI,2013-02-04,5408,5.4308276,4,0,5293.0,4386.0,4739.0,4280.0,4289.0
WI_3,HOUSEHOLD,WI,2013-02-11,6546,5.4302826,4,2,5408.0,5293.0,4386.0,4739.0,4669.0
WI_3,HOUSEHOLD,WI,2013-02-18,5153,5.4289203,0,3,6546.0,5408.0,5293.0,4386.0,3859.0
WI_3,HOUSEHOLD,WI,2013-02-25,6321,5.4296045,2,0,5153.0,6546.0,5408.0,5293.0,4663.0
WI_3,HOUSEHOLD,WI,2013-03-04,5650,5.4347677,4,0,6321.0,5153.0,6546.0,5408.0,4753.0
WI_3,HOUSEHOLD,WI,2013-03-11,5300,5.438629,4,1,5650.0,6321.0,5153.0,6546.0,4455.0
WI_3,HOUSEHOLD,WI,2013-03-18,5110,5.44935,0,0,5300.0,5650.0,6321.0,5153.0,4034.0
WI_3,HOUSEHOLD,WI,2013-03-25,4911,5.449924,0,1,5110.0,5300.0,5650.0,6321.0,4345.0
WI_3,HOUSEHOLD,WI,2013-04-01,5734,5.4468107,4,1,4911.0,5110.0,5300.0,5650.0,3929.0
WI_3,HOUSEHOLD,WI,2013-04-08,4455,5.4380484,5,0,5734.0,4911.0,5110.0,5300.0,4130.0
WI_3,HOUSEHOLD,WI,2013-04-15,4053,5.4340143,1,0,4455.0,5734.0,4911.0,5110.0,3922.0
WI_3,HOUSEHOLD,WI,2013-04-22,4024,5.4266357,0,0,4053.0,4455.0,5734.0,4911.0,3716.0
WI_3,HOUSEHOLD,WI,2013-04-29,4542,5.4219484,3,1,4024.0,4053.0,4455.0,5734.0,4312.0
WI_3,HOUSEHOLD,WI,2013-05-06,3908,5.4152603,5,1,4542.0,4024.0,4053.0,4455.0,3754.0
WI_3,HOUSEHOLD,WI,2013-05-13,3696,5.440434,2,0,3908.0,4542.0,4024.0,4053.0,3679.0
WI_3,HOUSEHOLD,WI,2013-05-20,4238,5.51576,0,0,3696.0,3908.0,4542.0,4024.0,3803.0
WI_3,HOUSEHOLD,WI,2013-05-27,5149,5.5200753,1,1,4238.0,3696.0,3908.0,4542.0,4772.0
WI_3,HOUSEHOLD,WI,2013-06-03,4534,5.4840164,5,1,5149.0,4238.0,3696.0,3908.0,4081.0
WI_3,HOUSEHOLD,WI,2013-06-10,3771,5.3957887,4,1,4534.0,5149.0,4238.0,3696.0,5125.0
WI_3,HOUSEHOLD,WI,2013-06-17,4017,5.3956447,0,1,3771.0,4534.0,5149.0,4238.0,5229.0
WI_3,HOUSEHOLD,WI,2013-06-24,3957,5.3965106,0,0,4017.0,3771.0,4534.0,5149.0,5304.0
WI_3,HOUSEHOLD,WI,2013-07-01,4472,5.3995013,4,1,3957.0,4017.0,3771.0,4534.0,5219.0
WI_3,HOUSEHOLD,WI,2013-07-08,4432,5.4076567,5,1,4472.0,3957.0,4017.0,3771.0,4920.0
WI_3,HOUSEHOLD,WI,2013-07-15,3633,5.426234,1,0,4432.0,4472.0,3957.0,4017.0,4770.0
WI_3,HOUSEHOLD,WI,2013-07-22,4260,5.419604,0,0,3633.0,4432.0,4472.0,3957.0,4448.0
WI_3,HOUSEHOLD,WI,2013-07-29,5394,5.416574,2,0,4260.0,3633.0,4432.0,4472.0,5567.0
WI_3,HOUSEHOLD,WI,2013-08-05,4233,5.4150233,5,1,5394.0,4260.0,3633.0,4432.0,5737.0
WI_3,HOUSEHOLD,WI,2013-08-12,4534,5.4142084,3,0,4233.0,5394.0,4260.0,3633.0,5881.0
WI_3,HOUSEHOLD,WI,2013-08-19,4531,5.4095407,0,0,4534.0,4233.0,5394.0,4260.0,5231.0
WI_3,HOUSEHOLD,WI,2013-08-26,4570,5.4054785,0,0,4531.0,4534.0,4233.0,5394.0,6244.0
WI_3,HOUSEHOLD,WI,2013-09-02,4751,5.4061723,5,1,4570.0,4531.0,4534.0,4233.0,5946.0
WI_3,HOUSEHOLD,WI,2013-09-09,4555,5.4024777,5,0,4751.0,4570.0,4531.0,4534.0,5487.0
WI_3,HOUSEHOLD,WI,2013-09-16,4332,5.3970785,0,0,4555.0,4751.0,4570.0,4531.0,6055.0
WI_3,HOUSEHOLD,WI,2013-09-23,4214,5.3899093,0,0,4332.0,4555.0,4751.0,4570.0,6233.0
WI_3,HOUSEHOLD,WI,2013-09-30,5556,5.389811,4,0,4214.0,4332.0,4555.0,4751.0,6354.0
WI_3,HOUSEHOLD,WI,2013-10-07,4642,5.3887625,4,0,5556.0,4214.0,4332.0,4555.0,5481.0
WI_3,HOUSEHOLD,WI,2013-10-14,4107,5.384847,2,2,4642.0,5556.0,4214.0,4332.0,4938.0
WI_3,HOUSEHOLD,WI,2013-10-21,3993,5.3845096,0,0,4107.0,4642.0,5556.0,4214.0,4823.0
WI_3,HOUSEHOLD,WI,2013-10-28,4561,5.384473,2,1,3993.0,4107.0,4642.0,5556.0,5352.0
WI_3,HOUSEHOLD,WI,2013-11-04,3937,5.3865137,4,0,4561.0,3993.0,4107.0,4642.0,5172.0
WI_3,HOUSEHOLD,WI,2013-11-11,3812,5.3844485,4,1,3937.0,4561.0,3993.0,4107.0,4687.0
WI_3,HOUSEHOLD,WI,2013-11-18,3879,5.383326,0,0,3812.0,3937.0,4561.0,3993.0,4051.0
WI_3,HOUSEHOLD,WI,2013-11-25,3957,5.380198,0,1,3879.0,3812.0,3937.0,4561.0,5314.0
WI_3,HOUSEHOLD,WI,2013-12-02,4076,5.3751907,5,1,3957.0,3879.0,3812.0,3937.0,5068.0
WI_3,HOUSEHOLD,WI,2013-12-09,3761,5.384521,5,0,4076.0,3957.0,3879.0,3812.0,4690.0
WI_3,HOUSEHOLD,WI,2013-12-16,3428,5.3896246,0,0,3761.0,4076.0,3957.0,3879.0,4372.0
WI_3,HOUSEHOLD,WI,2013-12-23,3591,5.3898764,0,1,3428.0,3761.0,4076.0,3957.0,4255.0
WI_3,HOUSEHOLD,WI,2013-12-30,4340,5.3932395,3,1,3591.0,3428.0,3761.0,4076.0,5036.0
WI_3,HOUSEHOLD,WI,2014-01-06,3874,5.3897476,5,1,4340.0,3591.0,3428.0,3761.0,4280.0
WI_3,HOUSEHOLD,WI,2014-01-13,4051,5.389051,2,0,3874.0,4340.0,3591.0,3428.0,4739.0
WI_3,HOUSEHOLD,WI,2014-01-20,3835,5.390418,0,1,4051.0,3874.0,4340.0,3591.0,4386.0
WI_3,HOUSEHOLD,WI,2014-01-27,4404,5.39227,1,1,3835.0,4051.0,3874.0,4340.0,5293.0
WI_3,HOUSEHOLD,WI,2014-02-03,4521,5.391476,5,0,4404.0,3835.0,4051.0,3874.0,5408.0
WI_3,HOUSEHOLD,WI,2014-02-10,4813,5.391335,4,1,4521.0,4404.0,3835.0,4051.0,6546.0
WI_3,HOUSEHOLD,WI,2014-02-17,5355,5.4048667,0,1,4813.0,4521.0,4404.0,3835.0,5153.0
WI_3,HOUSEHOLD,WI,2014-02-24,5168,5.422797,1,0,5355.0,4813.0,4521.0,4404.0,6321.0
WI_3,HOUSEHOLD,WI,2014-03-03,5051,5.4284997,5,1,5168.0,5355.0,4813.0,4521.0,5650.0
WI_3,HOUSEHOLD,WI,2014-03-10,4778,5.432906,4,2,5051.0,5168.0,5355.0,4813.0,5300.0
WI_3,HOUSEHOLD,WI,2014-03-17,4249,5.4277496,0,1,4778.0,5051.0,5168.0,5355.0,5110.0
WI_3,HOUSEHOLD,WI,2014-03-24,4110,5.4326525,0,0,4249.0,4778.0,5051.0,5168.0,4911.0
WI_3,HOUSEHOLD,WI,2014-03-31,4615,5.429976,4,0,4110.0,4249.0,4778.0,5051.0,5734.0
WI_3,HOUSEHOLD,WI,2014-04-07,4063,5.4332085,4,0,4615.0,4110.0,4249.0,4778.0,4455.0
WI_3,HOUSEHOLD,WI,2014-04-14,4305,5.4288373,2,1,4063.0,4615.0,4110.0,4249.0,4053.0
WI_3,HOUSEHOLD,WI,2014-04-21,3763,5.4231696,0,1,4305.0,4063.0,4615.0,4110.0,4024.0
WI_3,HOUSEHOLD,WI,2014-04-28,4256,5.4233365,2,0,3763.0,4305.0,4063.0,4615.0,4542.0
WI_3,HOUSEHOLD,WI,2014-05-05,3645,5.435582,5,2,4256.0,3763.0,4305.0,4063.0,3908.0
WI_3,HOUSEHOLD,WI,2014-05-12,3753,5.4353495,3,0,3645.0,4256.0,3763.0,4305.0,3696.0
WI_3,HOUSEHOLD,WI,2014-05-19,3260,5.433276,0,0,3753.0,3645.0,4256.0,3763.0,4238.0
WI_3,HOUSEHOLD,WI,2014-05-26,3918,5.428682,0,1,3260.0,3753.0,3645.0,4256.0,5149.0
WI_3,HOUSEHOLD,WI,2014-06-02,4169,5.4268346,5,1,3918.0,3260.0,3753.0,3645.0,4534.0
WI_3,HOUSEHOLD,WI,2014-06-09,3487,5.429996,5,1,4169.0,3918.0,3260.0,3753.0,3771.0
WI_3,HOUSEHOLD,WI,2014-06-16,3683,5.430747,0,0,3487.0,4169.0,3918.0,3260.0,4017.0
WI_3,HOUSEHOLD,WI,2014-06-23,3506,5.435791,0,1,3683.0,3487.0,4169.0,3918.0,3957.0
WI_3,HOUSEHOLD,WI,2014-06-30,4191,5.4393487,4,1,3506.0,3683.0,3487.0,4169.0,4472.0
WI_3,HOUSEHOLD,WI,2014-07-07,3665,5.4429026,4,0,4191.0,3506.0,3683.0,3487.0,4432.0
WI_3,HOUSEHOLD,WI,2014-07-14,3848,5.44759,2,0,3665.0,4191.0,3506.0,3683.0,3633.0
WI_3,HOUSEHOLD,WI,2014-07-21,3581,5.4475656,0,0,3848.0,3665.0,4191.0,3506.0,4260.0
WI_3,HOUSEHOLD,WI,2014-07-28,4417,5.442762,2,1,3581.0,3848.0,3665.0,4191.0,5394.0
WI_3,HOUSEHOLD,WI,2014-08-04,3795,5.4358635,4,0,4417.0,3581.0,3848.0,3665.0,4233.0
WI_3,HOUSEHOLD,WI,2014-08-11,4132,5.4408555,4,0,3795.0,4417.0,3581.0,3848.0,4534.0
WI_3,HOUSEHOLD,WI,2014-08-18,4084,5.4507475,0,0,4132.0,3795.0,4417.0,3581.0,4531.0
WI_3,HOUSEHOLD,WI,2014-08-25,4423,5.4475813,0,0,4084.0,4132.0,3795.0,4417.0,4570.0
WI_3,HOUSEHOLD,WI,2014-09-01,4668,5.436757,4,1,4423.0,4084.0,4132.0,3795.0,4751.0
WI_3,HOUSEHOLD,WI,2014-09-08,4003,5.4419174,5,0,4668.0,4423.0,4084.0,4132.0,4555.0
WI_3,HOUSEHOLD,WI,2014-09-15,3922,5.4445167,1,0,4003.0,4668.0,4423.0,4084.0,4332.0
WI_3,HOUSEHOLD,WI,2014-09-22,3718,5.459197,0,0,3922.0,4003.0,4668.0,4423.0,4214.0
WI_3,HOUSEHOLD,WI,2014-09-29,4840,5.455278,3,1,3718.0,3922.0,4003.0,4668.0,5556.0
WI_3,HOUSEHOLD,WI,2014-10-06,4060,5.447025,5,0,4840.0,3718.0,3922.0,4003.0,4642.0
WI_3,HOUSEHOLD,WI,2014-10-13,3703,5.4494147,2,1,4060.0,4840.0,3718.0,3922.0,4107.0
WI_3,HOUSEHOLD,WI,2014-10-20,3773,5.4360533,0,0,3703.0,4060.0,4840.0,3718.0,3993.0
WI_3,HOUSEHOLD,WI,2014-10-27,4133,5.427086,1,1,3773.0,3703.0,4060.0,4840.0,4561.0
WI_3,HOUSEHOLD,WI,2014-11-03,4462,5.438443,5,0,4133.0,3773.0,3703.0,4060.0,3937.0
WI_3,HOUSEHOLD,WI,2014-11-10,3760,5.428799,4,1,4462.0,4133.0,3773.0,3703.0,3812.0
WI_3,HOUSEHOLD,WI,2014-11-17,3793,5.419202,0,0,3760.0,4462.0,4133.0,3773.0,3879.0
WI_3,HOUSEHOLD,WI,2014-11-24,3564,5.440617,0,1,3793.0,3760.0,4462.0,4133.0,3957.0
WI_3,HOUSEHOLD,WI,2014-12-01,4266,5.442157,4,0,3564.0,3793.0,3760.0,4462.0,4076.0
WI_3,HOUSEHOLD,WI,2014-12-08,3594,5.4431186,5,0,4266.0,3564.0,3793.0,3760.0,3761.0
WI_3,HOUSEHOLD,WI,2014-12-15,3467,5.4442534,1,0,3594.0,4266.0,3564.0,3793.0,3428.0
WI_3,HOUSEHOLD,WI,2014-12-22,3583,5.4433823,0,2,3467.0,3594.0,4266.0,3564.0,3591.0
WI_3,HOUSEHOLD,WI,2014-12-29,4411,5.4403577,2,1,3583.0,3467.0,3594.0,4266.0,4340.0
WI_3,HOUSEHOLD,WI,2015-01-05,3460,5.4371176,5,1,4411.0,3583.0,3467.0,3594.0,3874.0
WI_3,HOUSEHOLD,WI,2015-01-12,4481,5.4313993,3,0,3460.0,4411.0,3583.0,3467.0,4051.0
WI_3,HOUSEHOLD,WI,2015-01-19,4121,5.4309363,0,1,4481.0,3460.0,4411.0,3583.0,3835.0
WI_3,HOUSEHOLD,WI,2015-01-26,4701,5.4297996,0,1,4121.0,4481.0,3460.0,4411.0,4404.0
WI_3,HOUSEHOLD,WI,2015-02-02,5808,5.4410124,5,0,4701.0,4121.0,4481.0,3460.0,4521.0
WI_3,HOUSEHOLD,WI,2015-02-09,4805,5.4385676,5,1,5808.0,4701.0,4121.0,4481.0,4813.0
WI_3,HOUSEHOLD,WI,2015-02-16,4950,5.4335837,0,2,4805.0,5808.0,4701.0,4121.0,5355.0
WI_3,HOUSEHOLD,WI,2015-02-23,5793,5.4339914,0,1,4950.0,4805.0,5808.0,4701.0,5168.0
WI_3,HOUSEHOLD,WI,2015-03-02,4690,5.426033,5,1,5793.0,4950.0,4805.0,5808.0,5051.0
WI_3,HOUSEHOLD,WI,2015-03-09,5617,5.433086,5,0,4690.0,5793.0,4950.0,4805.0,4778.0
WI_3,HOUSEHOLD,WI,2015-03-16,5149,5.441334,0,1,5617.0,4690.0,5793.0,4950.0,4249.0
WI_3,HOUSEHOLD,WI,2015-03-23,4694,5.4421487,0,0,5149.0,5617.0,4690.0,5793.0,4110.0
WI_3,HOUSEHOLD,WI,2015-03-30,4872,5.446917,3,1,4694.0,5149.0,5617.0,4690.0,4615.0
WI_3,HOUSEHOLD,WI,2015-04-06,4929,5.45514,5,2,4872.0,4694.0,5149.0,5617.0,4063.0
WI_3,HOUSEHOLD,WI,2015-04-13,5181,5.4547644,2,0,4929.0,4872.0,4694.0,5149.0,4305.0
WI_3,HOUSEHOLD,WI,2015-04-20,4879,5.461873,0,0,5181.0,4929.0,4872.0,4694.0,3763.0
WI_3,HOUSEHOLD,WI,2015-04-27,4898,5.4615445,2,0,4879.0,5181.0,4929.0,4872.0,4256.0
WI_3,HOUSEHOLD,WI,2015-05-04,4720,5.4574003,4,2,4898.0,4879.0,5181.0,4929.0,3645.0
WI_3,HOUSEHOLD,WI,2015-05-11,5107,5.4560485,4,0,4720.0,4898.0,4879.0,5181.0,3753.0
WI_3,HOUSEHOLD,WI,2015-05-18,4930,5.4611163,0,0,5107.0,4720.0,4898.0,4879.0,3260.0
WI_3,HOUSEHOLD,WI,2015-05-25,5298,5.4567885,0,1,4930.0,5107.0,4720.0,4898.0,3918.0
WI_3,HOUSEHOLD,WI,2015-06-01,5740,5.4557357,4,1,5298.0,4930.0,5107.0,4720.0,4169.0
WI_3,HOUSEHOLD,WI,2015-06-08,4886,5.456427,5,0,5740.0,5298.0,4930.0,5107.0,3487.0
WI_3,HOUSEHOLD,WI,2015-06-15,5042,5.458489,1,3,4886.0,5740.0,5298.0,4930.0,3683.0
WI_3,HOUSEHOLD,WI,2015-06-22,5031,5.4608006,0,0,5042.0,4886.0,5740.0,5298.0,3506.0
WI_3,HOUSEHOLD,WI,2015-06-29,5512,5.464167,3,1,5031.0,5042.0,4886.0,5740.0,4191.0
WI_3,HOUSEHOLD,WI,2015-07-06,5193,5.4651136,5,0,5512.0,5031.0,5042.0,4886.0,3665.0
WI_3,HOUSEHOLD,WI,2015-07-13,5617,5.4673114,2,1,5193.0,5512.0,5031.0,5042.0,3848.0
WI_3,HOUSEHOLD,WI,2015-07-20,5283,5.4670167,0,0,5617.0,5193.0,5512.0,5031.0,3581.0
WI_3,HOUSEHOLD,WI,2015-07-27,5783,5.46734,1,0,5283.0,5617.0,5193.0,5512.0,4417.0
WI_3,HOUSEHOLD,WI,2015-08-03,5579,5.467742,5,0,5783.0,5283.0,5617.0,5193.0,3795.0
WI_3,HOUSEHOLD,WI,2015-08-10,5151,5.4712186,4,0,5579.0,5783.0,5283.0,5617.0,4132.0
WI_3,HOUSEHOLD,WI,2015-08-17,5001,5.4771485,0,0,5151.0,5579.0,5783.0,5283.0,4084.0
WI_3,HOUSEHOLD,WI,2015-08-24,4786,5.476392,0,0,5001.0,5151.0,5579.0,5783.0,4423.0
WI_3,HOUSEHOLD,WI,2015-08-31,5314,5.4753275,4,0,4786.0,5001.0,5151.0,5579.0,4668.0
WI_3,HOUSEHOLD,WI,2015-09-07,5219,5.4728584,4,1,5314.0,4786.0,5001.0,5151.0,4003.0
WI_3,HOUSEHOLD,WI,2015-09-14,5245,5.472211,2,0,5219.0,5314.0,4786.0,5001.0,3922.0
WI_3,HOUSEHOLD,WI,2015-09-21,5133,5.4752035,0,1,5245.0,5219.0,5314.0,4786.0,3718.0
WI_3,HOUSEHOLD,WI,2015-09-28,5801,5.4773974,2,0,5133.0,5245.0,5219.0,5314.0,4840.0
WI_3,HOUSEHOLD,WI,2015-10-05,5396,5.477906,5,0,5801.0,5133.0,5245.0,5219.0,4060.0
WI_3,HOUSEHOLD,WI,2015-10-12,5242,5.4766665,3,1,5396.0,5801.0,5133.0,5245.0,3703.0
WI_3,HOUSEHOLD,WI,2015-10-19,4916,5.4739227,0,0,5242.0,5396.0,5801.0,5133.0,3773.0
WI_3,HOUSEHOLD,WI,2015-10-26,5246,5.47396,0,1,4916.0,5242.0,5396.0,5801.0,4133.0
WI_3,HOUSEHOLD,WI,2015-11-02,5703,5.4737496,5,0,5246.0,4916.0,5242.0,5396.0,4462.0
WI_3,HOUSEHOLD,WI,2015-11-09,4996,5.476002,5,1,5703.0,5246.0,4916.0,5242.0,3760.0
WI_3,HOUSEHOLD,WI,2015-11-16,4839,5.4838557,0,0,4996.0,5703.0,5246.0,4916.0,3793.0
WI_3,HOUSEHOLD,WI,2015-11-23,4761,5.484545,0,1,4839.0,4996.0,5703.0,5246.0,3564.0
WI_3,HOUSEHOLD,WI,2015-11-30,5691,5.4843144,4,0,4761.0,4839.0,4996.0,5703.0,4266.0
WI_3,HOUSEHOLD,WI,2015-12-07,4786,5.48297,4,0,5691.0,4761.0,4839.0,4996.0,3594.0
WI_3,HOUSEHOLD,WI,2015-12-14,4981,5.4826975,2,1,4786.0,5691.0,4761.0,4839.0,3467.0
WI_3,HOUSEHOLD,WI,2015-12-21,4512,5.4817643,0,1,4981.0,4786.0,5691.0,4761.0,3583.0
WI_3,HOUSEHOLD,WI,2015-12-28,5448,5.481137,2,1,4512.0,4981.0,4786.0,5691.0,4411.0
WI_3,HOUSEHOLD,WI,2016-01-04,5152,5.481391,4,1,5448.0,4512.0,4981.0,4786.0,3460.0
WI_3,HOUSEHOLD,WI,2016-01-11,4949,5.4817796,4,0,5152.0,5448.0,4512.0,4981.0,4481.0
WI_3,HOUSEHOLD,WI,2016-01-18,4960,5.481476,0,1,4949.0,5152.0,5448.0,4512.0,4121.0
WI_3,HOUSEHOLD,WI,2016-01-25,5317,5.4817953,0,0,4960.0,4949.0,5152.0,5448.0,4701.0
WI_3,HOUSEHOLD,WI,2016-02-01,5924,5.479252,4,1,5317.0,4960.0,4949.0,5152.0,5808.0
WI_3,HOUSEHOLD,WI,2016-02-08,6022,5.476131,5,2,5924.0,5317.0,4960.0,4949.0,4805.0
WI_3,HOUSEHOLD,WI,2016-02-15,5816,5.4764714,1,2,6022.0,5924.0,5317.0,4960.0,4950.0
WI_3,HOUSEHOLD,WI,2016-02-22,5740,5.475114,0,0,5816.0,6022.0,5924.0,5317.0,5793.0
WI_3,HOUSEHOLD,WI,2016-02-29,6576,5.4735665,4,0,5740.0,5816.0,6022.0,5924.0,4690.0
WI_3,HOUSEHOLD,WI,2016-03-07,5740,5.4684706,4,0,6576.0,5740.0,5816.0,6022.0,5617.0
WI_3,HOUSEHOLD,WI,2016-03-14,5280,5.467916,2,1,5740.0,6576.0,5740.0,5816.0,5149.0
WI_3,HOUSEHOLD,WI,2016-03-21,5172,5.4716754,0,2,5280.0,5740.0,6576.0,5740.0,4694.0
WI_3,HOUSEHOLD,WI,2016-03-28,6250,5.476166,2,0,5172.0,5280.0,5740.0,6576.0,4872.0
WI_3,HOUSEHOLD,WI,2016-04-04,5988,5.475451,4,0,6250.0,5172.0,5280.0,5740.0,4929.0
WI_3,HOUSEHOLD,WI,2016-04-11,5254,5.4736376,4,0,5988.0,6250.0,5172.0,5280.0,5181.0
WI_3,HOUSEHOLD,WI,2016-04-18,5713,5.4761767,0,0,5254.0,5988.0,6250.0,5172.0,4879.0
WI_3,HOUSEHOLD,WI,2016-04-25,5589,5.4734483,0,2,5713.0,5254.0,5988.0,6250.0,4898.0
WI_3,HOUSEHOLD,WI,2016-05-02,5676,5.46709,5,2,5589.0,5713.0,5254.0,5988.0,4720.0
WI_3,HOUSEHOLD,WI,2016-05-09,5672,5.4704733,5,0,5676.0,5589.0,5713.0,5254.0,5107.0
WI_3,HOUSEHOLD,WI,2016-05-16,5714,5.467541,0,0,5672.0,5676.0,5589.0,5713.0,4930.0
